ISO-10303-21;
HEADER;
/* Generated by software containing ST-Developer
 * from STEP Tools, Inc. (www.steptools.com) 
 */
/* OPTION: using custom renumber hook */

FILE_DESCRIPTION(
/* description */ ('STEP AP214'),
/* implementation_level */ '2;1');

FILE_NAME(
/* name */ 'CUS-12TB',
/* time_stamp */ '2026-01-30T20:06:44+01:00',
/* author */ ('License CC BY-ND 4.0'),
/* organization */ ('CADENAS'),
/* preprocessor_version */ 'ST-DEVELOPER v20',
/* originating_system */ 'PARTsolutions',
/* authorisation */ '  ');

FILE_SCHEMA (('AUTOMOTIVE_DESIGN {1 0 10303 214 3 1 1}'));
ENDSEC;

DATA;
#10=PROPERTY_DEFINITION_REPRESENTATION(#14,#12);
#11=PROPERTY_DEFINITION_REPRESENTATION(#15,#13);
#12=REPRESENTATION('',(#16),#7350);
#13=REPRESENTATION('',(#17),#7350);
#14=PROPERTY_DEFINITION('pmi validation property','',#7359);
#15=PROPERTY_DEFINITION('pmi validation property','',#7359);
#16=VALUE_REPRESENTATION_ITEM('number of annotations',COUNT_MEASURE(0.));
#17=VALUE_REPRESENTATION_ITEM('number of views',COUNT_MEASURE(0.));
#18=DRAUGHTING_PRE_DEFINED_COLOUR('white');
#19=CONTEXT_DEPENDENT_SHAPE_REPRESENTATION(#23,#7361);
#20=CONTEXT_DEPENDENT_SHAPE_REPRESENTATION(#24,#7363);
#21=NEXT_ASSEMBLY_USAGE_OCCURRENCE('NAUO1','CUS-12-body','CUS-12-body',
#7364,#7365,'');
#22=NEXT_ASSEMBLY_USAGE_OCCURRENCE('NAUO2','CUS-12-slider',
'CUS-12-slider',#7364,#7366,'');
#23=(
REPRESENTATION_RELATIONSHIP(' ',' ',#4951,#4950)
REPRESENTATION_RELATIONSHIP_WITH_TRANSFORMATION(#25)
SHAPE_REPRESENTATION_RELATIONSHIP()
);
#24=(
REPRESENTATION_RELATIONSHIP(' ',' ',#4952,#4950)
REPRESENTATION_RELATIONSHIP_WITH_TRANSFORMATION(#26)
SHAPE_REPRESENTATION_RELATIONSHIP()
);
#25=ITEM_DEFINED_TRANSFORMATION(' ',' ',#4953,#5230);
#26=ITEM_DEFINED_TRANSFORMATION(' ',' ',#4953,#5248);
#27=SHAPE_REPRESENTATION_RELATIONSHIP('','',#4951,#29);
#28=SHAPE_REPRESENTATION_RELATIONSHIP('','',#4952,#30);
#29=ADVANCED_BREP_SHAPE_REPRESENTATION('',(#4945),#7351);
#30=ADVANCED_BREP_SHAPE_REPRESENTATION('',(#4946),#7352);
#31=CONICAL_SURFACE('',#5153,0.3,0.785398163397449);
#32=CONICAL_SURFACE('',#5158,0.3,0.785398163397449);
#33=B_SPLINE_CURVE_WITH_KNOTS('',3,(#6630,#6631,#6632,#6633),
 .UNSPECIFIED.,.F.,.F.,(4,4),(0.,0.000104455817501949),.UNSPECIFIED.);
#34=B_SPLINE_CURVE_WITH_KNOTS('',3,(#6635,#6636,#6637,#6638),
 .UNSPECIFIED.,.F.,.F.,(4,4),(0.,0.000104406257941599),.UNSPECIFIED.);
#35=B_SPLINE_CURVE_WITH_KNOTS('',3,(#6640,#6641,#6642,#6643),
 .UNSPECIFIED.,.F.,.F.,(4,4),(5.42101086242752E-20,0.000105681655766334),
 .UNSPECIFIED.);
#36=B_SPLINE_CURVE_WITH_KNOTS('',3,(#6647,#6648,#6649,#6650),
 .UNSPECIFIED.,.F.,.F.,(4,4),(0.,0.000105473296856541),.UNSPECIFIED.);
#37=B_SPLINE_CURVE_WITH_KNOTS('',3,(#6658,#6659,#6660,#6661),
 .UNSPECIFIED.,.F.,.F.,(4,4),(0.,0.000104405808954704),.UNSPECIFIED.);
#38=B_SPLINE_CURVE_WITH_KNOTS('',3,(#6663,#6664,#6665,#6666),
 .UNSPECIFIED.,.F.,.F.,(4,4),(2.71050543121376E-20,0.000105681655766334),
 .UNSPECIFIED.);
#39=B_SPLINE_CURVE_WITH_KNOTS('',3,(#6670,#6671,#6672,#6673),
 .UNSPECIFIED.,.F.,.F.,(4,4),(0.,0.000105473296856541),.UNSPECIFIED.);
#40=B_SPLINE_CURVE_WITH_KNOTS('',3,(#6675,#6676,#6677,#6678),
 .UNSPECIFIED.,.F.,.F.,(4,4),(0.,0.000104455817501949),.UNSPECIFIED.);
#41=CYLINDRICAL_SURFACE('',#5007,0.25);
#42=CYLINDRICAL_SURFACE('',#5008,0.25);
#43=CYLINDRICAL_SURFACE('',#5011,0.25);
#44=CYLINDRICAL_SURFACE('',#5012,0.25);
#45=CYLINDRICAL_SURFACE('',#5025,0.0500000000000002);
#46=CYLINDRICAL_SURFACE('',#5028,0.0500000000000006);
#47=CYLINDRICAL_SURFACE('',#5043,0.25);
#48=CYLINDRICAL_SURFACE('',#5046,0.25);
#49=CYLINDRICAL_SURFACE('',#5053,0.0500000000000002);
#50=CYLINDRICAL_SURFACE('',#5066,0.25);
#51=CYLINDRICAL_SURFACE('',#5076,0.25);
#52=CYLINDRICAL_SURFACE('',#5088,0.0500000000000006);
#53=CYLINDRICAL_SURFACE('',#5092,0.100000000000001);
#54=CYLINDRICAL_SURFACE('',#5093,0.1);
#55=CYLINDRICAL_SURFACE('',#5095,0.1);
#56=CYLINDRICAL_SURFACE('',#5097,0.100000000000001);
#57=CYLINDRICAL_SURFACE('',#5098,0.1);
#58=CYLINDRICAL_SURFACE('',#5099,0.099999999999999);
#59=CYLINDRICAL_SURFACE('',#5101,0.0999999999999992);
#60=CYLINDRICAL_SURFACE('',#5103,0.0999999999999998);
#61=CYLINDRICAL_SURFACE('',#5106,0.100000000000001);
#62=CYLINDRICAL_SURFACE('',#5107,0.1);
#63=CYLINDRICAL_SURFACE('',#5108,0.1);
#64=CYLINDRICAL_SURFACE('',#5109,0.100000000000001);
#65=CYLINDRICAL_SURFACE('',#5112,0.100000000000001);
#66=CYLINDRICAL_SURFACE('',#5113,0.1);
#67=CYLINDRICAL_SURFACE('',#5114,0.0999999999999997);
#68=CYLINDRICAL_SURFACE('',#5115,0.0999999999999996);
#69=CYLINDRICAL_SURFACE('',#5117,0.1);
#70=CYLINDRICAL_SURFACE('',#5118,0.100000000000001);
#71=CYLINDRICAL_SURFACE('',#5120,0.100000000000001);
#72=CYLINDRICAL_SURFACE('',#5121,0.100000000000001);
#73=CYLINDRICAL_SURFACE('',#5123,0.1);
#74=CYLINDRICAL_SURFACE('',#5124,0.1);
#75=CYLINDRICAL_SURFACE('',#5127,0.100000000000001);
#76=CYLINDRICAL_SURFACE('',#5128,0.1);
#77=CYLINDRICAL_SURFACE('',#5129,0.0999999999999997);
#78=CYLINDRICAL_SURFACE('',#5130,0.0999999999999996);
#79=CYLINDRICAL_SURFACE('',#5132,0.1);
#80=CYLINDRICAL_SURFACE('',#5133,0.100000000000001);
#81=CYLINDRICAL_SURFACE('',#5135,0.100000000000001);
#82=CYLINDRICAL_SURFACE('',#5136,0.100000000000001);
#83=CYLINDRICAL_SURFACE('',#5138,0.1);
#84=CYLINDRICAL_SURFACE('',#5139,0.1);
#85=CYLINDRICAL_SURFACE('',#5155,0.4);
#86=CYLINDRICAL_SURFACE('',#5160,0.4);
#87=CYLINDRICAL_SURFACE('',#5177,0.100000000000001);
#88=CYLINDRICAL_SURFACE('',#5182,0.100000000000001);
#89=CYLINDRICAL_SURFACE('',#5186,0.100000000000001);
#90=CYLINDRICAL_SURFACE('',#5189,0.100000000000001);
#91=CYLINDRICAL_SURFACE('',#5239,0.2);
#92=CYLINDRICAL_SURFACE('',#5246,0.2);
#93=CYLINDRICAL_SURFACE('',#5247,0.2);
#94=CIRCLE('',#4955,0.4);
#95=CIRCLE('',#4956,0.4);
#96=CIRCLE('',#4959,0.099999999999999);
#97=CIRCLE('',#4960,0.1);
#98=CIRCLE('',#4961,0.100000000000001);
#99=CIRCLE('',#4963,0.100000000000001);
#100=CIRCLE('',#4964,0.0999999999999998);
#101=CIRCLE('',#4965,0.0999999999999992);
#102=CIRCLE('',#4967,0.100000000000001);
#103=CIRCLE('',#4968,0.100000000000001);
#104=CIRCLE('',#4969,0.1);
#105=CIRCLE('',#4970,0.1);
#106=CIRCLE('',#4971,0.100000000000001);
#107=CIRCLE('',#4972,0.100000000000001);
#108=CIRCLE('',#4977,0.100000000000001);
#109=CIRCLE('',#4980,0.100000000000001);
#110=CIRCLE('',#4982,0.100000000000001);
#111=CIRCLE('',#4983,0.1);
#112=CIRCLE('',#4984,0.0999999999999997);
#113=CIRCLE('',#4985,0.0999999999999996);
#114=CIRCLE('',#4986,0.1);
#115=CIRCLE('',#4987,0.100000000000001);
#116=CIRCLE('',#4989,0.100000000000001);
#117=CIRCLE('',#4990,0.1);
#118=CIRCLE('',#4991,0.0999999999999996);
#119=CIRCLE('',#4992,0.0999999999999997);
#120=CIRCLE('',#4993,0.1);
#121=CIRCLE('',#4994,0.100000000000001);
#122=CIRCLE('',#4996,0.25);
#123=CIRCLE('',#4997,0.25);
#124=CIRCLE('',#4999,0.25);
#125=CIRCLE('',#5000,0.25);
#126=CIRCLE('',#5002,0.25);
#127=CIRCLE('',#5003,0.25);
#128=CIRCLE('',#5005,0.25);
#129=CIRCLE('',#5006,0.25);
#130=CIRCLE('',#5009,0.25);
#131=CIRCLE('',#5010,0.25);
#132=CIRCLE('',#5013,0.25);
#133=CIRCLE('',#5014,0.25);
#134=CIRCLE('',#5016,0.1);
#135=CIRCLE('',#5019,0.1);
#136=CIRCLE('',#5021,0.1);
#137=CIRCLE('',#5024,0.1);
#138=CIRCLE('',#5026,0.0500000000000002);
#139=CIRCLE('',#5027,0.0500000000000002);
#140=CIRCLE('',#5029,0.0500000000000006);
#141=CIRCLE('',#5030,0.0500000000000006);
#142=CIRCLE('',#5033,0.0500000000000002);
#143=CIRCLE('',#5034,0.25);
#144=CIRCLE('',#5036,0.0500000000000006);
#145=CIRCLE('',#5039,0.100000000000001);
#146=CIRCLE('',#5042,0.100000000000001);
#147=CIRCLE('',#5044,0.25);
#148=CIRCLE('',#5045,0.25);
#149=CIRCLE('',#5047,0.25);
#150=CIRCLE('',#5049,0.100000000000001);
#151=CIRCLE('',#5052,0.100000000000001);
#152=CIRCLE('',#5054,0.0500000000000002);
#153=CIRCLE('',#5056,0.0999999999999997);
#154=CIRCLE('',#5057,0.1);
#155=CIRCLE('',#5058,0.1);
#156=CIRCLE('',#5059,0.100000000000001);
#157=CIRCLE('',#5060,0.100000000000001);
#158=CIRCLE('',#5061,0.0999999999999996);
#159=CIRCLE('',#5062,0.1);
#160=CIRCLE('',#5063,0.100000000000001);
#161=CIRCLE('',#5064,0.100000000000001);
#162=CIRCLE('',#5065,0.1);
#163=CIRCLE('',#5068,0.100000000000001);
#164=CIRCLE('',#5069,0.1);
#165=CIRCLE('',#5070,0.099999999999999);
#166=CIRCLE('',#5071,0.0999999999999992);
#167=CIRCLE('',#5072,0.0999999999999998);
#168=CIRCLE('',#5073,0.100000000000001);
#169=CIRCLE('',#5074,0.1);
#170=CIRCLE('',#5075,0.1);
#171=CIRCLE('',#5078,0.0999999999999997);
#172=CIRCLE('',#5079,0.1);
#173=CIRCLE('',#5080,0.100000000000001);
#174=CIRCLE('',#5081,0.100000000000001);
#175=CIRCLE('',#5082,0.1);
#176=CIRCLE('',#5083,0.0999999999999996);
#177=CIRCLE('',#5084,0.100000000000001);
#178=CIRCLE('',#5085,0.100000000000001);
#179=CIRCLE('',#5086,0.1);
#180=CIRCLE('',#5087,0.1);
#181=CIRCLE('',#5089,0.0500000000000006);
#182=CIRCLE('',#5119,0.100000000000001);
#183=CIRCLE('',#5134,0.100000000000001);
#184=CIRCLE('',#5152,0.3);
#185=CIRCLE('',#5154,0.4);
#186=CIRCLE('',#5157,0.3);
#187=CIRCLE('',#5159,0.4);
#188=CIRCLE('',#5178,0.100000000000001);
#189=CIRCLE('',#5183,0.100000000000001);
#190=CIRCLE('',#5187,0.100000000000001);
#191=CIRCLE('',#5190,0.100000000000001);
#192=CIRCLE('',#5233,0.2);
#193=CIRCLE('',#5234,0.2);
#194=CIRCLE('',#5236,0.2);
#195=CIRCLE('',#5237,0.2);
#196=CIRCLE('',#5240,0.2);
#197=CIRCLE('',#5241,0.2);
#198=ORIENTED_EDGE('',*,*,#1256,.T.);
#199=ORIENTED_EDGE('',*,*,#1257,.T.);
#200=ORIENTED_EDGE('',*,*,#1258,.T.);
#201=ORIENTED_EDGE('',*,*,#1259,.T.);
#202=ORIENTED_EDGE('',*,*,#1260,.T.);
#203=ORIENTED_EDGE('',*,*,#1261,.T.);
#204=ORIENTED_EDGE('',*,*,#1262,.T.);
#205=ORIENTED_EDGE('',*,*,#1263,.T.);
#206=ORIENTED_EDGE('',*,*,#1264,.F.);
#207=ORIENTED_EDGE('',*,*,#1265,.T.);
#208=ORIENTED_EDGE('',*,*,#1266,.F.);
#209=ORIENTED_EDGE('',*,*,#1267,.F.);
#210=ORIENTED_EDGE('',*,*,#1268,.F.);
#211=ORIENTED_EDGE('',*,*,#1269,.T.);
#212=ORIENTED_EDGE('',*,*,#1270,.F.);
#213=ORIENTED_EDGE('',*,*,#1271,.F.);
#214=ORIENTED_EDGE('',*,*,#1272,.T.);
#215=ORIENTED_EDGE('',*,*,#1273,.T.);
#216=ORIENTED_EDGE('',*,*,#1274,.F.);
#217=ORIENTED_EDGE('',*,*,#1275,.F.);
#218=ORIENTED_EDGE('',*,*,#1276,.F.);
#219=ORIENTED_EDGE('',*,*,#1277,.T.);
#220=ORIENTED_EDGE('',*,*,#1278,.F.);
#221=ORIENTED_EDGE('',*,*,#1279,.F.);
#222=ORIENTED_EDGE('',*,*,#1280,.F.);
#223=ORIENTED_EDGE('',*,*,#1281,.F.);
#224=ORIENTED_EDGE('',*,*,#1282,.T.);
#225=ORIENTED_EDGE('',*,*,#1283,.T.);
#226=ORIENTED_EDGE('',*,*,#1284,.T.);
#227=ORIENTED_EDGE('',*,*,#1285,.T.);
#228=ORIENTED_EDGE('',*,*,#1286,.T.);
#229=ORIENTED_EDGE('',*,*,#1287,.T.);
#230=ORIENTED_EDGE('',*,*,#1288,.T.);
#231=ORIENTED_EDGE('',*,*,#1289,.T.);
#232=ORIENTED_EDGE('',*,*,#1290,.F.);
#233=ORIENTED_EDGE('',*,*,#1277,.F.);
#234=ORIENTED_EDGE('',*,*,#1291,.F.);
#235=ORIENTED_EDGE('',*,*,#1292,.T.);
#236=ORIENTED_EDGE('',*,*,#1293,.F.);
#237=ORIENTED_EDGE('',*,*,#1273,.F.);
#238=ORIENTED_EDGE('',*,*,#1294,.F.);
#239=ORIENTED_EDGE('',*,*,#1295,.F.);
#240=ORIENTED_EDGE('',*,*,#1296,.F.);
#241=ORIENTED_EDGE('',*,*,#1297,.F.);
#242=ORIENTED_EDGE('',*,*,#1298,.T.);
#243=ORIENTED_EDGE('',*,*,#1299,.F.);
#244=ORIENTED_EDGE('',*,*,#1300,.F.);
#245=ORIENTED_EDGE('',*,*,#1301,.F.);
#246=ORIENTED_EDGE('',*,*,#1302,.F.);
#247=ORIENTED_EDGE('',*,*,#1303,.F.);
#248=ORIENTED_EDGE('',*,*,#1304,.F.);
#249=ORIENTED_EDGE('',*,*,#1269,.F.);
#250=ORIENTED_EDGE('',*,*,#1305,.F.);
#251=ORIENTED_EDGE('',*,*,#1306,.T.);
#252=ORIENTED_EDGE('',*,*,#1307,.F.);
#253=ORIENTED_EDGE('',*,*,#1265,.F.);
#254=ORIENTED_EDGE('',*,*,#1308,.F.);
#255=ORIENTED_EDGE('',*,*,#1309,.T.);
#256=ORIENTED_EDGE('',*,*,#1310,.F.);
#257=ORIENTED_EDGE('',*,*,#1311,.F.);
#258=ORIENTED_EDGE('',*,*,#1312,.T.);
#259=ORIENTED_EDGE('',*,*,#1313,.T.);
#260=ORIENTED_EDGE('',*,*,#1314,.F.);
#261=ORIENTED_EDGE('',*,*,#1315,.T.);
#262=ORIENTED_EDGE('',*,*,#1316,.F.);
#263=ORIENTED_EDGE('',*,*,#1317,.F.);
#264=ORIENTED_EDGE('',*,*,#1318,.F.);
#265=ORIENTED_EDGE('',*,*,#1319,.F.);
#266=ORIENTED_EDGE('',*,*,#1320,.F.);
#267=ORIENTED_EDGE('',*,*,#1321,.F.);
#268=ORIENTED_EDGE('',*,*,#1322,.T.);
#269=ORIENTED_EDGE('',*,*,#1323,.F.);
#270=ORIENTED_EDGE('',*,*,#1324,.F.);
#271=ORIENTED_EDGE('',*,*,#1325,.F.);
#272=ORIENTED_EDGE('',*,*,#1326,.F.);
#273=ORIENTED_EDGE('',*,*,#1327,.T.);
#274=ORIENTED_EDGE('',*,*,#1328,.T.);
#275=ORIENTED_EDGE('',*,*,#1329,.F.);
#276=ORIENTED_EDGE('',*,*,#1330,.T.);
#277=ORIENTED_EDGE('',*,*,#1331,.T.);
#278=ORIENTED_EDGE('',*,*,#1332,.F.);
#279=ORIENTED_EDGE('',*,*,#1299,.T.);
#280=ORIENTED_EDGE('',*,*,#1333,.F.);
#281=ORIENTED_EDGE('',*,*,#1334,.F.);
#282=ORIENTED_EDGE('',*,*,#1335,.F.);
#283=ORIENTED_EDGE('',*,*,#1336,.F.);
#284=ORIENTED_EDGE('',*,*,#1337,.T.);
#285=ORIENTED_EDGE('',*,*,#1338,.F.);
#286=ORIENTED_EDGE('',*,*,#1339,.T.);
#287=ORIENTED_EDGE('',*,*,#1340,.T.);
#288=ORIENTED_EDGE('',*,*,#1341,.T.);
#289=ORIENTED_EDGE('',*,*,#1342,.T.);
#290=ORIENTED_EDGE('',*,*,#1343,.T.);
#291=ORIENTED_EDGE('',*,*,#1344,.F.);
#292=ORIENTED_EDGE('',*,*,#1345,.T.);
#293=ORIENTED_EDGE('',*,*,#1346,.T.);
#294=ORIENTED_EDGE('',*,*,#1347,.F.);
#295=ORIENTED_EDGE('',*,*,#1348,.F.);
#296=ORIENTED_EDGE('',*,*,#1349,.F.);
#297=ORIENTED_EDGE('',*,*,#1350,.T.);
#298=ORIENTED_EDGE('',*,*,#1302,.T.);
#299=ORIENTED_EDGE('',*,*,#1351,.F.);
#300=ORIENTED_EDGE('',*,*,#1352,.F.);
#301=ORIENTED_EDGE('',*,*,#1353,.T.);
#302=ORIENTED_EDGE('',*,*,#1354,.F.);
#303=ORIENTED_EDGE('',*,*,#1296,.T.);
#304=ORIENTED_EDGE('',*,*,#1355,.T.);
#305=ORIENTED_EDGE('',*,*,#1356,.F.);
#306=ORIENTED_EDGE('',*,*,#1357,.T.);
#307=ORIENTED_EDGE('',*,*,#1358,.T.);
#308=ORIENTED_EDGE('',*,*,#1359,.T.);
#309=ORIENTED_EDGE('',*,*,#1360,.T.);
#310=ORIENTED_EDGE('',*,*,#1361,.F.);
#311=ORIENTED_EDGE('',*,*,#1362,.F.);
#312=ORIENTED_EDGE('',*,*,#1327,.F.);
#313=ORIENTED_EDGE('',*,*,#1363,.T.);
#314=ORIENTED_EDGE('',*,*,#1364,.F.);
#315=ORIENTED_EDGE('',*,*,#1365,.T.);
#316=ORIENTED_EDGE('',*,*,#1366,.F.);
#317=ORIENTED_EDGE('',*,*,#1367,.T.);
#318=ORIENTED_EDGE('',*,*,#1316,.T.);
#319=ORIENTED_EDGE('',*,*,#1368,.T.);
#320=ORIENTED_EDGE('',*,*,#1369,.T.);
#321=ORIENTED_EDGE('',*,*,#1370,.F.);
#322=ORIENTED_EDGE('',*,*,#1371,.F.);
#323=ORIENTED_EDGE('',*,*,#1372,.T.);
#324=ORIENTED_EDGE('',*,*,#1373,.F.);
#325=ORIENTED_EDGE('',*,*,#1364,.T.);
#326=ORIENTED_EDGE('',*,*,#1374,.T.);
#327=ORIENTED_EDGE('',*,*,#1375,.F.);
#328=ORIENTED_EDGE('',*,*,#1376,.F.);
#329=ORIENTED_EDGE('',*,*,#1377,.T.);
#330=ORIENTED_EDGE('',*,*,#1378,.T.);
#331=ORIENTED_EDGE('',*,*,#1379,.F.);
#332=ORIENTED_EDGE('',*,*,#1380,.T.);
#333=ORIENTED_EDGE('',*,*,#1381,.T.);
#334=ORIENTED_EDGE('',*,*,#1382,.T.);
#335=ORIENTED_EDGE('',*,*,#1383,.T.);
#336=ORIENTED_EDGE('',*,*,#1384,.T.);
#337=ORIENTED_EDGE('',*,*,#1385,.T.);
#338=ORIENTED_EDGE('',*,*,#1386,.T.);
#339=ORIENTED_EDGE('',*,*,#1387,.F.);
#340=ORIENTED_EDGE('',*,*,#1388,.T.);
#341=ORIENTED_EDGE('',*,*,#1389,.F.);
#342=ORIENTED_EDGE('',*,*,#1390,.F.);
#343=ORIENTED_EDGE('',*,*,#1391,.T.);
#344=ORIENTED_EDGE('',*,*,#1392,.F.);
#345=ORIENTED_EDGE('',*,*,#1393,.T.);
#346=ORIENTED_EDGE('',*,*,#1394,.T.);
#347=ORIENTED_EDGE('',*,*,#1395,.F.);
#348=ORIENTED_EDGE('',*,*,#1396,.T.);
#349=ORIENTED_EDGE('',*,*,#1397,.F.);
#350=ORIENTED_EDGE('',*,*,#1398,.F.);
#351=ORIENTED_EDGE('',*,*,#1399,.T.);
#352=ORIENTED_EDGE('',*,*,#1400,.T.);
#353=ORIENTED_EDGE('',*,*,#1401,.T.);
#354=ORIENTED_EDGE('',*,*,#1402,.F.);
#355=ORIENTED_EDGE('',*,*,#1403,.T.);
#356=ORIENTED_EDGE('',*,*,#1404,.F.);
#357=ORIENTED_EDGE('',*,*,#1405,.F.);
#358=ORIENTED_EDGE('',*,*,#1406,.F.);
#359=ORIENTED_EDGE('',*,*,#1407,.F.);
#360=ORIENTED_EDGE('',*,*,#1408,.F.);
#361=ORIENTED_EDGE('',*,*,#1409,.F.);
#362=ORIENTED_EDGE('',*,*,#1410,.F.);
#363=ORIENTED_EDGE('',*,*,#1411,.F.);
#364=ORIENTED_EDGE('',*,*,#1412,.F.);
#365=ORIENTED_EDGE('',*,*,#1413,.T.);
#366=ORIENTED_EDGE('',*,*,#1414,.T.);
#367=ORIENTED_EDGE('',*,*,#1358,.F.);
#368=ORIENTED_EDGE('',*,*,#1415,.T.);
#369=ORIENTED_EDGE('',*,*,#1416,.F.);
#370=ORIENTED_EDGE('',*,*,#1417,.T.);
#371=ORIENTED_EDGE('',*,*,#1345,.F.);
#372=ORIENTED_EDGE('',*,*,#1418,.F.);
#373=ORIENTED_EDGE('',*,*,#1419,.F.);
#374=ORIENTED_EDGE('',*,*,#1420,.F.);
#375=ORIENTED_EDGE('',*,*,#1421,.F.);
#376=ORIENTED_EDGE('',*,*,#1422,.F.);
#377=ORIENTED_EDGE('',*,*,#1423,.T.);
#378=ORIENTED_EDGE('',*,*,#1337,.F.);
#379=ORIENTED_EDGE('',*,*,#1424,.F.);
#380=ORIENTED_EDGE('',*,*,#1425,.T.);
#381=ORIENTED_EDGE('',*,*,#1426,.F.);
#382=ORIENTED_EDGE('',*,*,#1427,.F.);
#383=ORIENTED_EDGE('',*,*,#1428,.F.);
#384=ORIENTED_EDGE('',*,*,#1429,.F.);
#385=ORIENTED_EDGE('',*,*,#1430,.T.);
#386=ORIENTED_EDGE('',*,*,#1368,.F.);
#387=ORIENTED_EDGE('',*,*,#1315,.F.);
#388=ORIENTED_EDGE('',*,*,#1431,.F.);
#389=ORIENTED_EDGE('',*,*,#1432,.F.);
#390=ORIENTED_EDGE('',*,*,#1433,.F.);
#391=ORIENTED_EDGE('',*,*,#1434,.F.);
#392=ORIENTED_EDGE('',*,*,#1435,.F.);
#393=ORIENTED_EDGE('',*,*,#1436,.F.);
#394=ORIENTED_EDGE('',*,*,#1328,.F.);
#395=ORIENTED_EDGE('',*,*,#1362,.T.);
#396=ORIENTED_EDGE('',*,*,#1437,.F.);
#397=ORIENTED_EDGE('',*,*,#1438,.F.);
#398=ORIENTED_EDGE('',*,*,#1439,.F.);
#399=ORIENTED_EDGE('',*,*,#1440,.F.);
#400=ORIENTED_EDGE('',*,*,#1441,.F.);
#401=ORIENTED_EDGE('',*,*,#1442,.T.);
#402=ORIENTED_EDGE('',*,*,#1443,.F.);
#403=ORIENTED_EDGE('',*,*,#1382,.F.);
#404=ORIENTED_EDGE('',*,*,#1444,.F.);
#405=ORIENTED_EDGE('',*,*,#1445,.T.);
#406=ORIENTED_EDGE('',*,*,#1446,.T.);
#407=ORIENTED_EDGE('',*,*,#1447,.T.);
#408=ORIENTED_EDGE('',*,*,#1384,.F.);
#409=ORIENTED_EDGE('',*,*,#1448,.T.);
#410=ORIENTED_EDGE('',*,*,#1449,.T.);
#411=ORIENTED_EDGE('',*,*,#1450,.T.);
#412=ORIENTED_EDGE('',*,*,#1451,.F.);
#413=ORIENTED_EDGE('',*,*,#1452,.T.);
#414=ORIENTED_EDGE('',*,*,#1453,.T.);
#415=ORIENTED_EDGE('',*,*,#1454,.T.);
#416=ORIENTED_EDGE('',*,*,#1455,.F.);
#417=ORIENTED_EDGE('',*,*,#1406,.T.);
#418=ORIENTED_EDGE('',*,*,#1456,.T.);
#419=ORIENTED_EDGE('',*,*,#1404,.T.);
#420=ORIENTED_EDGE('',*,*,#1457,.T.);
#421=ORIENTED_EDGE('',*,*,#1458,.F.);
#422=ORIENTED_EDGE('',*,*,#1459,.T.);
#423=ORIENTED_EDGE('',*,*,#1460,.T.);
#424=ORIENTED_EDGE('',*,*,#1461,.F.);
#425=ORIENTED_EDGE('',*,*,#1462,.F.);
#426=ORIENTED_EDGE('',*,*,#1463,.T.);
#427=ORIENTED_EDGE('',*,*,#1464,.T.);
#428=ORIENTED_EDGE('',*,*,#1465,.F.);
#429=ORIENTED_EDGE('',*,*,#1466,.F.);
#430=ORIENTED_EDGE('',*,*,#1461,.T.);
#431=ORIENTED_EDGE('',*,*,#1467,.F.);
#432=ORIENTED_EDGE('',*,*,#1468,.F.);
#433=ORIENTED_EDGE('',*,*,#1465,.T.);
#434=ORIENTED_EDGE('',*,*,#1469,.F.);
#435=ORIENTED_EDGE('',*,*,#1470,.F.);
#436=ORIENTED_EDGE('',*,*,#1471,.F.);
#437=ORIENTED_EDGE('',*,*,#1472,.F.);
#438=ORIENTED_EDGE('',*,*,#1458,.T.);
#439=ORIENTED_EDGE('',*,*,#1473,.T.);
#440=ORIENTED_EDGE('',*,*,#1474,.F.);
#441=ORIENTED_EDGE('',*,*,#1475,.T.);
#442=ORIENTED_EDGE('',*,*,#1474,.T.);
#443=ORIENTED_EDGE('',*,*,#1476,.T.);
#444=ORIENTED_EDGE('',*,*,#1477,.F.);
#445=ORIENTED_EDGE('',*,*,#1478,.T.);
#446=ORIENTED_EDGE('',*,*,#1479,.T.);
#447=ORIENTED_EDGE('',*,*,#1477,.T.);
#448=ORIENTED_EDGE('',*,*,#1480,.T.);
#449=ORIENTED_EDGE('',*,*,#1481,.F.);
#450=ORIENTED_EDGE('',*,*,#1482,.F.);
#451=ORIENTED_EDGE('',*,*,#1481,.T.);
#452=ORIENTED_EDGE('',*,*,#1483,.F.);
#453=ORIENTED_EDGE('',*,*,#1484,.F.);
#454=ORIENTED_EDGE('',*,*,#1485,.F.);
#455=ORIENTED_EDGE('',*,*,#1463,.F.);
#456=ORIENTED_EDGE('',*,*,#1486,.T.);
#457=ORIENTED_EDGE('',*,*,#1487,.T.);
#458=ORIENTED_EDGE('',*,*,#1311,.T.);
#459=ORIENTED_EDGE('',*,*,#1488,.T.);
#460=ORIENTED_EDGE('',*,*,#1321,.T.);
#461=ORIENTED_EDGE('',*,*,#1489,.F.);
#462=ORIENTED_EDGE('',*,*,#1490,.T.);
#463=ORIENTED_EDGE('',*,*,#1491,.T.);
#464=ORIENTED_EDGE('',*,*,#1492,.T.);
#465=ORIENTED_EDGE('',*,*,#1493,.F.);
#466=ORIENTED_EDGE('',*,*,#1494,.T.);
#467=ORIENTED_EDGE('',*,*,#1495,.T.);
#468=ORIENTED_EDGE('',*,*,#1409,.T.);
#469=ORIENTED_EDGE('',*,*,#1496,.T.);
#470=ORIENTED_EDGE('',*,*,#1497,.T.);
#471=ORIENTED_EDGE('',*,*,#1498,.T.);
#472=ORIENTED_EDGE('',*,*,#1499,.F.);
#473=ORIENTED_EDGE('',*,*,#1500,.F.);
#474=ORIENTED_EDGE('',*,*,#1385,.F.);
#475=ORIENTED_EDGE('',*,*,#1450,.F.);
#476=ORIENTED_EDGE('',*,*,#1501,.F.);
#477=ORIENTED_EDGE('',*,*,#1502,.F.);
#478=ORIENTED_EDGE('',*,*,#1503,.F.);
#479=ORIENTED_EDGE('',*,*,#1504,.T.);
#480=ORIENTED_EDGE('',*,*,#1341,.F.);
#481=ORIENTED_EDGE('',*,*,#1505,.F.);
#482=ORIENTED_EDGE('',*,*,#1506,.F.);
#483=ORIENTED_EDGE('',*,*,#1507,.T.);
#484=ORIENTED_EDGE('',*,*,#1508,.T.);
#485=ORIENTED_EDGE('',*,*,#1509,.T.);
#486=ORIENTED_EDGE('',*,*,#1510,.T.);
#487=ORIENTED_EDGE('',*,*,#1503,.T.);
#488=ORIENTED_EDGE('',*,*,#1511,.F.);
#489=ORIENTED_EDGE('',*,*,#1512,.F.);
#490=ORIENTED_EDGE('',*,*,#1513,.F.);
#491=ORIENTED_EDGE('',*,*,#1511,.T.);
#492=ORIENTED_EDGE('',*,*,#1502,.T.);
#493=ORIENTED_EDGE('',*,*,#1449,.F.);
#494=ORIENTED_EDGE('',*,*,#1514,.F.);
#495=ORIENTED_EDGE('',*,*,#1515,.F.);
#496=ORIENTED_EDGE('',*,*,#1512,.T.);
#497=ORIENTED_EDGE('',*,*,#1501,.T.);
#498=ORIENTED_EDGE('',*,*,#1516,.T.);
#499=ORIENTED_EDGE('',*,*,#1380,.F.);
#500=ORIENTED_EDGE('',*,*,#1517,.F.);
#501=ORIENTED_EDGE('',*,*,#1467,.T.);
#502=ORIENTED_EDGE('',*,*,#1408,.T.);
#503=ORIENTED_EDGE('',*,*,#1518,.T.);
#504=ORIENTED_EDGE('',*,*,#1519,.F.);
#505=ORIENTED_EDGE('',*,*,#1496,.F.);
#506=ORIENTED_EDGE('',*,*,#1520,.F.);
#507=ORIENTED_EDGE('',*,*,#1497,.F.);
#508=ORIENTED_EDGE('',*,*,#1519,.T.);
#509=ORIENTED_EDGE('',*,*,#1521,.F.);
#510=ORIENTED_EDGE('',*,*,#1522,.F.);
#511=ORIENTED_EDGE('',*,*,#1520,.T.);
#512=ORIENTED_EDGE('',*,*,#1523,.F.);
#513=ORIENTED_EDGE('',*,*,#1524,.F.);
#514=ORIENTED_EDGE('',*,*,#1498,.F.);
#515=ORIENTED_EDGE('',*,*,#1525,.T.);
#516=ORIENTED_EDGE('',*,*,#1526,.T.);
#517=ORIENTED_EDGE('',*,*,#1527,.F.);
#518=ORIENTED_EDGE('',*,*,#1492,.F.);
#519=ORIENTED_EDGE('',*,*,#1524,.T.);
#520=ORIENTED_EDGE('',*,*,#1528,.F.);
#521=ORIENTED_EDGE('',*,*,#1529,.F.);
#522=ORIENTED_EDGE('',*,*,#1493,.T.);
#523=ORIENTED_EDGE('',*,*,#1527,.T.);
#524=ORIENTED_EDGE('',*,*,#1356,.T.);
#525=ORIENTED_EDGE('',*,*,#1530,.T.);
#526=ORIENTED_EDGE('',*,*,#1531,.F.);
#527=ORIENTED_EDGE('',*,*,#1532,.F.);
#528=ORIENTED_EDGE('',*,*,#1533,.T.);
#529=ORIENTED_EDGE('',*,*,#1534,.T.);
#530=ORIENTED_EDGE('',*,*,#1494,.F.);
#531=ORIENTED_EDGE('',*,*,#1529,.T.);
#532=ORIENTED_EDGE('',*,*,#1535,.T.);
#533=ORIENTED_EDGE('',*,*,#1536,.F.);
#534=ORIENTED_EDGE('',*,*,#1537,.T.);
#535=ORIENTED_EDGE('',*,*,#1538,.T.);
#536=ORIENTED_EDGE('',*,*,#1539,.T.);
#537=ORIENTED_EDGE('',*,*,#1540,.F.);
#538=ORIENTED_EDGE('',*,*,#1541,.T.);
#539=ORIENTED_EDGE('',*,*,#1484,.T.);
#540=ORIENTED_EDGE('',*,*,#1542,.T.);
#541=ORIENTED_EDGE('',*,*,#1543,.T.);
#542=ORIENTED_EDGE('',*,*,#1544,.F.);
#543=ORIENTED_EDGE('',*,*,#1545,.T.);
#544=ORIENTED_EDGE('',*,*,#1546,.T.);
#545=ORIENTED_EDGE('',*,*,#1547,.F.);
#546=ORIENTED_EDGE('',*,*,#1548,.T.);
#547=ORIENTED_EDGE('',*,*,#1549,.F.);
#548=ORIENTED_EDGE('',*,*,#1550,.T.);
#549=ORIENTED_EDGE('',*,*,#1422,.T.);
#550=ORIENTED_EDGE('',*,*,#1551,.F.);
#551=ORIENTED_EDGE('',*,*,#1438,.T.);
#552=ORIENTED_EDGE('',*,*,#1552,.T.);
#553=ORIENTED_EDGE('',*,*,#1553,.F.);
#554=ORIENTED_EDGE('',*,*,#1440,.T.);
#555=ORIENTED_EDGE('',*,*,#1439,.T.);
#556=ORIENTED_EDGE('',*,*,#1551,.T.);
#557=ORIENTED_EDGE('',*,*,#1421,.T.);
#558=ORIENTED_EDGE('',*,*,#1420,.T.);
#559=ORIENTED_EDGE('',*,*,#1554,.F.);
#560=ORIENTED_EDGE('',*,*,#1555,.F.);
#561=ORIENTED_EDGE('',*,*,#1429,.T.);
#562=ORIENTED_EDGE('',*,*,#1556,.F.);
#563=ORIENTED_EDGE('',*,*,#1432,.T.);
#564=ORIENTED_EDGE('',*,*,#1557,.F.);
#565=ORIENTED_EDGE('',*,*,#1558,.T.);
#566=ORIENTED_EDGE('',*,*,#1559,.T.);
#567=ORIENTED_EDGE('',*,*,#1490,.F.);
#568=ORIENTED_EDGE('',*,*,#1560,.T.);
#569=ORIENTED_EDGE('',*,*,#1561,.T.);
#570=ORIENTED_EDGE('',*,*,#1562,.F.);
#571=ORIENTED_EDGE('',*,*,#1441,.T.);
#572=ORIENTED_EDGE('',*,*,#1554,.T.);
#573=ORIENTED_EDGE('',*,*,#1419,.T.);
#574=ORIENTED_EDGE('',*,*,#1563,.F.);
#575=ORIENTED_EDGE('',*,*,#1564,.T.);
#576=ORIENTED_EDGE('',*,*,#1565,.T.);
#577=ORIENTED_EDGE('',*,*,#1506,.T.);
#578=ORIENTED_EDGE('',*,*,#1566,.T.);
#579=ORIENTED_EDGE('',*,*,#1567,.T.);
#580=ORIENTED_EDGE('',*,*,#1568,.F.);
#581=ORIENTED_EDGE('',*,*,#1434,.T.);
#582=ORIENTED_EDGE('',*,*,#1433,.T.);
#583=ORIENTED_EDGE('',*,*,#1556,.T.);
#584=ORIENTED_EDGE('',*,*,#1428,.T.);
#585=ORIENTED_EDGE('',*,*,#1427,.T.);
#586=ORIENTED_EDGE('',*,*,#1569,.F.);
#587=ORIENTED_EDGE('',*,*,#1570,.T.);
#588=ORIENTED_EDGE('',*,*,#1571,.F.);
#589=ORIENTED_EDGE('',*,*,#1572,.F.);
#590=ORIENTED_EDGE('',*,*,#1573,.T.);
#591=ORIENTED_EDGE('',*,*,#1574,.T.);
#592=ORIENTED_EDGE('',*,*,#1366,.T.);
#593=ORIENTED_EDGE('',*,*,#1575,.F.);
#594=ORIENTED_EDGE('',*,*,#1576,.T.);
#595=ORIENTED_EDGE('',*,*,#1435,.T.);
#596=ORIENTED_EDGE('',*,*,#1568,.T.);
#597=ORIENTED_EDGE('',*,*,#1426,.T.);
#598=ORIENTED_EDGE('',*,*,#1577,.T.);
#599=ORIENTED_EDGE('',*,*,#1578,.F.);
#600=ORIENTED_EDGE('',*,*,#1579,.T.);
#601=ORIENTED_EDGE('',*,*,#1580,.F.);
#602=ORIENTED_EDGE('',*,*,#1581,.F.);
#603=ORIENTED_EDGE('',*,*,#1582,.T.);
#604=ORIENTED_EDGE('',*,*,#1583,.T.);
#605=ORIENTED_EDGE('',*,*,#1584,.T.);
#606=ORIENTED_EDGE('',*,*,#1499,.T.);
#607=ORIENTED_EDGE('',*,*,#1585,.F.);
#608=ORIENTED_EDGE('',*,*,#1586,.T.);
#609=ORIENTED_EDGE('',*,*,#1587,.F.);
#610=ORIENTED_EDGE('',*,*,#1588,.T.);
#611=ORIENTED_EDGE('',*,*,#1589,.T.);
#612=ORIENTED_EDGE('',*,*,#1590,.T.);
#613=ORIENTED_EDGE('',*,*,#1591,.F.);
#614=ORIENTED_EDGE('',*,*,#1592,.T.);
#615=ORIENTED_EDGE('',*,*,#1487,.F.);
#616=ORIENTED_EDGE('',*,*,#1593,.F.);
#617=ORIENTED_EDGE('',*,*,#1585,.T.);
#618=ORIENTED_EDGE('',*,*,#1504,.F.);
#619=ORIENTED_EDGE('',*,*,#1510,.F.);
#620=ORIENTED_EDGE('',*,*,#1594,.T.);
#621=ORIENTED_EDGE('',*,*,#1569,.T.);
#622=ORIENTED_EDGE('',*,*,#1486,.F.);
#623=ORIENTED_EDGE('',*,*,#1462,.T.);
#624=ORIENTED_EDGE('',*,*,#1466,.T.);
#625=ORIENTED_EDGE('',*,*,#1468,.T.);
#626=ORIENTED_EDGE('',*,*,#1517,.T.);
#627=ORIENTED_EDGE('',*,*,#1379,.T.);
#628=ORIENTED_EDGE('',*,*,#1476,.F.);
#629=ORIENTED_EDGE('',*,*,#1473,.F.);
#630=ORIENTED_EDGE('',*,*,#1457,.F.);
#631=ORIENTED_EDGE('',*,*,#1403,.F.);
#632=ORIENTED_EDGE('',*,*,#1595,.T.);
#633=ORIENTED_EDGE('',*,*,#1542,.F.);
#634=ORIENTED_EDGE('',*,*,#1483,.T.);
#635=ORIENTED_EDGE('',*,*,#1480,.F.);
#636=ORIENTED_EDGE('',*,*,#1344,.T.);
#637=ORIENTED_EDGE('',*,*,#1596,.F.);
#638=ORIENTED_EDGE('',*,*,#1563,.T.);
#639=ORIENTED_EDGE('',*,*,#1418,.T.);
#640=ORIENTED_EDGE('',*,*,#1507,.F.);
#641=ORIENTED_EDGE('',*,*,#1565,.F.);
#642=ORIENTED_EDGE('',*,*,#1597,.T.);
#643=ORIENTED_EDGE('',*,*,#1342,.F.);
#644=ORIENTED_EDGE('',*,*,#1597,.F.);
#645=ORIENTED_EDGE('',*,*,#1564,.F.);
#646=ORIENTED_EDGE('',*,*,#1596,.T.);
#647=ORIENTED_EDGE('',*,*,#1343,.F.);
#648=ORIENTED_EDGE('',*,*,#1598,.F.);
#649=ORIENTED_EDGE('',*,*,#1566,.F.);
#650=ORIENTED_EDGE('',*,*,#1505,.T.);
#651=ORIENTED_EDGE('',*,*,#1340,.F.);
#652=ORIENTED_EDGE('',*,*,#1599,.F.);
#653=ORIENTED_EDGE('',*,*,#1567,.F.);
#654=ORIENTED_EDGE('',*,*,#1598,.T.);
#655=ORIENTED_EDGE('',*,*,#1339,.F.);
#656=ORIENTED_EDGE('',*,*,#1338,.T.);
#657=ORIENTED_EDGE('',*,*,#1430,.F.);
#658=ORIENTED_EDGE('',*,*,#1555,.T.);
#659=ORIENTED_EDGE('',*,*,#1599,.T.);
#660=ORIENTED_EDGE('',*,*,#1314,.T.);
#661=ORIENTED_EDGE('',*,*,#1600,.F.);
#662=ORIENTED_EDGE('',*,*,#1557,.T.);
#663=ORIENTED_EDGE('',*,*,#1431,.T.);
#664=ORIENTED_EDGE('',*,*,#1491,.F.);
#665=ORIENTED_EDGE('',*,*,#1559,.F.);
#666=ORIENTED_EDGE('',*,*,#1601,.T.);
#667=ORIENTED_EDGE('',*,*,#1312,.F.);
#668=ORIENTED_EDGE('',*,*,#1601,.F.);
#669=ORIENTED_EDGE('',*,*,#1558,.F.);
#670=ORIENTED_EDGE('',*,*,#1600,.T.);
#671=ORIENTED_EDGE('',*,*,#1313,.F.);
#672=ORIENTED_EDGE('',*,*,#1602,.F.);
#673=ORIENTED_EDGE('',*,*,#1560,.F.);
#674=ORIENTED_EDGE('',*,*,#1489,.T.);
#675=ORIENTED_EDGE('',*,*,#1331,.F.);
#676=ORIENTED_EDGE('',*,*,#1603,.F.);
#677=ORIENTED_EDGE('',*,*,#1561,.F.);
#678=ORIENTED_EDGE('',*,*,#1602,.T.);
#679=ORIENTED_EDGE('',*,*,#1330,.F.);
#680=ORIENTED_EDGE('',*,*,#1329,.T.);
#681=ORIENTED_EDGE('',*,*,#1442,.F.);
#682=ORIENTED_EDGE('',*,*,#1562,.T.);
#683=ORIENTED_EDGE('',*,*,#1603,.T.);
#684=ORIENTED_EDGE('',*,*,#1593,.T.);
#685=ORIENTED_EDGE('',*,*,#1509,.F.);
#686=ORIENTED_EDGE('',*,*,#1604,.T.);
#687=ORIENTED_EDGE('',*,*,#1514,.T.);
#688=ORIENTED_EDGE('',*,*,#1448,.F.);
#689=ORIENTED_EDGE('',*,*,#1605,.T.);
#690=ORIENTED_EDGE('',*,*,#1470,.T.);
#691=ORIENTED_EDGE('',*,*,#1606,.F.);
#692=ORIENTED_EDGE('',*,*,#1459,.F.);
#693=ORIENTED_EDGE('',*,*,#1485,.T.);
#694=ORIENTED_EDGE('',*,*,#1607,.F.);
#695=ORIENTED_EDGE('',*,*,#1516,.F.);
#696=ORIENTED_EDGE('',*,*,#1513,.T.);
#697=ORIENTED_EDGE('',*,*,#1515,.T.);
#698=ORIENTED_EDGE('',*,*,#1604,.F.);
#699=ORIENTED_EDGE('',*,*,#1508,.F.);
#700=ORIENTED_EDGE('',*,*,#1606,.T.);
#701=ORIENTED_EDGE('',*,*,#1469,.T.);
#702=ORIENTED_EDGE('',*,*,#1464,.F.);
#703=ORIENTED_EDGE('',*,*,#1460,.F.);
#704=ORIENTED_EDGE('',*,*,#1608,.T.);
#705=ORIENTED_EDGE('',*,*,#1471,.T.);
#706=ORIENTED_EDGE('',*,*,#1475,.F.);
#707=ORIENTED_EDGE('',*,*,#1479,.F.);
#708=ORIENTED_EDGE('',*,*,#1523,.T.);
#709=ORIENTED_EDGE('',*,*,#1522,.T.);
#710=ORIENTED_EDGE('',*,*,#1609,.F.);
#711=ORIENTED_EDGE('',*,*,#1525,.F.);
#712=ORIENTED_EDGE('',*,*,#1608,.F.);
#713=ORIENTED_EDGE('',*,*,#1478,.F.);
#714=ORIENTED_EDGE('',*,*,#1482,.T.);
#715=ORIENTED_EDGE('',*,*,#1610,.T.);
#716=ORIENTED_EDGE('',*,*,#1456,.F.);
#717=ORIENTED_EDGE('',*,*,#1472,.T.);
#718=ORIENTED_EDGE('',*,*,#1521,.T.);
#719=ORIENTED_EDGE('',*,*,#1518,.F.);
#720=ORIENTED_EDGE('',*,*,#1611,.F.);
#721=ORIENTED_EDGE('',*,*,#1528,.T.);
#722=ORIENTED_EDGE('',*,*,#1526,.F.);
#723=ORIENTED_EDGE('',*,*,#1609,.T.);
#724=ORIENTED_EDGE('',*,*,#1437,.T.);
#725=ORIENTED_EDGE('',*,*,#1361,.T.);
#726=ORIENTED_EDGE('',*,*,#1416,.T.);
#727=ORIENTED_EDGE('',*,*,#1612,.F.);
#728=ORIENTED_EDGE('',*,*,#1552,.F.);
#729=ORIENTED_EDGE('',*,*,#1553,.T.);
#730=ORIENTED_EDGE('',*,*,#1612,.T.);
#731=ORIENTED_EDGE('',*,*,#1415,.F.);
#732=ORIENTED_EDGE('',*,*,#1357,.F.);
#733=ORIENTED_EDGE('',*,*,#1613,.T.);
#734=ORIENTED_EDGE('',*,*,#1410,.T.);
#735=ORIENTED_EDGE('',*,*,#1495,.F.);
#736=ORIENTED_EDGE('',*,*,#1534,.F.);
#737=ORIENTED_EDGE('',*,*,#1595,.F.);
#738=ORIENTED_EDGE('',*,*,#1402,.T.);
#739=ORIENTED_EDGE('',*,*,#1614,.F.);
#740=ORIENTED_EDGE('',*,*,#1543,.F.);
#741=ORIENTED_EDGE('',*,*,#1548,.F.);
#742=ORIENTED_EDGE('',*,*,#1615,.F.);
#743=ORIENTED_EDGE('',*,*,#1397,.T.);
#744=ORIENTED_EDGE('',*,*,#1616,.F.);
#745=ORIENTED_EDGE('',*,*,#1549,.T.);
#746=ORIENTED_EDGE('',*,*,#1616,.T.);
#747=ORIENTED_EDGE('',*,*,#1396,.F.);
#748=ORIENTED_EDGE('',*,*,#1617,.F.);
#749=ORIENTED_EDGE('',*,*,#1617,.T.);
#750=ORIENTED_EDGE('',*,*,#1395,.T.);
#751=ORIENTED_EDGE('',*,*,#1618,.T.);
#752=ORIENTED_EDGE('',*,*,#1423,.F.);
#753=ORIENTED_EDGE('',*,*,#1550,.F.);
#754=ORIENTED_EDGE('',*,*,#1451,.T.);
#755=ORIENTED_EDGE('',*,*,#1619,.F.);
#756=ORIENTED_EDGE('',*,*,#1540,.T.);
#757=ORIENTED_EDGE('',*,*,#1620,.T.);
#758=ORIENTED_EDGE('',*,*,#1620,.F.);
#759=ORIENTED_EDGE('',*,*,#1539,.F.);
#760=ORIENTED_EDGE('',*,*,#1621,.T.);
#761=ORIENTED_EDGE('',*,*,#1452,.F.);
#762=ORIENTED_EDGE('',*,*,#1621,.F.);
#763=ORIENTED_EDGE('',*,*,#1538,.F.);
#764=ORIENTED_EDGE('',*,*,#1622,.T.);
#765=ORIENTED_EDGE('',*,*,#1453,.F.);
#766=ORIENTED_EDGE('',*,*,#1622,.F.);
#767=ORIENTED_EDGE('',*,*,#1537,.F.);
#768=ORIENTED_EDGE('',*,*,#1623,.T.);
#769=ORIENTED_EDGE('',*,*,#1454,.F.);
#770=ORIENTED_EDGE('',*,*,#1455,.T.);
#771=ORIENTED_EDGE('',*,*,#1623,.F.);
#772=ORIENTED_EDGE('',*,*,#1536,.T.);
#773=ORIENTED_EDGE('',*,*,#1624,.T.);
#774=ORIENTED_EDGE('',*,*,#1619,.T.);
#775=ORIENTED_EDGE('',*,*,#1405,.T.);
#776=ORIENTED_EDGE('',*,*,#1610,.F.);
#777=ORIENTED_EDGE('',*,*,#1541,.F.);
#778=ORIENTED_EDGE('',*,*,#1611,.T.);
#779=ORIENTED_EDGE('',*,*,#1407,.T.);
#780=ORIENTED_EDGE('',*,*,#1624,.F.);
#781=ORIENTED_EDGE('',*,*,#1535,.F.);
#782=ORIENTED_EDGE('',*,*,#1625,.F.);
#783=ORIENTED_EDGE('',*,*,#1372,.F.);
#784=ORIENTED_EDGE('',*,*,#1369,.F.);
#785=ORIENTED_EDGE('',*,*,#1436,.T.);
#786=ORIENTED_EDGE('',*,*,#1576,.F.);
#787=ORIENTED_EDGE('',*,*,#1575,.T.);
#788=ORIENTED_EDGE('',*,*,#1365,.F.);
#789=ORIENTED_EDGE('',*,*,#1373,.T.);
#790=ORIENTED_EDGE('',*,*,#1625,.T.);
#791=ORIENTED_EDGE('',*,*,#1594,.F.);
#792=ORIENTED_EDGE('',*,*,#1378,.F.);
#793=ORIENTED_EDGE('',*,*,#1626,.T.);
#794=ORIENTED_EDGE('',*,*,#1570,.F.);
#795=ORIENTED_EDGE('',*,*,#1627,.F.);
#796=ORIENTED_EDGE('',*,*,#1386,.F.);
#797=ORIENTED_EDGE('',*,*,#1500,.T.);
#798=ORIENTED_EDGE('',*,*,#1584,.F.);
#799=ORIENTED_EDGE('',*,*,#1391,.F.);
#800=ORIENTED_EDGE('',*,*,#1628,.F.);
#801=ORIENTED_EDGE('',*,*,#1579,.F.);
#802=ORIENTED_EDGE('',*,*,#1629,.F.);
#803=ORIENTED_EDGE('',*,*,#1578,.T.);
#804=ORIENTED_EDGE('',*,*,#1630,.F.);
#805=ORIENTED_EDGE('',*,*,#1392,.T.);
#806=ORIENTED_EDGE('',*,*,#1629,.T.);
#807=ORIENTED_EDGE('',*,*,#1425,.F.);
#808=ORIENTED_EDGE('',*,*,#1631,.F.);
#809=ORIENTED_EDGE('',*,*,#1393,.F.);
#810=ORIENTED_EDGE('',*,*,#1630,.T.);
#811=ORIENTED_EDGE('',*,*,#1577,.F.);
#812=ORIENTED_EDGE('',*,*,#1443,.T.);
#813=ORIENTED_EDGE('',*,*,#1632,.T.);
#814=ORIENTED_EDGE('',*,*,#1587,.T.);
#815=ORIENTED_EDGE('',*,*,#1633,.F.);
#816=ORIENTED_EDGE('',*,*,#1634,.T.);
#817=ORIENTED_EDGE('',*,*,#1588,.F.);
#818=ORIENTED_EDGE('',*,*,#1632,.F.);
#819=ORIENTED_EDGE('',*,*,#1447,.F.);
#820=ORIENTED_EDGE('',*,*,#1635,.T.);
#821=ORIENTED_EDGE('',*,*,#1589,.F.);
#822=ORIENTED_EDGE('',*,*,#1634,.F.);
#823=ORIENTED_EDGE('',*,*,#1446,.F.);
#824=ORIENTED_EDGE('',*,*,#1636,.T.);
#825=ORIENTED_EDGE('',*,*,#1590,.F.);
#826=ORIENTED_EDGE('',*,*,#1635,.F.);
#827=ORIENTED_EDGE('',*,*,#1445,.F.);
#828=ORIENTED_EDGE('',*,*,#1444,.T.);
#829=ORIENTED_EDGE('',*,*,#1637,.T.);
#830=ORIENTED_EDGE('',*,*,#1591,.T.);
#831=ORIENTED_EDGE('',*,*,#1636,.F.);
#832=ORIENTED_EDGE('',*,*,#1605,.F.);
#833=ORIENTED_EDGE('',*,*,#1383,.F.);
#834=ORIENTED_EDGE('',*,*,#1633,.T.);
#835=ORIENTED_EDGE('',*,*,#1586,.F.);
#836=ORIENTED_EDGE('',*,*,#1637,.F.);
#837=ORIENTED_EDGE('',*,*,#1381,.F.);
#838=ORIENTED_EDGE('',*,*,#1607,.T.);
#839=ORIENTED_EDGE('',*,*,#1592,.F.);
#840=ORIENTED_EDGE('',*,*,#1638,.T.);
#841=ORIENTED_EDGE('',*,*,#1639,.F.);
#842=ORIENTED_EDGE('',*,*,#1640,.F.);
#843=ORIENTED_EDGE('',*,*,#1641,.F.);
#844=ORIENTED_EDGE('',*,*,#1336,.T.);
#845=ORIENTED_EDGE('',*,*,#1642,.F.);
#846=ORIENTED_EDGE('',*,*,#1643,.F.);
#847=ORIENTED_EDGE('',*,*,#1631,.T.);
#848=ORIENTED_EDGE('',*,*,#1424,.T.);
#849=ORIENTED_EDGE('',*,*,#1644,.F.);
#850=ORIENTED_EDGE('',*,*,#1645,.F.);
#851=ORIENTED_EDGE('',*,*,#1646,.F.);
#852=ORIENTED_EDGE('',*,*,#1647,.F.);
#853=ORIENTED_EDGE('',*,*,#1295,.T.);
#854=ORIENTED_EDGE('',*,*,#1648,.F.);
#855=ORIENTED_EDGE('',*,*,#1649,.F.);
#856=ORIENTED_EDGE('',*,*,#1647,.T.);
#857=ORIENTED_EDGE('',*,*,#1375,.T.);
#858=ORIENTED_EDGE('',*,*,#1370,.T.);
#859=ORIENTED_EDGE('',*,*,#1371,.T.);
#860=ORIENTED_EDGE('',*,*,#1643,.T.);
#861=ORIENTED_EDGE('',*,*,#1389,.T.);
#862=ORIENTED_EDGE('',*,*,#1352,.T.);
#863=ORIENTED_EDGE('',*,*,#1294,.T.);
#864=ORIENTED_EDGE('',*,*,#1272,.F.);
#865=ORIENTED_EDGE('',*,*,#1650,.F.);
#866=ORIENTED_EDGE('',*,*,#1648,.T.);
#867=ORIENTED_EDGE('',*,*,#1304,.T.);
#868=ORIENTED_EDGE('',*,*,#1651,.F.);
#869=ORIENTED_EDGE('',*,*,#1652,.F.);
#870=ORIENTED_EDGE('',*,*,#1270,.T.);
#871=ORIENTED_EDGE('',*,*,#1303,.T.);
#872=ORIENTED_EDGE('',*,*,#1350,.F.);
#873=ORIENTED_EDGE('',*,*,#1399,.F.);
#874=ORIENTED_EDGE('',*,*,#1653,.F.);
#875=ORIENTED_EDGE('',*,*,#1394,.F.);
#876=ORIENTED_EDGE('',*,*,#1360,.F.);
#877=ORIENTED_EDGE('',*,*,#1413,.F.);
#878=ORIENTED_EDGE('',*,*,#1638,.F.);
#879=ORIENTED_EDGE('',*,*,#1654,.F.);
#880=ORIENTED_EDGE('',*,*,#1651,.T.);
#881=ORIENTED_EDGE('',*,*,#1653,.T.);
#882=ORIENTED_EDGE('',*,*,#1655,.T.);
#883=ORIENTED_EDGE('',*,*,#1346,.F.);
#884=ORIENTED_EDGE('',*,*,#1417,.F.);
#885=ORIENTED_EDGE('',*,*,#1618,.F.);
#886=ORIENTED_EDGE('',*,*,#1656,.T.);
#887=ORIENTED_EDGE('',*,*,#1657,.T.);
#888=ORIENTED_EDGE('',*,*,#1658,.F.);
#889=ORIENTED_EDGE('',*,*,#1320,.T.);
#890=ORIENTED_EDGE('',*,*,#1659,.F.);
#891=ORIENTED_EDGE('',*,*,#1660,.F.);
#892=ORIENTED_EDGE('',*,*,#1644,.T.);
#893=ORIENTED_EDGE('',*,*,#1649,.T.);
#894=ORIENTED_EDGE('',*,*,#1650,.T.);
#895=ORIENTED_EDGE('',*,*,#1271,.T.);
#896=ORIENTED_EDGE('',*,*,#1652,.T.);
#897=ORIENTED_EDGE('',*,*,#1654,.T.);
#898=ORIENTED_EDGE('',*,*,#1641,.T.);
#899=ORIENTED_EDGE('',*,*,#1661,.F.);
#900=ORIENTED_EDGE('',*,*,#1662,.T.);
#901=ORIENTED_EDGE('',*,*,#1323,.T.);
#902=ORIENTED_EDGE('',*,*,#1663,.F.);
#903=ORIENTED_EDGE('',*,*,#1664,.F.);
#904=ORIENTED_EDGE('',*,*,#1663,.T.);
#905=ORIENTED_EDGE('',*,*,#1280,.T.);
#906=ORIENTED_EDGE('',*,*,#1664,.T.);
#907=ORIENTED_EDGE('',*,*,#1665,.F.);
#908=ORIENTED_EDGE('',*,*,#1666,.F.);
#909=ORIENTED_EDGE('',*,*,#1665,.T.);
#910=ORIENTED_EDGE('',*,*,#1281,.T.);
#911=ORIENTED_EDGE('',*,*,#1666,.T.);
#912=ORIENTED_EDGE('',*,*,#1667,.T.);
#913=ORIENTED_EDGE('',*,*,#1573,.F.);
#914=ORIENTED_EDGE('',*,*,#1668,.F.);
#915=ORIENTED_EDGE('',*,*,#1669,.T.);
#916=ORIENTED_EDGE('',*,*,#1626,.F.);
#917=ORIENTED_EDGE('',*,*,#1377,.F.);
#918=ORIENTED_EDGE('',*,*,#1670,.F.);
#919=ORIENTED_EDGE('',*,*,#1571,.T.);
#920=ORIENTED_EDGE('',*,*,#1668,.T.);
#921=ORIENTED_EDGE('',*,*,#1572,.T.);
#922=ORIENTED_EDGE('',*,*,#1670,.T.);
#923=ORIENTED_EDGE('',*,*,#1376,.T.);
#924=ORIENTED_EDGE('',*,*,#1646,.T.);
#925=ORIENTED_EDGE('',*,*,#1667,.F.);
#926=ORIENTED_EDGE('',*,*,#1671,.F.);
#927=ORIENTED_EDGE('',*,*,#1672,.T.);
#928=ORIENTED_EDGE('',*,*,#1317,.T.);
#929=ORIENTED_EDGE('',*,*,#1367,.F.);
#930=ORIENTED_EDGE('',*,*,#1374,.F.);
#931=ORIENTED_EDGE('',*,*,#1363,.F.);
#932=ORIENTED_EDGE('',*,*,#1574,.F.);
#933=ORIENTED_EDGE('',*,*,#1613,.F.);
#934=ORIENTED_EDGE('',*,*,#1533,.F.);
#935=ORIENTED_EDGE('',*,*,#1673,.F.);
#936=ORIENTED_EDGE('',*,*,#1411,.T.);
#937=ORIENTED_EDGE('',*,*,#1674,.T.);
#938=ORIENTED_EDGE('',*,*,#1675,.F.);
#939=ORIENTED_EDGE('',*,*,#1676,.F.);
#940=ORIENTED_EDGE('',*,*,#1531,.T.);
#941=ORIENTED_EDGE('',*,*,#1639,.T.);
#942=ORIENTED_EDGE('',*,*,#1412,.T.);
#943=ORIENTED_EDGE('',*,*,#1673,.T.);
#944=ORIENTED_EDGE('',*,*,#1532,.T.);
#945=ORIENTED_EDGE('',*,*,#1676,.T.);
#946=ORIENTED_EDGE('',*,*,#1359,.F.);
#947=ORIENTED_EDGE('',*,*,#1326,.T.);
#948=ORIENTED_EDGE('',*,*,#1677,.F.);
#949=ORIENTED_EDGE('',*,*,#1678,.F.);
#950=ORIENTED_EDGE('',*,*,#1674,.F.);
#951=ORIENTED_EDGE('',*,*,#1530,.F.);
#952=ORIENTED_EDGE('',*,*,#1355,.F.);
#953=ORIENTED_EDGE('',*,*,#1414,.F.);
#954=ORIENTED_EDGE('',*,*,#1679,.F.);
#955=ORIENTED_EDGE('',*,*,#1680,.F.);
#956=ORIENTED_EDGE('',*,*,#1681,.T.);
#957=ORIENTED_EDGE('',*,*,#1581,.T.);
#958=ORIENTED_EDGE('',*,*,#1387,.T.);
#959=ORIENTED_EDGE('',*,*,#1627,.T.);
#960=ORIENTED_EDGE('',*,*,#1583,.F.);
#961=ORIENTED_EDGE('',*,*,#1682,.T.);
#962=ORIENTED_EDGE('',*,*,#1681,.F.);
#963=ORIENTED_EDGE('',*,*,#1353,.F.);
#964=ORIENTED_EDGE('',*,*,#1388,.F.);
#965=ORIENTED_EDGE('',*,*,#1682,.F.);
#966=ORIENTED_EDGE('',*,*,#1582,.F.);
#967=ORIENTED_EDGE('',*,*,#1679,.T.);
#968=ORIENTED_EDGE('',*,*,#1580,.T.);
#969=ORIENTED_EDGE('',*,*,#1628,.T.);
#970=ORIENTED_EDGE('',*,*,#1390,.T.);
#971=ORIENTED_EDGE('',*,*,#1642,.T.);
#972=ORIENTED_EDGE('',*,*,#1335,.T.);
#973=ORIENTED_EDGE('',*,*,#1683,.F.);
#974=ORIENTED_EDGE('',*,*,#1684,.F.);
#975=ORIENTED_EDGE('',*,*,#1544,.T.);
#976=ORIENTED_EDGE('',*,*,#1614,.T.);
#977=ORIENTED_EDGE('',*,*,#1401,.F.);
#978=ORIENTED_EDGE('',*,*,#1685,.T.);
#979=ORIENTED_EDGE('',*,*,#1686,.F.);
#980=ORIENTED_EDGE('',*,*,#1546,.F.);
#981=ORIENTED_EDGE('',*,*,#1687,.T.);
#982=ORIENTED_EDGE('',*,*,#1688,.T.);
#983=ORIENTED_EDGE('',*,*,#1349,.T.);
#984=ORIENTED_EDGE('',*,*,#1687,.F.);
#985=ORIENTED_EDGE('',*,*,#1545,.F.);
#986=ORIENTED_EDGE('',*,*,#1685,.F.);
#987=ORIENTED_EDGE('',*,*,#1400,.F.);
#988=ORIENTED_EDGE('',*,*,#1686,.T.);
#989=ORIENTED_EDGE('',*,*,#1689,.F.);
#990=ORIENTED_EDGE('',*,*,#1690,.T.);
#991=ORIENTED_EDGE('',*,*,#1347,.T.);
#992=ORIENTED_EDGE('',*,*,#1655,.F.);
#993=ORIENTED_EDGE('',*,*,#1398,.T.);
#994=ORIENTED_EDGE('',*,*,#1615,.T.);
#995=ORIENTED_EDGE('',*,*,#1547,.T.);
#996=ORIENTED_EDGE('',*,*,#1334,.T.);
#997=ORIENTED_EDGE('',*,*,#1691,.F.);
#998=ORIENTED_EDGE('',*,*,#1692,.F.);
#999=ORIENTED_EDGE('',*,*,#1683,.T.);
#1000=ORIENTED_EDGE('',*,*,#1333,.T.);
#1001=ORIENTED_EDGE('',*,*,#1298,.F.);
#1002=ORIENTED_EDGE('',*,*,#1693,.F.);
#1003=ORIENTED_EDGE('',*,*,#1691,.T.);
#1004=ORIENTED_EDGE('',*,*,#1354,.T.);
#1005=ORIENTED_EDGE('',*,*,#1680,.T.);
#1006=ORIENTED_EDGE('',*,*,#1684,.T.);
#1007=ORIENTED_EDGE('',*,*,#1692,.T.);
#1008=ORIENTED_EDGE('',*,*,#1693,.T.);
#1009=ORIENTED_EDGE('',*,*,#1297,.T.);
#1010=ORIENTED_EDGE('',*,*,#1319,.T.);
#1011=ORIENTED_EDGE('',*,*,#1694,.F.);
#1012=ORIENTED_EDGE('',*,*,#1695,.F.);
#1013=ORIENTED_EDGE('',*,*,#1659,.T.);
#1014=ORIENTED_EDGE('',*,*,#1318,.T.);
#1015=ORIENTED_EDGE('',*,*,#1672,.F.);
#1016=ORIENTED_EDGE('',*,*,#1696,.F.);
#1017=ORIENTED_EDGE('',*,*,#1694,.T.);
#1018=ORIENTED_EDGE('',*,*,#1671,.T.);
#1019=ORIENTED_EDGE('',*,*,#1669,.F.);
#1020=ORIENTED_EDGE('',*,*,#1645,.T.);
#1021=ORIENTED_EDGE('',*,*,#1660,.T.);
#1022=ORIENTED_EDGE('',*,*,#1695,.T.);
#1023=ORIENTED_EDGE('',*,*,#1696,.T.);
#1024=ORIENTED_EDGE('',*,*,#1332,.T.);
#1025=ORIENTED_EDGE('',*,*,#1697,.F.);
#1026=ORIENTED_EDGE('',*,*,#1698,.F.);
#1027=ORIENTED_EDGE('',*,*,#1300,.T.);
#1028=ORIENTED_EDGE('',*,*,#1348,.T.);
#1029=ORIENTED_EDGE('',*,*,#1690,.F.);
#1030=ORIENTED_EDGE('',*,*,#1699,.F.);
#1031=ORIENTED_EDGE('',*,*,#1697,.T.);
#1032=ORIENTED_EDGE('',*,*,#1698,.T.);
#1033=ORIENTED_EDGE('',*,*,#1699,.T.);
#1034=ORIENTED_EDGE('',*,*,#1689,.T.);
#1035=ORIENTED_EDGE('',*,*,#1688,.F.);
#1036=ORIENTED_EDGE('',*,*,#1351,.T.);
#1037=ORIENTED_EDGE('',*,*,#1301,.T.);
#1038=ORIENTED_EDGE('',*,*,#1325,.T.);
#1039=ORIENTED_EDGE('',*,*,#1700,.F.);
#1040=ORIENTED_EDGE('',*,*,#1701,.F.);
#1041=ORIENTED_EDGE('',*,*,#1677,.T.);
#1042=ORIENTED_EDGE('',*,*,#1324,.T.);
#1043=ORIENTED_EDGE('',*,*,#1662,.F.);
#1044=ORIENTED_EDGE('',*,*,#1702,.F.);
#1045=ORIENTED_EDGE('',*,*,#1700,.T.);
#1046=ORIENTED_EDGE('',*,*,#1701,.T.);
#1047=ORIENTED_EDGE('',*,*,#1702,.T.);
#1048=ORIENTED_EDGE('',*,*,#1661,.T.);
#1049=ORIENTED_EDGE('',*,*,#1640,.T.);
#1050=ORIENTED_EDGE('',*,*,#1675,.T.);
#1051=ORIENTED_EDGE('',*,*,#1678,.T.);
#1052=ORIENTED_EDGE('',*,*,#1703,.F.);
#1053=ORIENTED_EDGE('',*,*,#1657,.F.);
#1054=ORIENTED_EDGE('',*,*,#1704,.T.);
#1055=ORIENTED_EDGE('',*,*,#1705,.T.);
#1056=ORIENTED_EDGE('',*,*,#1706,.F.);
#1057=ORIENTED_EDGE('',*,*,#1705,.F.);
#1058=ORIENTED_EDGE('',*,*,#1707,.T.);
#1059=ORIENTED_EDGE('',*,*,#1708,.T.);
#1060=ORIENTED_EDGE('',*,*,#1709,.F.);
#1061=ORIENTED_EDGE('',*,*,#1708,.F.);
#1062=ORIENTED_EDGE('',*,*,#1710,.T.);
#1063=ORIENTED_EDGE('',*,*,#1488,.F.);
#1064=ORIENTED_EDGE('',*,*,#1656,.F.);
#1065=ORIENTED_EDGE('',*,*,#1322,.F.);
#1066=ORIENTED_EDGE('',*,*,#1710,.F.);
#1067=ORIENTED_EDGE('',*,*,#1707,.F.);
#1068=ORIENTED_EDGE('',*,*,#1704,.F.);
#1069=ORIENTED_EDGE('',*,*,#1658,.T.);
#1070=ORIENTED_EDGE('',*,*,#1703,.T.);
#1071=ORIENTED_EDGE('',*,*,#1706,.T.);
#1072=ORIENTED_EDGE('',*,*,#1709,.T.);
#1073=ORIENTED_EDGE('',*,*,#1310,.T.);
#1074=ORIENTED_EDGE('',*,*,#1274,.T.);
#1075=ORIENTED_EDGE('',*,*,#1293,.T.);
#1076=ORIENTED_EDGE('',*,*,#1711,.F.);
#1077=ORIENTED_EDGE('',*,*,#1712,.T.);
#1078=ORIENTED_EDGE('',*,*,#1713,.F.);
#1079=ORIENTED_EDGE('',*,*,#1291,.T.);
#1080=ORIENTED_EDGE('',*,*,#1276,.T.);
#1081=ORIENTED_EDGE('',*,*,#1714,.F.);
#1082=ORIENTED_EDGE('',*,*,#1292,.F.);
#1083=ORIENTED_EDGE('',*,*,#1713,.T.);
#1084=ORIENTED_EDGE('',*,*,#1715,.T.);
#1085=ORIENTED_EDGE('',*,*,#1711,.T.);
#1086=ORIENTED_EDGE('',*,*,#1275,.T.);
#1087=ORIENTED_EDGE('',*,*,#1712,.F.);
#1088=ORIENTED_EDGE('',*,*,#1715,.F.);
#1089=ORIENTED_EDGE('',*,*,#1714,.T.);
#1090=ORIENTED_EDGE('',*,*,#1266,.T.);
#1091=ORIENTED_EDGE('',*,*,#1307,.T.);
#1092=ORIENTED_EDGE('',*,*,#1716,.F.);
#1093=ORIENTED_EDGE('',*,*,#1717,.T.);
#1094=ORIENTED_EDGE('',*,*,#1718,.F.);
#1095=ORIENTED_EDGE('',*,*,#1305,.T.);
#1096=ORIENTED_EDGE('',*,*,#1268,.T.);
#1097=ORIENTED_EDGE('',*,*,#1719,.F.);
#1098=ORIENTED_EDGE('',*,*,#1306,.F.);
#1099=ORIENTED_EDGE('',*,*,#1718,.T.);
#1100=ORIENTED_EDGE('',*,*,#1720,.T.);
#1101=ORIENTED_EDGE('',*,*,#1716,.T.);
#1102=ORIENTED_EDGE('',*,*,#1267,.T.);
#1103=ORIENTED_EDGE('',*,*,#1717,.F.);
#1104=ORIENTED_EDGE('',*,*,#1720,.F.);
#1105=ORIENTED_EDGE('',*,*,#1719,.T.);
#1106=ORIENTED_EDGE('',*,*,#1278,.T.);
#1107=ORIENTED_EDGE('',*,*,#1290,.T.);
#1108=ORIENTED_EDGE('',*,*,#1721,.F.);
#1109=ORIENTED_EDGE('',*,*,#1722,.T.);
#1110=ORIENTED_EDGE('',*,*,#1723,.F.);
#1111=ORIENTED_EDGE('',*,*,#1308,.T.);
#1112=ORIENTED_EDGE('',*,*,#1264,.T.);
#1113=ORIENTED_EDGE('',*,*,#1724,.F.);
#1114=ORIENTED_EDGE('',*,*,#1309,.F.);
#1115=ORIENTED_EDGE('',*,*,#1723,.T.);
#1116=ORIENTED_EDGE('',*,*,#1725,.T.);
#1117=ORIENTED_EDGE('',*,*,#1721,.T.);
#1118=ORIENTED_EDGE('',*,*,#1279,.T.);
#1119=ORIENTED_EDGE('',*,*,#1722,.F.);
#1120=ORIENTED_EDGE('',*,*,#1725,.F.);
#1121=ORIENTED_EDGE('',*,*,#1724,.T.);
#1122=ORIENTED_EDGE('',*,*,#1260,.F.);
#1123=ORIENTED_EDGE('',*,*,#1726,.F.);
#1124=ORIENTED_EDGE('',*,*,#1727,.T.);
#1125=ORIENTED_EDGE('',*,*,#1728,.T.);
#1126=ORIENTED_EDGE('',*,*,#1261,.F.);
#1127=ORIENTED_EDGE('',*,*,#1728,.F.);
#1128=ORIENTED_EDGE('',*,*,#1729,.T.);
#1129=ORIENTED_EDGE('',*,*,#1730,.T.);
#1130=ORIENTED_EDGE('',*,*,#1262,.F.);
#1131=ORIENTED_EDGE('',*,*,#1730,.F.);
#1132=ORIENTED_EDGE('',*,*,#1731,.T.);
#1133=ORIENTED_EDGE('',*,*,#1732,.T.);
#1134=ORIENTED_EDGE('',*,*,#1263,.F.);
#1135=ORIENTED_EDGE('',*,*,#1732,.F.);
#1136=ORIENTED_EDGE('',*,*,#1733,.T.);
#1137=ORIENTED_EDGE('',*,*,#1726,.T.);
#1138=ORIENTED_EDGE('',*,*,#1727,.F.);
#1139=ORIENTED_EDGE('',*,*,#1733,.F.);
#1140=ORIENTED_EDGE('',*,*,#1731,.F.);
#1141=ORIENTED_EDGE('',*,*,#1729,.F.);
#1142=ORIENTED_EDGE('',*,*,#1282,.F.);
#1143=ORIENTED_EDGE('',*,*,#1734,.F.);
#1144=ORIENTED_EDGE('',*,*,#1735,.T.);
#1145=ORIENTED_EDGE('',*,*,#1736,.T.);
#1146=ORIENTED_EDGE('',*,*,#1283,.F.);
#1147=ORIENTED_EDGE('',*,*,#1736,.F.);
#1148=ORIENTED_EDGE('',*,*,#1737,.T.);
#1149=ORIENTED_EDGE('',*,*,#1738,.T.);
#1150=ORIENTED_EDGE('',*,*,#1284,.F.);
#1151=ORIENTED_EDGE('',*,*,#1738,.F.);
#1152=ORIENTED_EDGE('',*,*,#1739,.T.);
#1153=ORIENTED_EDGE('',*,*,#1740,.T.);
#1154=ORIENTED_EDGE('',*,*,#1285,.F.);
#1155=ORIENTED_EDGE('',*,*,#1740,.F.);
#1156=ORIENTED_EDGE('',*,*,#1741,.T.);
#1157=ORIENTED_EDGE('',*,*,#1734,.T.);
#1158=ORIENTED_EDGE('',*,*,#1735,.F.);
#1159=ORIENTED_EDGE('',*,*,#1741,.F.);
#1160=ORIENTED_EDGE('',*,*,#1739,.F.);
#1161=ORIENTED_EDGE('',*,*,#1737,.F.);
#1162=ORIENTED_EDGE('',*,*,#1256,.F.);
#1163=ORIENTED_EDGE('',*,*,#1742,.F.);
#1164=ORIENTED_EDGE('',*,*,#1743,.T.);
#1165=ORIENTED_EDGE('',*,*,#1744,.T.);
#1166=ORIENTED_EDGE('',*,*,#1257,.F.);
#1167=ORIENTED_EDGE('',*,*,#1744,.F.);
#1168=ORIENTED_EDGE('',*,*,#1745,.T.);
#1169=ORIENTED_EDGE('',*,*,#1746,.T.);
#1170=ORIENTED_EDGE('',*,*,#1258,.F.);
#1171=ORIENTED_EDGE('',*,*,#1746,.F.);
#1172=ORIENTED_EDGE('',*,*,#1747,.T.);
#1173=ORIENTED_EDGE('',*,*,#1748,.T.);
#1174=ORIENTED_EDGE('',*,*,#1259,.F.);
#1175=ORIENTED_EDGE('',*,*,#1748,.F.);
#1176=ORIENTED_EDGE('',*,*,#1749,.T.);
#1177=ORIENTED_EDGE('',*,*,#1742,.T.);
#1178=ORIENTED_EDGE('',*,*,#1743,.F.);
#1179=ORIENTED_EDGE('',*,*,#1749,.F.);
#1180=ORIENTED_EDGE('',*,*,#1747,.F.);
#1181=ORIENTED_EDGE('',*,*,#1745,.F.);
#1182=ORIENTED_EDGE('',*,*,#1286,.F.);
#1183=ORIENTED_EDGE('',*,*,#1750,.F.);
#1184=ORIENTED_EDGE('',*,*,#1751,.T.);
#1185=ORIENTED_EDGE('',*,*,#1752,.T.);
#1186=ORIENTED_EDGE('',*,*,#1287,.F.);
#1187=ORIENTED_EDGE('',*,*,#1752,.F.);
#1188=ORIENTED_EDGE('',*,*,#1753,.T.);
#1189=ORIENTED_EDGE('',*,*,#1754,.T.);
#1190=ORIENTED_EDGE('',*,*,#1288,.F.);
#1191=ORIENTED_EDGE('',*,*,#1754,.F.);
#1192=ORIENTED_EDGE('',*,*,#1755,.T.);
#1193=ORIENTED_EDGE('',*,*,#1756,.T.);
#1194=ORIENTED_EDGE('',*,*,#1289,.F.);
#1195=ORIENTED_EDGE('',*,*,#1756,.F.);
#1196=ORIENTED_EDGE('',*,*,#1757,.T.);
#1197=ORIENTED_EDGE('',*,*,#1750,.T.);
#1198=ORIENTED_EDGE('',*,*,#1751,.F.);
#1199=ORIENTED_EDGE('',*,*,#1757,.F.);
#1200=ORIENTED_EDGE('',*,*,#1755,.F.);
#1201=ORIENTED_EDGE('',*,*,#1753,.F.);
#1202=ORIENTED_EDGE('',*,*,#1758,.F.);
#1203=ORIENTED_EDGE('',*,*,#1759,.T.);
#1204=ORIENTED_EDGE('',*,*,#1760,.T.);
#1205=ORIENTED_EDGE('',*,*,#1761,.F.);
#1206=ORIENTED_EDGE('',*,*,#1762,.F.);
#1207=ORIENTED_EDGE('',*,*,#1758,.T.);
#1208=ORIENTED_EDGE('',*,*,#1763,.F.);
#1209=ORIENTED_EDGE('',*,*,#1764,.T.);
#1210=ORIENTED_EDGE('',*,*,#1765,.F.);
#1211=ORIENTED_EDGE('',*,*,#1766,.F.);
#1212=ORIENTED_EDGE('',*,*,#1767,.T.);
#1213=ORIENTED_EDGE('',*,*,#1768,.F.);
#1214=ORIENTED_EDGE('',*,*,#1769,.T.);
#1215=ORIENTED_EDGE('',*,*,#1770,.T.);
#1216=ORIENTED_EDGE('',*,*,#1771,.T.);
#1217=ORIENTED_EDGE('',*,*,#1760,.F.);
#1218=ORIENTED_EDGE('',*,*,#1772,.T.);
#1219=ORIENTED_EDGE('',*,*,#1773,.F.);
#1220=ORIENTED_EDGE('',*,*,#1774,.F.);
#1221=ORIENTED_EDGE('',*,*,#1765,.T.);
#1222=ORIENTED_EDGE('',*,*,#1775,.F.);
#1223=ORIENTED_EDGE('',*,*,#1776,.F.);
#1224=ORIENTED_EDGE('',*,*,#1777,.T.);
#1225=ORIENTED_EDGE('',*,*,#1773,.T.);
#1226=ORIENTED_EDGE('',*,*,#1778,.T.);
#1227=ORIENTED_EDGE('',*,*,#1779,.F.);
#1228=ORIENTED_EDGE('',*,*,#1780,.F.);
#1229=ORIENTED_EDGE('',*,*,#1776,.T.);
#1230=ORIENTED_EDGE('',*,*,#1781,.T.);
#1231=ORIENTED_EDGE('',*,*,#1769,.F.);
#1232=ORIENTED_EDGE('',*,*,#1782,.F.);
#1233=ORIENTED_EDGE('',*,*,#1779,.T.);
#1234=ORIENTED_EDGE('',*,*,#1768,.T.);
#1235=ORIENTED_EDGE('',*,*,#1783,.F.);
#1236=ORIENTED_EDGE('',*,*,#1766,.T.);
#1237=ORIENTED_EDGE('',*,*,#1774,.T.);
#1238=ORIENTED_EDGE('',*,*,#1777,.F.);
#1239=ORIENTED_EDGE('',*,*,#1780,.T.);
#1240=ORIENTED_EDGE('',*,*,#1782,.T.);
#1241=ORIENTED_EDGE('',*,*,#1772,.F.);
#1242=ORIENTED_EDGE('',*,*,#1764,.F.);
#1243=ORIENTED_EDGE('',*,*,#1784,.T.);
#1244=ORIENTED_EDGE('',*,*,#1770,.F.);
#1245=ORIENTED_EDGE('',*,*,#1781,.F.);
#1246=ORIENTED_EDGE('',*,*,#1778,.F.);
#1247=ORIENTED_EDGE('',*,*,#1775,.T.);
#1248=ORIENTED_EDGE('',*,*,#1763,.T.);
#1249=ORIENTED_EDGE('',*,*,#1761,.T.);
#1250=ORIENTED_EDGE('',*,*,#1771,.F.);
#1251=ORIENTED_EDGE('',*,*,#1784,.F.);
#1252=ORIENTED_EDGE('',*,*,#1762,.T.);
#1253=ORIENTED_EDGE('',*,*,#1783,.T.);
#1254=ORIENTED_EDGE('',*,*,#1767,.F.);
#1255=ORIENTED_EDGE('',*,*,#1759,.F.);
#1256=EDGE_CURVE('',#1785,#1786,#2131,.T.);
#1257=EDGE_CURVE('',#1786,#1787,#2132,.T.);
#1258=EDGE_CURVE('',#1787,#1788,#2133,.T.);
#1259=EDGE_CURVE('',#1788,#1785,#2134,.T.);
#1260=EDGE_CURVE('',#1789,#1790,#2135,.T.);
#1261=EDGE_CURVE('',#1790,#1791,#2136,.T.);
#1262=EDGE_CURVE('',#1791,#1792,#2137,.T.);
#1263=EDGE_CURVE('',#1792,#1789,#2138,.T.);
#1264=EDGE_CURVE('',#1793,#1794,#2139,.T.);
#1265=EDGE_CURVE('',#1793,#1795,#2140,.T.);
#1266=EDGE_CURVE('',#1796,#1795,#2141,.T.);
#1267=EDGE_CURVE('',#1797,#1796,#2142,.T.);
#1268=EDGE_CURVE('',#1798,#1797,#2143,.T.);
#1269=EDGE_CURVE('',#1798,#1799,#2144,.T.);
#1270=EDGE_CURVE('',#1800,#1799,#2145,.T.);
#1271=EDGE_CURVE('',#1801,#1800,#2146,.T.);
#1272=EDGE_CURVE('',#1801,#1802,#2147,.T.);
#1273=EDGE_CURVE('',#1802,#1803,#2148,.T.);
#1274=EDGE_CURVE('',#1804,#1803,#2149,.T.);
#1275=EDGE_CURVE('',#1805,#1804,#2150,.T.);
#1276=EDGE_CURVE('',#1806,#1805,#2151,.T.);
#1277=EDGE_CURVE('',#1806,#1807,#2152,.T.);
#1278=EDGE_CURVE('',#1808,#1807,#2153,.T.);
#1279=EDGE_CURVE('',#1794,#1808,#2154,.T.);
#1280=EDGE_CURVE('',#1809,#1809,#94,.F.);
#1281=EDGE_CURVE('',#1810,#1810,#95,.F.);
#1282=EDGE_CURVE('',#1811,#1812,#2155,.T.);
#1283=EDGE_CURVE('',#1812,#1813,#2156,.T.);
#1284=EDGE_CURVE('',#1813,#1814,#2157,.T.);
#1285=EDGE_CURVE('',#1814,#1811,#2158,.T.);
#1286=EDGE_CURVE('',#1815,#1816,#2159,.T.);
#1287=EDGE_CURVE('',#1816,#1817,#2160,.T.);
#1288=EDGE_CURVE('',#1817,#1818,#2161,.T.);
#1289=EDGE_CURVE('',#1818,#1815,#2162,.T.);
#1290=EDGE_CURVE('',#1807,#1819,#2163,.T.);
#1291=EDGE_CURVE('',#1820,#1806,#2164,.T.);
#1292=EDGE_CURVE('',#1820,#1821,#2165,.T.);
#1293=EDGE_CURVE('',#1803,#1821,#2166,.T.);
#1294=EDGE_CURVE('',#1822,#1802,#2167,.T.);
#1295=EDGE_CURVE('',#1823,#1822,#2168,.T.);
#1296=EDGE_CURVE('',#1824,#1823,#2169,.T.);
#1297=EDGE_CURVE('',#1825,#1824,#2170,.T.);
#1298=EDGE_CURVE('',#1825,#1826,#2171,.T.);
#1299=EDGE_CURVE('',#1827,#1826,#2172,.T.);
#1300=EDGE_CURVE('',#1828,#1827,#2173,.T.);
#1301=EDGE_CURVE('',#1829,#1828,#2174,.T.);
#1302=EDGE_CURVE('',#1830,#1829,#2175,.T.);
#1303=EDGE_CURVE('',#1831,#1830,#2176,.T.);
#1304=EDGE_CURVE('',#1799,#1831,#2177,.T.);
#1305=EDGE_CURVE('',#1832,#1798,#2178,.T.);
#1306=EDGE_CURVE('',#1832,#1833,#2179,.T.);
#1307=EDGE_CURVE('',#1795,#1833,#2180,.T.);
#1308=EDGE_CURVE('',#1834,#1793,#2181,.T.);
#1309=EDGE_CURVE('',#1834,#1819,#2182,.T.);
#1310=EDGE_CURVE('',#1835,#1836,#2183,.T.);
#1311=EDGE_CURVE('',#1837,#1835,#2184,.T.);
#1312=EDGE_CURVE('',#1837,#1838,#96,.F.);
#1313=EDGE_CURVE('',#1838,#1839,#2185,.T.);
#1314=EDGE_CURVE('',#1840,#1839,#97,.F.);
#1315=EDGE_CURVE('',#1840,#1841,#2186,.T.);
#1316=EDGE_CURVE('',#1842,#1841,#2187,.T.);
#1317=EDGE_CURVE('',#1843,#1842,#2188,.T.);
#1318=EDGE_CURVE('',#1844,#1843,#98,.T.);
#1319=EDGE_CURVE('',#1845,#1844,#2189,.T.);
#1320=EDGE_CURVE('',#1836,#1845,#2190,.T.);
#1321=EDGE_CURVE('',#1846,#1847,#2191,.T.);
#1322=EDGE_CURVE('',#1846,#1848,#2192,.T.);
#1323=EDGE_CURVE('',#1849,#1848,#2193,.T.);
#1324=EDGE_CURVE('',#1850,#1849,#2194,.T.);
#1325=EDGE_CURVE('',#1851,#1850,#99,.T.);
#1326=EDGE_CURVE('',#1852,#1851,#2195,.T.);
#1327=EDGE_CURVE('',#1852,#1853,#2196,.T.);
#1328=EDGE_CURVE('',#1853,#1854,#2197,.T.);
#1329=EDGE_CURVE('',#1855,#1854,#100,.F.);
#1330=EDGE_CURVE('',#1855,#1856,#2198,.T.);
#1331=EDGE_CURVE('',#1856,#1847,#101,.F.);
#1332=EDGE_CURVE('',#1827,#1857,#2199,.T.);
#1333=EDGE_CURVE('',#1858,#1826,#2200,.T.);
#1334=EDGE_CURVE('',#1859,#1858,#102,.T.);
#1335=EDGE_CURVE('',#1860,#1859,#2201,.T.);
#1336=EDGE_CURVE('',#1861,#1860,#2202,.T.);
#1337=EDGE_CURVE('',#1861,#1862,#2203,.T.);
#1338=EDGE_CURVE('',#1863,#1862,#103,.F.);
#1339=EDGE_CURVE('',#1863,#1864,#2204,.T.);
#1340=EDGE_CURVE('',#1864,#1865,#104,.F.);
#1341=EDGE_CURVE('',#1865,#1866,#2205,.T.);
#1342=EDGE_CURVE('',#1866,#1867,#105,.F.);
#1343=EDGE_CURVE('',#1867,#1868,#2206,.T.);
#1344=EDGE_CURVE('',#1869,#1868,#106,.F.);
#1345=EDGE_CURVE('',#1869,#1870,#2207,.T.);
#1346=EDGE_CURVE('',#1870,#1871,#2208,.T.);
#1347=EDGE_CURVE('',#1872,#1871,#2209,.T.);
#1348=EDGE_CURVE('',#1857,#1872,#107,.T.);
#1349=EDGE_CURVE('',#1873,#1874,#2210,.T.);
#1350=EDGE_CURVE('',#1873,#1830,#2211,.T.);
#1351=EDGE_CURVE('',#1874,#1829,#2212,.T.);
#1352=EDGE_CURVE('',#1875,#1823,#2213,.T.);
#1353=EDGE_CURVE('',#1875,#1876,#2214,.T.);
#1354=EDGE_CURVE('',#1824,#1876,#2215,.T.);
#1355=EDGE_CURVE('',#1877,#1878,#2216,.T.);
#1356=EDGE_CURVE('',#1879,#1878,#2217,.T.);
#1357=EDGE_CURVE('',#1879,#1880,#2218,.T.);
#1358=EDGE_CURVE('',#1880,#1877,#2219,.T.);
#1359=EDGE_CURVE('',#1852,#1881,#2220,.T.);
#1360=EDGE_CURVE('',#1881,#1882,#2221,.T.);
#1361=EDGE_CURVE('',#1883,#1882,#108,.T.);
#1362=EDGE_CURVE('',#1853,#1883,#2222,.T.);
#1363=EDGE_CURVE('',#1884,#1885,#2223,.T.);
#1364=EDGE_CURVE('',#1886,#1885,#2224,.T.);
#1365=EDGE_CURVE('',#1886,#1887,#2225,.T.);
#1366=EDGE_CURVE('',#1884,#1887,#2226,.T.);
#1367=EDGE_CURVE('',#1888,#1842,#2227,.T.);
#1368=EDGE_CURVE('',#1841,#1889,#2228,.T.);
#1369=EDGE_CURVE('',#1889,#1890,#109,.T.);
#1370=EDGE_CURVE('',#1888,#1890,#2229,.T.);
#1371=EDGE_CURVE('',#1890,#1891,#2230,.T.);
#1372=EDGE_CURVE('',#1890,#1892,#110,.T.);
#1373=EDGE_CURVE('',#1886,#1892,#111,.T.);
#1374=EDGE_CURVE('',#1885,#1888,#2231,.T.);
#1375=EDGE_CURVE('',#1893,#1888,#2232,.T.);
#1376=EDGE_CURVE('',#1894,#1893,#2233,.T.);
#1377=EDGE_CURVE('',#1894,#1895,#2234,.T.);
#1378=EDGE_CURVE('',#1895,#1896,#112,.T.);
#1379=EDGE_CURVE('',#1897,#1896,#2235,.T.);
#1380=EDGE_CURVE('',#1897,#1898,#2236,.T.);
#1381=EDGE_CURVE('',#1898,#1899,#2237,.T.);
#1382=EDGE_CURVE('',#1899,#1900,#2238,.T.);
#1383=EDGE_CURVE('',#1900,#1901,#2239,.T.);
#1384=EDGE_CURVE('',#1901,#1902,#2240,.T.);
#1385=EDGE_CURVE('',#1902,#1903,#2241,.T.);
#1386=EDGE_CURVE('',#1903,#1904,#113,.T.);
#1387=EDGE_CURVE('',#1905,#1904,#2242,.T.);
#1388=EDGE_CURVE('',#1905,#1875,#2243,.T.);
#1389=EDGE_CURVE('',#1906,#1875,#2244,.T.);
#1390=EDGE_CURVE('',#1907,#1906,#2245,.T.);
#1391=EDGE_CURVE('',#1907,#1908,#2246,.T.);
#1392=EDGE_CURVE('',#1909,#1908,#114,.T.);
#1393=EDGE_CURVE('',#1909,#1891,#115,.T.);
#1394=EDGE_CURVE('',#1882,#1910,#2247,.T.);
#1395=EDGE_CURVE('',#1911,#1910,#116,.T.);
#1396=EDGE_CURVE('',#1911,#1912,#117,.T.);
#1397=EDGE_CURVE('',#1913,#1912,#2248,.T.);
#1398=EDGE_CURVE('',#1914,#1913,#2249,.T.);
#1399=EDGE_CURVE('',#1914,#1873,#2250,.T.);
#1400=EDGE_CURVE('',#1873,#1915,#2251,.T.);
#1401=EDGE_CURVE('',#1915,#1916,#2252,.T.);
#1402=EDGE_CURVE('',#1917,#1916,#118,.T.);
#1403=EDGE_CURVE('',#1917,#1918,#2253,.T.);
#1404=EDGE_CURVE('',#1919,#1918,#2254,.T.);
#1405=EDGE_CURVE('',#1920,#1919,#2255,.T.);
#1406=EDGE_CURVE('',#1921,#1920,#2256,.T.);
#1407=EDGE_CURVE('',#1922,#1921,#2257,.T.);
#1408=EDGE_CURVE('',#1923,#1922,#2258,.T.);
#1409=EDGE_CURVE('',#1924,#1923,#2259,.T.);
#1410=EDGE_CURVE('',#1925,#1924,#119,.T.);
#1411=EDGE_CURVE('',#1926,#1925,#2260,.T.);
#1412=EDGE_CURVE('',#1927,#1926,#2261,.T.);
#1413=EDGE_CURVE('',#1927,#1881,#2262,.T.);
#1414=EDGE_CURVE('',#1881,#1877,#2263,.T.);
#1415=EDGE_CURVE('',#1880,#1928,#120,.T.);
#1416=EDGE_CURVE('',#1882,#1928,#121,.T.);
#1417=EDGE_CURVE('',#1929,#1870,#2264,.T.);
#1418=EDGE_CURVE('',#1930,#1869,#2265,.T.);
#1419=EDGE_CURVE('',#1931,#1930,#2266,.T.);
#1420=EDGE_CURVE('',#1932,#1931,#122,.T.);
#1421=EDGE_CURVE('',#1933,#1932,#123,.T.);
#1422=EDGE_CURVE('',#1934,#1933,#2267,.T.);
#1423=EDGE_CURVE('',#1934,#1929,#2268,.T.);
#1424=EDGE_CURVE('',#1935,#1861,#2269,.T.);
#1425=EDGE_CURVE('',#1935,#1936,#2270,.T.);
#1426=EDGE_CURVE('',#1937,#1936,#2271,.T.);
#1427=EDGE_CURVE('',#1938,#1937,#124,.T.);
#1428=EDGE_CURVE('',#1939,#1938,#125,.T.);
#1429=EDGE_CURVE('',#1940,#1939,#2272,.T.);
#1430=EDGE_CURVE('',#1940,#1862,#2273,.T.);
#1431=EDGE_CURVE('',#1941,#1840,#2274,.T.);
#1432=EDGE_CURVE('',#1942,#1941,#2275,.T.);
#1433=EDGE_CURVE('',#1943,#1942,#126,.T.);
#1434=EDGE_CURVE('',#1944,#1943,#127,.T.);
#1435=EDGE_CURVE('',#1945,#1944,#2276,.T.);
#1436=EDGE_CURVE('',#1889,#1945,#2277,.T.);
#1437=EDGE_CURVE('',#1946,#1883,#2278,.T.);
#1438=EDGE_CURVE('',#1947,#1946,#2279,.T.);
#1439=EDGE_CURVE('',#1948,#1947,#128,.T.);
#1440=EDGE_CURVE('',#1949,#1948,#129,.T.);
#1441=EDGE_CURVE('',#1950,#1949,#2280,.T.);
#1442=EDGE_CURVE('',#1950,#1854,#2281,.T.);
#1443=EDGE_CURVE('',#1900,#1951,#33,.T.);
#1444=EDGE_CURVE('',#1952,#1899,#34,.T.);
#1445=EDGE_CURVE('',#1952,#1953,#35,.T.);
#1446=EDGE_CURVE('',#1953,#1954,#2282,.T.);
#1447=EDGE_CURVE('',#1954,#1951,#36,.T.);
#1448=EDGE_CURVE('',#1901,#1955,#130,.T.);
#1449=EDGE_CURVE('',#1955,#1956,#2283,.T.);
#1450=EDGE_CURVE('',#1956,#1902,#131,.T.);
#1451=EDGE_CURVE('',#1957,#1920,#37,.T.);
#1452=EDGE_CURVE('',#1957,#1958,#38,.T.);
#1453=EDGE_CURVE('',#1958,#1959,#2284,.F.);
#1454=EDGE_CURVE('',#1959,#1960,#39,.T.);
#1455=EDGE_CURVE('',#1921,#1960,#40,.T.);
#1456=EDGE_CURVE('',#1961,#1919,#132,.T.);
#1457=EDGE_CURVE('',#1918,#1962,#133,.T.);
#1458=EDGE_CURVE('',#1961,#1962,#2285,.T.);
#1459=EDGE_CURVE('',#1963,#1964,#2286,.T.);
#1460=EDGE_CURVE('',#1964,#1965,#134,.F.);
#1461=EDGE_CURVE('',#1966,#1965,#2287,.T.);
#1462=EDGE_CURVE('',#1967,#1966,#2288,.T.);
#1463=EDGE_CURVE('',#1967,#1963,#2289,.T.);
#1464=EDGE_CURVE('',#1965,#1968,#2290,.T.);
#1465=EDGE_CURVE('',#1969,#1968,#2291,.T.);
#1466=EDGE_CURVE('',#1966,#1969,#2292,.T.);
#1467=EDGE_CURVE('',#1970,#1971,#2293,.T.);
#1468=EDGE_CURVE('',#1969,#1970,#2294,.T.);
#1469=EDGE_CURVE('',#1972,#1968,#135,.T.);
#1470=EDGE_CURVE('',#1971,#1972,#2295,.T.);
#1471=EDGE_CURVE('',#1973,#1974,#136,.T.);
#1472=EDGE_CURVE('',#1961,#1973,#2296,.T.);
#1473=EDGE_CURVE('',#1962,#1975,#2297,.T.);
#1474=EDGE_CURVE('',#1974,#1975,#2298,.T.);
#1475=EDGE_CURVE('',#1976,#1974,#2299,.T.);
#1476=EDGE_CURVE('',#1975,#1977,#2300,.T.);
#1477=EDGE_CURVE('',#1976,#1977,#2301,.T.);
#1478=EDGE_CURVE('',#1978,#1979,#2302,.T.);
#1479=EDGE_CURVE('',#1979,#1976,#137,.F.);
#1480=EDGE_CURVE('',#1977,#1980,#2303,.T.);
#1481=EDGE_CURVE('',#1978,#1980,#2304,.T.);
#1482=EDGE_CURVE('',#1978,#1981,#138,.T.);
#1483=EDGE_CURVE('',#1982,#1980,#139,.T.);
#1484=EDGE_CURVE('',#1981,#1982,#2305,.T.);
#1485=EDGE_CURVE('',#1963,#1983,#140,.T.);
#1486=EDGE_CURVE('',#1967,#1984,#141,.T.);
#1487=EDGE_CURVE('',#1984,#1983,#2306,.T.);
#1488=EDGE_CURVE('',#1835,#1846,#2307,.T.);
#1489=EDGE_CURVE('',#1985,#1847,#2308,.T.);
#1490=EDGE_CURVE('',#1985,#1986,#2309,.T.);
#1491=EDGE_CURVE('',#1986,#1837,#2310,.T.);
#1492=EDGE_CURVE('',#1987,#1988,#2311,.T.);
#1493=EDGE_CURVE('',#1989,#1988,#142,.T.);
#1494=EDGE_CURVE('',#1989,#1990,#2312,.T.);
#1495=EDGE_CURVE('',#1990,#1924,#2313,.T.);
#1496=EDGE_CURVE('',#1923,#1991,#143,.T.);
#1497=EDGE_CURVE('',#1991,#1992,#2314,.T.);
#1498=EDGE_CURVE('',#1992,#1987,#2315,.T.);
#1499=EDGE_CURVE('',#1993,#1994,#2316,.T.);
#1500=EDGE_CURVE('',#1903,#1993,#2317,.T.);
#1501=EDGE_CURVE('',#1995,#1956,#2318,.T.);
#1502=EDGE_CURVE('',#1996,#1995,#2319,.T.);
#1503=EDGE_CURVE('',#1997,#1996,#2320,.T.);
#1504=EDGE_CURVE('',#1997,#1994,#144,.T.);
#1505=EDGE_CURVE('',#1998,#1865,#2321,.T.);
#1506=EDGE_CURVE('',#1999,#1998,#2322,.T.);
#1507=EDGE_CURVE('',#1999,#1866,#2323,.T.);
#1508=EDGE_CURVE('',#2000,#2001,#145,.F.);
#1509=EDGE_CURVE('',#2001,#2002,#2324,.T.);
#1510=EDGE_CURVE('',#2002,#1997,#2325,.T.);
#1511=EDGE_CURVE('',#2000,#1996,#2326,.T.);
#1512=EDGE_CURVE('',#2003,#1995,#2327,.T.);
#1513=EDGE_CURVE('',#2000,#2003,#2328,.T.);
#1514=EDGE_CURVE('',#2004,#1955,#2329,.T.);
#1515=EDGE_CURVE('',#2003,#2004,#146,.T.);
#1516=EDGE_CURVE('',#1971,#1898,#147,.T.);
#1517=EDGE_CURVE('',#1970,#1897,#148,.T.);
#1518=EDGE_CURVE('',#1922,#2005,#149,.T.);
#1519=EDGE_CURVE('',#1991,#2005,#2330,.T.);
#1520=EDGE_CURVE('',#1992,#2006,#2331,.T.);
#1521=EDGE_CURVE('',#2007,#2005,#2332,.T.);
#1522=EDGE_CURVE('',#2006,#2007,#150,.T.);
#1523=EDGE_CURVE('',#2008,#2006,#2333,.T.);
#1524=EDGE_CURVE('',#1987,#2008,#2334,.T.);
#1525=EDGE_CURVE('',#2008,#2009,#151,.F.);
#1526=EDGE_CURVE('',#2009,#2010,#2335,.T.);
#1527=EDGE_CURVE('',#1988,#2010,#2336,.T.);
#1528=EDGE_CURVE('',#2011,#2010,#152,.T.);
#1529=EDGE_CURVE('',#1989,#2011,#2337,.T.);
#1530=EDGE_CURVE('',#1878,#2012,#2338,.T.);
#1531=EDGE_CURVE('',#2013,#2012,#2339,.T.);
#1532=EDGE_CURVE('',#2014,#2013,#2340,.T.);
#1533=EDGE_CURVE('',#2014,#2015,#2341,.T.);
#1534=EDGE_CURVE('',#2015,#1990,#153,.F.);
#1535=EDGE_CURVE('',#2011,#2016,#2342,.T.);
#1536=EDGE_CURVE('',#2017,#2016,#154,.F.);
#1537=EDGE_CURVE('',#2017,#2018,#155,.F.);
#1538=EDGE_CURVE('',#2018,#2019,#2343,.T.);
#1539=EDGE_CURVE('',#2019,#2020,#156,.F.);
#1540=EDGE_CURVE('',#2021,#2020,#157,.F.);
#1541=EDGE_CURVE('',#2021,#1981,#2344,.T.);
#1542=EDGE_CURVE('',#1982,#2022,#2345,.T.);
#1543=EDGE_CURVE('',#2022,#2023,#158,.F.);
#1544=EDGE_CURVE('',#2024,#2023,#2346,.T.);
#1545=EDGE_CURVE('',#2024,#2025,#2347,.T.);
#1546=EDGE_CURVE('',#2025,#2026,#2348,.T.);
#1547=EDGE_CURVE('',#2027,#2026,#2349,.T.);
#1548=EDGE_CURVE('',#2027,#2028,#2350,.T.);
#1549=EDGE_CURVE('',#2029,#2028,#159,.F.);
#1550=EDGE_CURVE('',#2029,#1934,#160,.F.);
#1551=EDGE_CURVE('',#1947,#1933,#2351,.T.);
#1552=EDGE_CURVE('',#1946,#2030,#161,.F.);
#1553=EDGE_CURVE('',#1879,#2030,#162,.F.);
#1554=EDGE_CURVE('',#1949,#1931,#2352,.T.);
#1555=EDGE_CURVE('',#1940,#2031,#163,.T.);
#1556=EDGE_CURVE('',#1942,#1939,#2353,.T.);
#1557=EDGE_CURVE('',#2032,#1941,#164,.T.);
#1558=EDGE_CURVE('',#2032,#2033,#2354,.T.);
#1559=EDGE_CURVE('',#2033,#1986,#165,.T.);
#1560=EDGE_CURVE('',#1985,#2034,#166,.T.);
#1561=EDGE_CURVE('',#2034,#2035,#2355,.T.);
#1562=EDGE_CURVE('',#1950,#2035,#167,.T.);
#1563=EDGE_CURVE('',#2036,#1930,#168,.T.);
#1564=EDGE_CURVE('',#2036,#2037,#2356,.T.);
#1565=EDGE_CURVE('',#2037,#1999,#169,.T.);
#1566=EDGE_CURVE('',#1998,#2038,#170,.T.);
#1567=EDGE_CURVE('',#2038,#2031,#2357,.T.);
#1568=EDGE_CURVE('',#1944,#1937,#2358,.T.);
#1569=EDGE_CURVE('',#2039,#1984,#2359,.T.);
#1570=EDGE_CURVE('',#2039,#2040,#171,.F.);
#1571=EDGE_CURVE('',#2041,#2040,#2360,.T.);
#1572=EDGE_CURVE('',#2042,#2041,#2361,.T.);
#1573=EDGE_CURVE('',#2042,#2043,#2362,.T.);
#1574=EDGE_CURVE('',#2043,#1884,#2363,.T.);
#1575=EDGE_CURVE('',#2044,#1887,#172,.F.);
#1576=EDGE_CURVE('',#2044,#1945,#173,.F.);
#1577=EDGE_CURVE('',#1936,#2045,#174,.F.);
#1578=EDGE_CURVE('',#2046,#2045,#175,.F.);
#1579=EDGE_CURVE('',#2046,#2047,#2364,.T.);
#1580=EDGE_CURVE('',#2048,#2047,#2365,.T.);
#1581=EDGE_CURVE('',#2049,#2048,#2366,.T.);
#1582=EDGE_CURVE('',#2049,#2050,#2367,.T.);
#1583=EDGE_CURVE('',#2050,#2051,#2368,.T.);
#1584=EDGE_CURVE('',#2051,#1993,#176,.F.);
#1585=EDGE_CURVE('',#2052,#1994,#2369,.T.);
#1586=EDGE_CURVE('',#2052,#2053,#2370,.T.);
#1587=EDGE_CURVE('',#2054,#2053,#177,.F.);
#1588=EDGE_CURVE('',#2054,#2055,#178,.F.);
#1589=EDGE_CURVE('',#2055,#2056,#2371,.T.);
#1590=EDGE_CURVE('',#2056,#2057,#179,.F.);
#1591=EDGE_CURVE('',#2058,#2057,#180,.F.);
#1592=EDGE_CURVE('',#2058,#1983,#2372,.T.);
#1593=EDGE_CURVE('',#2052,#2002,#181,.T.);
#1594=EDGE_CURVE('',#1896,#2039,#2373,.T.);
#1595=EDGE_CURVE('',#1917,#2022,#2374,.F.);
#1596=EDGE_CURVE('',#2036,#1868,#2375,.T.);
#1597=EDGE_CURVE('',#2037,#1867,#2376,.T.);
#1598=EDGE_CURVE('',#2038,#1864,#2377,.T.);
#1599=EDGE_CURVE('',#2031,#1863,#2378,.T.);
#1600=EDGE_CURVE('',#2032,#1839,#2379,.T.);
#1601=EDGE_CURVE('',#2033,#1838,#2380,.T.);
#1602=EDGE_CURVE('',#2034,#1856,#2381,.T.);
#1603=EDGE_CURVE('',#2035,#1855,#2382,.T.);
#1604=EDGE_CURVE('',#2001,#2004,#2383,.T.);
#1605=EDGE_CURVE('',#1901,#2052,#2384,.T.);
#1606=EDGE_CURVE('',#1964,#1972,#2385,.T.);
#1607=EDGE_CURVE('',#1898,#1983,#2386,.T.);
#1608=EDGE_CURVE('',#1979,#1973,#2387,.T.);
#1609=EDGE_CURVE('',#2009,#2007,#2388,.T.);
#1610=EDGE_CURVE('',#1981,#1919,#2389,.T.);
#1611=EDGE_CURVE('',#2011,#1922,#2390,.T.);
#1612=EDGE_CURVE('',#2030,#1928,#2391,.T.);
#1613=EDGE_CURVE('',#2015,#1925,#2392,.T.);
#1614=EDGE_CURVE('',#2023,#1916,#2393,.T.);
#1615=EDGE_CURVE('',#1913,#2027,#2394,.T.);
#1616=EDGE_CURVE('',#2028,#1912,#2395,.T.);
#1617=EDGE_CURVE('',#2029,#1911,#2396,.T.);
#1618=EDGE_CURVE('',#1910,#1929,#182,.T.);
#1619=EDGE_CURVE('',#2021,#1920,#2397,.T.);
#1620=EDGE_CURVE('',#2020,#1957,#2398,.T.);
#1621=EDGE_CURVE('',#2019,#1958,#2399,.T.);
#1622=EDGE_CURVE('',#2018,#1959,#2400,.T.);
#1623=EDGE_CURVE('',#2017,#1960,#2401,.T.);
#1624=EDGE_CURVE('',#2016,#1921,#2402,.T.);
#1625=EDGE_CURVE('',#1892,#2044,#2403,.T.);
#1626=EDGE_CURVE('',#1895,#2040,#2404,.T.);
#1627=EDGE_CURVE('',#1904,#2051,#2405,.T.);
#1628=EDGE_CURVE('',#2047,#1907,#2406,.T.);
#1629=EDGE_CURVE('',#1908,#2046,#2407,.T.);
#1630=EDGE_CURVE('',#1909,#2045,#2408,.T.);
#1631=EDGE_CURVE('',#1891,#1935,#183,.T.);
#1632=EDGE_CURVE('',#1951,#2054,#2409,.T.);
#1633=EDGE_CURVE('',#1900,#2053,#2410,.T.);
#1634=EDGE_CURVE('',#1954,#2055,#2411,.T.);
#1635=EDGE_CURVE('',#1953,#2056,#2412,.T.);
#1636=EDGE_CURVE('',#1952,#2057,#2413,.T.);
#1637=EDGE_CURVE('',#1899,#2058,#2414,.T.);
#1638=EDGE_CURVE('',#2059,#1927,#2415,.T.);
#1639=EDGE_CURVE('',#2060,#1927,#2416,.T.);
#1640=EDGE_CURVE('',#2061,#2060,#2417,.T.);
#1641=EDGE_CURVE('',#2059,#2061,#2418,.T.);
#1642=EDGE_CURVE('',#1906,#1860,#2419,.T.);
#1643=EDGE_CURVE('',#1891,#1906,#2420,.T.);
#1644=EDGE_CURVE('',#2062,#2063,#2421,.T.);
#1645=EDGE_CURVE('',#2064,#2062,#2422,.T.);
#1646=EDGE_CURVE('',#1893,#2064,#2423,.T.);
#1647=EDGE_CURVE('',#2063,#1893,#2424,.T.);
#1648=EDGE_CURVE('',#2065,#1822,#2425,.T.);
#1649=EDGE_CURVE('',#2063,#2065,#2426,.T.);
#1650=EDGE_CURVE('',#2065,#1801,#2427,.T.);
#1651=EDGE_CURVE('',#2066,#1831,#2428,.T.);
#1652=EDGE_CURVE('',#1800,#2066,#2429,.T.);
#1653=EDGE_CURVE('',#1910,#1914,#2430,.T.);
#1654=EDGE_CURVE('',#2066,#2059,#2431,.T.);
#1655=EDGE_CURVE('',#1914,#1871,#2432,.T.);
#1656=EDGE_CURVE('',#1848,#2067,#2433,.T.);
#1657=EDGE_CURVE('',#2067,#2068,#2434,.T.);
#1658=EDGE_CURVE('',#1836,#2068,#2435,.T.);
#1659=EDGE_CURVE('',#2069,#1845,#2436,.T.);
#1660=EDGE_CURVE('',#2062,#2069,#2437,.T.);
#1661=EDGE_CURVE('',#2070,#2061,#2438,.T.);
#1662=EDGE_CURVE('',#2070,#1849,#2439,.T.);
#1663=EDGE_CURVE('',#2071,#2071,#184,.T.);
#1664=EDGE_CURVE('',#2072,#2072,#185,.T.);
#1665=EDGE_CURVE('',#2073,#2073,#186,.T.);
#1666=EDGE_CURVE('',#2074,#2074,#187,.T.);
#1667=EDGE_CURVE('',#2075,#2043,#2440,.T.);
#1668=EDGE_CURVE('',#2064,#2042,#2441,.T.);
#1669=EDGE_CURVE('',#2064,#2075,#2442,.T.);
#1670=EDGE_CURVE('',#2041,#1894,#2443,.T.);
#1671=EDGE_CURVE('',#2076,#2075,#2444,.T.);
#1672=EDGE_CURVE('',#2076,#1843,#2445,.T.);
#1673=EDGE_CURVE('',#1926,#2014,#2446,.T.);
#1674=EDGE_CURVE('',#2012,#2077,#2447,.T.);
#1675=EDGE_CURVE('',#2060,#2077,#2448,.T.);
#1676=EDGE_CURVE('',#2013,#2060,#2449,.T.);
#1677=EDGE_CURVE('',#2078,#1851,#2450,.T.);
#1678=EDGE_CURVE('',#2077,#2078,#2451,.T.);
#1679=EDGE_CURVE('',#2079,#2048,#2452,.T.);
#1680=EDGE_CURVE('',#1876,#2079,#2453,.T.);
#1681=EDGE_CURVE('',#1876,#2049,#2454,.T.);
#1682=EDGE_CURVE('',#2050,#1905,#2455,.T.);
#1683=EDGE_CURVE('',#2080,#1859,#2456,.T.);
#1684=EDGE_CURVE('',#2079,#2080,#2457,.T.);
#1685=EDGE_CURVE('',#1915,#2024,#2458,.T.);
#1686=EDGE_CURVE('',#2026,#2081,#2459,.T.);
#1687=EDGE_CURVE('',#2025,#1874,#2460,.T.);
#1688=EDGE_CURVE('',#1874,#2081,#2461,.T.);
#1689=EDGE_CURVE('',#2082,#2081,#2462,.T.);
#1690=EDGE_CURVE('',#2082,#1872,#2463,.T.);
#1691=EDGE_CURVE('',#2083,#1858,#2464,.T.);
#1692=EDGE_CURVE('',#2080,#2083,#188,.T.);
#1693=EDGE_CURVE('',#2083,#1825,#2465,.T.);
#1694=EDGE_CURVE('',#2084,#1844,#2466,.T.);
#1695=EDGE_CURVE('',#2069,#2084,#2467,.T.);
#1696=EDGE_CURVE('',#2084,#2076,#189,.T.);
#1697=EDGE_CURVE('',#2085,#1857,#2468,.T.);
#1698=EDGE_CURVE('',#1828,#2085,#2469,.T.);
#1699=EDGE_CURVE('',#2085,#2082,#190,.T.);
#1700=EDGE_CURVE('',#2086,#1850,#2470,.T.);
#1701=EDGE_CURVE('',#2078,#2086,#191,.T.);
#1702=EDGE_CURVE('',#2086,#2070,#2471,.T.);
#1703=EDGE_CURVE('',#2068,#2087,#2472,.T.);
#1704=EDGE_CURVE('',#2067,#2088,#2473,.T.);
#1705=EDGE_CURVE('',#2088,#2087,#2474,.T.);
#1706=EDGE_CURVE('',#2087,#2089,#2475,.T.);
#1707=EDGE_CURVE('',#2088,#2090,#2476,.T.);
#1708=EDGE_CURVE('',#2090,#2089,#2477,.T.);
#1709=EDGE_CURVE('',#2089,#1835,#2478,.T.);
#1710=EDGE_CURVE('',#2090,#1846,#2479,.T.);
#1711=EDGE_CURVE('',#2091,#1821,#2480,.T.);
#1712=EDGE_CURVE('',#2091,#1804,#2481,.T.);
#1713=EDGE_CURVE('',#1820,#2092,#2482,.T.);
#1714=EDGE_CURVE('',#2092,#1805,#2483,.T.);
#1715=EDGE_CURVE('',#2092,#2091,#2484,.T.);
#1716=EDGE_CURVE('',#2093,#1833,#2485,.T.);
#1717=EDGE_CURVE('',#2093,#1796,#2486,.T.);
#1718=EDGE_CURVE('',#1832,#2094,#2487,.T.);
#1719=EDGE_CURVE('',#2094,#1797,#2488,.T.);
#1720=EDGE_CURVE('',#2094,#2093,#2489,.T.);
#1721=EDGE_CURVE('',#2095,#1819,#2490,.T.);
#1722=EDGE_CURVE('',#2095,#1808,#2491,.T.);
#1723=EDGE_CURVE('',#1834,#2096,#2492,.T.);
#1724=EDGE_CURVE('',#2096,#1794,#2493,.T.);
#1725=EDGE_CURVE('',#2096,#2095,#2494,.T.);
#1726=EDGE_CURVE('',#2097,#1789,#2495,.T.);
#1727=EDGE_CURVE('',#2097,#2098,#2496,.T.);
#1728=EDGE_CURVE('',#2098,#1790,#2497,.T.);
#1729=EDGE_CURVE('',#2098,#2099,#2498,.T.);
#1730=EDGE_CURVE('',#2099,#1791,#2499,.T.);
#1731=EDGE_CURVE('',#2099,#2100,#2500,.T.);
#1732=EDGE_CURVE('',#2100,#1792,#2501,.T.);
#1733=EDGE_CURVE('',#2100,#2097,#2502,.T.);
#1734=EDGE_CURVE('',#2101,#1811,#2503,.T.);
#1735=EDGE_CURVE('',#2101,#2102,#2504,.T.);
#1736=EDGE_CURVE('',#2102,#1812,#2505,.T.);
#1737=EDGE_CURVE('',#2102,#2103,#2506,.T.);
#1738=EDGE_CURVE('',#2103,#1813,#2507,.T.);
#1739=EDGE_CURVE('',#2103,#2104,#2508,.T.);
#1740=EDGE_CURVE('',#2104,#1814,#2509,.T.);
#1741=EDGE_CURVE('',#2104,#2101,#2510,.T.);
#1742=EDGE_CURVE('',#2105,#1785,#2511,.T.);
#1743=EDGE_CURVE('',#2105,#2106,#2512,.T.);
#1744=EDGE_CURVE('',#2106,#1786,#2513,.T.);
#1745=EDGE_CURVE('',#2106,#2107,#2514,.T.);
#1746=EDGE_CURVE('',#2107,#1787,#2515,.T.);
#1747=EDGE_CURVE('',#2107,#2108,#2516,.T.);
#1748=EDGE_CURVE('',#2108,#1788,#2517,.T.);
#1749=EDGE_CURVE('',#2108,#2105,#2518,.T.);
#1750=EDGE_CURVE('',#2109,#1815,#2519,.T.);
#1751=EDGE_CURVE('',#2109,#2110,#2520,.T.);
#1752=EDGE_CURVE('',#2110,#1816,#2521,.T.);
#1753=EDGE_CURVE('',#2110,#2111,#2522,.T.);
#1754=EDGE_CURVE('',#2111,#1817,#2523,.T.);
#1755=EDGE_CURVE('',#2111,#2112,#2524,.T.);
#1756=EDGE_CURVE('',#2112,#1818,#2525,.T.);
#1757=EDGE_CURVE('',#2112,#2109,#2526,.T.);
#1758=EDGE_CURVE('',#2113,#2114,#2527,.T.);
#1759=EDGE_CURVE('',#2113,#2115,#2528,.T.);
#1760=EDGE_CURVE('',#2115,#2116,#2529,.T.);
#1761=EDGE_CURVE('',#2114,#2116,#2530,.T.);
#1762=EDGE_CURVE('',#2113,#2117,#192,.T.);
#1763=EDGE_CURVE('',#2118,#2114,#193,.T.);
#1764=EDGE_CURVE('',#2118,#2119,#2531,.T.);
#1765=EDGE_CURVE('',#2120,#2119,#2532,.T.);
#1766=EDGE_CURVE('',#2117,#2120,#2533,.T.);
#1767=EDGE_CURVE('',#2115,#2121,#194,.T.);
#1768=EDGE_CURVE('',#2122,#2121,#2534,.T.);
#1769=EDGE_CURVE('',#2122,#2123,#2535,.T.);
#1770=EDGE_CURVE('',#2123,#2124,#2536,.T.);
#1771=EDGE_CURVE('',#2124,#2116,#195,.T.);
#1772=EDGE_CURVE('',#2119,#2125,#2537,.T.);
#1773=EDGE_CURVE('',#2126,#2125,#2538,.T.);
#1774=EDGE_CURVE('',#2120,#2126,#2539,.T.);
#1775=EDGE_CURVE('',#2127,#2125,#196,.T.);
#1776=EDGE_CURVE('',#2128,#2127,#2540,.T.);
#1777=EDGE_CURVE('',#2128,#2126,#197,.T.);
#1778=EDGE_CURVE('',#2127,#2129,#2541,.T.);
#1779=EDGE_CURVE('',#2130,#2129,#2542,.T.);
#1780=EDGE_CURVE('',#2128,#2130,#2543,.T.);
#1781=EDGE_CURVE('',#2129,#2123,#2544,.T.);
#1782=EDGE_CURVE('',#2130,#2122,#2545,.T.);
#1783=EDGE_CURVE('',#2117,#2121,#2546,.T.);
#1784=EDGE_CURVE('',#2118,#2124,#2547,.T.);
#1785=VERTEX_POINT('',#6261);
#1786=VERTEX_POINT('',#6262);
#1787=VERTEX_POINT('',#6264);
#1788=VERTEX_POINT('',#6266);
#1789=VERTEX_POINT('',#6269);
#1790=VERTEX_POINT('',#6270);
#1791=VERTEX_POINT('',#6272);
#1792=VERTEX_POINT('',#6274);
#1793=VERTEX_POINT('',#6277);
#1794=VERTEX_POINT('',#6278);
#1795=VERTEX_POINT('',#6280);
#1796=VERTEX_POINT('',#6282);
#1797=VERTEX_POINT('',#6284);
#1798=VERTEX_POINT('',#6286);
#1799=VERTEX_POINT('',#6288);
#1800=VERTEX_POINT('',#6290);
#1801=VERTEX_POINT('',#6292);
#1802=VERTEX_POINT('',#6294);
#1803=VERTEX_POINT('',#6296);
#1804=VERTEX_POINT('',#6298);
#1805=VERTEX_POINT('',#6300);
#1806=VERTEX_POINT('',#6302);
#1807=VERTEX_POINT('',#6304);
#1808=VERTEX_POINT('',#6306);
#1809=VERTEX_POINT('',#6309);
#1810=VERTEX_POINT('',#6311);
#1811=VERTEX_POINT('',#6313);
#1812=VERTEX_POINT('',#6314);
#1813=VERTEX_POINT('',#6316);
#1814=VERTEX_POINT('',#6318);
#1815=VERTEX_POINT('',#6321);
#1816=VERTEX_POINT('',#6322);
#1817=VERTEX_POINT('',#6324);
#1818=VERTEX_POINT('',#6326);
#1819=VERTEX_POINT('',#6330);
#1820=VERTEX_POINT('',#6332);
#1821=VERTEX_POINT('',#6334);
#1822=VERTEX_POINT('',#6337);
#1823=VERTEX_POINT('',#6339);
#1824=VERTEX_POINT('',#6341);
#1825=VERTEX_POINT('',#6343);
#1826=VERTEX_POINT('',#6345);
#1827=VERTEX_POINT('',#6347);
#1828=VERTEX_POINT('',#6349);
#1829=VERTEX_POINT('',#6351);
#1830=VERTEX_POINT('',#6353);
#1831=VERTEX_POINT('',#6355);
#1832=VERTEX_POINT('',#6358);
#1833=VERTEX_POINT('',#6360);
#1834=VERTEX_POINT('',#6363);
#1835=VERTEX_POINT('',#6367);
#1836=VERTEX_POINT('',#6368);
#1837=VERTEX_POINT('',#6370);
#1838=VERTEX_POINT('',#6372);
#1839=VERTEX_POINT('',#6374);
#1840=VERTEX_POINT('',#6376);
#1841=VERTEX_POINT('',#6378);
#1842=VERTEX_POINT('',#6380);
#1843=VERTEX_POINT('',#6382);
#1844=VERTEX_POINT('',#6384);
#1845=VERTEX_POINT('',#6386);
#1846=VERTEX_POINT('',#6390);
#1847=VERTEX_POINT('',#6391);
#1848=VERTEX_POINT('',#6393);
#1849=VERTEX_POINT('',#6395);
#1850=VERTEX_POINT('',#6397);
#1851=VERTEX_POINT('',#6399);
#1852=VERTEX_POINT('',#6401);
#1853=VERTEX_POINT('',#6403);
#1854=VERTEX_POINT('',#6405);
#1855=VERTEX_POINT('',#6407);
#1856=VERTEX_POINT('',#6409);
#1857=VERTEX_POINT('',#6413);
#1858=VERTEX_POINT('',#6415);
#1859=VERTEX_POINT('',#6417);
#1860=VERTEX_POINT('',#6419);
#1861=VERTEX_POINT('',#6421);
#1862=VERTEX_POINT('',#6423);
#1863=VERTEX_POINT('',#6425);
#1864=VERTEX_POINT('',#6427);
#1865=VERTEX_POINT('',#6429);
#1866=VERTEX_POINT('',#6431);
#1867=VERTEX_POINT('',#6433);
#1868=VERTEX_POINT('',#6435);
#1869=VERTEX_POINT('',#6437);
#1870=VERTEX_POINT('',#6439);
#1871=VERTEX_POINT('',#6441);
#1872=VERTEX_POINT('',#6443);
#1873=VERTEX_POINT('',#6447);
#1874=VERTEX_POINT('',#6448);
#1875=VERTEX_POINT('',#6453);
#1876=VERTEX_POINT('',#6455);
#1877=VERTEX_POINT('',#6459);
#1878=VERTEX_POINT('',#6460);
#1879=VERTEX_POINT('',#6462);
#1880=VERTEX_POINT('',#6464);
#1881=VERTEX_POINT('',#6468);
#1882=VERTEX_POINT('',#6470);
#1883=VERTEX_POINT('',#6472);
#1884=VERTEX_POINT('',#6476);
#1885=VERTEX_POINT('',#6477);
#1886=VERTEX_POINT('',#6479);
#1887=VERTEX_POINT('',#6481);
#1888=VERTEX_POINT('',#6485);
#1889=VERTEX_POINT('',#6487);
#1890=VERTEX_POINT('',#6489);
#1891=VERTEX_POINT('',#6493);
#1892=VERTEX_POINT('',#6495);
#1893=VERTEX_POINT('',#6499);
#1894=VERTEX_POINT('',#6501);
#1895=VERTEX_POINT('',#6503);
#1896=VERTEX_POINT('',#6505);
#1897=VERTEX_POINT('',#6507);
#1898=VERTEX_POINT('',#6509);
#1899=VERTEX_POINT('',#6511);
#1900=VERTEX_POINT('',#6513);
#1901=VERTEX_POINT('',#6515);
#1902=VERTEX_POINT('',#6517);
#1903=VERTEX_POINT('',#6519);
#1904=VERTEX_POINT('',#6521);
#1905=VERTEX_POINT('',#6523);
#1906=VERTEX_POINT('',#6526);
#1907=VERTEX_POINT('',#6528);
#1908=VERTEX_POINT('',#6530);
#1909=VERTEX_POINT('',#6532);
#1910=VERTEX_POINT('',#6536);
#1911=VERTEX_POINT('',#6538);
#1912=VERTEX_POINT('',#6540);
#1913=VERTEX_POINT('',#6542);
#1914=VERTEX_POINT('',#6544);
#1915=VERTEX_POINT('',#6547);
#1916=VERTEX_POINT('',#6549);
#1917=VERTEX_POINT('',#6551);
#1918=VERTEX_POINT('',#6553);
#1919=VERTEX_POINT('',#6555);
#1920=VERTEX_POINT('',#6557);
#1921=VERTEX_POINT('',#6559);
#1922=VERTEX_POINT('',#6561);
#1923=VERTEX_POINT('',#6563);
#1924=VERTEX_POINT('',#6565);
#1925=VERTEX_POINT('',#6567);
#1926=VERTEX_POINT('',#6569);
#1927=VERTEX_POINT('',#6571);
#1928=VERTEX_POINT('',#6575);
#1929=VERTEX_POINT('',#6579);
#1930=VERTEX_POINT('',#6581);
#1931=VERTEX_POINT('',#6583);
#1932=VERTEX_POINT('',#6585);
#1933=VERTEX_POINT('',#6587);
#1934=VERTEX_POINT('',#6589);
#1935=VERTEX_POINT('',#6593);
#1936=VERTEX_POINT('',#6595);
#1937=VERTEX_POINT('',#6597);
#1938=VERTEX_POINT('',#6599);
#1939=VERTEX_POINT('',#6601);
#1940=VERTEX_POINT('',#6603);
#1941=VERTEX_POINT('',#6607);
#1942=VERTEX_POINT('',#6609);
#1943=VERTEX_POINT('',#6611);
#1944=VERTEX_POINT('',#6613);
#1945=VERTEX_POINT('',#6615);
#1946=VERTEX_POINT('',#6619);
#1947=VERTEX_POINT('',#6621);
#1948=VERTEX_POINT('',#6623);
#1949=VERTEX_POINT('',#6625);
#1950=VERTEX_POINT('',#6627);
#1951=VERTEX_POINT('',#6634);
#1952=VERTEX_POINT('',#6639);
#1953=VERTEX_POINT('',#6644);
#1954=VERTEX_POINT('',#6646);
#1955=VERTEX_POINT('',#6653);
#1956=VERTEX_POINT('',#6655);
#1957=VERTEX_POINT('',#6662);
#1958=VERTEX_POINT('',#6667);
#1959=VERTEX_POINT('',#6669);
#1960=VERTEX_POINT('',#6674);
#1961=VERTEX_POINT('',#6681);
#1962=VERTEX_POINT('',#6683);
#1963=VERTEX_POINT('',#6687);
#1964=VERTEX_POINT('',#6688);
#1965=VERTEX_POINT('',#6690);
#1966=VERTEX_POINT('',#6692);
#1967=VERTEX_POINT('',#6694);
#1968=VERTEX_POINT('',#6698);
#1969=VERTEX_POINT('',#6700);
#1970=VERTEX_POINT('',#6704);
#1971=VERTEX_POINT('',#6705);
#1972=VERTEX_POINT('',#6708);
#1973=VERTEX_POINT('',#6712);
#1974=VERTEX_POINT('',#6713);
#1975=VERTEX_POINT('',#6716);
#1976=VERTEX_POINT('',#6720);
#1977=VERTEX_POINT('',#6722);
#1978=VERTEX_POINT('',#6726);
#1979=VERTEX_POINT('',#6727);
#1980=VERTEX_POINT('',#6730);
#1981=VERTEX_POINT('',#6734);
#1982=VERTEX_POINT('',#6736);
#1983=VERTEX_POINT('',#6740);
#1984=VERTEX_POINT('',#6742);
#1985=VERTEX_POINT('',#6747);
#1986=VERTEX_POINT('',#6749);
#1987=VERTEX_POINT('',#6753);
#1988=VERTEX_POINT('',#6754);
#1989=VERTEX_POINT('',#6756);
#1990=VERTEX_POINT('',#6758);
#1991=VERTEX_POINT('',#6761);
#1992=VERTEX_POINT('',#6763);
#1993=VERTEX_POINT('',#6767);
#1994=VERTEX_POINT('',#6768);
#1995=VERTEX_POINT('',#6771);
#1996=VERTEX_POINT('',#6773);
#1997=VERTEX_POINT('',#6775);
#1998=VERTEX_POINT('',#6779);
#1999=VERTEX_POINT('',#6781);
#2000=VERTEX_POINT('',#6785);
#2001=VERTEX_POINT('',#6786);
#2002=VERTEX_POINT('',#6788);
#2003=VERTEX_POINT('',#6793);
#2004=VERTEX_POINT('',#6797);
#2005=VERTEX_POINT('',#6804);
#2006=VERTEX_POINT('',#6808);
#2007=VERTEX_POINT('',#6810);
#2008=VERTEX_POINT('',#6814);
#2009=VERTEX_POINT('',#6818);
#2010=VERTEX_POINT('',#6820);
#2011=VERTEX_POINT('',#6824);
#2012=VERTEX_POINT('',#6828);
#2013=VERTEX_POINT('',#6830);
#2014=VERTEX_POINT('',#6832);
#2015=VERTEX_POINT('',#6834);
#2016=VERTEX_POINT('',#6837);
#2017=VERTEX_POINT('',#6839);
#2018=VERTEX_POINT('',#6841);
#2019=VERTEX_POINT('',#6843);
#2020=VERTEX_POINT('',#6845);
#2021=VERTEX_POINT('',#6847);
#2022=VERTEX_POINT('',#6850);
#2023=VERTEX_POINT('',#6852);
#2024=VERTEX_POINT('',#6854);
#2025=VERTEX_POINT('',#6856);
#2026=VERTEX_POINT('',#6858);
#2027=VERTEX_POINT('',#6860);
#2028=VERTEX_POINT('',#6862);
#2029=VERTEX_POINT('',#6864);
#2030=VERTEX_POINT('',#6868);
#2031=VERTEX_POINT('',#6874);
#2032=VERTEX_POINT('',#6877);
#2033=VERTEX_POINT('',#6879);
#2034=VERTEX_POINT('',#6882);
#2035=VERTEX_POINT('',#6884);
#2036=VERTEX_POINT('',#6887);
#2037=VERTEX_POINT('',#6889);
#2038=VERTEX_POINT('',#6892);
#2039=VERTEX_POINT('',#6898);
#2040=VERTEX_POINT('',#6900);
#2041=VERTEX_POINT('',#6902);
#2042=VERTEX_POINT('',#6904);
#2043=VERTEX_POINT('',#6906);
#2044=VERTEX_POINT('',#6909);
#2045=VERTEX_POINT('',#6912);
#2046=VERTEX_POINT('',#6914);
#2047=VERTEX_POINT('',#6916);
#2048=VERTEX_POINT('',#6918);
#2049=VERTEX_POINT('',#6920);
#2050=VERTEX_POINT('',#6922);
#2051=VERTEX_POINT('',#6924);
#2052=VERTEX_POINT('',#6927);
#2053=VERTEX_POINT('',#6929);
#2054=VERTEX_POINT('',#6931);
#2055=VERTEX_POINT('',#6933);
#2056=VERTEX_POINT('',#6935);
#2057=VERTEX_POINT('',#6937);
#2058=VERTEX_POINT('',#6939);
#2059=VERTEX_POINT('',#7039);
#2060=VERTEX_POINT('',#7041);
#2061=VERTEX_POINT('',#7043);
#2062=VERTEX_POINT('',#7050);
#2063=VERTEX_POINT('',#7051);
#2064=VERTEX_POINT('',#7053);
#2065=VERTEX_POINT('',#7058);
#2066=VERTEX_POINT('',#7064);
#2067=VERTEX_POINT('',#7073);
#2068=VERTEX_POINT('',#7075);
#2069=VERTEX_POINT('',#7078);
#2070=VERTEX_POINT('',#7081);
#2071=VERTEX_POINT('',#7085);
#2072=VERTEX_POINT('',#7088);
#2073=VERTEX_POINT('',#7092);
#2074=VERTEX_POINT('',#7095);
#2075=VERTEX_POINT('',#7099);
#2076=VERTEX_POINT('',#7107);
#2077=VERTEX_POINT('',#7113);
#2078=VERTEX_POINT('',#7119);
#2079=VERTEX_POINT('',#7123);
#2080=VERTEX_POINT('',#7131);
#2081=VERTEX_POINT('',#7137);
#2082=VERTEX_POINT('',#7143);
#2083=VERTEX_POINT('',#7147);
#2084=VERTEX_POINT('',#7154);
#2085=VERTEX_POINT('',#7161);
#2086=VERTEX_POINT('',#7168);
#2087=VERTEX_POINT('',#7175);
#2088=VERTEX_POINT('',#7177);
#2089=VERTEX_POINT('',#7181);
#2090=VERTEX_POINT('',#7183);
#2091=VERTEX_POINT('',#7192);
#2092=VERTEX_POINT('',#7196);
#2093=VERTEX_POINT('',#7203);
#2094=VERTEX_POINT('',#7207);
#2095=VERTEX_POINT('',#7214);
#2096=VERTEX_POINT('',#7218);
#2097=VERTEX_POINT('',#7225);
#2098=VERTEX_POINT('',#7227);
#2099=VERTEX_POINT('',#7231);
#2100=VERTEX_POINT('',#7235);
#2101=VERTEX_POINT('',#7242);
#2102=VERTEX_POINT('',#7244);
#2103=VERTEX_POINT('',#7248);
#2104=VERTEX_POINT('',#7252);
#2105=VERTEX_POINT('',#7259);
#2106=VERTEX_POINT('',#7261);
#2107=VERTEX_POINT('',#7265);
#2108=VERTEX_POINT('',#7269);
#2109=VERTEX_POINT('',#7276);
#2110=VERTEX_POINT('',#7278);
#2111=VERTEX_POINT('',#7282);
#2112=VERTEX_POINT('',#7286);
#2113=VERTEX_POINT('',#7294);
#2114=VERTEX_POINT('',#7295);
#2115=VERTEX_POINT('',#7297);
#2116=VERTEX_POINT('',#7299);
#2117=VERTEX_POINT('',#7303);
#2118=VERTEX_POINT('',#7305);
#2119=VERTEX_POINT('',#7307);
#2120=VERTEX_POINT('',#7309);
#2121=VERTEX_POINT('',#7313);
#2122=VERTEX_POINT('',#7315);
#2123=VERTEX_POINT('',#7317);
#2124=VERTEX_POINT('',#7319);
#2125=VERTEX_POINT('',#7323);
#2126=VERTEX_POINT('',#7325);
#2127=VERTEX_POINT('',#7329);
#2128=VERTEX_POINT('',#7331);
#2129=VERTEX_POINT('',#7335);
#2130=VERTEX_POINT('',#7337);
#2131=LINE('',#6260,#2548);
#2132=LINE('',#6263,#2549);
#2133=LINE('',#6265,#2550);
#2134=LINE('',#6267,#2551);
#2135=LINE('',#6268,#2552);
#2136=LINE('',#6271,#2553);
#2137=LINE('',#6273,#2554);
#2138=LINE('',#6275,#2555);
#2139=LINE('',#6276,#2556);
#2140=LINE('',#6279,#2557);
#2141=LINE('',#6281,#2558);
#2142=LINE('',#6283,#2559);
#2143=LINE('',#6285,#2560);
#2144=LINE('',#6287,#2561);
#2145=LINE('',#6289,#2562);
#2146=LINE('',#6291,#2563);
#2147=LINE('',#6293,#2564);
#2148=LINE('',#6295,#2565);
#2149=LINE('',#6297,#2566);
#2150=LINE('',#6299,#2567);
#2151=LINE('',#6301,#2568);
#2152=LINE('',#6303,#2569);
#2153=LINE('',#6305,#2570);
#2154=LINE('',#6307,#2571);
#2155=LINE('',#6312,#2572);
#2156=LINE('',#6315,#2573);
#2157=LINE('',#6317,#2574);
#2158=LINE('',#6319,#2575);
#2159=LINE('',#6320,#2576);
#2160=LINE('',#6323,#2577);
#2161=LINE('',#6325,#2578);
#2162=LINE('',#6327,#2579);
#2163=LINE('',#6329,#2580);
#2164=LINE('',#6331,#2581);
#2165=LINE('',#6333,#2582);
#2166=LINE('',#6335,#2583);
#2167=LINE('',#6336,#2584);
#2168=LINE('',#6338,#2585);
#2169=LINE('',#6340,#2586);
#2170=LINE('',#6342,#2587);
#2171=LINE('',#6344,#2588);
#2172=LINE('',#6346,#2589);
#2173=LINE('',#6348,#2590);
#2174=LINE('',#6350,#2591);
#2175=LINE('',#6352,#2592);
#2176=LINE('',#6354,#2593);
#2177=LINE('',#6356,#2594);
#2178=LINE('',#6357,#2595);
#2179=LINE('',#6359,#2596);
#2180=LINE('',#6361,#2597);
#2181=LINE('',#6362,#2598);
#2182=LINE('',#6364,#2599);
#2183=LINE('',#6366,#2600);
#2184=LINE('',#6369,#2601);
#2185=LINE('',#6373,#2602);
#2186=LINE('',#6377,#2603);
#2187=LINE('',#6379,#2604);
#2188=LINE('',#6381,#2605);
#2189=LINE('',#6385,#2606);
#2190=LINE('',#6387,#2607);
#2191=LINE('',#6389,#2608);
#2192=LINE('',#6392,#2609);
#2193=LINE('',#6394,#2610);
#2194=LINE('',#6396,#2611);
#2195=LINE('',#6400,#2612);
#2196=LINE('',#6402,#2613);
#2197=LINE('',#6404,#2614);
#2198=LINE('',#6408,#2615);
#2199=LINE('',#6412,#2616);
#2200=LINE('',#6414,#2617);
#2201=LINE('',#6418,#2618);
#2202=LINE('',#6420,#2619);
#2203=LINE('',#6422,#2620);
#2204=LINE('',#6426,#2621);
#2205=LINE('',#6430,#2622);
#2206=LINE('',#6434,#2623);
#2207=LINE('',#6438,#2624);
#2208=LINE('',#6440,#2625);
#2209=LINE('',#6442,#2626);
#2210=LINE('',#6446,#2627);
#2211=LINE('',#6449,#2628);
#2212=LINE('',#6450,#2629);
#2213=LINE('',#6452,#2630);
#2214=LINE('',#6454,#2631);
#2215=LINE('',#6456,#2632);
#2216=LINE('',#6458,#2633);
#2217=LINE('',#6461,#2634);
#2218=LINE('',#6463,#2635);
#2219=LINE('',#6465,#2636);
#2220=LINE('',#6467,#2637);
#2221=LINE('',#6469,#2638);
#2222=LINE('',#6473,#2639);
#2223=LINE('',#6475,#2640);
#2224=LINE('',#6478,#2641);
#2225=LINE('',#6480,#2642);
#2226=LINE('',#6482,#2643);
#2227=LINE('',#6484,#2644);
#2228=LINE('',#6486,#2645);
#2229=LINE('',#6490,#2646);
#2230=LINE('',#6492,#2647);
#2231=LINE('',#6497,#2648);
#2232=LINE('',#6498,#2649);
#2233=LINE('',#6500,#2650);
#2234=LINE('',#6502,#2651);
#2235=LINE('',#6506,#2652);
#2236=LINE('',#6508,#2653);
#2237=LINE('',#6510,#2654);
#2238=LINE('',#6512,#2655);
#2239=LINE('',#6514,#2656);
#2240=LINE('',#6516,#2657);
#2241=LINE('',#6518,#2658);
#2242=LINE('',#6522,#2659);
#2243=LINE('',#6524,#2660);
#2244=LINE('',#6525,#2661);
#2245=LINE('',#6527,#2662);
#2246=LINE('',#6529,#2663);
#2247=LINE('',#6535,#2664);
#2248=LINE('',#6541,#2665);
#2249=LINE('',#6543,#2666);
#2250=LINE('',#6545,#2667);
#2251=LINE('',#6546,#2668);
#2252=LINE('',#6548,#2669);
#2253=LINE('',#6552,#2670);
#2254=LINE('',#6554,#2671);
#2255=LINE('',#6556,#2672);
#2256=LINE('',#6558,#2673);
#2257=LINE('',#6560,#2674);
#2258=LINE('',#6562,#2675);
#2259=LINE('',#6564,#2676);
#2260=LINE('',#6568,#2677);
#2261=LINE('',#6570,#2678);
#2262=LINE('',#6572,#2679);
#2263=LINE('',#6573,#2680);
#2264=LINE('',#6578,#2681);
#2265=LINE('',#6580,#2682);
#2266=LINE('',#6582,#2683);
#2267=LINE('',#6588,#2684);
#2268=LINE('',#6590,#2685);
#2269=LINE('',#6592,#2686);
#2270=LINE('',#6594,#2687);
#2271=LINE('',#6596,#2688);
#2272=LINE('',#6602,#2689);
#2273=LINE('',#6604,#2690);
#2274=LINE('',#6606,#2691);
#2275=LINE('',#6608,#2692);
#2276=LINE('',#6614,#2693);
#2277=LINE('',#6616,#2694);
#2278=LINE('',#6618,#2695);
#2279=LINE('',#6620,#2696);
#2280=LINE('',#6626,#2697);
#2281=LINE('',#6628,#2698);
#2282=LINE('',#6645,#2699);
#2283=LINE('',#6654,#2700);
#2284=LINE('',#6668,#2701);
#2285=LINE('',#6684,#2702);
#2286=LINE('',#6686,#2703);
#2287=LINE('',#6691,#2704);
#2288=LINE('',#6693,#2705);
#2289=LINE('',#6695,#2706);
#2290=LINE('',#6697,#2707);
#2291=LINE('',#6699,#2708);
#2292=LINE('',#6701,#2709);
#2293=LINE('',#6703,#2710);
#2294=LINE('',#6706,#2711);
#2295=LINE('',#6709,#2712);
#2296=LINE('',#6714,#2713);
#2297=LINE('',#6715,#2714);
#2298=LINE('',#6717,#2715);
#2299=LINE('',#6719,#2716);
#2300=LINE('',#6721,#2717);
#2301=LINE('',#6723,#2718);
#2302=LINE('',#6725,#2719);
#2303=LINE('',#6729,#2720);
#2304=LINE('',#6731,#2721);
#2305=LINE('',#6737,#2722);
#2306=LINE('',#6743,#2723);
#2307=LINE('',#6745,#2724);
#2308=LINE('',#6746,#2725);
#2309=LINE('',#6748,#2726);
#2310=LINE('',#6750,#2727);
#2311=LINE('',#6752,#2728);
#2312=LINE('',#6757,#2729);
#2313=LINE('',#6759,#2730);
#2314=LINE('',#6762,#2731);
#2315=LINE('',#6764,#2732);
#2316=LINE('',#6766,#2733);
#2317=LINE('',#6769,#2734);
#2318=LINE('',#6770,#2735);
#2319=LINE('',#6772,#2736);
#2320=LINE('',#6774,#2737);
#2321=LINE('',#6778,#2738);
#2322=LINE('',#6780,#2739);
#2323=LINE('',#6782,#2740);
#2324=LINE('',#6787,#2741);
#2325=LINE('',#6789,#2742);
#2326=LINE('',#6790,#2743);
#2327=LINE('',#6792,#2744);
#2328=LINE('',#6794,#2745);
#2329=LINE('',#6796,#2746);
#2330=LINE('',#6805,#2747);
#2331=LINE('',#6807,#2748);
#2332=LINE('',#6809,#2749);
#2333=LINE('',#6813,#2750);
#2334=LINE('',#6815,#2751);
#2335=LINE('',#6819,#2752);
#2336=LINE('',#6821,#2753);
#2337=LINE('',#6825,#2754);
#2338=LINE('',#6827,#2755);
#2339=LINE('',#6829,#2756);
#2340=LINE('',#6831,#2757);
#2341=LINE('',#6833,#2758);
#2342=LINE('',#6836,#2759);
#2343=LINE('',#6842,#2760);
#2344=LINE('',#6848,#2761);
#2345=LINE('',#6849,#2762);
#2346=LINE('',#6853,#2763);
#2347=LINE('',#6855,#2764);
#2348=LINE('',#6857,#2765);
#2349=LINE('',#6859,#2766);
#2350=LINE('',#6861,#2767);
#2351=LINE('',#6866,#2768);
#2352=LINE('',#6871,#2769);
#2353=LINE('',#6875,#2770);
#2354=LINE('',#6878,#2771);
#2355=LINE('',#6883,#2772);
#2356=LINE('',#6888,#2773);
#2357=LINE('',#6893,#2774);
#2358=LINE('',#6895,#2775);
#2359=LINE('',#6897,#2776);
#2360=LINE('',#6901,#2777);
#2361=LINE('',#6903,#2778);
#2362=LINE('',#6905,#2779);
#2363=LINE('',#6907,#2780);
#2364=LINE('',#6915,#2781);
#2365=LINE('',#6917,#2782);
#2366=LINE('',#6919,#2783);
#2367=LINE('',#6921,#2784);
#2368=LINE('',#6923,#2785);
#2369=LINE('',#6926,#2786);
#2370=LINE('',#6928,#2787);
#2371=LINE('',#6934,#2788);
#2372=LINE('',#6940,#2789);
#2373=LINE('',#6944,#2790);
#2374=LINE('',#6946,#2791);
#2375=LINE('',#6948,#2792);
#2376=LINE('',#6950,#2793);
#2377=LINE('',#6953,#2794);
#2378=LINE('',#6955,#2795);
#2379=LINE('',#6958,#2796);
#2380=LINE('',#6960,#2797);
#2381=LINE('',#6963,#2798);
#2382=LINE('',#6965,#2799);
#2383=LINE('',#6968,#2800);
#2384=LINE('',#6969,#2801);
#2385=LINE('',#6971,#2802);
#2386=LINE('',#6972,#2803);
#2387=LINE('',#6976,#2804);
#2388=LINE('',#6978,#2805);
#2389=LINE('',#6980,#2806);
#2390=LINE('',#6982,#2807);
#2391=LINE('',#6984,#2808);
#2392=LINE('',#6987,#2809);
#2393=LINE('',#6989,#2810);
#2394=LINE('',#6991,#2811);
#2395=LINE('',#6992,#2812);
#2396=LINE('',#6994,#2813);
#2397=LINE('',#6998,#2814);
#2398=LINE('',#6999,#2815);
#2399=LINE('',#7001,#2816);
#2400=LINE('',#7003,#2817);
#2401=LINE('',#7005,#2818);
#2402=LINE('',#7007,#2819);
#2403=LINE('',#7011,#2820);
#2404=LINE('',#7014,#2821);
#2405=LINE('',#7016,#2822);
#2406=LINE('',#7018,#2823);
#2407=LINE('',#7019,#2824);
#2408=LINE('',#7021,#2825);
#2409=LINE('',#7025,#2826);
#2410=LINE('',#7026,#2827);
#2411=LINE('',#7028,#2828);
#2412=LINE('',#7030,#2829);
#2413=LINE('',#7032,#2830);
#2414=LINE('',#7034,#2831);
#2415=LINE('',#7038,#2832);
#2416=LINE('',#7040,#2833);
#2417=LINE('',#7042,#2834);
#2418=LINE('',#7044,#2835);
#2419=LINE('',#7046,#2836);
#2420=LINE('',#7047,#2837);
#2421=LINE('',#7049,#2838);
#2422=LINE('',#7052,#2839);
#2423=LINE('',#7054,#2840);
#2424=LINE('',#7055,#2841);
#2425=LINE('',#7057,#2842);
#2426=LINE('',#7059,#2843);
#2427=LINE('',#7061,#2844);
#2428=LINE('',#7063,#2845);
#2429=LINE('',#7065,#2846);
#2430=LINE('',#7067,#2847);
#2431=LINE('',#7068,#2848);
#2432=LINE('',#7070,#2849);
#2433=LINE('',#7072,#2850);
#2434=LINE('',#7074,#2851);
#2435=LINE('',#7076,#2852);
#2436=LINE('',#7077,#2853);
#2437=LINE('',#7079,#2854);
#2438=LINE('',#7080,#2855);
#2439=LINE('',#7082,#2856);
#2440=LINE('',#7098,#2857);
#2441=LINE('',#7100,#2858);
#2442=LINE('',#7101,#2859);
#2443=LINE('',#7103,#2860);
#2444=LINE('',#7106,#2861);
#2445=LINE('',#7108,#2862);
#2446=LINE('',#7110,#2863);
#2447=LINE('',#7112,#2864);
#2448=LINE('',#7114,#2865);
#2449=LINE('',#7115,#2866);
#2450=LINE('',#7118,#2867);
#2451=LINE('',#7120,#2868);
#2452=LINE('',#7122,#2869);
#2453=LINE('',#7124,#2870);
#2454=LINE('',#7125,#2871);
#2455=LINE('',#7127,#2872);
#2456=LINE('',#7130,#2873);
#2457=LINE('',#7132,#2874);
#2458=LINE('',#7134,#2875);
#2459=LINE('',#7136,#2876);
#2460=LINE('',#7138,#2877);
#2461=LINE('',#7139,#2878);
#2462=LINE('',#7142,#2879);
#2463=LINE('',#7144,#2880);
#2464=LINE('',#7146,#2881);
#2465=LINE('',#7150,#2882);
#2466=LINE('',#7153,#2883);
#2467=LINE('',#7155,#2884);
#2468=LINE('',#7160,#2885);
#2469=LINE('',#7162,#2886);
#2470=LINE('',#7167,#2887);
#2471=LINE('',#7171,#2888);
#2472=LINE('',#7174,#2889);
#2473=LINE('',#7176,#2890);
#2474=LINE('',#7178,#2891);
#2475=LINE('',#7180,#2892);
#2476=LINE('',#7182,#2893);
#2477=LINE('',#7184,#2894);
#2478=LINE('',#7186,#2895);
#2479=LINE('',#7187,#2896);
#2480=LINE('',#7191,#2897);
#2481=LINE('',#7193,#2898);
#2482=LINE('',#7195,#2899);
#2483=LINE('',#7197,#2900);
#2484=LINE('',#7199,#2901);
#2485=LINE('',#7202,#2902);
#2486=LINE('',#7204,#2903);
#2487=LINE('',#7206,#2904);
#2488=LINE('',#7208,#2905);
#2489=LINE('',#7210,#2906);
#2490=LINE('',#7213,#2907);
#2491=LINE('',#7215,#2908);
#2492=LINE('',#7217,#2909);
#2493=LINE('',#7219,#2910);
#2494=LINE('',#7221,#2911);
#2495=LINE('',#7224,#2912);
#2496=LINE('',#7226,#2913);
#2497=LINE('',#7228,#2914);
#2498=LINE('',#7230,#2915);
#2499=LINE('',#7232,#2916);
#2500=LINE('',#7234,#2917);
#2501=LINE('',#7236,#2918);
#2502=LINE('',#7238,#2919);
#2503=LINE('',#7241,#2920);
#2504=LINE('',#7243,#2921);
#2505=LINE('',#7245,#2922);
#2506=LINE('',#7247,#2923);
#2507=LINE('',#7249,#2924);
#2508=LINE('',#7251,#2925);
#2509=LINE('',#7253,#2926);
#2510=LINE('',#7255,#2927);
#2511=LINE('',#7258,#2928);
#2512=LINE('',#7260,#2929);
#2513=LINE('',#7262,#2930);
#2514=LINE('',#7264,#2931);
#2515=LINE('',#7266,#2932);
#2516=LINE('',#7268,#2933);
#2517=LINE('',#7270,#2934);
#2518=LINE('',#7272,#2935);
#2519=LINE('',#7275,#2936);
#2520=LINE('',#7277,#2937);
#2521=LINE('',#7279,#2938);
#2522=LINE('',#7281,#2939);
#2523=LINE('',#7283,#2940);
#2524=LINE('',#7285,#2941);
#2525=LINE('',#7287,#2942);
#2526=LINE('',#7289,#2943);
#2527=LINE('',#7293,#2944);
#2528=LINE('',#7296,#2945);
#2529=LINE('',#7298,#2946);
#2530=LINE('',#7300,#2947);
#2531=LINE('',#7306,#2948);
#2532=LINE('',#7308,#2949);
#2533=LINE('',#7310,#2950);
#2534=LINE('',#7314,#2951);
#2535=LINE('',#7316,#2952);
#2536=LINE('',#7318,#2953);
#2537=LINE('',#7322,#2954);
#2538=LINE('',#7324,#2955);
#2539=LINE('',#7326,#2956);
#2540=LINE('',#7330,#2957);
#2541=LINE('',#7334,#2958);
#2542=LINE('',#7336,#2959);
#2543=LINE('',#7338,#2960);
#2544=LINE('',#7340,#2961);
#2545=LINE('',#7341,#2962);
#2546=LINE('',#7343,#2963);
#2547=LINE('',#7345,#2964);
#2548=VECTOR('',#5253,1000.);
#2549=VECTOR('',#5254,1000.);
#2550=VECTOR('',#5255,1000.);
#2551=VECTOR('',#5256,1000.);
#2552=VECTOR('',#5257,1000.);
#2553=VECTOR('',#5258,1000.);
#2554=VECTOR('',#5259,1000.);
#2555=VECTOR('',#5260,1000.);
#2556=VECTOR('',#5261,1000.);
#2557=VECTOR('',#5262,1000.);
#2558=VECTOR('',#5263,1000.);
#2559=VECTOR('',#5264,1000.);
#2560=VECTOR('',#5265,1000.);
#2561=VECTOR('',#5266,1000.);
#2562=VECTOR('',#5267,1000.);
#2563=VECTOR('',#5268,1000.);
#2564=VECTOR('',#5269,1000.);
#2565=VECTOR('',#5270,1000.);
#2566=VECTOR('',#5271,1000.);
#2567=VECTOR('',#5272,1000.);
#2568=VECTOR('',#5273,1000.);
#2569=VECTOR('',#5274,1000.);
#2570=VECTOR('',#5275,1000.);
#2571=VECTOR('',#5276,1000.);
#2572=VECTOR('',#5281,1000.);
#2573=VECTOR('',#5282,1000.);
#2574=VECTOR('',#5283,1000.);
#2575=VECTOR('',#5284,1000.);
#2576=VECTOR('',#5285,1000.);
#2577=VECTOR('',#5286,1000.);
#2578=VECTOR('',#5287,1000.);
#2579=VECTOR('',#5288,1000.);
#2580=VECTOR('',#5291,1000.);
#2581=VECTOR('',#5292,1000.);
#2582=VECTOR('',#5293,1000.);
#2583=VECTOR('',#5294,1000.);
#2584=VECTOR('',#5295,1000.);
#2585=VECTOR('',#5296,1000.);
#2586=VECTOR('',#5297,1000.);
#2587=VECTOR('',#5298,1000.);
#2588=VECTOR('',#5299,1000.);
#2589=VECTOR('',#5300,1000.);
#2590=VECTOR('',#5301,1000.);
#2591=VECTOR('',#5302,1000.);
#2592=VECTOR('',#5303,1000.);
#2593=VECTOR('',#5304,1000.);
#2594=VECTOR('',#5305,1000.);
#2595=VECTOR('',#5306,1000.);
#2596=VECTOR('',#5307,1000.);
#2597=VECTOR('',#5308,1000.);
#2598=VECTOR('',#5309,1000.);
#2599=VECTOR('',#5310,1000.);
#2600=VECTOR('',#5313,1000.);
#2601=VECTOR('',#5314,1000.);
#2602=VECTOR('',#5317,1000.);
#2603=VECTOR('',#5320,1000.);
#2604=VECTOR('',#5321,1000.);
#2605=VECTOR('',#5322,1000.);
#2606=VECTOR('',#5325,1000.);
#2607=VECTOR('',#5326,1000.);
#2608=VECTOR('',#5329,1000.);
#2609=VECTOR('',#5330,1000.);
#2610=VECTOR('',#5331,1000.);
#2611=VECTOR('',#5332,1000.);
#2612=VECTOR('',#5335,1000.);
#2613=VECTOR('',#5336,1000.);
#2614=VECTOR('',#5337,1000.);
#2615=VECTOR('',#5340,1000.);
#2616=VECTOR('',#5345,1000.);
#2617=VECTOR('',#5346,1000.);
#2618=VECTOR('',#5349,1000.);
#2619=VECTOR('',#5350,1000.);
#2620=VECTOR('',#5351,1000.);
#2621=VECTOR('',#5354,1000.);
#2622=VECTOR('',#5357,1000.);
#2623=VECTOR('',#5360,1000.);
#2624=VECTOR('',#5363,1000.);
#2625=VECTOR('',#5364,1000.);
#2626=VECTOR('',#5365,1000.);
#2627=VECTOR('',#5370,1000.);
#2628=VECTOR('',#5371,1000.);
#2629=VECTOR('',#5372,1000.);
#2630=VECTOR('',#5375,1000.);
#2631=VECTOR('',#5376,1000.);
#2632=VECTOR('',#5377,1000.);
#2633=VECTOR('',#5380,1000.);
#2634=VECTOR('',#5381,1000.);
#2635=VECTOR('',#5382,1000.);
#2636=VECTOR('',#5383,1000.);
#2637=VECTOR('',#5386,1000.);
#2638=VECTOR('',#5387,1000.);
#2639=VECTOR('',#5390,1000.);
#2640=VECTOR('',#5393,1000.);
#2641=VECTOR('',#5394,1000.);
#2642=VECTOR('',#5395,1000.);
#2643=VECTOR('',#5396,1000.);
#2644=VECTOR('',#5399,1000.);
#2645=VECTOR('',#5400,1000.);
#2646=VECTOR('',#5403,1000.);
#2647=VECTOR('',#5406,1000.);
#2648=VECTOR('',#5411,1000.);
#2649=VECTOR('',#5412,1000.);
#2650=VECTOR('',#5413,1000.);
#2651=VECTOR('',#5414,1000.);
#2652=VECTOR('',#5417,1000.);
#2653=VECTOR('',#5418,1000.);
#2654=VECTOR('',#5419,1000.);
#2655=VECTOR('',#5420,1000.);
#2656=VECTOR('',#5421,1000.);
#2657=VECTOR('',#5422,1000.);
#2658=VECTOR('',#5423,1000.);
#2659=VECTOR('',#5426,1000.);
#2660=VECTOR('',#5427,1000.);
#2661=VECTOR('',#5428,1000.);
#2662=VECTOR('',#5429,1000.);
#2663=VECTOR('',#5430,1000.);
#2664=VECTOR('',#5437,1000.);
#2665=VECTOR('',#5442,1000.);
#2666=VECTOR('',#5443,1000.);
#2667=VECTOR('',#5444,1000.);
#2668=VECTOR('',#5445,1000.);
#2669=VECTOR('',#5446,1000.);
#2670=VECTOR('',#5449,1000.);
#2671=VECTOR('',#5450,1000.);
#2672=VECTOR('',#5451,1000.);
#2673=VECTOR('',#5452,1000.);
#2674=VECTOR('',#5453,1000.);
#2675=VECTOR('',#5454,1000.);
#2676=VECTOR('',#5455,1000.);
#2677=VECTOR('',#5458,1000.);
#2678=VECTOR('',#5459,1000.);
#2679=VECTOR('',#5460,1000.);
#2680=VECTOR('',#5461,1000.);
#2681=VECTOR('',#5468,1000.);
#2682=VECTOR('',#5469,1000.);
#2683=VECTOR('',#5470,1000.);
#2684=VECTOR('',#5475,1000.);
#2685=VECTOR('',#5476,1000.);
#2686=VECTOR('',#5479,1000.);
#2687=VECTOR('',#5480,1000.);
#2688=VECTOR('',#5481,1000.);
#2689=VECTOR('',#5486,1000.);
#2690=VECTOR('',#5487,1000.);
#2691=VECTOR('',#5490,1000.);
#2692=VECTOR('',#5491,1000.);
#2693=VECTOR('',#5496,1000.);
#2694=VECTOR('',#5497,1000.);
#2695=VECTOR('',#5500,1000.);
#2696=VECTOR('',#5501,1000.);
#2697=VECTOR('',#5506,1000.);
#2698=VECTOR('',#5507,1000.);
#2699=VECTOR('',#5510,1000.);
#2700=VECTOR('',#5515,1000.);
#2701=VECTOR('',#5520,1000.);
#2702=VECTOR('',#5527,1000.);
#2703=VECTOR('',#5530,1000.);
#2704=VECTOR('',#5533,1000.);
#2705=VECTOR('',#5534,1000.);
#2706=VECTOR('',#5535,1000.);
#2707=VECTOR('',#5538,1000.);
#2708=VECTOR('',#5539,1000.);
#2709=VECTOR('',#5540,1000.);
#2710=VECTOR('',#5543,1000.);
#2711=VECTOR('',#5544,1000.);
#2712=VECTOR('',#5547,1000.);
#2713=VECTOR('',#5552,1000.);
#2714=VECTOR('',#5553,1000.);
#2715=VECTOR('',#5554,1000.);
#2716=VECTOR('',#5557,1000.);
#2717=VECTOR('',#5558,1000.);
#2718=VECTOR('',#5559,1000.);
#2719=VECTOR('',#5562,1000.);
#2720=VECTOR('',#5565,1000.);
#2721=VECTOR('',#5566,1000.);
#2722=VECTOR('',#5573,1000.);
#2723=VECTOR('',#5580,1000.);
#2724=VECTOR('',#5583,1000.);
#2725=VECTOR('',#5584,1000.);
#2726=VECTOR('',#5585,1000.);
#2727=VECTOR('',#5586,1000.);
#2728=VECTOR('',#5589,1000.);
#2729=VECTOR('',#5592,1000.);
#2730=VECTOR('',#5593,1000.);
#2731=VECTOR('',#5596,1000.);
#2732=VECTOR('',#5597,1000.);
#2733=VECTOR('',#5600,1000.);
#2734=VECTOR('',#5601,1000.);
#2735=VECTOR('',#5602,1000.);
#2736=VECTOR('',#5603,1000.);
#2737=VECTOR('',#5604,1000.);
#2738=VECTOR('',#5609,1000.);
#2739=VECTOR('',#5610,1000.);
#2740=VECTOR('',#5611,1000.);
#2741=VECTOR('',#5616,1000.);
#2742=VECTOR('',#5617,1000.);
#2743=VECTOR('',#5618,1000.);
#2744=VECTOR('',#5621,1000.);
#2745=VECTOR('',#5622,1000.);
#2746=VECTOR('',#5625,1000.);
#2747=VECTOR('',#5638,1000.);
#2748=VECTOR('',#5641,1000.);
#2749=VECTOR('',#5642,1000.);
#2750=VECTOR('',#5647,1000.);
#2751=VECTOR('',#5648,1000.);
#2752=VECTOR('',#5653,1000.);
#2753=VECTOR('',#5654,1000.);
#2754=VECTOR('',#5659,1000.);
#2755=VECTOR('',#5662,1000.);
#2756=VECTOR('',#5663,1000.);
#2757=VECTOR('',#5664,1000.);
#2758=VECTOR('',#5665,1000.);
#2759=VECTOR('',#5668,1000.);
#2760=VECTOR('',#5673,1000.);
#2761=VECTOR('',#5678,1000.);
#2762=VECTOR('',#5679,1000.);
#2763=VECTOR('',#5682,1000.);
#2764=VECTOR('',#5683,1000.);
#2765=VECTOR('',#5684,1000.);
#2766=VECTOR('',#5685,1000.);
#2767=VECTOR('',#5686,1000.);
#2768=VECTOR('',#5691,1000.);
#2769=VECTOR('',#5698,1000.);
#2770=VECTOR('',#5703,1000.);
#2771=VECTOR('',#5706,1000.);
#2772=VECTOR('',#5711,1000.);
#2773=VECTOR('',#5716,1000.);
#2774=VECTOR('',#5721,1000.);
#2775=VECTOR('',#5724,1000.);
#2776=VECTOR('',#5727,1000.);
#2777=VECTOR('',#5730,1000.);
#2778=VECTOR('',#5731,1000.);
#2779=VECTOR('',#5732,1000.);
#2780=VECTOR('',#5733,1000.);
#2781=VECTOR('',#5742,1000.);
#2782=VECTOR('',#5743,1000.);
#2783=VECTOR('',#5744,1000.);
#2784=VECTOR('',#5745,1000.);
#2785=VECTOR('',#5746,1000.);
#2786=VECTOR('',#5749,1000.);
#2787=VECTOR('',#5750,1000.);
#2788=VECTOR('',#5755,1000.);
#2789=VECTOR('',#5760,1000.);
#2790=VECTOR('',#5767,1000.);
#2791=VECTOR('',#5770,1000.);
#2792=VECTOR('',#5773,1000.);
#2793=VECTOR('',#5776,1000.);
#2794=VECTOR('',#5781,1000.);
#2795=VECTOR('',#5784,1000.);
#2796=VECTOR('',#5789,1000.);
#2797=VECTOR('',#5792,1000.);
#2798=VECTOR('',#5797,1000.);
#2799=VECTOR('',#5800,1000.);
#2800=VECTOR('',#5805,1000.);
#2801=VECTOR('',#5806,1000.);
#2802=VECTOR('',#5809,1000.);
#2803=VECTOR('',#5810,1000.);
#2804=VECTOR('',#5817,1000.);
#2805=VECTOR('',#5820,1000.);
#2806=VECTOR('',#5823,1000.);
#2807=VECTOR('',#5826,1000.);
#2808=VECTOR('',#5829,1000.);
#2809=VECTOR('',#5834,1000.);
#2810=VECTOR('',#5837,1000.);
#2811=VECTOR('',#5840,1000.);
#2812=VECTOR('',#5841,1000.);
#2813=VECTOR('',#5844,1000.);
#2814=VECTOR('',#5851,1000.);
#2815=VECTOR('',#5852,1000.);
#2816=VECTOR('',#5855,1000.);
#2817=VECTOR('',#5858,1000.);
#2818=VECTOR('',#5861,1000.);
#2819=VECTOR('',#5864,1000.);
#2820=VECTOR('',#5871,1000.);
#2821=VECTOR('',#5876,1000.);
#2822=VECTOR('',#5879,1000.);
#2823=VECTOR('',#5882,1000.);
#2824=VECTOR('',#5883,1000.);
#2825=VECTOR('',#5886,1000.);
#2826=VECTOR('',#5893,1000.);
#2827=VECTOR('',#5894,1000.);
#2828=VECTOR('',#5897,1000.);
#2829=VECTOR('',#5900,1000.);
#2830=VECTOR('',#5903,1000.);
#2831=VECTOR('',#5906,1000.);
#2832=VECTOR('',#5913,1000.);
#2833=VECTOR('',#5914,1000.);
#2834=VECTOR('',#5915,1000.);
#2835=VECTOR('',#5916,1000.);
#2836=VECTOR('',#5919,1000.);
#2837=VECTOR('',#5920,1000.);
#2838=VECTOR('',#5923,1000.);
#2839=VECTOR('',#5924,1000.);
#2840=VECTOR('',#5925,1000.);
#2841=VECTOR('',#5926,1000.);
#2842=VECTOR('',#5929,1000.);
#2843=VECTOR('',#5930,1000.);
#2844=VECTOR('',#5933,1000.);
#2845=VECTOR('',#5936,1000.);
#2846=VECTOR('',#5937,1000.);
#2847=VECTOR('',#5940,1000.);
#2848=VECTOR('',#5941,1000.);
#2849=VECTOR('',#5944,1000.);
#2850=VECTOR('',#5947,1000.);
#2851=VECTOR('',#5948,1000.);
#2852=VECTOR('',#5949,1000.);
#2853=VECTOR('',#5950,1000.);
#2854=VECTOR('',#5951,1000.);
#2855=VECTOR('',#5952,1000.);
#2856=VECTOR('',#5953,1000.);
#2857=VECTOR('',#5976,1000.);
#2858=VECTOR('',#5977,1000.);
#2859=VECTOR('',#5978,1000.);
#2860=VECTOR('',#5981,1000.);
#2861=VECTOR('',#5986,1000.);
#2862=VECTOR('',#5987,1000.);
#2863=VECTOR('',#5990,1000.);
#2864=VECTOR('',#5993,1000.);
#2865=VECTOR('',#5994,1000.);
#2866=VECTOR('',#5995,1000.);
#2867=VECTOR('',#6000,1000.);
#2868=VECTOR('',#6001,1000.);
#2869=VECTOR('',#6004,1000.);
#2870=VECTOR('',#6005,1000.);
#2871=VECTOR('',#6006,1000.);
#2872=VECTOR('',#6009,1000.);
#2873=VECTOR('',#6014,1000.);
#2874=VECTOR('',#6015,1000.);
#2875=VECTOR('',#6018,1000.);
#2876=VECTOR('',#6021,1000.);
#2877=VECTOR('',#6022,1000.);
#2878=VECTOR('',#6023,1000.);
#2879=VECTOR('',#6028,1000.);
#2880=VECTOR('',#6029,1000.);
#2881=VECTOR('',#6032,1000.);
#2882=VECTOR('',#6037,1000.);
#2883=VECTOR('',#6042,1000.);
#2884=VECTOR('',#6043,1000.);
#2885=VECTOR('',#6052,1000.);
#2886=VECTOR('',#6053,1000.);
#2887=VECTOR('',#6062,1000.);
#2888=VECTOR('',#6067,1000.);
#2889=VECTOR('',#6072,1000.);
#2890=VECTOR('',#6073,1000.);
#2891=VECTOR('',#6074,1000.);
#2892=VECTOR('',#6077,1000.);
#2893=VECTOR('',#6078,1000.);
#2894=VECTOR('',#6079,1000.);
#2895=VECTOR('',#6082,1000.);
#2896=VECTOR('',#6083,1000.);
#2897=VECTOR('',#6090,1000.);
#2898=VECTOR('',#6091,1000.);
#2899=VECTOR('',#6094,1000.);
#2900=VECTOR('',#6095,1000.);
#2901=VECTOR('',#6098,1000.);
#2902=VECTOR('',#6103,1000.);
#2903=VECTOR('',#6104,1000.);
#2904=VECTOR('',#6107,1000.);
#2905=VECTOR('',#6108,1000.);
#2906=VECTOR('',#6111,1000.);
#2907=VECTOR('',#6116,1000.);
#2908=VECTOR('',#6117,1000.);
#2909=VECTOR('',#6120,1000.);
#2910=VECTOR('',#6121,1000.);
#2911=VECTOR('',#6124,1000.);
#2912=VECTOR('',#6129,1000.);
#2913=VECTOR('',#6130,1000.);
#2914=VECTOR('',#6131,1000.);
#2915=VECTOR('',#6134,1000.);
#2916=VECTOR('',#6135,1000.);
#2917=VECTOR('',#6138,1000.);
#2918=VECTOR('',#6139,1000.);
#2919=VECTOR('',#6142,1000.);
#2920=VECTOR('',#6147,1000.);
#2921=VECTOR('',#6148,1000.);
#2922=VECTOR('',#6149,1000.);
#2923=VECTOR('',#6152,1000.);
#2924=VECTOR('',#6153,1000.);
#2925=VECTOR('',#6156,1000.);
#2926=VECTOR('',#6157,1000.);
#2927=VECTOR('',#6160,1000.);
#2928=VECTOR('',#6165,1000.);
#2929=VECTOR('',#6166,1000.);
#2930=VECTOR('',#6167,1000.);
#2931=VECTOR('',#6170,1000.);
#2932=VECTOR('',#6171,1000.);
#2933=VECTOR('',#6174,1000.);
#2934=VECTOR('',#6175,1000.);
#2935=VECTOR('',#6178,1000.);
#2936=VECTOR('',#6183,1000.);
#2937=VECTOR('',#6184,1000.);
#2938=VECTOR('',#6185,1000.);
#2939=VECTOR('',#6188,1000.);
#2940=VECTOR('',#6189,1000.);
#2941=VECTOR('',#6192,1000.);
#2942=VECTOR('',#6193,1000.);
#2943=VECTOR('',#6196,1000.);
#2944=VECTOR('',#6203,1000.);
#2945=VECTOR('',#6204,1000.);
#2946=VECTOR('',#6205,1000.);
#2947=VECTOR('',#6206,1000.);
#2948=VECTOR('',#6213,1000.);
#2949=VECTOR('',#6214,1000.);
#2950=VECTOR('',#6215,1000.);
#2951=VECTOR('',#6220,1000.);
#2952=VECTOR('',#6221,1000.);
#2953=VECTOR('',#6222,1000.);
#2954=VECTOR('',#6227,1000.);
#2955=VECTOR('',#6228,1000.);
#2956=VECTOR('',#6229,1000.);
#2957=VECTOR('',#6234,1000.);
#2958=VECTOR('',#6239,1000.);
#2959=VECTOR('',#6240,1000.);
#2960=VECTOR('',#6241,1000.);
#2961=VECTOR('',#6244,1000.);
#2962=VECTOR('',#6245,1000.);
#2963=VECTOR('',#6248,1000.);
#2964=VECTOR('',#6251,1000.);
#2965=EDGE_LOOP('',(#198,#199,#200,#201));
#2966=EDGE_LOOP('',(#202,#203,#204,#205));
#2967=EDGE_LOOP('',(#206,#207,#208,#209,#210,#211,#212,#213,#214,#215,#216,
#217,#218,#219,#220,#221));
#2968=EDGE_LOOP('',(#222));
#2969=EDGE_LOOP('',(#223));
#2970=EDGE_LOOP('',(#224,#225,#226,#227));
#2971=EDGE_LOOP('',(#228,#229,#230,#231));
#2972=EDGE_LOOP('',(#232,#233,#234,#235,#236,#237,#238,#239,#240,#241,#242,
#243,#244,#245,#246,#247,#248,#249,#250,#251,#252,#253,#254,#255));
#2973=EDGE_LOOP('',(#256,#257,#258,#259,#260,#261,#262,#263,#264,#265,#266));
#2974=EDGE_LOOP('',(#267,#268,#269,#270,#271,#272,#273,#274,#275,#276,#277));
#2975=EDGE_LOOP('',(#278,#279,#280,#281,#282,#283,#284,#285,#286,#287,#288,
#289,#290,#291,#292,#293,#294,#295));
#2976=EDGE_LOOP('',(#296,#297,#298,#299));
#2977=EDGE_LOOP('',(#300,#301,#302,#303));
#2978=EDGE_LOOP('',(#304,#305,#306,#307));
#2979=EDGE_LOOP('',(#308,#309,#310,#311,#312));
#2980=EDGE_LOOP('',(#313,#314,#315,#316));
#2981=EDGE_LOOP('',(#317,#318,#319,#320,#321));
#2982=EDGE_LOOP('',(#322,#323,#324,#325,#326,#327,#328,#329,#330,#331,#332,
#333,#334,#335,#336,#337,#338,#339,#340,#341,#342,#343,#344,#345));
#2983=EDGE_LOOP('',(#346,#347,#348,#349,#350,#351,#352,#353,#354,#355,#356,
#357,#358,#359,#360,#361,#362,#363,#364,#365,#366,#367,#368,#369));
#2984=EDGE_LOOP('',(#370,#371,#372,#373,#374,#375,#376,#377));
#2985=EDGE_LOOP('',(#378,#379,#380,#381,#382,#383,#384,#385));
#2986=EDGE_LOOP('',(#386,#387,#388,#389,#390,#391,#392,#393));
#2987=EDGE_LOOP('',(#394,#395,#396,#397,#398,#399,#400,#401));
#2988=EDGE_LOOP('',(#402,#403,#404,#405,#406,#407));
#2989=EDGE_LOOP('',(#408,#409,#410,#411));
#2990=EDGE_LOOP('',(#412,#413,#414,#415,#416,#417));
#2991=EDGE_LOOP('',(#418,#419,#420,#421));
#2992=EDGE_LOOP('',(#422,#423,#424,#425,#426));
#2993=EDGE_LOOP('',(#427,#428,#429,#430));
#2994=EDGE_LOOP('',(#431,#432,#433,#434,#435));
#2995=EDGE_LOOP('',(#436,#437,#438,#439,#440));
#2996=EDGE_LOOP('',(#441,#442,#443,#444));
#2997=EDGE_LOOP('',(#445,#446,#447,#448,#449));
#2998=EDGE_LOOP('',(#450,#451,#452,#453));
#2999=EDGE_LOOP('',(#454,#455,#456,#457));
#3000=EDGE_LOOP('',(#458,#459,#460,#461,#462,#463));
#3001=EDGE_LOOP('',(#464,#465,#466,#467,#468,#469,#470,#471));
#3002=EDGE_LOOP('',(#472,#473,#474,#475,#476,#477,#478,#479));
#3003=EDGE_LOOP('',(#480,#481,#482,#483));
#3004=EDGE_LOOP('',(#484,#485,#486,#487,#488));
#3005=EDGE_LOOP('',(#489,#490,#491,#492));
#3006=EDGE_LOOP('',(#493,#494,#495,#496,#497));
#3007=EDGE_LOOP('',(#498,#499,#500,#501));
#3008=EDGE_LOOP('',(#502,#503,#504,#505));
#3009=EDGE_LOOP('',(#506,#507,#508,#509,#510));
#3010=EDGE_LOOP('',(#511,#512,#513,#514));
#3011=EDGE_LOOP('',(#515,#516,#517,#518,#519));
#3012=EDGE_LOOP('',(#520,#521,#522,#523));
#3013=EDGE_LOOP('',(#524,#525,#526,#527,#528,#529,#530,#531,#532,#533,#534,
#535,#536,#537,#538,#539,#540,#541,#542,#543,#544,#545,#546,#547,#548,#549,
#550,#551,#552,#553));
#3014=EDGE_LOOP('',(#554,#555,#556,#557,#558,#559));
#3015=EDGE_LOOP('',(#560,#561,#562,#563,#564,#565,#566,#567,#568,#569,#570,
#571,#572,#573,#574,#575,#576,#577,#578,#579));
#3016=EDGE_LOOP('',(#580,#581,#582,#583,#584,#585));
#3017=EDGE_LOOP('',(#586,#587,#588,#589,#590,#591,#592,#593,#594,#595,#596,
#597,#598,#599,#600,#601,#602,#603,#604,#605,#606,#607,#608,#609,#610,#611,
#612,#613,#614,#615));
#3018=EDGE_LOOP('',(#616,#617,#618,#619));
#3019=EDGE_LOOP('',(#620,#621,#622,#623,#624,#625,#626,#627));
#3020=EDGE_LOOP('',(#628,#629,#630,#631,#632,#633,#634,#635));
#3021=EDGE_LOOP('',(#636,#637,#638,#639));
#3022=EDGE_LOOP('',(#640,#641,#642,#643));
#3023=EDGE_LOOP('',(#644,#645,#646,#647));
#3024=EDGE_LOOP('',(#648,#649,#650,#651));
#3025=EDGE_LOOP('',(#652,#653,#654,#655));
#3026=EDGE_LOOP('',(#656,#657,#658,#659));
#3027=EDGE_LOOP('',(#660,#661,#662,#663));
#3028=EDGE_LOOP('',(#664,#665,#666,#667));
#3029=EDGE_LOOP('',(#668,#669,#670,#671));
#3030=EDGE_LOOP('',(#672,#673,#674,#675));
#3031=EDGE_LOOP('',(#676,#677,#678,#679));
#3032=EDGE_LOOP('',(#680,#681,#682,#683));
#3033=EDGE_LOOP('',(#684,#685,#686,#687,#688,#689));
#3034=EDGE_LOOP('',(#690,#691,#692,#693,#694,#695));
#3035=EDGE_LOOP('',(#696,#697,#698,#699));
#3036=EDGE_LOOP('',(#700,#701,#702,#703));
#3037=EDGE_LOOP('',(#704,#705,#706,#707));
#3038=EDGE_LOOP('',(#708,#709,#710,#711));
#3039=EDGE_LOOP('',(#712,#713,#714,#715,#716,#717));
#3040=EDGE_LOOP('',(#718,#719,#720,#721,#722,#723));
#3041=EDGE_LOOP('',(#724,#725,#726,#727,#728));
#3042=EDGE_LOOP('',(#729,#730,#731,#732));
#3043=EDGE_LOOP('',(#733,#734,#735,#736));
#3044=EDGE_LOOP('',(#737,#738,#739,#740));
#3045=EDGE_LOOP('',(#741,#742,#743,#744));
#3046=EDGE_LOOP('',(#745,#746,#747,#748));
#3047=EDGE_LOOP('',(#749,#750,#751,#752,#753));
#3048=EDGE_LOOP('',(#754,#755,#756,#757));
#3049=EDGE_LOOP('',(#758,#759,#760,#761));
#3050=EDGE_LOOP('',(#762,#763,#764,#765));
#3051=EDGE_LOOP('',(#766,#767,#768,#769));
#3052=EDGE_LOOP('',(#770,#771,#772,#773));
#3053=EDGE_LOOP('',(#774,#775,#776,#777));
#3054=EDGE_LOOP('',(#778,#779,#780,#781));
#3055=EDGE_LOOP('',(#782,#783,#784,#785,#786));
#3056=EDGE_LOOP('',(#787,#788,#789,#790));
#3057=EDGE_LOOP('',(#791,#792,#793,#794));
#3058=EDGE_LOOP('',(#795,#796,#797,#798));
#3059=EDGE_LOOP('',(#799,#800,#801,#802));
#3060=EDGE_LOOP('',(#803,#804,#805,#806));
#3061=EDGE_LOOP('',(#807,#808,#809,#810,#811));
#3062=EDGE_LOOP('',(#812,#813,#814,#815));
#3063=EDGE_LOOP('',(#816,#817,#818,#819));
#3064=EDGE_LOOP('',(#820,#821,#822,#823));
#3065=EDGE_LOOP('',(#824,#825,#826,#827));
#3066=EDGE_LOOP('',(#828,#829,#830,#831));
#3067=EDGE_LOOP('',(#832,#833,#834,#835));
#3068=EDGE_LOOP('',(#836,#837,#838,#839));
#3069=EDGE_LOOP('',(#840,#841,#842,#843));
#3070=EDGE_LOOP('',(#844,#845,#846,#847,#848));
#3071=EDGE_LOOP('',(#849,#850,#851,#852));
#3072=EDGE_LOOP('',(#853,#854,#855,#856,#857,#858,#859,#860,#861,#862));
#3073=EDGE_LOOP('',(#863,#864,#865,#866));
#3074=EDGE_LOOP('',(#867,#868,#869,#870));
#3075=EDGE_LOOP('',(#871,#872,#873,#874,#875,#876,#877,#878,#879,#880));
#3076=EDGE_LOOP('',(#881,#882,#883,#884,#885));
#3077=EDGE_LOOP('',(#886,#887,#888,#889,#890,#891,#892,#893,#894,#895,#896,
#897,#898,#899,#900,#901));
#3078=EDGE_LOOP('',(#902));
#3079=EDGE_LOOP('',(#903));
#3080=EDGE_LOOP('',(#904));
#3081=EDGE_LOOP('',(#905));
#3082=EDGE_LOOP('',(#906));
#3083=EDGE_LOOP('',(#907));
#3084=EDGE_LOOP('',(#908));
#3085=EDGE_LOOP('',(#909));
#3086=EDGE_LOOP('',(#910));
#3087=EDGE_LOOP('',(#911));
#3088=EDGE_LOOP('',(#912,#913,#914,#915));
#3089=EDGE_LOOP('',(#916,#917,#918,#919));
#3090=EDGE_LOOP('',(#920,#921,#922,#923,#924));
#3091=EDGE_LOOP('',(#925,#926,#927,#928,#929,#930,#931,#932));
#3092=EDGE_LOOP('',(#933,#934,#935,#936));
#3093=EDGE_LOOP('',(#937,#938,#939,#940));
#3094=EDGE_LOOP('',(#941,#942,#943,#944,#945));
#3095=EDGE_LOOP('',(#946,#947,#948,#949,#950,#951,#952,#953));
#3096=EDGE_LOOP('',(#954,#955,#956,#957));
#3097=EDGE_LOOP('',(#958,#959,#960,#961));
#3098=EDGE_LOOP('',(#962,#963,#964,#965,#966));
#3099=EDGE_LOOP('',(#967,#968,#969,#970,#971,#972,#973,#974));
#3100=EDGE_LOOP('',(#975,#976,#977,#978));
#3101=EDGE_LOOP('',(#979,#980,#981,#982));
#3102=EDGE_LOOP('',(#983,#984,#985,#986,#987));
#3103=EDGE_LOOP('',(#988,#989,#990,#991,#992,#993,#994,#995));
#3104=EDGE_LOOP('',(#996,#997,#998,#999));
#3105=EDGE_LOOP('',(#1000,#1001,#1002,#1003));
#3106=EDGE_LOOP('',(#1004,#1005,#1006,#1007,#1008,#1009));
#3107=EDGE_LOOP('',(#1010,#1011,#1012,#1013));
#3108=EDGE_LOOP('',(#1014,#1015,#1016,#1017));
#3109=EDGE_LOOP('',(#1018,#1019,#1020,#1021,#1022,#1023));
#3110=EDGE_LOOP('',(#1024,#1025,#1026,#1027));
#3111=EDGE_LOOP('',(#1028,#1029,#1030,#1031));
#3112=EDGE_LOOP('',(#1032,#1033,#1034,#1035,#1036,#1037));
#3113=EDGE_LOOP('',(#1038,#1039,#1040,#1041));
#3114=EDGE_LOOP('',(#1042,#1043,#1044,#1045));
#3115=EDGE_LOOP('',(#1046,#1047,#1048,#1049,#1050,#1051));
#3116=EDGE_LOOP('',(#1052,#1053,#1054,#1055));
#3117=EDGE_LOOP('',(#1056,#1057,#1058,#1059));
#3118=EDGE_LOOP('',(#1060,#1061,#1062,#1063));
#3119=EDGE_LOOP('',(#1064,#1065,#1066,#1067,#1068));
#3120=EDGE_LOOP('',(#1069,#1070,#1071,#1072,#1073));
#3121=EDGE_LOOP('',(#1074,#1075,#1076,#1077));
#3122=EDGE_LOOP('',(#1078,#1079,#1080,#1081));
#3123=EDGE_LOOP('',(#1082,#1083,#1084,#1085));
#3124=EDGE_LOOP('',(#1086,#1087,#1088,#1089));
#3125=EDGE_LOOP('',(#1090,#1091,#1092,#1093));
#3126=EDGE_LOOP('',(#1094,#1095,#1096,#1097));
#3127=EDGE_LOOP('',(#1098,#1099,#1100,#1101));
#3128=EDGE_LOOP('',(#1102,#1103,#1104,#1105));
#3129=EDGE_LOOP('',(#1106,#1107,#1108,#1109));
#3130=EDGE_LOOP('',(#1110,#1111,#1112,#1113));
#3131=EDGE_LOOP('',(#1114,#1115,#1116,#1117));
#3132=EDGE_LOOP('',(#1118,#1119,#1120,#1121));
#3133=EDGE_LOOP('',(#1122,#1123,#1124,#1125));
#3134=EDGE_LOOP('',(#1126,#1127,#1128,#1129));
#3135=EDGE_LOOP('',(#1130,#1131,#1132,#1133));
#3136=EDGE_LOOP('',(#1134,#1135,#1136,#1137));
#3137=EDGE_LOOP('',(#1138,#1139,#1140,#1141));
#3138=EDGE_LOOP('',(#1142,#1143,#1144,#1145));
#3139=EDGE_LOOP('',(#1146,#1147,#1148,#1149));
#3140=EDGE_LOOP('',(#1150,#1151,#1152,#1153));
#3141=EDGE_LOOP('',(#1154,#1155,#1156,#1157));
#3142=EDGE_LOOP('',(#1158,#1159,#1160,#1161));
#3143=EDGE_LOOP('',(#1162,#1163,#1164,#1165));
#3144=EDGE_LOOP('',(#1166,#1167,#1168,#1169));
#3145=EDGE_LOOP('',(#1170,#1171,#1172,#1173));
#3146=EDGE_LOOP('',(#1174,#1175,#1176,#1177));
#3147=EDGE_LOOP('',(#1178,#1179,#1180,#1181));
#3148=EDGE_LOOP('',(#1182,#1183,#1184,#1185));
#3149=EDGE_LOOP('',(#1186,#1187,#1188,#1189));
#3150=EDGE_LOOP('',(#1190,#1191,#1192,#1193));
#3151=EDGE_LOOP('',(#1194,#1195,#1196,#1197));
#3152=EDGE_LOOP('',(#1198,#1199,#1200,#1201));
#3153=EDGE_LOOP('',(#1202,#1203,#1204,#1205));
#3154=EDGE_LOOP('',(#1206,#1207,#1208,#1209,#1210,#1211));
#3155=EDGE_LOOP('',(#1212,#1213,#1214,#1215,#1216,#1217));
#3156=EDGE_LOOP('',(#1218,#1219,#1220,#1221));
#3157=EDGE_LOOP('',(#1222,#1223,#1224,#1225));
#3158=EDGE_LOOP('',(#1226,#1227,#1228,#1229));
#3159=EDGE_LOOP('',(#1230,#1231,#1232,#1233));
#3160=EDGE_LOOP('',(#1234,#1235,#1236,#1237,#1238,#1239,#1240));
#3161=EDGE_LOOP('',(#1241,#1242,#1243,#1244,#1245,#1246,#1247));
#3162=EDGE_LOOP('',(#1248,#1249,#1250,#1251));
#3163=EDGE_LOOP('',(#1252,#1253,#1254,#1255));
#3164=FACE_BOUND('',#2965,.T.);
#3165=FACE_BOUND('',#2966,.T.);
#3166=FACE_BOUND('',#2967,.T.);
#3167=FACE_BOUND('',#2968,.T.);
#3168=FACE_BOUND('',#2969,.T.);
#3169=FACE_BOUND('',#2970,.T.);
#3170=FACE_BOUND('',#2971,.T.);
#3171=FACE_BOUND('',#2972,.T.);
#3172=FACE_BOUND('',#2973,.T.);
#3173=FACE_BOUND('',#2974,.T.);
#3174=FACE_BOUND('',#2975,.T.);
#3175=FACE_BOUND('',#2976,.T.);
#3176=FACE_BOUND('',#2977,.T.);
#3177=FACE_BOUND('',#2978,.T.);
#3178=FACE_BOUND('',#2979,.T.);
#3179=FACE_BOUND('',#2980,.T.);
#3180=FACE_BOUND('',#2981,.T.);
#3181=FACE_BOUND('',#2982,.T.);
#3182=FACE_BOUND('',#2983,.T.);
#3183=FACE_BOUND('',#2984,.T.);
#3184=FACE_BOUND('',#2985,.T.);
#3185=FACE_BOUND('',#2986,.T.);
#3186=FACE_BOUND('',#2987,.T.);
#3187=FACE_BOUND('',#2988,.T.);
#3188=FACE_BOUND('',#2989,.T.);
#3189=FACE_BOUND('',#2990,.T.);
#3190=FACE_BOUND('',#2991,.T.);
#3191=FACE_BOUND('',#2992,.T.);
#3192=FACE_BOUND('',#2993,.T.);
#3193=FACE_BOUND('',#2994,.T.);
#3194=FACE_BOUND('',#2995,.T.);
#3195=FACE_BOUND('',#2996,.T.);
#3196=FACE_BOUND('',#2997,.T.);
#3197=FACE_BOUND('',#2998,.T.);
#3198=FACE_BOUND('',#2999,.T.);
#3199=FACE_BOUND('',#3000,.T.);
#3200=FACE_BOUND('',#3001,.T.);
#3201=FACE_BOUND('',#3002,.T.);
#3202=FACE_BOUND('',#3003,.T.);
#3203=FACE_BOUND('',#3004,.T.);
#3204=FACE_BOUND('',#3005,.T.);
#3205=FACE_BOUND('',#3006,.T.);
#3206=FACE_BOUND('',#3007,.T.);
#3207=FACE_BOUND('',#3008,.T.);
#3208=FACE_BOUND('',#3009,.T.);
#3209=FACE_BOUND('',#3010,.T.);
#3210=FACE_BOUND('',#3011,.T.);
#3211=FACE_BOUND('',#3012,.T.);
#3212=FACE_BOUND('',#3013,.T.);
#3213=FACE_BOUND('',#3014,.T.);
#3214=FACE_BOUND('',#3015,.T.);
#3215=FACE_BOUND('',#3016,.T.);
#3216=FACE_BOUND('',#3017,.T.);
#3217=FACE_BOUND('',#3018,.T.);
#3218=FACE_BOUND('',#3019,.T.);
#3219=FACE_BOUND('',#3020,.T.);
#3220=FACE_BOUND('',#3021,.T.);
#3221=FACE_BOUND('',#3022,.T.);
#3222=FACE_BOUND('',#3023,.T.);
#3223=FACE_BOUND('',#3024,.T.);
#3224=FACE_BOUND('',#3025,.T.);
#3225=FACE_BOUND('',#3026,.T.);
#3226=FACE_BOUND('',#3027,.T.);
#3227=FACE_BOUND('',#3028,.T.);
#3228=FACE_BOUND('',#3029,.T.);
#3229=FACE_BOUND('',#3030,.T.);
#3230=FACE_BOUND('',#3031,.T.);
#3231=FACE_BOUND('',#3032,.T.);
#3232=FACE_BOUND('',#3033,.T.);
#3233=FACE_BOUND('',#3034,.T.);
#3234=FACE_BOUND('',#3035,.T.);
#3235=FACE_BOUND('',#3036,.T.);
#3236=FACE_BOUND('',#3037,.T.);
#3237=FACE_BOUND('',#3038,.T.);
#3238=FACE_BOUND('',#3039,.T.);
#3239=FACE_BOUND('',#3040,.T.);
#3240=FACE_BOUND('',#3041,.T.);
#3241=FACE_BOUND('',#3042,.T.);
#3242=FACE_BOUND('',#3043,.T.);
#3243=FACE_BOUND('',#3044,.T.);
#3244=FACE_BOUND('',#3045,.T.);
#3245=FACE_BOUND('',#3046,.T.);
#3246=FACE_BOUND('',#3047,.T.);
#3247=FACE_BOUND('',#3048,.T.);
#3248=FACE_BOUND('',#3049,.T.);
#3249=FACE_BOUND('',#3050,.T.);
#3250=FACE_BOUND('',#3051,.T.);
#3251=FACE_BOUND('',#3052,.T.);
#3252=FACE_BOUND('',#3053,.T.);
#3253=FACE_BOUND('',#3054,.T.);
#3254=FACE_BOUND('',#3055,.T.);
#3255=FACE_BOUND('',#3056,.T.);
#3256=FACE_BOUND('',#3057,.T.);
#3257=FACE_BOUND('',#3058,.T.);
#3258=FACE_BOUND('',#3059,.T.);
#3259=FACE_BOUND('',#3060,.T.);
#3260=FACE_BOUND('',#3061,.T.);
#3261=FACE_BOUND('',#3062,.T.);
#3262=FACE_BOUND('',#3063,.T.);
#3263=FACE_BOUND('',#3064,.T.);
#3264=FACE_BOUND('',#3065,.T.);
#3265=FACE_BOUND('',#3066,.T.);
#3266=FACE_BOUND('',#3067,.T.);
#3267=FACE_BOUND('',#3068,.T.);
#3268=FACE_BOUND('',#3069,.T.);
#3269=FACE_BOUND('',#3070,.T.);
#3270=FACE_BOUND('',#3071,.T.);
#3271=FACE_BOUND('',#3072,.T.);
#3272=FACE_BOUND('',#3073,.T.);
#3273=FACE_BOUND('',#3074,.T.);
#3274=FACE_BOUND('',#3075,.T.);
#3275=FACE_BOUND('',#3076,.T.);
#3276=FACE_BOUND('',#3077,.T.);
#3277=FACE_BOUND('',#3078,.T.);
#3278=FACE_BOUND('',#3079,.T.);
#3279=FACE_BOUND('',#3080,.T.);
#3280=FACE_BOUND('',#3081,.T.);
#3281=FACE_BOUND('',#3082,.T.);
#3282=FACE_BOUND('',#3083,.T.);
#3283=FACE_BOUND('',#3084,.T.);
#3284=FACE_BOUND('',#3085,.T.);
#3285=FACE_BOUND('',#3086,.T.);
#3286=FACE_BOUND('',#3087,.T.);
#3287=FACE_BOUND('',#3088,.T.);
#3288=FACE_BOUND('',#3089,.T.);
#3289=FACE_BOUND('',#3090,.T.);
#3290=FACE_BOUND('',#3091,.T.);
#3291=FACE_BOUND('',#3092,.T.);
#3292=FACE_BOUND('',#3093,.T.);
#3293=FACE_BOUND('',#3094,.T.);
#3294=FACE_BOUND('',#3095,.T.);
#3295=FACE_BOUND('',#3096,.T.);
#3296=FACE_BOUND('',#3097,.T.);
#3297=FACE_BOUND('',#3098,.T.);
#3298=FACE_BOUND('',#3099,.T.);
#3299=FACE_BOUND('',#3100,.T.);
#3300=FACE_BOUND('',#3101,.T.);
#3301=FACE_BOUND('',#3102,.T.);
#3302=FACE_BOUND('',#3103,.T.);
#3303=FACE_BOUND('',#3104,.T.);
#3304=FACE_BOUND('',#3105,.T.);
#3305=FACE_BOUND('',#3106,.T.);
#3306=FACE_BOUND('',#3107,.T.);
#3307=FACE_BOUND('',#3108,.T.);
#3308=FACE_BOUND('',#3109,.T.);
#3309=FACE_BOUND('',#3110,.T.);
#3310=FACE_BOUND('',#3111,.T.);
#3311=FACE_BOUND('',#3112,.T.);
#3312=FACE_BOUND('',#3113,.T.);
#3313=FACE_BOUND('',#3114,.T.);
#3314=FACE_BOUND('',#3115,.T.);
#3315=FACE_BOUND('',#3116,.T.);
#3316=FACE_BOUND('',#3117,.T.);
#3317=FACE_BOUND('',#3118,.T.);
#3318=FACE_BOUND('',#3119,.T.);
#3319=FACE_BOUND('',#3120,.T.);
#3320=FACE_BOUND('',#3121,.T.);
#3321=FACE_BOUND('',#3122,.T.);
#3322=FACE_BOUND('',#3123,.T.);
#3323=FACE_BOUND('',#3124,.T.);
#3324=FACE_BOUND('',#3125,.T.);
#3325=FACE_BOUND('',#3126,.T.);
#3326=FACE_BOUND('',#3127,.T.);
#3327=FACE_BOUND('',#3128,.T.);
#3328=FACE_BOUND('',#3129,.T.);
#3329=FACE_BOUND('',#3130,.T.);
#3330=FACE_BOUND('',#3131,.T.);
#3331=FACE_BOUND('',#3132,.T.);
#3332=FACE_BOUND('',#3133,.T.);
#3333=FACE_BOUND('',#3134,.T.);
#3334=FACE_BOUND('',#3135,.T.);
#3335=FACE_BOUND('',#3136,.T.);
#3336=FACE_BOUND('',#3137,.T.);
#3337=FACE_BOUND('',#3138,.T.);
#3338=FACE_BOUND('',#3139,.T.);
#3339=FACE_BOUND('',#3140,.T.);
#3340=FACE_BOUND('',#3141,.T.);
#3341=FACE_BOUND('',#3142,.T.);
#3342=FACE_BOUND('',#3143,.T.);
#3343=FACE_BOUND('',#3144,.T.);
#3344=FACE_BOUND('',#3145,.T.);
#3345=FACE_BOUND('',#3146,.T.);
#3346=FACE_BOUND('',#3147,.T.);
#3347=FACE_BOUND('',#3148,.T.);
#3348=FACE_BOUND('',#3149,.T.);
#3349=FACE_BOUND('',#3150,.T.);
#3350=FACE_BOUND('',#3151,.T.);
#3351=FACE_BOUND('',#3152,.T.);
#3352=FACE_BOUND('',#3153,.T.);
#3353=FACE_BOUND('',#3154,.T.);
#3354=FACE_BOUND('',#3155,.T.);
#3355=FACE_BOUND('',#3156,.T.);
#3356=FACE_BOUND('',#3157,.T.);
#3357=FACE_BOUND('',#3158,.T.);
#3358=FACE_BOUND('',#3159,.T.);
#3359=FACE_BOUND('',#3160,.T.);
#3360=FACE_BOUND('',#3161,.T.);
#3361=FACE_BOUND('',#3162,.T.);
#3362=FACE_BOUND('',#3163,.T.);
#3363=PLANE('',#4954);
#3364=PLANE('',#4957);
#3365=PLANE('',#4958);
#3366=PLANE('',#4962);
#3367=PLANE('',#4966);
#3368=PLANE('',#4973);
#3369=PLANE('',#4974);
#3370=PLANE('',#4975);
#3371=PLANE('',#4976);
#3372=PLANE('',#4978);
#3373=PLANE('',#4979);
#3374=PLANE('',#4981);
#3375=PLANE('',#4988);
#3376=PLANE('',#4995);
#3377=PLANE('',#4998);
#3378=PLANE('',#5001);
#3379=PLANE('',#5004);
#3380=PLANE('',#5015);
#3381=PLANE('',#5017);
#3382=PLANE('',#5018);
#3383=PLANE('',#5020);
#3384=PLANE('',#5022);
#3385=PLANE('',#5023);
#3386=PLANE('',#5031);
#3387=PLANE('',#5032);
#3388=PLANE('',#5035);
#3389=PLANE('',#5037);
#3390=PLANE('',#5038);
#3391=PLANE('',#5040);
#3392=PLANE('',#5041);
#3393=PLANE('',#5048);
#3394=PLANE('',#5050);
#3395=PLANE('',#5051);
#3396=PLANE('',#5055);
#3397=PLANE('',#5067);
#3398=PLANE('',#5077);
#3399=PLANE('',#5090);
#3400=PLANE('',#5091);
#3401=PLANE('',#5094);
#3402=PLANE('',#5096);
#3403=PLANE('',#5100);
#3404=PLANE('',#5102);
#3405=PLANE('',#5104);
#3406=PLANE('',#5105);
#3407=PLANE('',#5110);
#3408=PLANE('',#5111);
#3409=PLANE('',#5116);
#3410=PLANE('',#5122);
#3411=PLANE('',#5125);
#3412=PLANE('',#5126);
#3413=PLANE('',#5131);
#3414=PLANE('',#5137);
#3415=PLANE('',#5140);
#3416=PLANE('',#5141);
#3417=PLANE('',#5142);
#3418=PLANE('',#5143);
#3419=PLANE('',#5144);
#3420=PLANE('',#5145);
#3421=PLANE('',#5146);
#3422=PLANE('',#5147);
#3423=PLANE('',#5148);
#3424=PLANE('',#5149);
#3425=PLANE('',#5150);
#3426=PLANE('',#5151);
#3427=PLANE('',#5156);
#3428=PLANE('',#5161);
#3429=PLANE('',#5162);
#3430=PLANE('',#5163);
#3431=PLANE('',#5164);
#3432=PLANE('',#5165);
#3433=PLANE('',#5166);
#3434=PLANE('',#5167);
#3435=PLANE('',#5168);
#3436=PLANE('',#5169);
#3437=PLANE('',#5170);
#3438=PLANE('',#5171);
#3439=PLANE('',#5172);
#3440=PLANE('',#5173);
#3441=PLANE('',#5174);
#3442=PLANE('',#5175);
#3443=PLANE('',#5176);
#3444=PLANE('',#5179);
#3445=PLANE('',#5180);
#3446=PLANE('',#5181);
#3447=PLANE('',#5184);
#3448=PLANE('',#5185);
#3449=PLANE('',#5188);
#3450=PLANE('',#5191);
#3451=PLANE('',#5192);
#3452=PLANE('',#5193);
#3453=PLANE('',#5194);
#3454=PLANE('',#5195);
#3455=PLANE('',#5196);
#3456=PLANE('',#5197);
#3457=PLANE('',#5198);
#3458=PLANE('',#5199);
#3459=PLANE('',#5200);
#3460=PLANE('',#5201);
#3461=PLANE('',#5202);
#3462=PLANE('',#5203);
#3463=PLANE('',#5204);
#3464=PLANE('',#5205);
#3465=PLANE('',#5206);
#3466=PLANE('',#5207);
#3467=PLANE('',#5208);
#3468=PLANE('',#5209);
#3469=PLANE('',#5210);
#3470=PLANE('',#5211);
#3471=PLANE('',#5212);
#3472=PLANE('',#5213);
#3473=PLANE('',#5214);
#3474=PLANE('',#5215);
#3475=PLANE('',#5216);
#3476=PLANE('',#5217);
#3477=PLANE('',#5218);
#3478=PLANE('',#5219);
#3479=PLANE('',#5220);
#3480=PLANE('',#5221);
#3481=PLANE('',#5222);
#3482=PLANE('',#5223);
#3483=PLANE('',#5224);
#3484=PLANE('',#5225);
#3485=PLANE('',#5226);
#3486=PLANE('',#5227);
#3487=PLANE('',#5228);
#3488=PLANE('',#5229);
#3489=PLANE('',#5231);
#3490=PLANE('',#5232);
#3491=PLANE('',#5235);
#3492=PLANE('',#5238);
#3493=PLANE('',#5242);
#3494=PLANE('',#5243);
#3495=PLANE('',#5244);
#3496=PLANE('',#5245);
#3497=STYLED_ITEM('',(#3676),#4754);
#3498=STYLED_ITEM('',(#3677),#4755);
#3499=STYLED_ITEM('',(#3678),#4756);
#3500=STYLED_ITEM('',(#3679),#4757);
#3501=STYLED_ITEM('',(#3680),#4758);
#3502=STYLED_ITEM('',(#3681),#4759);
#3503=STYLED_ITEM('',(#3682),#4760);
#3504=STYLED_ITEM('',(#3683),#4761);
#3505=STYLED_ITEM('',(#3684),#4762);
#3506=STYLED_ITEM('',(#3685),#4763);
#3507=STYLED_ITEM('',(#3686),#4764);
#3508=STYLED_ITEM('',(#3687),#4765);
#3509=STYLED_ITEM('',(#3688),#4766);
#3510=STYLED_ITEM('',(#3689),#4767);
#3511=STYLED_ITEM('',(#3690),#4768);
#3512=STYLED_ITEM('',(#3691),#4769);
#3513=STYLED_ITEM('',(#3692),#4770);
#3514=STYLED_ITEM('',(#3693),#4771);
#3515=STYLED_ITEM('',(#3694),#4772);
#3516=STYLED_ITEM('',(#3695),#4773);
#3517=STYLED_ITEM('',(#3696),#4774);
#3518=STYLED_ITEM('',(#3697),#4775);
#3519=STYLED_ITEM('',(#3698),#4776);
#3520=STYLED_ITEM('',(#3699),#4777);
#3521=STYLED_ITEM('',(#3700),#4778);
#3522=STYLED_ITEM('',(#3701),#4779);
#3523=STYLED_ITEM('',(#3702),#4780);
#3524=STYLED_ITEM('',(#3703),#4781);
#3525=STYLED_ITEM('',(#3704),#4782);
#3526=STYLED_ITEM('',(#3705),#4783);
#3527=STYLED_ITEM('',(#3706),#4784);
#3528=STYLED_ITEM('',(#3707),#4785);
#3529=STYLED_ITEM('',(#3708),#4786);
#3530=STYLED_ITEM('',(#3709),#4787);
#3531=STYLED_ITEM('',(#3710),#4788);
#3532=STYLED_ITEM('',(#3711),#4789);
#3533=STYLED_ITEM('',(#3712),#4790);
#3534=STYLED_ITEM('',(#3713),#4791);
#3535=STYLED_ITEM('',(#3714),#4792);
#3536=STYLED_ITEM('',(#3715),#4793);
#3537=STYLED_ITEM('',(#3716),#4794);
#3538=STYLED_ITEM('',(#3717),#4795);
#3539=STYLED_ITEM('',(#3718),#4796);
#3540=STYLED_ITEM('',(#3719),#4797);
#3541=STYLED_ITEM('',(#3720),#4798);
#3542=STYLED_ITEM('',(#3721),#4799);
#3543=STYLED_ITEM('',(#3722),#4800);
#3544=STYLED_ITEM('',(#3723),#4801);
#3545=STYLED_ITEM('',(#3724),#4802);
#3546=STYLED_ITEM('',(#3725),#4803);
#3547=STYLED_ITEM('',(#3726),#4804);
#3548=STYLED_ITEM('',(#3727),#4805);
#3549=STYLED_ITEM('',(#3728),#4806);
#3550=STYLED_ITEM('',(#3729),#4807);
#3551=STYLED_ITEM('',(#3730),#4808);
#3552=STYLED_ITEM('',(#3731),#4809);
#3553=STYLED_ITEM('',(#3732),#4810);
#3554=STYLED_ITEM('',(#3733),#4811);
#3555=STYLED_ITEM('',(#3734),#4812);
#3556=STYLED_ITEM('',(#3735),#4813);
#3557=STYLED_ITEM('',(#3736),#4814);
#3558=STYLED_ITEM('',(#3737),#4815);
#3559=STYLED_ITEM('',(#3738),#4816);
#3560=STYLED_ITEM('',(#3739),#4817);
#3561=STYLED_ITEM('',(#3740),#4818);
#3562=STYLED_ITEM('',(#3741),#4819);
#3563=STYLED_ITEM('',(#3742),#4820);
#3564=STYLED_ITEM('',(#3743),#4821);
#3565=STYLED_ITEM('',(#3744),#4822);
#3566=STYLED_ITEM('',(#3745),#4823);
#3567=STYLED_ITEM('',(#3746),#4824);
#3568=STYLED_ITEM('',(#3747),#4825);
#3569=STYLED_ITEM('',(#3748),#4826);
#3570=STYLED_ITEM('',(#3749),#4827);
#3571=STYLED_ITEM('',(#3750),#4828);
#3572=STYLED_ITEM('',(#3751),#4829);
#3573=STYLED_ITEM('',(#3752),#4830);
#3574=STYLED_ITEM('',(#3753),#4831);
#3575=STYLED_ITEM('',(#3754),#4832);
#3576=STYLED_ITEM('',(#3755),#4833);
#3577=STYLED_ITEM('',(#3756),#4834);
#3578=STYLED_ITEM('',(#3757),#4835);
#3579=STYLED_ITEM('',(#3758),#4836);
#3580=STYLED_ITEM('',(#3759),#4837);
#3581=STYLED_ITEM('',(#3760),#4838);
#3582=STYLED_ITEM('',(#3761),#4839);
#3583=STYLED_ITEM('',(#3762),#4840);
#3584=STYLED_ITEM('',(#3763),#4841);
#3585=STYLED_ITEM('',(#3764),#4842);
#3586=STYLED_ITEM('',(#3765),#4843);
#3587=STYLED_ITEM('',(#3766),#4844);
#3588=STYLED_ITEM('',(#3767),#4845);
#3589=STYLED_ITEM('',(#3768),#4846);
#3590=STYLED_ITEM('',(#3769),#4847);
#3591=STYLED_ITEM('',(#3770),#4848);
#3592=STYLED_ITEM('',(#3771),#4849);
#3593=STYLED_ITEM('',(#3772),#4850);
#3594=STYLED_ITEM('',(#3773),#4851);
#3595=STYLED_ITEM('',(#3774),#4852);
#3596=STYLED_ITEM('',(#3775),#4853);
#3597=STYLED_ITEM('',(#3776),#4854);
#3598=STYLED_ITEM('',(#3777),#4855);
#3599=STYLED_ITEM('',(#3778),#4856);
#3600=STYLED_ITEM('',(#3779),#4857);
#3601=STYLED_ITEM('',(#3780),#4858);
#3602=STYLED_ITEM('',(#3781),#4859);
#3603=STYLED_ITEM('',(#3782),#4860);
#3604=STYLED_ITEM('',(#3783),#4861);
#3605=STYLED_ITEM('',(#3784),#4862);
#3606=STYLED_ITEM('',(#3785),#4863);
#3607=STYLED_ITEM('',(#3786),#4864);
#3608=STYLED_ITEM('',(#3787),#4865);
#3609=STYLED_ITEM('',(#3788),#4866);
#3610=STYLED_ITEM('',(#3789),#4867);
#3611=STYLED_ITEM('',(#3790),#4868);
#3612=STYLED_ITEM('',(#3791),#4869);
#3613=STYLED_ITEM('',(#3792),#4870);
#3614=STYLED_ITEM('',(#3793),#4871);
#3615=STYLED_ITEM('',(#3794),#4872);
#3616=STYLED_ITEM('',(#3795),#4873);
#3617=STYLED_ITEM('',(#3796),#4874);
#3618=STYLED_ITEM('',(#3797),#4875);
#3619=STYLED_ITEM('',(#3798),#4876);
#3620=STYLED_ITEM('',(#3799),#4877);
#3621=STYLED_ITEM('',(#3800),#4878);
#3622=STYLED_ITEM('',(#3801),#4879);
#3623=STYLED_ITEM('',(#3802),#4880);
#3624=STYLED_ITEM('',(#3803),#4881);
#3625=STYLED_ITEM('',(#3804),#4882);
#3626=STYLED_ITEM('',(#3805),#4883);
#3627=STYLED_ITEM('',(#3806),#4884);
#3628=STYLED_ITEM('',(#3807),#4885);
#3629=STYLED_ITEM('',(#3808),#4886);
#3630=STYLED_ITEM('',(#3809),#4887);
#3631=STYLED_ITEM('',(#3810),#4888);
#3632=STYLED_ITEM('',(#3811),#4889);
#3633=STYLED_ITEM('',(#3812),#4890);
#3634=STYLED_ITEM('',(#3813),#4891);
#3635=STYLED_ITEM('',(#3814),#4892);
#3636=STYLED_ITEM('',(#3815),#4893);
#3637=STYLED_ITEM('',(#3816),#4894);
#3638=STYLED_ITEM('',(#3817),#4895);
#3639=STYLED_ITEM('',(#3818),#4896);
#3640=STYLED_ITEM('',(#3819),#4897);
#3641=STYLED_ITEM('',(#3820),#4898);
#3642=STYLED_ITEM('',(#3821),#4899);
#3643=STYLED_ITEM('',(#3822),#4900);
#3644=STYLED_ITEM('',(#3823),#4901);
#3645=STYLED_ITEM('',(#3824),#4902);
#3646=STYLED_ITEM('',(#3825),#4903);
#3647=STYLED_ITEM('',(#3826),#4904);
#3648=STYLED_ITEM('',(#3827),#4905);
#3649=STYLED_ITEM('',(#3828),#4906);
#3650=STYLED_ITEM('',(#3829),#4907);
#3651=STYLED_ITEM('',(#3830),#4908);
#3652=STYLED_ITEM('',(#3831),#4909);
#3653=STYLED_ITEM('',(#3832),#4910);
#3654=STYLED_ITEM('',(#3833),#4911);
#3655=STYLED_ITEM('',(#3834),#4912);
#3656=STYLED_ITEM('',(#3835),#4913);
#3657=STYLED_ITEM('',(#3836),#4914);
#3658=STYLED_ITEM('',(#3837),#4915);
#3659=STYLED_ITEM('',(#3838),#4916);
#3660=STYLED_ITEM('',(#3839),#4917);
#3661=STYLED_ITEM('',(#3840),#4918);
#3662=STYLED_ITEM('',(#3841),#4919);
#3663=STYLED_ITEM('',(#3842),#4920);
#3664=STYLED_ITEM('',(#3843),#4921);
#3665=STYLED_ITEM('',(#3844),#4922);
#3666=STYLED_ITEM('',(#3845),#4923);
#3667=STYLED_ITEM('',(#3846),#4924);
#3668=STYLED_ITEM('',(#3847),#4925);
#3669=STYLED_ITEM('',(#3848),#4926);
#3670=STYLED_ITEM('',(#3849),#4927);
#3671=STYLED_ITEM('',(#3850),#4928);
#3672=STYLED_ITEM('',(#3851),#4929);
#3673=STYLED_ITEM('',(#3852),#4930);
#3674=STYLED_ITEM('',(#3853),#4931);
#3675=STYLED_ITEM('',(#3854),#4946);
#3676=PRESENTATION_STYLE_ASSIGNMENT((#3855));
#3677=PRESENTATION_STYLE_ASSIGNMENT((#3856));
#3678=PRESENTATION_STYLE_ASSIGNMENT((#3857));
#3679=PRESENTATION_STYLE_ASSIGNMENT((#3858));
#3680=PRESENTATION_STYLE_ASSIGNMENT((#3859));
#3681=PRESENTATION_STYLE_ASSIGNMENT((#3860));
#3682=PRESENTATION_STYLE_ASSIGNMENT((#3861));
#3683=PRESENTATION_STYLE_ASSIGNMENT((#3862));
#3684=PRESENTATION_STYLE_ASSIGNMENT((#3863));
#3685=PRESENTATION_STYLE_ASSIGNMENT((#3864));
#3686=PRESENTATION_STYLE_ASSIGNMENT((#3865));
#3687=PRESENTATION_STYLE_ASSIGNMENT((#3866));
#3688=PRESENTATION_STYLE_ASSIGNMENT((#3867));
#3689=PRESENTATION_STYLE_ASSIGNMENT((#3868));
#3690=PRESENTATION_STYLE_ASSIGNMENT((#3869));
#3691=PRESENTATION_STYLE_ASSIGNMENT((#3870));
#3692=PRESENTATION_STYLE_ASSIGNMENT((#3871));
#3693=PRESENTATION_STYLE_ASSIGNMENT((#3872));
#3694=PRESENTATION_STYLE_ASSIGNMENT((#3873));
#3695=PRESENTATION_STYLE_ASSIGNMENT((#3874));
#3696=PRESENTATION_STYLE_ASSIGNMENT((#3875));
#3697=PRESENTATION_STYLE_ASSIGNMENT((#3876));
#3698=PRESENTATION_STYLE_ASSIGNMENT((#3877));
#3699=PRESENTATION_STYLE_ASSIGNMENT((#3878));
#3700=PRESENTATION_STYLE_ASSIGNMENT((#3879));
#3701=PRESENTATION_STYLE_ASSIGNMENT((#3880));
#3702=PRESENTATION_STYLE_ASSIGNMENT((#3881));
#3703=PRESENTATION_STYLE_ASSIGNMENT((#3882));
#3704=PRESENTATION_STYLE_ASSIGNMENT((#3883));
#3705=PRESENTATION_STYLE_ASSIGNMENT((#3884));
#3706=PRESENTATION_STYLE_ASSIGNMENT((#3885));
#3707=PRESENTATION_STYLE_ASSIGNMENT((#3886));
#3708=PRESENTATION_STYLE_ASSIGNMENT((#3887));
#3709=PRESENTATION_STYLE_ASSIGNMENT((#3888));
#3710=PRESENTATION_STYLE_ASSIGNMENT((#3889));
#3711=PRESENTATION_STYLE_ASSIGNMENT((#3890));
#3712=PRESENTATION_STYLE_ASSIGNMENT((#3891));
#3713=PRESENTATION_STYLE_ASSIGNMENT((#3892));
#3714=PRESENTATION_STYLE_ASSIGNMENT((#3893));
#3715=PRESENTATION_STYLE_ASSIGNMENT((#3894));
#3716=PRESENTATION_STYLE_ASSIGNMENT((#3895));
#3717=PRESENTATION_STYLE_ASSIGNMENT((#3896));
#3718=PRESENTATION_STYLE_ASSIGNMENT((#3897));
#3719=PRESENTATION_STYLE_ASSIGNMENT((#3898));
#3720=PRESENTATION_STYLE_ASSIGNMENT((#3899));
#3721=PRESENTATION_STYLE_ASSIGNMENT((#3900));
#3722=PRESENTATION_STYLE_ASSIGNMENT((#3901));
#3723=PRESENTATION_STYLE_ASSIGNMENT((#3902));
#3724=PRESENTATION_STYLE_ASSIGNMENT((#3903));
#3725=PRESENTATION_STYLE_ASSIGNMENT((#3904));
#3726=PRESENTATION_STYLE_ASSIGNMENT((#3905));
#3727=PRESENTATION_STYLE_ASSIGNMENT((#3906));
#3728=PRESENTATION_STYLE_ASSIGNMENT((#3907));
#3729=PRESENTATION_STYLE_ASSIGNMENT((#3908));
#3730=PRESENTATION_STYLE_ASSIGNMENT((#3909));
#3731=PRESENTATION_STYLE_ASSIGNMENT((#3910));
#3732=PRESENTATION_STYLE_ASSIGNMENT((#3911));
#3733=PRESENTATION_STYLE_ASSIGNMENT((#3912));
#3734=PRESENTATION_STYLE_ASSIGNMENT((#3913));
#3735=PRESENTATION_STYLE_ASSIGNMENT((#3914));
#3736=PRESENTATION_STYLE_ASSIGNMENT((#3915));
#3737=PRESENTATION_STYLE_ASSIGNMENT((#3916));
#3738=PRESENTATION_STYLE_ASSIGNMENT((#3917));
#3739=PRESENTATION_STYLE_ASSIGNMENT((#3918));
#3740=PRESENTATION_STYLE_ASSIGNMENT((#3919));
#3741=PRESENTATION_STYLE_ASSIGNMENT((#3920));
#3742=PRESENTATION_STYLE_ASSIGNMENT((#3921));
#3743=PRESENTATION_STYLE_ASSIGNMENT((#3922));
#3744=PRESENTATION_STYLE_ASSIGNMENT((#3923));
#3745=PRESENTATION_STYLE_ASSIGNMENT((#3924));
#3746=PRESENTATION_STYLE_ASSIGNMENT((#3925));
#3747=PRESENTATION_STYLE_ASSIGNMENT((#3926));
#3748=PRESENTATION_STYLE_ASSIGNMENT((#3927));
#3749=PRESENTATION_STYLE_ASSIGNMENT((#3928));
#3750=PRESENTATION_STYLE_ASSIGNMENT((#3929));
#3751=PRESENTATION_STYLE_ASSIGNMENT((#3930));
#3752=PRESENTATION_STYLE_ASSIGNMENT((#3931));
#3753=PRESENTATION_STYLE_ASSIGNMENT((#3932));
#3754=PRESENTATION_STYLE_ASSIGNMENT((#3933));
#3755=PRESENTATION_STYLE_ASSIGNMENT((#3934));
#3756=PRESENTATION_STYLE_ASSIGNMENT((#3935));
#3757=PRESENTATION_STYLE_ASSIGNMENT((#3936));
#3758=PRESENTATION_STYLE_ASSIGNMENT((#3937));
#3759=PRESENTATION_STYLE_ASSIGNMENT((#3938));
#3760=PRESENTATION_STYLE_ASSIGNMENT((#3939));
#3761=PRESENTATION_STYLE_ASSIGNMENT((#3940));
#3762=PRESENTATION_STYLE_ASSIGNMENT((#3941));
#3763=PRESENTATION_STYLE_ASSIGNMENT((#3942));
#3764=PRESENTATION_STYLE_ASSIGNMENT((#3943));
#3765=PRESENTATION_STYLE_ASSIGNMENT((#3944));
#3766=PRESENTATION_STYLE_ASSIGNMENT((#3945));
#3767=PRESENTATION_STYLE_ASSIGNMENT((#3946));
#3768=PRESENTATION_STYLE_ASSIGNMENT((#3947));
#3769=PRESENTATION_STYLE_ASSIGNMENT((#3948));
#3770=PRESENTATION_STYLE_ASSIGNMENT((#3949));
#3771=PRESENTATION_STYLE_ASSIGNMENT((#3950));
#3772=PRESENTATION_STYLE_ASSIGNMENT((#3951));
#3773=PRESENTATION_STYLE_ASSIGNMENT((#3952));
#3774=PRESENTATION_STYLE_ASSIGNMENT((#3953));
#3775=PRESENTATION_STYLE_ASSIGNMENT((#3954));
#3776=PRESENTATION_STYLE_ASSIGNMENT((#3955));
#3777=PRESENTATION_STYLE_ASSIGNMENT((#3956));
#3778=PRESENTATION_STYLE_ASSIGNMENT((#3957));
#3779=PRESENTATION_STYLE_ASSIGNMENT((#3958));
#3780=PRESENTATION_STYLE_ASSIGNMENT((#3959));
#3781=PRESENTATION_STYLE_ASSIGNMENT((#3960));
#3782=PRESENTATION_STYLE_ASSIGNMENT((#3961));
#3783=PRESENTATION_STYLE_ASSIGNMENT((#3962));
#3784=PRESENTATION_STYLE_ASSIGNMENT((#3963));
#3785=PRESENTATION_STYLE_ASSIGNMENT((#3964));
#3786=PRESENTATION_STYLE_ASSIGNMENT((#3965));
#3787=PRESENTATION_STYLE_ASSIGNMENT((#3966));
#3788=PRESENTATION_STYLE_ASSIGNMENT((#3967));
#3789=PRESENTATION_STYLE_ASSIGNMENT((#3968));
#3790=PRESENTATION_STYLE_ASSIGNMENT((#3969));
#3791=PRESENTATION_STYLE_ASSIGNMENT((#3970));
#3792=PRESENTATION_STYLE_ASSIGNMENT((#3971));
#3793=PRESENTATION_STYLE_ASSIGNMENT((#3972));
#3794=PRESENTATION_STYLE_ASSIGNMENT((#3973));
#3795=PRESENTATION_STYLE_ASSIGNMENT((#3974));
#3796=PRESENTATION_STYLE_ASSIGNMENT((#3975));
#3797=PRESENTATION_STYLE_ASSIGNMENT((#3976));
#3798=PRESENTATION_STYLE_ASSIGNMENT((#3977));
#3799=PRESENTATION_STYLE_ASSIGNMENT((#3978));
#3800=PRESENTATION_STYLE_ASSIGNMENT((#3979));
#3801=PRESENTATION_STYLE_ASSIGNMENT((#3980));
#3802=PRESENTATION_STYLE_ASSIGNMENT((#3981));
#3803=PRESENTATION_STYLE_ASSIGNMENT((#3982));
#3804=PRESENTATION_STYLE_ASSIGNMENT((#3983));
#3805=PRESENTATION_STYLE_ASSIGNMENT((#3984));
#3806=PRESENTATION_STYLE_ASSIGNMENT((#3985));
#3807=PRESENTATION_STYLE_ASSIGNMENT((#3986));
#3808=PRESENTATION_STYLE_ASSIGNMENT((#3987));
#3809=PRESENTATION_STYLE_ASSIGNMENT((#3988));
#3810=PRESENTATION_STYLE_ASSIGNMENT((#3989));
#3811=PRESENTATION_STYLE_ASSIGNMENT((#3990));
#3812=PRESENTATION_STYLE_ASSIGNMENT((#3991));
#3813=PRESENTATION_STYLE_ASSIGNMENT((#3992));
#3814=PRESENTATION_STYLE_ASSIGNMENT((#3993));
#3815=PRESENTATION_STYLE_ASSIGNMENT((#3994));
#3816=PRESENTATION_STYLE_ASSIGNMENT((#3995));
#3817=PRESENTATION_STYLE_ASSIGNMENT((#3996));
#3818=PRESENTATION_STYLE_ASSIGNMENT((#3997));
#3819=PRESENTATION_STYLE_ASSIGNMENT((#3998));
#3820=PRESENTATION_STYLE_ASSIGNMENT((#3999));
#3821=PRESENTATION_STYLE_ASSIGNMENT((#4000));
#3822=PRESENTATION_STYLE_ASSIGNMENT((#4001));
#3823=PRESENTATION_STYLE_ASSIGNMENT((#4002));
#3824=PRESENTATION_STYLE_ASSIGNMENT((#4003));
#3825=PRESENTATION_STYLE_ASSIGNMENT((#4004));
#3826=PRESENTATION_STYLE_ASSIGNMENT((#4005));
#3827=PRESENTATION_STYLE_ASSIGNMENT((#4006));
#3828=PRESENTATION_STYLE_ASSIGNMENT((#4007));
#3829=PRESENTATION_STYLE_ASSIGNMENT((#4008));
#3830=PRESENTATION_STYLE_ASSIGNMENT((#4009));
#3831=PRESENTATION_STYLE_ASSIGNMENT((#4010));
#3832=PRESENTATION_STYLE_ASSIGNMENT((#4011));
#3833=PRESENTATION_STYLE_ASSIGNMENT((#4012));
#3834=PRESENTATION_STYLE_ASSIGNMENT((#4013));
#3835=PRESENTATION_STYLE_ASSIGNMENT((#4014));
#3836=PRESENTATION_STYLE_ASSIGNMENT((#4015));
#3837=PRESENTATION_STYLE_ASSIGNMENT((#4016));
#3838=PRESENTATION_STYLE_ASSIGNMENT((#4017));
#3839=PRESENTATION_STYLE_ASSIGNMENT((#4018));
#3840=PRESENTATION_STYLE_ASSIGNMENT((#4019));
#3841=PRESENTATION_STYLE_ASSIGNMENT((#4020));
#3842=PRESENTATION_STYLE_ASSIGNMENT((#4021));
#3843=PRESENTATION_STYLE_ASSIGNMENT((#4022));
#3844=PRESENTATION_STYLE_ASSIGNMENT((#4023));
#3845=PRESENTATION_STYLE_ASSIGNMENT((#4024));
#3846=PRESENTATION_STYLE_ASSIGNMENT((#4025));
#3847=PRESENTATION_STYLE_ASSIGNMENT((#4026));
#3848=PRESENTATION_STYLE_ASSIGNMENT((#4027));
#3849=PRESENTATION_STYLE_ASSIGNMENT((#4028));
#3850=PRESENTATION_STYLE_ASSIGNMENT((#4029));
#3851=PRESENTATION_STYLE_ASSIGNMENT((#4030));
#3852=PRESENTATION_STYLE_ASSIGNMENT((#4031));
#3853=PRESENTATION_STYLE_ASSIGNMENT((#4032));
#3854=PRESENTATION_STYLE_ASSIGNMENT((#4033));
#3855=SURFACE_STYLE_USAGE(.BOTH.,#4034);
#3856=SURFACE_STYLE_USAGE(.BOTH.,#4035);
#3857=SURFACE_STYLE_USAGE(.BOTH.,#4036);
#3858=SURFACE_STYLE_USAGE(.BOTH.,#4037);
#3859=SURFACE_STYLE_USAGE(.BOTH.,#4038);
#3860=SURFACE_STYLE_USAGE(.BOTH.,#4039);
#3861=SURFACE_STYLE_USAGE(.BOTH.,#4040);
#3862=SURFACE_STYLE_USAGE(.BOTH.,#4041);
#3863=SURFACE_STYLE_USAGE(.BOTH.,#4042);
#3864=SURFACE_STYLE_USAGE(.BOTH.,#4043);
#3865=SURFACE_STYLE_USAGE(.BOTH.,#4044);
#3866=SURFACE_STYLE_USAGE(.BOTH.,#4045);
#3867=SURFACE_STYLE_USAGE(.BOTH.,#4046);
#3868=SURFACE_STYLE_USAGE(.BOTH.,#4047);
#3869=SURFACE_STYLE_USAGE(.BOTH.,#4048);
#3870=SURFACE_STYLE_USAGE(.BOTH.,#4049);
#3871=SURFACE_STYLE_USAGE(.BOTH.,#4050);
#3872=SURFACE_STYLE_USAGE(.BOTH.,#4051);
#3873=SURFACE_STYLE_USAGE(.BOTH.,#4052);
#3874=SURFACE_STYLE_USAGE(.BOTH.,#4053);
#3875=SURFACE_STYLE_USAGE(.BOTH.,#4054);
#3876=SURFACE_STYLE_USAGE(.BOTH.,#4055);
#3877=SURFACE_STYLE_USAGE(.BOTH.,#4056);
#3878=SURFACE_STYLE_USAGE(.BOTH.,#4057);
#3879=SURFACE_STYLE_USAGE(.BOTH.,#4058);
#3880=SURFACE_STYLE_USAGE(.BOTH.,#4059);
#3881=SURFACE_STYLE_USAGE(.BOTH.,#4060);
#3882=SURFACE_STYLE_USAGE(.BOTH.,#4061);
#3883=SURFACE_STYLE_USAGE(.BOTH.,#4062);
#3884=SURFACE_STYLE_USAGE(.BOTH.,#4063);
#3885=SURFACE_STYLE_USAGE(.BOTH.,#4064);
#3886=SURFACE_STYLE_USAGE(.BOTH.,#4065);
#3887=SURFACE_STYLE_USAGE(.BOTH.,#4066);
#3888=SURFACE_STYLE_USAGE(.BOTH.,#4067);
#3889=SURFACE_STYLE_USAGE(.BOTH.,#4068);
#3890=SURFACE_STYLE_USAGE(.BOTH.,#4069);
#3891=SURFACE_STYLE_USAGE(.BOTH.,#4070);
#3892=SURFACE_STYLE_USAGE(.BOTH.,#4071);
#3893=SURFACE_STYLE_USAGE(.BOTH.,#4072);
#3894=SURFACE_STYLE_USAGE(.BOTH.,#4073);
#3895=SURFACE_STYLE_USAGE(.BOTH.,#4074);
#3896=SURFACE_STYLE_USAGE(.BOTH.,#4075);
#3897=SURFACE_STYLE_USAGE(.BOTH.,#4076);
#3898=SURFACE_STYLE_USAGE(.BOTH.,#4077);
#3899=SURFACE_STYLE_USAGE(.BOTH.,#4078);
#3900=SURFACE_STYLE_USAGE(.BOTH.,#4079);
#3901=SURFACE_STYLE_USAGE(.BOTH.,#4080);
#3902=SURFACE_STYLE_USAGE(.BOTH.,#4081);
#3903=SURFACE_STYLE_USAGE(.BOTH.,#4082);
#3904=SURFACE_STYLE_USAGE(.BOTH.,#4083);
#3905=SURFACE_STYLE_USAGE(.BOTH.,#4084);
#3906=SURFACE_STYLE_USAGE(.BOTH.,#4085);
#3907=SURFACE_STYLE_USAGE(.BOTH.,#4086);
#3908=SURFACE_STYLE_USAGE(.BOTH.,#4087);
#3909=SURFACE_STYLE_USAGE(.BOTH.,#4088);
#3910=SURFACE_STYLE_USAGE(.BOTH.,#4089);
#3911=SURFACE_STYLE_USAGE(.BOTH.,#4090);
#3912=SURFACE_STYLE_USAGE(.BOTH.,#4091);
#3913=SURFACE_STYLE_USAGE(.BOTH.,#4092);
#3914=SURFACE_STYLE_USAGE(.BOTH.,#4093);
#3915=SURFACE_STYLE_USAGE(.BOTH.,#4094);
#3916=SURFACE_STYLE_USAGE(.BOTH.,#4095);
#3917=SURFACE_STYLE_USAGE(.BOTH.,#4096);
#3918=SURFACE_STYLE_USAGE(.BOTH.,#4097);
#3919=SURFACE_STYLE_USAGE(.BOTH.,#4098);
#3920=SURFACE_STYLE_USAGE(.BOTH.,#4099);
#3921=SURFACE_STYLE_USAGE(.BOTH.,#4100);
#3922=SURFACE_STYLE_USAGE(.BOTH.,#4101);
#3923=SURFACE_STYLE_USAGE(.BOTH.,#4102);
#3924=SURFACE_STYLE_USAGE(.BOTH.,#4103);
#3925=SURFACE_STYLE_USAGE(.BOTH.,#4104);
#3926=SURFACE_STYLE_USAGE(.BOTH.,#4105);
#3927=SURFACE_STYLE_USAGE(.BOTH.,#4106);
#3928=SURFACE_STYLE_USAGE(.BOTH.,#4107);
#3929=SURFACE_STYLE_USAGE(.BOTH.,#4108);
#3930=SURFACE_STYLE_USAGE(.BOTH.,#4109);
#3931=SURFACE_STYLE_USAGE(.BOTH.,#4110);
#3932=SURFACE_STYLE_USAGE(.BOTH.,#4111);
#3933=SURFACE_STYLE_USAGE(.BOTH.,#4112);
#3934=SURFACE_STYLE_USAGE(.BOTH.,#4113);
#3935=SURFACE_STYLE_USAGE(.BOTH.,#4114);
#3936=SURFACE_STYLE_USAGE(.BOTH.,#4115);
#3937=SURFACE_STYLE_USAGE(.BOTH.,#4116);
#3938=SURFACE_STYLE_USAGE(.BOTH.,#4117);
#3939=SURFACE_STYLE_USAGE(.BOTH.,#4118);
#3940=SURFACE_STYLE_USAGE(.BOTH.,#4119);
#3941=SURFACE_STYLE_USAGE(.BOTH.,#4120);
#3942=SURFACE_STYLE_USAGE(.BOTH.,#4121);
#3943=SURFACE_STYLE_USAGE(.BOTH.,#4122);
#3944=SURFACE_STYLE_USAGE(.BOTH.,#4123);
#3945=SURFACE_STYLE_USAGE(.BOTH.,#4124);
#3946=SURFACE_STYLE_USAGE(.BOTH.,#4125);
#3947=SURFACE_STYLE_USAGE(.BOTH.,#4126);
#3948=SURFACE_STYLE_USAGE(.BOTH.,#4127);
#3949=SURFACE_STYLE_USAGE(.BOTH.,#4128);
#3950=SURFACE_STYLE_USAGE(.BOTH.,#4129);
#3951=SURFACE_STYLE_USAGE(.BOTH.,#4130);
#3952=SURFACE_STYLE_USAGE(.BOTH.,#4131);
#3953=SURFACE_STYLE_USAGE(.BOTH.,#4132);
#3954=SURFACE_STYLE_USAGE(.BOTH.,#4133);
#3955=SURFACE_STYLE_USAGE(.BOTH.,#4134);
#3956=SURFACE_STYLE_USAGE(.BOTH.,#4135);
#3957=SURFACE_STYLE_USAGE(.BOTH.,#4136);
#3958=SURFACE_STYLE_USAGE(.BOTH.,#4137);
#3959=SURFACE_STYLE_USAGE(.BOTH.,#4138);
#3960=SURFACE_STYLE_USAGE(.BOTH.,#4139);
#3961=SURFACE_STYLE_USAGE(.BOTH.,#4140);
#3962=SURFACE_STYLE_USAGE(.BOTH.,#4141);
#3963=SURFACE_STYLE_USAGE(.BOTH.,#4142);
#3964=SURFACE_STYLE_USAGE(.BOTH.,#4143);
#3965=SURFACE_STYLE_USAGE(.BOTH.,#4144);
#3966=SURFACE_STYLE_USAGE(.BOTH.,#4145);
#3967=SURFACE_STYLE_USAGE(.BOTH.,#4146);
#3968=SURFACE_STYLE_USAGE(.BOTH.,#4147);
#3969=SURFACE_STYLE_USAGE(.BOTH.,#4148);
#3970=SURFACE_STYLE_USAGE(.BOTH.,#4149);
#3971=SURFACE_STYLE_USAGE(.BOTH.,#4150);
#3972=SURFACE_STYLE_USAGE(.BOTH.,#4151);
#3973=SURFACE_STYLE_USAGE(.BOTH.,#4152);
#3974=SURFACE_STYLE_USAGE(.BOTH.,#4153);
#3975=SURFACE_STYLE_USAGE(.BOTH.,#4154);
#3976=SURFACE_STYLE_USAGE(.BOTH.,#4155);
#3977=SURFACE_STYLE_USAGE(.BOTH.,#4156);
#3978=SURFACE_STYLE_USAGE(.BOTH.,#4157);
#3979=SURFACE_STYLE_USAGE(.BOTH.,#4158);
#3980=SURFACE_STYLE_USAGE(.BOTH.,#4159);
#3981=SURFACE_STYLE_USAGE(.BOTH.,#4160);
#3982=SURFACE_STYLE_USAGE(.BOTH.,#4161);
#3983=SURFACE_STYLE_USAGE(.BOTH.,#4162);
#3984=SURFACE_STYLE_USAGE(.BOTH.,#4163);
#3985=SURFACE_STYLE_USAGE(.BOTH.,#4164);
#3986=SURFACE_STYLE_USAGE(.BOTH.,#4165);
#3987=SURFACE_STYLE_USAGE(.BOTH.,#4166);
#3988=SURFACE_STYLE_USAGE(.BOTH.,#4167);
#3989=SURFACE_STYLE_USAGE(.BOTH.,#4168);
#3990=SURFACE_STYLE_USAGE(.BOTH.,#4169);
#3991=SURFACE_STYLE_USAGE(.BOTH.,#4170);
#3992=SURFACE_STYLE_USAGE(.BOTH.,#4171);
#3993=SURFACE_STYLE_USAGE(.BOTH.,#4172);
#3994=SURFACE_STYLE_USAGE(.BOTH.,#4173);
#3995=SURFACE_STYLE_USAGE(.BOTH.,#4174);
#3996=SURFACE_STYLE_USAGE(.BOTH.,#4175);
#3997=SURFACE_STYLE_USAGE(.BOTH.,#4176);
#3998=SURFACE_STYLE_USAGE(.BOTH.,#4177);
#3999=SURFACE_STYLE_USAGE(.BOTH.,#4178);
#4000=SURFACE_STYLE_USAGE(.BOTH.,#4179);
#4001=SURFACE_STYLE_USAGE(.BOTH.,#4180);
#4002=SURFACE_STYLE_USAGE(.BOTH.,#4181);
#4003=SURFACE_STYLE_USAGE(.BOTH.,#4182);
#4004=SURFACE_STYLE_USAGE(.BOTH.,#4183);
#4005=SURFACE_STYLE_USAGE(.BOTH.,#4184);
#4006=SURFACE_STYLE_USAGE(.BOTH.,#4185);
#4007=SURFACE_STYLE_USAGE(.BOTH.,#4186);
#4008=SURFACE_STYLE_USAGE(.BOTH.,#4187);
#4009=SURFACE_STYLE_USAGE(.BOTH.,#4188);
#4010=SURFACE_STYLE_USAGE(.BOTH.,#4189);
#4011=SURFACE_STYLE_USAGE(.BOTH.,#4190);
#4012=SURFACE_STYLE_USAGE(.BOTH.,#4191);
#4013=SURFACE_STYLE_USAGE(.BOTH.,#4192);
#4014=SURFACE_STYLE_USAGE(.BOTH.,#4193);
#4015=SURFACE_STYLE_USAGE(.BOTH.,#4194);
#4016=SURFACE_STYLE_USAGE(.BOTH.,#4195);
#4017=SURFACE_STYLE_USAGE(.BOTH.,#4196);
#4018=SURFACE_STYLE_USAGE(.BOTH.,#4197);
#4019=SURFACE_STYLE_USAGE(.BOTH.,#4198);
#4020=SURFACE_STYLE_USAGE(.BOTH.,#4199);
#4021=SURFACE_STYLE_USAGE(.BOTH.,#4200);
#4022=SURFACE_STYLE_USAGE(.BOTH.,#4201);
#4023=SURFACE_STYLE_USAGE(.BOTH.,#4202);
#4024=SURFACE_STYLE_USAGE(.BOTH.,#4203);
#4025=SURFACE_STYLE_USAGE(.BOTH.,#4204);
#4026=SURFACE_STYLE_USAGE(.BOTH.,#4205);
#4027=SURFACE_STYLE_USAGE(.BOTH.,#4206);
#4028=SURFACE_STYLE_USAGE(.BOTH.,#4207);
#4029=SURFACE_STYLE_USAGE(.BOTH.,#4208);
#4030=SURFACE_STYLE_USAGE(.BOTH.,#4209);
#4031=SURFACE_STYLE_USAGE(.BOTH.,#4210);
#4032=SURFACE_STYLE_USAGE(.BOTH.,#4211);
#4033=SURFACE_STYLE_USAGE(.BOTH.,#4212);
#4034=SURFACE_SIDE_STYLE('',(#4213));
#4035=SURFACE_SIDE_STYLE('',(#4214));
#4036=SURFACE_SIDE_STYLE('',(#4215));
#4037=SURFACE_SIDE_STYLE('',(#4216));
#4038=SURFACE_SIDE_STYLE('',(#4217));
#4039=SURFACE_SIDE_STYLE('',(#4218));
#4040=SURFACE_SIDE_STYLE('',(#4219));
#4041=SURFACE_SIDE_STYLE('',(#4220));
#4042=SURFACE_SIDE_STYLE('',(#4221));
#4043=SURFACE_SIDE_STYLE('',(#4222));
#4044=SURFACE_SIDE_STYLE('',(#4223));
#4045=SURFACE_SIDE_STYLE('',(#4224));
#4046=SURFACE_SIDE_STYLE('',(#4225));
#4047=SURFACE_SIDE_STYLE('',(#4226));
#4048=SURFACE_SIDE_STYLE('',(#4227));
#4049=SURFACE_SIDE_STYLE('',(#4228));
#4050=SURFACE_SIDE_STYLE('',(#4229));
#4051=SURFACE_SIDE_STYLE('',(#4230));
#4052=SURFACE_SIDE_STYLE('',(#4231));
#4053=SURFACE_SIDE_STYLE('',(#4232));
#4054=SURFACE_SIDE_STYLE('',(#4233));
#4055=SURFACE_SIDE_STYLE('',(#4234));
#4056=SURFACE_SIDE_STYLE('',(#4235));
#4057=SURFACE_SIDE_STYLE('',(#4236));
#4058=SURFACE_SIDE_STYLE('',(#4237));
#4059=SURFACE_SIDE_STYLE('',(#4238));
#4060=SURFACE_SIDE_STYLE('',(#4239));
#4061=SURFACE_SIDE_STYLE('',(#4240));
#4062=SURFACE_SIDE_STYLE('',(#4241));
#4063=SURFACE_SIDE_STYLE('',(#4242));
#4064=SURFACE_SIDE_STYLE('',(#4243));
#4065=SURFACE_SIDE_STYLE('',(#4244));
#4066=SURFACE_SIDE_STYLE('',(#4245));
#4067=SURFACE_SIDE_STYLE('',(#4246));
#4068=SURFACE_SIDE_STYLE('',(#4247));
#4069=SURFACE_SIDE_STYLE('',(#4248));
#4070=SURFACE_SIDE_STYLE('',(#4249));
#4071=SURFACE_SIDE_STYLE('',(#4250));
#4072=SURFACE_SIDE_STYLE('',(#4251));
#4073=SURFACE_SIDE_STYLE('',(#4252));
#4074=SURFACE_SIDE_STYLE('',(#4253));
#4075=SURFACE_SIDE_STYLE('',(#4254));
#4076=SURFACE_SIDE_STYLE('',(#4255));
#4077=SURFACE_SIDE_STYLE('',(#4256));
#4078=SURFACE_SIDE_STYLE('',(#4257));
#4079=SURFACE_SIDE_STYLE('',(#4258));
#4080=SURFACE_SIDE_STYLE('',(#4259));
#4081=SURFACE_SIDE_STYLE('',(#4260));
#4082=SURFACE_SIDE_STYLE('',(#4261));
#4083=SURFACE_SIDE_STYLE('',(#4262));
#4084=SURFACE_SIDE_STYLE('',(#4263));
#4085=SURFACE_SIDE_STYLE('',(#4264));
#4086=SURFACE_SIDE_STYLE('',(#4265));
#4087=SURFACE_SIDE_STYLE('',(#4266));
#4088=SURFACE_SIDE_STYLE('',(#4267));
#4089=SURFACE_SIDE_STYLE('',(#4268));
#4090=SURFACE_SIDE_STYLE('',(#4269));
#4091=SURFACE_SIDE_STYLE('',(#4270));
#4092=SURFACE_SIDE_STYLE('',(#4271));
#4093=SURFACE_SIDE_STYLE('',(#4272));
#4094=SURFACE_SIDE_STYLE('',(#4273));
#4095=SURFACE_SIDE_STYLE('',(#4274));
#4096=SURFACE_SIDE_STYLE('',(#4275));
#4097=SURFACE_SIDE_STYLE('',(#4276));
#4098=SURFACE_SIDE_STYLE('',(#4277));
#4099=SURFACE_SIDE_STYLE('',(#4278));
#4100=SURFACE_SIDE_STYLE('',(#4279));
#4101=SURFACE_SIDE_STYLE('',(#4280));
#4102=SURFACE_SIDE_STYLE('',(#4281));
#4103=SURFACE_SIDE_STYLE('',(#4282));
#4104=SURFACE_SIDE_STYLE('',(#4283));
#4105=SURFACE_SIDE_STYLE('',(#4284));
#4106=SURFACE_SIDE_STYLE('',(#4285));
#4107=SURFACE_SIDE_STYLE('',(#4286));
#4108=SURFACE_SIDE_STYLE('',(#4287));
#4109=SURFACE_SIDE_STYLE('',(#4288));
#4110=SURFACE_SIDE_STYLE('',(#4289));
#4111=SURFACE_SIDE_STYLE('',(#4290));
#4112=SURFACE_SIDE_STYLE('',(#4291));
#4113=SURFACE_SIDE_STYLE('',(#4292));
#4114=SURFACE_SIDE_STYLE('',(#4293));
#4115=SURFACE_SIDE_STYLE('',(#4294));
#4116=SURFACE_SIDE_STYLE('',(#4295));
#4117=SURFACE_SIDE_STYLE('',(#4296));
#4118=SURFACE_SIDE_STYLE('',(#4297));
#4119=SURFACE_SIDE_STYLE('',(#4298));
#4120=SURFACE_SIDE_STYLE('',(#4299));
#4121=SURFACE_SIDE_STYLE('',(#4300));
#4122=SURFACE_SIDE_STYLE('',(#4301));
#4123=SURFACE_SIDE_STYLE('',(#4302));
#4124=SURFACE_SIDE_STYLE('',(#4303));
#4125=SURFACE_SIDE_STYLE('',(#4304));
#4126=SURFACE_SIDE_STYLE('',(#4305));
#4127=SURFACE_SIDE_STYLE('',(#4306));
#4128=SURFACE_SIDE_STYLE('',(#4307));
#4129=SURFACE_SIDE_STYLE('',(#4308));
#4130=SURFACE_SIDE_STYLE('',(#4309));
#4131=SURFACE_SIDE_STYLE('',(#4310));
#4132=SURFACE_SIDE_STYLE('',(#4311));
#4133=SURFACE_SIDE_STYLE('',(#4312));
#4134=SURFACE_SIDE_STYLE('',(#4313));
#4135=SURFACE_SIDE_STYLE('',(#4314));
#4136=SURFACE_SIDE_STYLE('',(#4315));
#4137=SURFACE_SIDE_STYLE('',(#4316));
#4138=SURFACE_SIDE_STYLE('',(#4317));
#4139=SURFACE_SIDE_STYLE('',(#4318));
#4140=SURFACE_SIDE_STYLE('',(#4319));
#4141=SURFACE_SIDE_STYLE('',(#4320));
#4142=SURFACE_SIDE_STYLE('',(#4321));
#4143=SURFACE_SIDE_STYLE('',(#4322));
#4144=SURFACE_SIDE_STYLE('',(#4323));
#4145=SURFACE_SIDE_STYLE('',(#4324));
#4146=SURFACE_SIDE_STYLE('',(#4325));
#4147=SURFACE_SIDE_STYLE('',(#4326));
#4148=SURFACE_SIDE_STYLE('',(#4327));
#4149=SURFACE_SIDE_STYLE('',(#4328));
#4150=SURFACE_SIDE_STYLE('',(#4329));
#4151=SURFACE_SIDE_STYLE('',(#4330));
#4152=SURFACE_SIDE_STYLE('',(#4331));
#4153=SURFACE_SIDE_STYLE('',(#4332));
#4154=SURFACE_SIDE_STYLE('',(#4333));
#4155=SURFACE_SIDE_STYLE('',(#4334));
#4156=SURFACE_SIDE_STYLE('',(#4335));
#4157=SURFACE_SIDE_STYLE('',(#4336));
#4158=SURFACE_SIDE_STYLE('',(#4337));
#4159=SURFACE_SIDE_STYLE('',(#4338));
#4160=SURFACE_SIDE_STYLE('',(#4339));
#4161=SURFACE_SIDE_STYLE('',(#4340));
#4162=SURFACE_SIDE_STYLE('',(#4341));
#4163=SURFACE_SIDE_STYLE('',(#4342));
#4164=SURFACE_SIDE_STYLE('',(#4343));
#4165=SURFACE_SIDE_STYLE('',(#4344));
#4166=SURFACE_SIDE_STYLE('',(#4345));
#4167=SURFACE_SIDE_STYLE('',(#4346));
#4168=SURFACE_SIDE_STYLE('',(#4347));
#4169=SURFACE_SIDE_STYLE('',(#4348));
#4170=SURFACE_SIDE_STYLE('',(#4349));
#4171=SURFACE_SIDE_STYLE('',(#4350));
#4172=SURFACE_SIDE_STYLE('',(#4351));
#4173=SURFACE_SIDE_STYLE('',(#4352));
#4174=SURFACE_SIDE_STYLE('',(#4353));
#4175=SURFACE_SIDE_STYLE('',(#4354));
#4176=SURFACE_SIDE_STYLE('',(#4355));
#4177=SURFACE_SIDE_STYLE('',(#4356));
#4178=SURFACE_SIDE_STYLE('',(#4357));
#4179=SURFACE_SIDE_STYLE('',(#4358));
#4180=SURFACE_SIDE_STYLE('',(#4359));
#4181=SURFACE_SIDE_STYLE('',(#4360));
#4182=SURFACE_SIDE_STYLE('',(#4361));
#4183=SURFACE_SIDE_STYLE('',(#4362));
#4184=SURFACE_SIDE_STYLE('',(#4363));
#4185=SURFACE_SIDE_STYLE('',(#4364));
#4186=SURFACE_SIDE_STYLE('',(#4365));
#4187=SURFACE_SIDE_STYLE('',(#4366));
#4188=SURFACE_SIDE_STYLE('',(#4367));
#4189=SURFACE_SIDE_STYLE('',(#4368));
#4190=SURFACE_SIDE_STYLE('',(#4369));
#4191=SURFACE_SIDE_STYLE('',(#4370));
#4192=SURFACE_SIDE_STYLE('',(#4371));
#4193=SURFACE_SIDE_STYLE('',(#4372));
#4194=SURFACE_SIDE_STYLE('',(#4373));
#4195=SURFACE_SIDE_STYLE('',(#4374));
#4196=SURFACE_SIDE_STYLE('',(#4375));
#4197=SURFACE_SIDE_STYLE('',(#4376));
#4198=SURFACE_SIDE_STYLE('',(#4377));
#4199=SURFACE_SIDE_STYLE('',(#4378));
#4200=SURFACE_SIDE_STYLE('',(#4379));
#4201=SURFACE_SIDE_STYLE('',(#4380));
#4202=SURFACE_SIDE_STYLE('',(#4381));
#4203=SURFACE_SIDE_STYLE('',(#4382));
#4204=SURFACE_SIDE_STYLE('',(#4383));
#4205=SURFACE_SIDE_STYLE('',(#4384));
#4206=SURFACE_SIDE_STYLE('',(#4385));
#4207=SURFACE_SIDE_STYLE('',(#4386));
#4208=SURFACE_SIDE_STYLE('',(#4387));
#4209=SURFACE_SIDE_STYLE('',(#4388));
#4210=SURFACE_SIDE_STYLE('',(#4389));
#4211=SURFACE_SIDE_STYLE('',(#4390));
#4212=SURFACE_SIDE_STYLE('',(#4391));
#4213=SURFACE_STYLE_FILL_AREA(#4392);
#4214=SURFACE_STYLE_FILL_AREA(#4393);
#4215=SURFACE_STYLE_FILL_AREA(#4394);
#4216=SURFACE_STYLE_FILL_AREA(#4395);
#4217=SURFACE_STYLE_FILL_AREA(#4396);
#4218=SURFACE_STYLE_FILL_AREA(#4397);
#4219=SURFACE_STYLE_FILL_AREA(#4398);
#4220=SURFACE_STYLE_FILL_AREA(#4399);
#4221=SURFACE_STYLE_FILL_AREA(#4400);
#4222=SURFACE_STYLE_FILL_AREA(#4401);
#4223=SURFACE_STYLE_FILL_AREA(#4402);
#4224=SURFACE_STYLE_FILL_AREA(#4403);
#4225=SURFACE_STYLE_FILL_AREA(#4404);
#4226=SURFACE_STYLE_FILL_AREA(#4405);
#4227=SURFACE_STYLE_FILL_AREA(#4406);
#4228=SURFACE_STYLE_FILL_AREA(#4407);
#4229=SURFACE_STYLE_FILL_AREA(#4408);
#4230=SURFACE_STYLE_FILL_AREA(#4409);
#4231=SURFACE_STYLE_FILL_AREA(#4410);
#4232=SURFACE_STYLE_FILL_AREA(#4411);
#4233=SURFACE_STYLE_FILL_AREA(#4412);
#4234=SURFACE_STYLE_FILL_AREA(#4413);
#4235=SURFACE_STYLE_FILL_AREA(#4414);
#4236=SURFACE_STYLE_FILL_AREA(#4415);
#4237=SURFACE_STYLE_FILL_AREA(#4416);
#4238=SURFACE_STYLE_FILL_AREA(#4417);
#4239=SURFACE_STYLE_FILL_AREA(#4418);
#4240=SURFACE_STYLE_FILL_AREA(#4419);
#4241=SURFACE_STYLE_FILL_AREA(#4420);
#4242=SURFACE_STYLE_FILL_AREA(#4421);
#4243=SURFACE_STYLE_FILL_AREA(#4422);
#4244=SURFACE_STYLE_FILL_AREA(#4423);
#4245=SURFACE_STYLE_FILL_AREA(#4424);
#4246=SURFACE_STYLE_FILL_AREA(#4425);
#4247=SURFACE_STYLE_FILL_AREA(#4426);
#4248=SURFACE_STYLE_FILL_AREA(#4427);
#4249=SURFACE_STYLE_FILL_AREA(#4428);
#4250=SURFACE_STYLE_FILL_AREA(#4429);
#4251=SURFACE_STYLE_FILL_AREA(#4430);
#4252=SURFACE_STYLE_FILL_AREA(#4431);
#4253=SURFACE_STYLE_FILL_AREA(#4432);
#4254=SURFACE_STYLE_FILL_AREA(#4433);
#4255=SURFACE_STYLE_FILL_AREA(#4434);
#4256=SURFACE_STYLE_FILL_AREA(#4435);
#4257=SURFACE_STYLE_FILL_AREA(#4436);
#4258=SURFACE_STYLE_FILL_AREA(#4437);
#4259=SURFACE_STYLE_FILL_AREA(#4438);
#4260=SURFACE_STYLE_FILL_AREA(#4439);
#4261=SURFACE_STYLE_FILL_AREA(#4440);
#4262=SURFACE_STYLE_FILL_AREA(#4441);
#4263=SURFACE_STYLE_FILL_AREA(#4442);
#4264=SURFACE_STYLE_FILL_AREA(#4443);
#4265=SURFACE_STYLE_FILL_AREA(#4444);
#4266=SURFACE_STYLE_FILL_AREA(#4445);
#4267=SURFACE_STYLE_FILL_AREA(#4446);
#4268=SURFACE_STYLE_FILL_AREA(#4447);
#4269=SURFACE_STYLE_FILL_AREA(#4448);
#4270=SURFACE_STYLE_FILL_AREA(#4449);
#4271=SURFACE_STYLE_FILL_AREA(#4450);
#4272=SURFACE_STYLE_FILL_AREA(#4451);
#4273=SURFACE_STYLE_FILL_AREA(#4452);
#4274=SURFACE_STYLE_FILL_AREA(#4453);
#4275=SURFACE_STYLE_FILL_AREA(#4454);
#4276=SURFACE_STYLE_FILL_AREA(#4455);
#4277=SURFACE_STYLE_FILL_AREA(#4456);
#4278=SURFACE_STYLE_FILL_AREA(#4457);
#4279=SURFACE_STYLE_FILL_AREA(#4458);
#4280=SURFACE_STYLE_FILL_AREA(#4459);
#4281=SURFACE_STYLE_FILL_AREA(#4460);
#4282=SURFACE_STYLE_FILL_AREA(#4461);
#4283=SURFACE_STYLE_FILL_AREA(#4462);
#4284=SURFACE_STYLE_FILL_AREA(#4463);
#4285=SURFACE_STYLE_FILL_AREA(#4464);
#4286=SURFACE_STYLE_FILL_AREA(#4465);
#4287=SURFACE_STYLE_FILL_AREA(#4466);
#4288=SURFACE_STYLE_FILL_AREA(#4467);
#4289=SURFACE_STYLE_FILL_AREA(#4468);
#4290=SURFACE_STYLE_FILL_AREA(#4469);
#4291=SURFACE_STYLE_FILL_AREA(#4470);
#4292=SURFACE_STYLE_FILL_AREA(#4471);
#4293=SURFACE_STYLE_FILL_AREA(#4472);
#4294=SURFACE_STYLE_FILL_AREA(#4473);
#4295=SURFACE_STYLE_FILL_AREA(#4474);
#4296=SURFACE_STYLE_FILL_AREA(#4475);
#4297=SURFACE_STYLE_FILL_AREA(#4476);
#4298=SURFACE_STYLE_FILL_AREA(#4477);
#4299=SURFACE_STYLE_FILL_AREA(#4478);
#4300=SURFACE_STYLE_FILL_AREA(#4479);
#4301=SURFACE_STYLE_FILL_AREA(#4480);
#4302=SURFACE_STYLE_FILL_AREA(#4481);
#4303=SURFACE_STYLE_FILL_AREA(#4482);
#4304=SURFACE_STYLE_FILL_AREA(#4483);
#4305=SURFACE_STYLE_FILL_AREA(#4484);
#4306=SURFACE_STYLE_FILL_AREA(#4485);
#4307=SURFACE_STYLE_FILL_AREA(#4486);
#4308=SURFACE_STYLE_FILL_AREA(#4487);
#4309=SURFACE_STYLE_FILL_AREA(#4488);
#4310=SURFACE_STYLE_FILL_AREA(#4489);
#4311=SURFACE_STYLE_FILL_AREA(#4490);
#4312=SURFACE_STYLE_FILL_AREA(#4491);
#4313=SURFACE_STYLE_FILL_AREA(#4492);
#4314=SURFACE_STYLE_FILL_AREA(#4493);
#4315=SURFACE_STYLE_FILL_AREA(#4494);
#4316=SURFACE_STYLE_FILL_AREA(#4495);
#4317=SURFACE_STYLE_FILL_AREA(#4496);
#4318=SURFACE_STYLE_FILL_AREA(#4497);
#4319=SURFACE_STYLE_FILL_AREA(#4498);
#4320=SURFACE_STYLE_FILL_AREA(#4499);
#4321=SURFACE_STYLE_FILL_AREA(#4500);
#4322=SURFACE_STYLE_FILL_AREA(#4501);
#4323=SURFACE_STYLE_FILL_AREA(#4502);
#4324=SURFACE_STYLE_FILL_AREA(#4503);
#4325=SURFACE_STYLE_FILL_AREA(#4504);
#4326=SURFACE_STYLE_FILL_AREA(#4505);
#4327=SURFACE_STYLE_FILL_AREA(#4506);
#4328=SURFACE_STYLE_FILL_AREA(#4507);
#4329=SURFACE_STYLE_FILL_AREA(#4508);
#4330=SURFACE_STYLE_FILL_AREA(#4509);
#4331=SURFACE_STYLE_FILL_AREA(#4510);
#4332=SURFACE_STYLE_FILL_AREA(#4511);
#4333=SURFACE_STYLE_FILL_AREA(#4512);
#4334=SURFACE_STYLE_FILL_AREA(#4513);
#4335=SURFACE_STYLE_FILL_AREA(#4514);
#4336=SURFACE_STYLE_FILL_AREA(#4515);
#4337=SURFACE_STYLE_FILL_AREA(#4516);
#4338=SURFACE_STYLE_FILL_AREA(#4517);
#4339=SURFACE_STYLE_FILL_AREA(#4518);
#4340=SURFACE_STYLE_FILL_AREA(#4519);
#4341=SURFACE_STYLE_FILL_AREA(#4520);
#4342=SURFACE_STYLE_FILL_AREA(#4521);
#4343=SURFACE_STYLE_FILL_AREA(#4522);
#4344=SURFACE_STYLE_FILL_AREA(#4523);
#4345=SURFACE_STYLE_FILL_AREA(#4524);
#4346=SURFACE_STYLE_FILL_AREA(#4525);
#4347=SURFACE_STYLE_FILL_AREA(#4526);
#4348=SURFACE_STYLE_FILL_AREA(#4527);
#4349=SURFACE_STYLE_FILL_AREA(#4528);
#4350=SURFACE_STYLE_FILL_AREA(#4529);
#4351=SURFACE_STYLE_FILL_AREA(#4530);
#4352=SURFACE_STYLE_FILL_AREA(#4531);
#4353=SURFACE_STYLE_FILL_AREA(#4532);
#4354=SURFACE_STYLE_FILL_AREA(#4533);
#4355=SURFACE_STYLE_FILL_AREA(#4534);
#4356=SURFACE_STYLE_FILL_AREA(#4535);
#4357=SURFACE_STYLE_FILL_AREA(#4536);
#4358=SURFACE_STYLE_FILL_AREA(#4537);
#4359=SURFACE_STYLE_FILL_AREA(#4538);
#4360=SURFACE_STYLE_FILL_AREA(#4539);
#4361=SURFACE_STYLE_FILL_AREA(#4540);
#4362=SURFACE_STYLE_FILL_AREA(#4541);
#4363=SURFACE_STYLE_FILL_AREA(#4542);
#4364=SURFACE_STYLE_FILL_AREA(#4543);
#4365=SURFACE_STYLE_FILL_AREA(#4544);
#4366=SURFACE_STYLE_FILL_AREA(#4545);
#4367=SURFACE_STYLE_FILL_AREA(#4546);
#4368=SURFACE_STYLE_FILL_AREA(#4547);
#4369=SURFACE_STYLE_FILL_AREA(#4548);
#4370=SURFACE_STYLE_FILL_AREA(#4549);
#4371=SURFACE_STYLE_FILL_AREA(#4550);
#4372=SURFACE_STYLE_FILL_AREA(#4551);
#4373=SURFACE_STYLE_FILL_AREA(#4552);
#4374=SURFACE_STYLE_FILL_AREA(#4553);
#4375=SURFACE_STYLE_FILL_AREA(#4554);
#4376=SURFACE_STYLE_FILL_AREA(#4555);
#4377=SURFACE_STYLE_FILL_AREA(#4556);
#4378=SURFACE_STYLE_FILL_AREA(#4557);
#4379=SURFACE_STYLE_FILL_AREA(#4558);
#4380=SURFACE_STYLE_FILL_AREA(#4559);
#4381=SURFACE_STYLE_FILL_AREA(#4560);
#4382=SURFACE_STYLE_FILL_AREA(#4561);
#4383=SURFACE_STYLE_FILL_AREA(#4562);
#4384=SURFACE_STYLE_FILL_AREA(#4563);
#4385=SURFACE_STYLE_FILL_AREA(#4564);
#4386=SURFACE_STYLE_FILL_AREA(#4565);
#4387=SURFACE_STYLE_FILL_AREA(#4566);
#4388=SURFACE_STYLE_FILL_AREA(#4567);
#4389=SURFACE_STYLE_FILL_AREA(#4568);
#4390=SURFACE_STYLE_FILL_AREA(#4569);
#4391=SURFACE_STYLE_FILL_AREA(#4570);
#4392=FILL_AREA_STYLE('',(#4571));
#4393=FILL_AREA_STYLE('',(#4572));
#4394=FILL_AREA_STYLE('',(#4573));
#4395=FILL_AREA_STYLE('',(#4574));
#4396=FILL_AREA_STYLE('',(#4575));
#4397=FILL_AREA_STYLE('',(#4576));
#4398=FILL_AREA_STYLE('',(#4577));
#4399=FILL_AREA_STYLE('',(#4578));
#4400=FILL_AREA_STYLE('',(#4579));
#4401=FILL_AREA_STYLE('',(#4580));
#4402=FILL_AREA_STYLE('',(#4581));
#4403=FILL_AREA_STYLE('',(#4582));
#4404=FILL_AREA_STYLE('',(#4583));
#4405=FILL_AREA_STYLE('',(#4584));
#4406=FILL_AREA_STYLE('',(#4585));
#4407=FILL_AREA_STYLE('',(#4586));
#4408=FILL_AREA_STYLE('',(#4587));
#4409=FILL_AREA_STYLE('',(#4588));
#4410=FILL_AREA_STYLE('',(#4589));
#4411=FILL_AREA_STYLE('',(#4590));
#4412=FILL_AREA_STYLE('',(#4591));
#4413=FILL_AREA_STYLE('',(#4592));
#4414=FILL_AREA_STYLE('',(#4593));
#4415=FILL_AREA_STYLE('',(#4594));
#4416=FILL_AREA_STYLE('',(#4595));
#4417=FILL_AREA_STYLE('',(#4596));
#4418=FILL_AREA_STYLE('',(#4597));
#4419=FILL_AREA_STYLE('',(#4598));
#4420=FILL_AREA_STYLE('',(#4599));
#4421=FILL_AREA_STYLE('',(#4600));
#4422=FILL_AREA_STYLE('',(#4601));
#4423=FILL_AREA_STYLE('',(#4602));
#4424=FILL_AREA_STYLE('',(#4603));
#4425=FILL_AREA_STYLE('',(#4604));
#4426=FILL_AREA_STYLE('',(#4605));
#4427=FILL_AREA_STYLE('',(#4606));
#4428=FILL_AREA_STYLE('',(#4607));
#4429=FILL_AREA_STYLE('',(#4608));
#4430=FILL_AREA_STYLE('',(#4609));
#4431=FILL_AREA_STYLE('',(#4610));
#4432=FILL_AREA_STYLE('',(#4611));
#4433=FILL_AREA_STYLE('',(#4612));
#4434=FILL_AREA_STYLE('',(#4613));
#4435=FILL_AREA_STYLE('',(#4614));
#4436=FILL_AREA_STYLE('',(#4615));
#4437=FILL_AREA_STYLE('',(#4616));
#4438=FILL_AREA_STYLE('',(#4617));
#4439=FILL_AREA_STYLE('',(#4618));
#4440=FILL_AREA_STYLE('',(#4619));
#4441=FILL_AREA_STYLE('',(#4620));
#4442=FILL_AREA_STYLE('',(#4621));
#4443=FILL_AREA_STYLE('',(#4622));
#4444=FILL_AREA_STYLE('',(#4623));
#4445=FILL_AREA_STYLE('',(#4624));
#4446=FILL_AREA_STYLE('',(#4625));
#4447=FILL_AREA_STYLE('',(#4626));
#4448=FILL_AREA_STYLE('',(#4627));
#4449=FILL_AREA_STYLE('',(#4628));
#4450=FILL_AREA_STYLE('',(#4629));
#4451=FILL_AREA_STYLE('',(#4630));
#4452=FILL_AREA_STYLE('',(#4631));
#4453=FILL_AREA_STYLE('',(#4632));
#4454=FILL_AREA_STYLE('',(#4633));
#4455=FILL_AREA_STYLE('',(#4634));
#4456=FILL_AREA_STYLE('',(#4635));
#4457=FILL_AREA_STYLE('',(#4636));
#4458=FILL_AREA_STYLE('',(#4637));
#4459=FILL_AREA_STYLE('',(#4638));
#4460=FILL_AREA_STYLE('',(#4639));
#4461=FILL_AREA_STYLE('',(#4640));
#4462=FILL_AREA_STYLE('',(#4641));
#4463=FILL_AREA_STYLE('',(#4642));
#4464=FILL_AREA_STYLE('',(#4643));
#4465=FILL_AREA_STYLE('',(#4644));
#4466=FILL_AREA_STYLE('',(#4645));
#4467=FILL_AREA_STYLE('',(#4646));
#4468=FILL_AREA_STYLE('',(#4647));
#4469=FILL_AREA_STYLE('',(#4648));
#4470=FILL_AREA_STYLE('',(#4649));
#4471=FILL_AREA_STYLE('',(#4650));
#4472=FILL_AREA_STYLE('',(#4651));
#4473=FILL_AREA_STYLE('',(#4652));
#4474=FILL_AREA_STYLE('',(#4653));
#4475=FILL_AREA_STYLE('',(#4654));
#4476=FILL_AREA_STYLE('',(#4655));
#4477=FILL_AREA_STYLE('',(#4656));
#4478=FILL_AREA_STYLE('',(#4657));
#4479=FILL_AREA_STYLE('',(#4658));
#4480=FILL_AREA_STYLE('',(#4659));
#4481=FILL_AREA_STYLE('',(#4660));
#4482=FILL_AREA_STYLE('',(#4661));
#4483=FILL_AREA_STYLE('',(#4662));
#4484=FILL_AREA_STYLE('',(#4663));
#4485=FILL_AREA_STYLE('',(#4664));
#4486=FILL_AREA_STYLE('',(#4665));
#4487=FILL_AREA_STYLE('',(#4666));
#4488=FILL_AREA_STYLE('',(#4667));
#4489=FILL_AREA_STYLE('',(#4668));
#4490=FILL_AREA_STYLE('',(#4669));
#4491=FILL_AREA_STYLE('',(#4670));
#4492=FILL_AREA_STYLE('',(#4671));
#4493=FILL_AREA_STYLE('',(#4672));
#4494=FILL_AREA_STYLE('',(#4673));
#4495=FILL_AREA_STYLE('',(#4674));
#4496=FILL_AREA_STYLE('',(#4675));
#4497=FILL_AREA_STYLE('',(#4676));
#4498=FILL_AREA_STYLE('',(#4677));
#4499=FILL_AREA_STYLE('',(#4678));
#4500=FILL_AREA_STYLE('',(#4679));
#4501=FILL_AREA_STYLE('',(#4680));
#4502=FILL_AREA_STYLE('',(#4681));
#4503=FILL_AREA_STYLE('',(#4682));
#4504=FILL_AREA_STYLE('',(#4683));
#4505=FILL_AREA_STYLE('',(#4684));
#4506=FILL_AREA_STYLE('',(#4685));
#4507=FILL_AREA_STYLE('',(#4686));
#4508=FILL_AREA_STYLE('',(#4687));
#4509=FILL_AREA_STYLE('',(#4688));
#4510=FILL_AREA_STYLE('',(#4689));
#4511=FILL_AREA_STYLE('',(#4690));
#4512=FILL_AREA_STYLE('',(#4691));
#4513=FILL_AREA_STYLE('',(#4692));
#4514=FILL_AREA_STYLE('',(#4693));
#4515=FILL_AREA_STYLE('',(#4694));
#4516=FILL_AREA_STYLE('',(#4695));
#4517=FILL_AREA_STYLE('',(#4696));
#4518=FILL_AREA_STYLE('',(#4697));
#4519=FILL_AREA_STYLE('',(#4698));
#4520=FILL_AREA_STYLE('',(#4699));
#4521=FILL_AREA_STYLE('',(#4700));
#4522=FILL_AREA_STYLE('',(#4701));
#4523=FILL_AREA_STYLE('',(#4702));
#4524=FILL_AREA_STYLE('',(#4703));
#4525=FILL_AREA_STYLE('',(#4704));
#4526=FILL_AREA_STYLE('',(#4705));
#4527=FILL_AREA_STYLE('',(#4706));
#4528=FILL_AREA_STYLE('',(#4707));
#4529=FILL_AREA_STYLE('',(#4708));
#4530=FILL_AREA_STYLE('',(#4709));
#4531=FILL_AREA_STYLE('',(#4710));
#4532=FILL_AREA_STYLE('',(#4711));
#4533=FILL_AREA_STYLE('',(#4712));
#4534=FILL_AREA_STYLE('',(#4713));
#4535=FILL_AREA_STYLE('',(#4714));
#4536=FILL_AREA_STYLE('',(#4715));
#4537=FILL_AREA_STYLE('',(#4716));
#4538=FILL_AREA_STYLE('',(#4717));
#4539=FILL_AREA_STYLE('',(#4718));
#4540=FILL_AREA_STYLE('',(#4719));
#4541=FILL_AREA_STYLE('',(#4720));
#4542=FILL_AREA_STYLE('',(#4721));
#4543=FILL_AREA_STYLE('',(#4722));
#4544=FILL_AREA_STYLE('',(#4723));
#4545=FILL_AREA_STYLE('',(#4724));
#4546=FILL_AREA_STYLE('',(#4725));
#4547=FILL_AREA_STYLE('',(#4726));
#4548=FILL_AREA_STYLE('',(#4727));
#4549=FILL_AREA_STYLE('',(#4728));
#4550=FILL_AREA_STYLE('',(#4729));
#4551=FILL_AREA_STYLE('',(#4730));
#4552=FILL_AREA_STYLE('',(#4731));
#4553=FILL_AREA_STYLE('',(#4732));
#4554=FILL_AREA_STYLE('',(#4733));
#4555=FILL_AREA_STYLE('',(#4734));
#4556=FILL_AREA_STYLE('',(#4735));
#4557=FILL_AREA_STYLE('',(#4736));
#4558=FILL_AREA_STYLE('',(#4737));
#4559=FILL_AREA_STYLE('',(#4738));
#4560=FILL_AREA_STYLE('',(#4739));
#4561=FILL_AREA_STYLE('',(#4740));
#4562=FILL_AREA_STYLE('',(#4741));
#4563=FILL_AREA_STYLE('',(#4742));
#4564=FILL_AREA_STYLE('',(#4743));
#4565=FILL_AREA_STYLE('',(#4744));
#4566=FILL_AREA_STYLE('',(#4745));
#4567=FILL_AREA_STYLE('',(#4746));
#4568=FILL_AREA_STYLE('',(#4747));
#4569=FILL_AREA_STYLE('',(#4748));
#4570=FILL_AREA_STYLE('',(#4749));
#4571=FILL_AREA_STYLE_COLOUR('',#4750);
#4572=FILL_AREA_STYLE_COLOUR('',#4751);
#4573=FILL_AREA_STYLE_COLOUR('',#4751);
#4574=FILL_AREA_STYLE_COLOUR('',#4751);
#4575=FILL_AREA_STYLE_COLOUR('',#4751);
#4576=FILL_AREA_STYLE_COLOUR('',#4751);
#4577=FILL_AREA_STYLE_COLOUR('',#4751);
#4578=FILL_AREA_STYLE_COLOUR('',#4752);
#4579=FILL_AREA_STYLE_COLOUR('',#4751);
#4580=FILL_AREA_STYLE_COLOUR('',#4752);
#4581=FILL_AREA_STYLE_COLOUR('',#4751);
#4582=FILL_AREA_STYLE_COLOUR('',#4752);
#4583=FILL_AREA_STYLE_COLOUR('',#4752);
#4584=FILL_AREA_STYLE_COLOUR('',#4752);
#4585=FILL_AREA_STYLE_COLOUR('',#4752);
#4586=FILL_AREA_STYLE_COLOUR('',#4752);
#4587=FILL_AREA_STYLE_COLOUR('',#4752);
#4588=FILL_AREA_STYLE_COLOUR('',#4751);
#4589=FILL_AREA_STYLE_COLOUR('',#4752);
#4590=FILL_AREA_STYLE_COLOUR('',#4751);
#4591=FILL_AREA_STYLE_COLOUR('',#4752);
#4592=FILL_AREA_STYLE_COLOUR('',#4752);
#4593=FILL_AREA_STYLE_COLOUR('',#4752);
#4594=FILL_AREA_STYLE_COLOUR('',#4752);
#4595=FILL_AREA_STYLE_COLOUR('',#4752);
#4596=FILL_AREA_STYLE_COLOUR('',#4752);
#4597=FILL_AREA_STYLE_COLOUR('',#4752);
#4598=FILL_AREA_STYLE_COLOUR('',#4752);
#4599=FILL_AREA_STYLE_COLOUR('',#4752);
#4600=FILL_AREA_STYLE_COLOUR('',#4752);
#4601=FILL_AREA_STYLE_COLOUR('',#4752);
#4602=FILL_AREA_STYLE_COLOUR('',#4752);
#4603=FILL_AREA_STYLE_COLOUR('',#4752);
#4604=FILL_AREA_STYLE_COLOUR('',#4752);
#4605=FILL_AREA_STYLE_COLOUR('',#4752);
#4606=FILL_AREA_STYLE_COLOUR('',#4752);
#4607=FILL_AREA_STYLE_COLOUR('',#4752);
#4608=FILL_AREA_STYLE_COLOUR('',#4752);
#4609=FILL_AREA_STYLE_COLOUR('',#4752);
#4610=FILL_AREA_STYLE_COLOUR('',#4752);
#4611=FILL_AREA_STYLE_COLOUR('',#4752);
#4612=FILL_AREA_STYLE_COLOUR('',#4752);
#4613=FILL_AREA_STYLE_COLOUR('',#4752);
#4614=FILL_AREA_STYLE_COLOUR('',#4752);
#4615=FILL_AREA_STYLE_COLOUR('',#4752);
#4616=FILL_AREA_STYLE_COLOUR('',#4752);
#4617=FILL_AREA_STYLE_COLOUR('',#4752);
#4618=FILL_AREA_STYLE_COLOUR('',#4752);
#4619=FILL_AREA_STYLE_COLOUR('',#4752);
#4620=FILL_AREA_STYLE_COLOUR('',#4752);
#4621=FILL_AREA_STYLE_COLOUR('',#4752);
#4622=FILL_AREA_STYLE_COLOUR('',#4752);
#4623=FILL_AREA_STYLE_COLOUR('',#4752);
#4624=FILL_AREA_STYLE_COLOUR('',#4752);
#4625=FILL_AREA_STYLE_COLOUR('',#4752);
#4626=FILL_AREA_STYLE_COLOUR('',#4752);
#4627=FILL_AREA_STYLE_COLOUR('',#4752);
#4628=FILL_AREA_STYLE_COLOUR('',#4752);
#4629=FILL_AREA_STYLE_COLOUR('',#4752);
#4630=FILL_AREA_STYLE_COLOUR('',#4752);
#4631=FILL_AREA_STYLE_COLOUR('',#4752);
#4632=FILL_AREA_STYLE_COLOUR('',#4752);
#4633=FILL_AREA_STYLE_COLOUR('',#4752);
#4634=FILL_AREA_STYLE_COLOUR('',#4752);
#4635=FILL_AREA_STYLE_COLOUR('',#4752);
#4636=FILL_AREA_STYLE_COLOUR('',#4752);
#4637=FILL_AREA_STYLE_COLOUR('',#4752);
#4638=FILL_AREA_STYLE_COLOUR('',#4752);
#4639=FILL_AREA_STYLE_COLOUR('',#4752);
#4640=FILL_AREA_STYLE_COLOUR('',#4752);
#4641=FILL_AREA_STYLE_COLOUR('',#4752);
#4642=FILL_AREA_STYLE_COLOUR('',#4752);
#4643=FILL_AREA_STYLE_COLOUR('',#4752);
#4644=FILL_AREA_STYLE_COLOUR('',#4752);
#4645=FILL_AREA_STYLE_COLOUR('',#4752);
#4646=FILL_AREA_STYLE_COLOUR('',#4752);
#4647=FILL_AREA_STYLE_COLOUR('',#4752);
#4648=FILL_AREA_STYLE_COLOUR('',#4752);
#4649=FILL_AREA_STYLE_COLOUR('',#4752);
#4650=FILL_AREA_STYLE_COLOUR('',#4752);
#4651=FILL_AREA_STYLE_COLOUR('',#4752);
#4652=FILL_AREA_STYLE_COLOUR('',#4752);
#4653=FILL_AREA_STYLE_COLOUR('',#4752);
#4654=FILL_AREA_STYLE_COLOUR('',#4752);
#4655=FILL_AREA_STYLE_COLOUR('',#4752);
#4656=FILL_AREA_STYLE_COLOUR('',#4752);
#4657=FILL_AREA_STYLE_COLOUR('',#4752);
#4658=FILL_AREA_STYLE_COLOUR('',#4752);
#4659=FILL_AREA_STYLE_COLOUR('',#4752);
#4660=FILL_AREA_STYLE_COLOUR('',#4752);
#4661=FILL_AREA_STYLE_COLOUR('',#4752);
#4662=FILL_AREA_STYLE_COLOUR('',#4752);
#4663=FILL_AREA_STYLE_COLOUR('',#4752);
#4664=FILL_AREA_STYLE_COLOUR('',#4752);
#4665=FILL_AREA_STYLE_COLOUR('',#4752);
#4666=FILL_AREA_STYLE_COLOUR('',#4752);
#4667=FILL_AREA_STYLE_COLOUR('',#4752);
#4668=FILL_AREA_STYLE_COLOUR('',#4752);
#4669=FILL_AREA_STYLE_COLOUR('',#4751);
#4670=FILL_AREA_STYLE_COLOUR('',#4751);
#4671=FILL_AREA_STYLE_COLOUR('',#4751);
#4672=FILL_AREA_STYLE_COLOUR('',#4751);
#4673=FILL_AREA_STYLE_COLOUR('',#4751);
#4674=FILL_AREA_STYLE_COLOUR('',#4751);
#4675=FILL_AREA_STYLE_COLOUR('',#4751);
#4676=FILL_AREA_STYLE_COLOUR('',#4751);
#4677=FILL_AREA_STYLE_COLOUR('',#4751);
#4678=FILL_AREA_STYLE_COLOUR('',#4751);
#4679=FILL_AREA_STYLE_COLOUR('',#4751);
#4680=FILL_AREA_STYLE_COLOUR('',#4751);
#4681=FILL_AREA_STYLE_COLOUR('',#4751);
#4682=FILL_AREA_STYLE_COLOUR('',#4751);
#4683=FILL_AREA_STYLE_COLOUR('',#4751);
#4684=FILL_AREA_STYLE_COLOUR('',#4751);
#4685=FILL_AREA_STYLE_COLOUR('',#4751);
#4686=FILL_AREA_STYLE_COLOUR('',#4751);
#4687=FILL_AREA_STYLE_COLOUR('',#4751);
#4688=FILL_AREA_STYLE_COLOUR('',#4751);
#4689=FILL_AREA_STYLE_COLOUR('',#4751);
#4690=FILL_AREA_STYLE_COLOUR('',#4751);
#4691=FILL_AREA_STYLE_COLOUR('',#4751);
#4692=FILL_AREA_STYLE_COLOUR('',#4751);
#4693=FILL_AREA_STYLE_COLOUR('',#4751);
#4694=FILL_AREA_STYLE_COLOUR('',#4751);
#4695=FILL_AREA_STYLE_COLOUR('',#4751);
#4696=FILL_AREA_STYLE_COLOUR('',#4751);
#4697=FILL_AREA_STYLE_COLOUR('',#4751);
#4698=FILL_AREA_STYLE_COLOUR('',#4751);
#4699=FILL_AREA_STYLE_COLOUR('',#4751);
#4700=FILL_AREA_STYLE_COLOUR('',#4751);
#4701=FILL_AREA_STYLE_COLOUR('',#4751);
#4702=FILL_AREA_STYLE_COLOUR('',#4751);
#4703=FILL_AREA_STYLE_COLOUR('',#4751);
#4704=FILL_AREA_STYLE_COLOUR('',#4751);
#4705=FILL_AREA_STYLE_COLOUR('',#4751);
#4706=FILL_AREA_STYLE_COLOUR('',#4751);
#4707=FILL_AREA_STYLE_COLOUR('',#4751);
#4708=FILL_AREA_STYLE_COLOUR('',#4751);
#4709=FILL_AREA_STYLE_COLOUR('',#4751);
#4710=FILL_AREA_STYLE_COLOUR('',#4751);
#4711=FILL_AREA_STYLE_COLOUR('',#4751);
#4712=FILL_AREA_STYLE_COLOUR('',#4751);
#4713=FILL_AREA_STYLE_COLOUR('',#4751);
#4714=FILL_AREA_STYLE_COLOUR('',#4753);
#4715=FILL_AREA_STYLE_COLOUR('',#4751);
#4716=FILL_AREA_STYLE_COLOUR('',#4751);
#4717=FILL_AREA_STYLE_COLOUR('',#4750);
#4718=FILL_AREA_STYLE_COLOUR('',#4750);
#4719=FILL_AREA_STYLE_COLOUR('',#4750);
#4720=FILL_AREA_STYLE_COLOUR('',#4750);
#4721=FILL_AREA_STYLE_COLOUR('',#4750);
#4722=FILL_AREA_STYLE_COLOUR('',#4750);
#4723=FILL_AREA_STYLE_COLOUR('',#4750);
#4724=FILL_AREA_STYLE_COLOUR('',#4750);
#4725=FILL_AREA_STYLE_COLOUR('',#4750);
#4726=FILL_AREA_STYLE_COLOUR('',#4750);
#4727=FILL_AREA_STYLE_COLOUR('',#4750);
#4728=FILL_AREA_STYLE_COLOUR('',#4750);
#4729=FILL_AREA_STYLE_COLOUR('',#4751);
#4730=FILL_AREA_STYLE_COLOUR('',#4751);
#4731=FILL_AREA_STYLE_COLOUR('',#4751);
#4732=FILL_AREA_STYLE_COLOUR('',#4751);
#4733=FILL_AREA_STYLE_COLOUR('',#4751);
#4734=FILL_AREA_STYLE_COLOUR('',#4751);
#4735=FILL_AREA_STYLE_COLOUR('',#4751);
#4736=FILL_AREA_STYLE_COLOUR('',#4751);
#4737=FILL_AREA_STYLE_COLOUR('',#4751);
#4738=FILL_AREA_STYLE_COLOUR('',#4751);
#4739=FILL_AREA_STYLE_COLOUR('',#4751);
#4740=FILL_AREA_STYLE_COLOUR('',#4751);
#4741=FILL_AREA_STYLE_COLOUR('',#4751);
#4742=FILL_AREA_STYLE_COLOUR('',#4751);
#4743=FILL_AREA_STYLE_COLOUR('',#4751);
#4744=FILL_AREA_STYLE_COLOUR('',#4751);
#4745=FILL_AREA_STYLE_COLOUR('',#4751);
#4746=FILL_AREA_STYLE_COLOUR('',#4751);
#4747=FILL_AREA_STYLE_COLOUR('',#4751);
#4748=FILL_AREA_STYLE_COLOUR('',#4751);
#4749=FILL_AREA_STYLE_COLOUR('',#18);
#4750=COLOUR_RGB('',0.77300000190735,0.77300000190735,0.);
#4751=COLOUR_RGB('',0.200000002980232,0.200000002980232,0.200000002980232);
#4752=COLOUR_RGB('',0.75300002098083,0.75300002098083,0.75300002098083);
#4753=COLOUR_RGB('',0.90200001001358,0.90200001001358,0.90200001001358);
#4754=ADVANCED_FACE('',(#3164,#3165,#3166,#3167,#3168,#3169,#3170),#3363,
 .F.);
#4755=ADVANCED_FACE('',(#3171),#3364,.F.);
#4756=ADVANCED_FACE('',(#3172),#3365,.F.);
#4757=ADVANCED_FACE('',(#3173),#3366,.F.);
#4758=ADVANCED_FACE('',(#3174),#3367,.F.);
#4759=ADVANCED_FACE('',(#3175),#3368,.F.);
#4760=ADVANCED_FACE('',(#3176),#3369,.F.);
#4761=ADVANCED_FACE('',(#3177),#3370,.F.);
#4762=ADVANCED_FACE('',(#3178),#3371,.F.);
#4763=ADVANCED_FACE('',(#3179),#3372,.F.);
#4764=ADVANCED_FACE('',(#3180),#3373,.F.);
#4765=ADVANCED_FACE('',(#3181),#3374,.F.);
#4766=ADVANCED_FACE('',(#3182),#3375,.F.);
#4767=ADVANCED_FACE('',(#3183),#3376,.F.);
#4768=ADVANCED_FACE('',(#3184),#3377,.F.);
#4769=ADVANCED_FACE('',(#3185),#3378,.F.);
#4770=ADVANCED_FACE('',(#3186),#3379,.F.);
#4771=ADVANCED_FACE('',(#3187),#41,.T.);
#4772=ADVANCED_FACE('',(#3188),#42,.T.);
#4773=ADVANCED_FACE('',(#3189),#43,.T.);
#4774=ADVANCED_FACE('',(#3190),#44,.T.);
#4775=ADVANCED_FACE('',(#3191),#3380,.F.);
#4776=ADVANCED_FACE('',(#3192),#3381,.F.);
#4777=ADVANCED_FACE('',(#3193),#3382,.F.);
#4778=ADVANCED_FACE('',(#3194),#3383,.F.);
#4779=ADVANCED_FACE('',(#3195),#3384,.F.);
#4780=ADVANCED_FACE('',(#3196),#3385,.F.);
#4781=ADVANCED_FACE('',(#3197),#45,.F.);
#4782=ADVANCED_FACE('',(#3198),#46,.F.);
#4783=ADVANCED_FACE('',(#3199),#3386,.T.);
#4784=ADVANCED_FACE('',(#3200),#3387,.T.);
#4785=ADVANCED_FACE('',(#3201),#3388,.F.);
#4786=ADVANCED_FACE('',(#3202),#3389,.F.);
#4787=ADVANCED_FACE('',(#3203),#3390,.F.);
#4788=ADVANCED_FACE('',(#3204),#3391,.F.);
#4789=ADVANCED_FACE('',(#3205),#3392,.F.);
#4790=ADVANCED_FACE('',(#3206),#47,.T.);
#4791=ADVANCED_FACE('',(#3207),#48,.T.);
#4792=ADVANCED_FACE('',(#3208),#3393,.F.);
#4793=ADVANCED_FACE('',(#3209),#3394,.F.);
#4794=ADVANCED_FACE('',(#3210),#3395,.F.);
#4795=ADVANCED_FACE('',(#3211),#49,.F.);
#4796=ADVANCED_FACE('',(#3212),#3396,.F.);
#4797=ADVANCED_FACE('',(#3213),#50,.T.);
#4798=ADVANCED_FACE('',(#3214),#3397,.F.);
#4799=ADVANCED_FACE('',(#3215),#51,.T.);
#4800=ADVANCED_FACE('',(#3216),#3398,.F.);
#4801=ADVANCED_FACE('',(#3217),#52,.F.);
#4802=ADVANCED_FACE('',(#3218),#3399,.T.);
#4803=ADVANCED_FACE('',(#3219),#3400,.F.);
#4804=ADVANCED_FACE('',(#3220),#53,.F.);
#4805=ADVANCED_FACE('',(#3221),#54,.T.);
#4806=ADVANCED_FACE('',(#3222),#3401,.F.);
#4807=ADVANCED_FACE('',(#3223),#55,.T.);
#4808=ADVANCED_FACE('',(#3224),#3402,.F.);
#4809=ADVANCED_FACE('',(#3225),#56,.F.);
#4810=ADVANCED_FACE('',(#3226),#57,.F.);
#4811=ADVANCED_FACE('',(#3227),#58,.T.);
#4812=ADVANCED_FACE('',(#3228),#3403,.F.);
#4813=ADVANCED_FACE('',(#3229),#59,.T.);
#4814=ADVANCED_FACE('',(#3230),#3404,.F.);
#4815=ADVANCED_FACE('',(#3231),#60,.F.);
#4816=ADVANCED_FACE('',(#3232),#3405,.F.);
#4817=ADVANCED_FACE('',(#3233),#3406,.F.);
#4818=ADVANCED_FACE('',(#3234),#61,.T.);
#4819=ADVANCED_FACE('',(#3235),#62,.T.);
#4820=ADVANCED_FACE('',(#3236),#63,.T.);
#4821=ADVANCED_FACE('',(#3237),#64,.T.);
#4822=ADVANCED_FACE('',(#3238),#3407,.F.);
#4823=ADVANCED_FACE('',(#3239),#3408,.F.);
#4824=ADVANCED_FACE('',(#3240),#65,.T.);
#4825=ADVANCED_FACE('',(#3241),#66,.F.);
#4826=ADVANCED_FACE('',(#3242),#67,.T.);
#4827=ADVANCED_FACE('',(#3243),#68,.T.);
#4828=ADVANCED_FACE('',(#3244),#3409,.F.);
#4829=ADVANCED_FACE('',(#3245),#69,.F.);
#4830=ADVANCED_FACE('',(#3246),#70,.T.);
#4831=ADVANCED_FACE('',(#3247),#71,.F.);
#4832=ADVANCED_FACE('',(#3248),#72,.T.);
#4833=ADVANCED_FACE('',(#3249),#3410,.F.);
#4834=ADVANCED_FACE('',(#3250),#73,.T.);
#4835=ADVANCED_FACE('',(#3251),#74,.F.);
#4836=ADVANCED_FACE('',(#3252),#3411,.F.);
#4837=ADVANCED_FACE('',(#3253),#3412,.F.);
#4838=ADVANCED_FACE('',(#3254),#75,.T.);
#4839=ADVANCED_FACE('',(#3255),#76,.F.);
#4840=ADVANCED_FACE('',(#3256),#77,.T.);
#4841=ADVANCED_FACE('',(#3257),#78,.T.);
#4842=ADVANCED_FACE('',(#3258),#3413,.F.);
#4843=ADVANCED_FACE('',(#3259),#79,.F.);
#4844=ADVANCED_FACE('',(#3260),#80,.T.);
#4845=ADVANCED_FACE('',(#3261),#81,.F.);
#4846=ADVANCED_FACE('',(#3262),#82,.T.);
#4847=ADVANCED_FACE('',(#3263),#3414,.F.);
#4848=ADVANCED_FACE('',(#3264),#83,.T.);
#4849=ADVANCED_FACE('',(#3265),#84,.F.);
#4850=ADVANCED_FACE('',(#3266),#3415,.F.);
#4851=ADVANCED_FACE('',(#3267),#3416,.F.);
#4852=ADVANCED_FACE('',(#3268),#3417,.F.);
#4853=ADVANCED_FACE('',(#3269),#3418,.F.);
#4854=ADVANCED_FACE('',(#3270),#3419,.F.);
#4855=ADVANCED_FACE('',(#3271),#3420,.F.);
#4856=ADVANCED_FACE('',(#3272),#3421,.F.);
#4857=ADVANCED_FACE('',(#3273),#3422,.F.);
#4858=ADVANCED_FACE('',(#3274),#3423,.F.);
#4859=ADVANCED_FACE('',(#3275),#3424,.F.);
#4860=ADVANCED_FACE('',(#3276),#3425,.T.);
#4861=ADVANCED_FACE('',(#3277),#3426,.F.);
#4862=ADVANCED_FACE('',(#3278,#3279),#31,.T.);
#4863=ADVANCED_FACE('',(#3280,#3281),#85,.T.);
#4864=ADVANCED_FACE('',(#3282),#3427,.F.);
#4865=ADVANCED_FACE('',(#3283,#3284),#32,.T.);
#4866=ADVANCED_FACE('',(#3285,#3286),#86,.T.);
#4867=ADVANCED_FACE('',(#3287),#3428,.F.);
#4868=ADVANCED_FACE('',(#3288),#3429,.F.);
#4869=ADVANCED_FACE('',(#3289),#3430,.T.);
#4870=ADVANCED_FACE('',(#3290),#3431,.F.);
#4871=ADVANCED_FACE('',(#3291),#3432,.F.);
#4872=ADVANCED_FACE('',(#3292),#3433,.F.);
#4873=ADVANCED_FACE('',(#3293),#3434,.T.);
#4874=ADVANCED_FACE('',(#3294),#3435,.F.);
#4875=ADVANCED_FACE('',(#3295),#3436,.T.);
#4876=ADVANCED_FACE('',(#3296),#3437,.T.);
#4877=ADVANCED_FACE('',(#3297),#3438,.F.);
#4878=ADVANCED_FACE('',(#3298),#3439,.T.);
#4879=ADVANCED_FACE('',(#3299),#3440,.T.);
#4880=ADVANCED_FACE('',(#3300),#3441,.T.);
#4881=ADVANCED_FACE('',(#3301),#3442,.F.);
#4882=ADVANCED_FACE('',(#3302),#3443,.T.);
#4883=ADVANCED_FACE('',(#3303),#87,.T.);
#4884=ADVANCED_FACE('',(#3304),#3444,.F.);
#4885=ADVANCED_FACE('',(#3305),#3445,.T.);
#4886=ADVANCED_FACE('',(#3306),#3446,.F.);
#4887=ADVANCED_FACE('',(#3307),#88,.T.);
#4888=ADVANCED_FACE('',(#3308),#3447,.T.);
#4889=ADVANCED_FACE('',(#3309),#3448,.F.);
#4890=ADVANCED_FACE('',(#3310),#89,.T.);
#4891=ADVANCED_FACE('',(#3311),#3449,.T.);
#4892=ADVANCED_FACE('',(#3312),#90,.T.);
#4893=ADVANCED_FACE('',(#3313),#3450,.F.);
#4894=ADVANCED_FACE('',(#3314),#3451,.T.);
#4895=ADVANCED_FACE('',(#3315),#3452,.T.);
#4896=ADVANCED_FACE('',(#3316),#3453,.T.);
#4897=ADVANCED_FACE('',(#3317),#3454,.T.);
#4898=ADVANCED_FACE('',(#3318),#3455,.F.);
#4899=ADVANCED_FACE('',(#3319),#3456,.T.);
#4900=ADVANCED_FACE('',(#3320),#3457,.F.);
#4901=ADVANCED_FACE('',(#3321),#3458,.F.);
#4902=ADVANCED_FACE('',(#3322),#3459,.T.);
#4903=ADVANCED_FACE('',(#3323),#3460,.F.);
#4904=ADVANCED_FACE('',(#3324),#3461,.F.);
#4905=ADVANCED_FACE('',(#3325),#3462,.F.);
#4906=ADVANCED_FACE('',(#3326),#3463,.T.);
#4907=ADVANCED_FACE('',(#3327),#3464,.F.);
#4908=ADVANCED_FACE('',(#3328),#3465,.F.);
#4909=ADVANCED_FACE('',(#3329),#3466,.F.);
#4910=ADVANCED_FACE('',(#3330),#3467,.T.);
#4911=ADVANCED_FACE('',(#3331),#3468,.F.);
#4912=ADVANCED_FACE('',(#3332),#3469,.T.);
#4913=ADVANCED_FACE('',(#3333),#3470,.T.);
#4914=ADVANCED_FACE('',(#3334),#3471,.T.);
#4915=ADVANCED_FACE('',(#3335),#3472,.T.);
#4916=ADVANCED_FACE('',(#3336),#3473,.F.);
#4917=ADVANCED_FACE('',(#3337),#3474,.T.);
#4918=ADVANCED_FACE('',(#3338),#3475,.T.);
#4919=ADVANCED_FACE('',(#3339),#3476,.T.);
#4920=ADVANCED_FACE('',(#3340),#3477,.T.);
#4921=ADVANCED_FACE('',(#3341),#3478,.F.);
#4922=ADVANCED_FACE('',(#3342),#3479,.T.);
#4923=ADVANCED_FACE('',(#3343),#3480,.T.);
#4924=ADVANCED_FACE('',(#3344),#3481,.T.);
#4925=ADVANCED_FACE('',(#3345),#3482,.T.);
#4926=ADVANCED_FACE('',(#3346),#3483,.F.);
#4927=ADVANCED_FACE('',(#3347),#3484,.T.);
#4928=ADVANCED_FACE('',(#3348),#3485,.T.);
#4929=ADVANCED_FACE('',(#3349),#3486,.T.);
#4930=ADVANCED_FACE('',(#3350),#3487,.T.);
#4931=ADVANCED_FACE('',(#3351),#3488,.F.);
#4932=ADVANCED_FACE('',(#3352),#3489,.F.);
#4933=ADVANCED_FACE('',(#3353),#3490,.F.);
#4934=ADVANCED_FACE('',(#3354),#3491,.F.);
#4935=ADVANCED_FACE('',(#3355),#3492,.F.);
#4936=ADVANCED_FACE('',(#3356),#91,.F.);
#4937=ADVANCED_FACE('',(#3357),#3493,.F.);
#4938=ADVANCED_FACE('',(#3358),#3494,.F.);
#4939=ADVANCED_FACE('',(#3359),#3495,.T.);
#4940=ADVANCED_FACE('',(#3360),#3496,.F.);
#4941=ADVANCED_FACE('',(#3361),#92,.T.);
#4942=ADVANCED_FACE('',(#3362),#93,.T.);
#4943=CLOSED_SHELL('',(#4754,#4755,#4756,#4757,#4758,#4759,#4760,#4761,
#4762,#4763,#4764,#4765,#4766,#4767,#4768,#4769,#4770,#4771,#4772,#4773,
#4774,#4775,#4776,#4777,#4778,#4779,#4780,#4781,#4782,#4783,#4784,#4785,
#4786,#4787,#4788,#4789,#4790,#4791,#4792,#4793,#4794,#4795,#4796,#4797,
#4798,#4799,#4800,#4801,#4802,#4803,#4804,#4805,#4806,#4807,#4808,#4809,
#4810,#4811,#4812,#4813,#4814,#4815,#4816,#4817,#4818,#4819,#4820,#4821,
#4822,#4823,#4824,#4825,#4826,#4827,#4828,#4829,#4830,#4831,#4832,#4833,
#4834,#4835,#4836,#4837,#4838,#4839,#4840,#4841,#4842,#4843,#4844,#4845,
#4846,#4847,#4848,#4849,#4850,#4851,#4852,#4853,#4854,#4855,#4856,#4857,
#4858,#4859,#4860,#4861,#4862,#4863,#4864,#4865,#4866,#4867,#4868,#4869,
#4870,#4871,#4872,#4873,#4874,#4875,#4876,#4877,#4878,#4879,#4880,#4881,
#4882,#4883,#4884,#4885,#4886,#4887,#4888,#4889,#4890,#4891,#4892,#4893,
#4894,#4895,#4896,#4897,#4898,#4899,#4900,#4901,#4902,#4903,#4904,#4905,
#4906,#4907,#4908,#4909,#4910,#4911,#4912,#4913,#4914,#4915,#4916,#4917,
#4918,#4919,#4920,#4921,#4922,#4923,#4924,#4925,#4926,#4927,#4928,#4929,
#4930,#4931));
#4944=CLOSED_SHELL('',(#4932,#4933,#4934,#4935,#4936,#4937,#4938,#4939,
#4940,#4941,#4942));
#4945=MANIFOLD_SOLID_BREP('CUS-12-body',#4943);
#4946=MANIFOLD_SOLID_BREP('CUS-12-slider',#4944);
#4947=SHAPE_DEFINITION_REPRESENTATION(#7359,#4950);
#4948=SHAPE_DEFINITION_REPRESENTATION(#7360,#4951);
#4949=SHAPE_DEFINITION_REPRESENTATION(#7362,#4952);
#4950=SHAPE_REPRESENTATION('CUS-12TB',(#4953,#5230,#5248),#7350);
#4951=SHAPE_REPRESENTATION('CUS-12-body',(#4953),#7351);
#4952=SHAPE_REPRESENTATION('CUS-12-slider',(#4953),#7352);
#4953=AXIS2_PLACEMENT_3D('',#6258,#5249,#5250);
#4954=AXIS2_PLACEMENT_3D('',#6259,#5251,#5252);
#4955=AXIS2_PLACEMENT_3D('',#6308,#5277,#5278);
#4956=AXIS2_PLACEMENT_3D('',#6310,#5279,#5280);
#4957=AXIS2_PLACEMENT_3D('',#6328,#5289,#5290);
#4958=AXIS2_PLACEMENT_3D('',#6365,#5311,#5312);
#4959=AXIS2_PLACEMENT_3D('',#6371,#5315,#5316);
#4960=AXIS2_PLACEMENT_3D('',#6375,#5318,#5319);
#4961=AXIS2_PLACEMENT_3D('',#6383,#5323,#5324);
#4962=AXIS2_PLACEMENT_3D('',#6388,#5327,#5328);
#4963=AXIS2_PLACEMENT_3D('',#6398,#5333,#5334);
#4964=AXIS2_PLACEMENT_3D('',#6406,#5338,#5339);
#4965=AXIS2_PLACEMENT_3D('',#6410,#5341,#5342);
#4966=AXIS2_PLACEMENT_3D('',#6411,#5343,#5344);
#4967=AXIS2_PLACEMENT_3D('',#6416,#5347,#5348);
#4968=AXIS2_PLACEMENT_3D('',#6424,#5352,#5353);
#4969=AXIS2_PLACEMENT_3D('',#6428,#5355,#5356);
#4970=AXIS2_PLACEMENT_3D('',#6432,#5358,#5359);
#4971=AXIS2_PLACEMENT_3D('',#6436,#5361,#5362);
#4972=AXIS2_PLACEMENT_3D('',#6444,#5366,#5367);
#4973=AXIS2_PLACEMENT_3D('',#6445,#5368,#5369);
#4974=AXIS2_PLACEMENT_3D('',#6451,#5373,#5374);
#4975=AXIS2_PLACEMENT_3D('',#6457,#5378,#5379);
#4976=AXIS2_PLACEMENT_3D('',#6466,#5384,#5385);
#4977=AXIS2_PLACEMENT_3D('',#6471,#5388,#5389);
#4978=AXIS2_PLACEMENT_3D('',#6474,#5391,#5392);
#4979=AXIS2_PLACEMENT_3D('',#6483,#5397,#5398);
#4980=AXIS2_PLACEMENT_3D('',#6488,#5401,#5402);
#4981=AXIS2_PLACEMENT_3D('',#6491,#5404,#5405);
#4982=AXIS2_PLACEMENT_3D('',#6494,#5407,#5408);
#4983=AXIS2_PLACEMENT_3D('',#6496,#5409,#5410);
#4984=AXIS2_PLACEMENT_3D('',#6504,#5415,#5416);
#4985=AXIS2_PLACEMENT_3D('',#6520,#5424,#5425);
#4986=AXIS2_PLACEMENT_3D('',#6531,#5431,#5432);
#4987=AXIS2_PLACEMENT_3D('',#6533,#5433,#5434);
#4988=AXIS2_PLACEMENT_3D('',#6534,#5435,#5436);
#4989=AXIS2_PLACEMENT_3D('',#6537,#5438,#5439);
#4990=AXIS2_PLACEMENT_3D('',#6539,#5440,#5441);
#4991=AXIS2_PLACEMENT_3D('',#6550,#5447,#5448);
#4992=AXIS2_PLACEMENT_3D('',#6566,#5456,#5457);
#4993=AXIS2_PLACEMENT_3D('',#6574,#5462,#5463);
#4994=AXIS2_PLACEMENT_3D('',#6576,#5464,#5465);
#4995=AXIS2_PLACEMENT_3D('',#6577,#5466,#5467);
#4996=AXIS2_PLACEMENT_3D('',#6584,#5471,#5472);
#4997=AXIS2_PLACEMENT_3D('',#6586,#5473,#5474);
#4998=AXIS2_PLACEMENT_3D('',#6591,#5477,#5478);
#4999=AXIS2_PLACEMENT_3D('',#6598,#5482,#5483);
#5000=AXIS2_PLACEMENT_3D('',#6600,#5484,#5485);
#5001=AXIS2_PLACEMENT_3D('',#6605,#5488,#5489);
#5002=AXIS2_PLACEMENT_3D('',#6610,#5492,#5493);
#5003=AXIS2_PLACEMENT_3D('',#6612,#5494,#5495);
#5004=AXIS2_PLACEMENT_3D('',#6617,#5498,#5499);
#5005=AXIS2_PLACEMENT_3D('',#6622,#5502,#5503);
#5006=AXIS2_PLACEMENT_3D('',#6624,#5504,#5505);
#5007=AXIS2_PLACEMENT_3D('',#6629,#5508,#5509);
#5008=AXIS2_PLACEMENT_3D('',#6651,#5511,#5512);
#5009=AXIS2_PLACEMENT_3D('',#6652,#5513,#5514);
#5010=AXIS2_PLACEMENT_3D('',#6656,#5516,#5517);
#5011=AXIS2_PLACEMENT_3D('',#6657,#5518,#5519);
#5012=AXIS2_PLACEMENT_3D('',#6679,#5521,#5522);
#5013=AXIS2_PLACEMENT_3D('',#6680,#5523,#5524);
#5014=AXIS2_PLACEMENT_3D('',#6682,#5525,#5526);
#5015=AXIS2_PLACEMENT_3D('',#6685,#5528,#5529);
#5016=AXIS2_PLACEMENT_3D('',#6689,#5531,#5532);
#5017=AXIS2_PLACEMENT_3D('',#6696,#5536,#5537);
#5018=AXIS2_PLACEMENT_3D('',#6702,#5541,#5542);
#5019=AXIS2_PLACEMENT_3D('',#6707,#5545,#5546);
#5020=AXIS2_PLACEMENT_3D('',#6710,#5548,#5549);
#5021=AXIS2_PLACEMENT_3D('',#6711,#5550,#5551);
#5022=AXIS2_PLACEMENT_3D('',#6718,#5555,#5556);
#5023=AXIS2_PLACEMENT_3D('',#6724,#5560,#5561);
#5024=AXIS2_PLACEMENT_3D('',#6728,#5563,#5564);
#5025=AXIS2_PLACEMENT_3D('',#6732,#5567,#5568);
#5026=AXIS2_PLACEMENT_3D('',#6733,#5569,#5570);
#5027=AXIS2_PLACEMENT_3D('',#6735,#5571,#5572);
#5028=AXIS2_PLACEMENT_3D('',#6738,#5574,#5575);
#5029=AXIS2_PLACEMENT_3D('',#6739,#5576,#5577);
#5030=AXIS2_PLACEMENT_3D('',#6741,#5578,#5579);
#5031=AXIS2_PLACEMENT_3D('',#6744,#5581,#5582);
#5032=AXIS2_PLACEMENT_3D('',#6751,#5587,#5588);
#5033=AXIS2_PLACEMENT_3D('',#6755,#5590,#5591);
#5034=AXIS2_PLACEMENT_3D('',#6760,#5594,#5595);
#5035=AXIS2_PLACEMENT_3D('',#6765,#5598,#5599);
#5036=AXIS2_PLACEMENT_3D('',#6776,#5605,#5606);
#5037=AXIS2_PLACEMENT_3D('',#6777,#5607,#5608);
#5038=AXIS2_PLACEMENT_3D('',#6783,#5612,#5613);
#5039=AXIS2_PLACEMENT_3D('',#6784,#5614,#5615);
#5040=AXIS2_PLACEMENT_3D('',#6791,#5619,#5620);
#5041=AXIS2_PLACEMENT_3D('',#6795,#5623,#5624);
#5042=AXIS2_PLACEMENT_3D('',#6798,#5626,#5627);
#5043=AXIS2_PLACEMENT_3D('',#6799,#5628,#5629);
#5044=AXIS2_PLACEMENT_3D('',#6800,#5630,#5631);
#5045=AXIS2_PLACEMENT_3D('',#6801,#5632,#5633);
#5046=AXIS2_PLACEMENT_3D('',#6802,#5634,#5635);
#5047=AXIS2_PLACEMENT_3D('',#6803,#5636,#5637);
#5048=AXIS2_PLACEMENT_3D('',#6806,#5639,#5640);
#5049=AXIS2_PLACEMENT_3D('',#6811,#5643,#5644);
#5050=AXIS2_PLACEMENT_3D('',#6812,#5645,#5646);
#5051=AXIS2_PLACEMENT_3D('',#6816,#5649,#5650);
#5052=AXIS2_PLACEMENT_3D('',#6817,#5651,#5652);
#5053=AXIS2_PLACEMENT_3D('',#6822,#5655,#5656);
#5054=AXIS2_PLACEMENT_3D('',#6823,#5657,#5658);
#5055=AXIS2_PLACEMENT_3D('',#6826,#5660,#5661);
#5056=AXIS2_PLACEMENT_3D('',#6835,#5666,#5667);
#5057=AXIS2_PLACEMENT_3D('',#6838,#5669,#5670);
#5058=AXIS2_PLACEMENT_3D('',#6840,#5671,#5672);
#5059=AXIS2_PLACEMENT_3D('',#6844,#5674,#5675);
#5060=AXIS2_PLACEMENT_3D('',#6846,#5676,#5677);
#5061=AXIS2_PLACEMENT_3D('',#6851,#5680,#5681);
#5062=AXIS2_PLACEMENT_3D('',#6863,#5687,#5688);
#5063=AXIS2_PLACEMENT_3D('',#6865,#5689,#5690);
#5064=AXIS2_PLACEMENT_3D('',#6867,#5692,#5693);
#5065=AXIS2_PLACEMENT_3D('',#6869,#5694,#5695);
#5066=AXIS2_PLACEMENT_3D('',#6870,#5696,#5697);
#5067=AXIS2_PLACEMENT_3D('',#6872,#5699,#5700);
#5068=AXIS2_PLACEMENT_3D('',#6873,#5701,#5702);
#5069=AXIS2_PLACEMENT_3D('',#6876,#5704,#5705);
#5070=AXIS2_PLACEMENT_3D('',#6880,#5707,#5708);
#5071=AXIS2_PLACEMENT_3D('',#6881,#5709,#5710);
#5072=AXIS2_PLACEMENT_3D('',#6885,#5712,#5713);
#5073=AXIS2_PLACEMENT_3D('',#6886,#5714,#5715);
#5074=AXIS2_PLACEMENT_3D('',#6890,#5717,#5718);
#5075=AXIS2_PLACEMENT_3D('',#6891,#5719,#5720);
#5076=AXIS2_PLACEMENT_3D('',#6894,#5722,#5723);
#5077=AXIS2_PLACEMENT_3D('',#6896,#5725,#5726);
#5078=AXIS2_PLACEMENT_3D('',#6899,#5728,#5729);
#5079=AXIS2_PLACEMENT_3D('',#6908,#5734,#5735);
#5080=AXIS2_PLACEMENT_3D('',#6910,#5736,#5737);
#5081=AXIS2_PLACEMENT_3D('',#6911,#5738,#5739);
#5082=AXIS2_PLACEMENT_3D('',#6913,#5740,#5741);
#5083=AXIS2_PLACEMENT_3D('',#6925,#5747,#5748);
#5084=AXIS2_PLACEMENT_3D('',#6930,#5751,#5752);
#5085=AXIS2_PLACEMENT_3D('',#6932,#5753,#5754);
#5086=AXIS2_PLACEMENT_3D('',#6936,#5756,#5757);
#5087=AXIS2_PLACEMENT_3D('',#6938,#5758,#5759);
#5088=AXIS2_PLACEMENT_3D('',#6941,#5761,#5762);
#5089=AXIS2_PLACEMENT_3D('',#6942,#5763,#5764);
#5090=AXIS2_PLACEMENT_3D('',#6943,#5765,#5766);
#5091=AXIS2_PLACEMENT_3D('',#6945,#5768,#5769);
#5092=AXIS2_PLACEMENT_3D('',#6947,#5771,#5772);
#5093=AXIS2_PLACEMENT_3D('',#6949,#5774,#5775);
#5094=AXIS2_PLACEMENT_3D('',#6951,#5777,#5778);
#5095=AXIS2_PLACEMENT_3D('',#6952,#5779,#5780);
#5096=AXIS2_PLACEMENT_3D('',#6954,#5782,#5783);
#5097=AXIS2_PLACEMENT_3D('',#6956,#5785,#5786);
#5098=AXIS2_PLACEMENT_3D('',#6957,#5787,#5788);
#5099=AXIS2_PLACEMENT_3D('',#6959,#5790,#5791);
#5100=AXIS2_PLACEMENT_3D('',#6961,#5793,#5794);
#5101=AXIS2_PLACEMENT_3D('',#6962,#5795,#5796);
#5102=AXIS2_PLACEMENT_3D('',#6964,#5798,#5799);
#5103=AXIS2_PLACEMENT_3D('',#6966,#5801,#5802);
#5104=AXIS2_PLACEMENT_3D('',#6967,#5803,#5804);
#5105=AXIS2_PLACEMENT_3D('',#6970,#5807,#5808);
#5106=AXIS2_PLACEMENT_3D('',#6973,#5811,#5812);
#5107=AXIS2_PLACEMENT_3D('',#6974,#5813,#5814);
#5108=AXIS2_PLACEMENT_3D('',#6975,#5815,#5816);
#5109=AXIS2_PLACEMENT_3D('',#6977,#5818,#5819);
#5110=AXIS2_PLACEMENT_3D('',#6979,#5821,#5822);
#5111=AXIS2_PLACEMENT_3D('',#6981,#5824,#5825);
#5112=AXIS2_PLACEMENT_3D('',#6983,#5827,#5828);
#5113=AXIS2_PLACEMENT_3D('',#6985,#5830,#5831);
#5114=AXIS2_PLACEMENT_3D('',#6986,#5832,#5833);
#5115=AXIS2_PLACEMENT_3D('',#6988,#5835,#5836);
#5116=AXIS2_PLACEMENT_3D('',#6990,#5838,#5839);
#5117=AXIS2_PLACEMENT_3D('',#6993,#5842,#5843);
#5118=AXIS2_PLACEMENT_3D('',#6995,#5845,#5846);
#5119=AXIS2_PLACEMENT_3D('',#6996,#5847,#5848);
#5120=AXIS2_PLACEMENT_3D('',#6997,#5849,#5850);
#5121=AXIS2_PLACEMENT_3D('',#7000,#5853,#5854);
#5122=AXIS2_PLACEMENT_3D('',#7002,#5856,#5857);
#5123=AXIS2_PLACEMENT_3D('',#7004,#5859,#5860);
#5124=AXIS2_PLACEMENT_3D('',#7006,#5862,#5863);
#5125=AXIS2_PLACEMENT_3D('',#7008,#5865,#5866);
#5126=AXIS2_PLACEMENT_3D('',#7009,#5867,#5868);
#5127=AXIS2_PLACEMENT_3D('',#7010,#5869,#5870);
#5128=AXIS2_PLACEMENT_3D('',#7012,#5872,#5873);
#5129=AXIS2_PLACEMENT_3D('',#7013,#5874,#5875);
#5130=AXIS2_PLACEMENT_3D('',#7015,#5877,#5878);
#5131=AXIS2_PLACEMENT_3D('',#7017,#5880,#5881);
#5132=AXIS2_PLACEMENT_3D('',#7020,#5884,#5885);
#5133=AXIS2_PLACEMENT_3D('',#7022,#5887,#5888);
#5134=AXIS2_PLACEMENT_3D('',#7023,#5889,#5890);
#5135=AXIS2_PLACEMENT_3D('',#7024,#5891,#5892);
#5136=AXIS2_PLACEMENT_3D('',#7027,#5895,#5896);
#5137=AXIS2_PLACEMENT_3D('',#7029,#5898,#5899);
#5138=AXIS2_PLACEMENT_3D('',#7031,#5901,#5902);
#5139=AXIS2_PLACEMENT_3D('',#7033,#5904,#5905);
#5140=AXIS2_PLACEMENT_3D('',#7035,#5907,#5908);
#5141=AXIS2_PLACEMENT_3D('',#7036,#5909,#5910);
#5142=AXIS2_PLACEMENT_3D('',#7037,#5911,#5912);
#5143=AXIS2_PLACEMENT_3D('',#7045,#5917,#5918);
#5144=AXIS2_PLACEMENT_3D('',#7048,#5921,#5922);
#5145=AXIS2_PLACEMENT_3D('',#7056,#5927,#5928);
#5146=AXIS2_PLACEMENT_3D('',#7060,#5931,#5932);
#5147=AXIS2_PLACEMENT_3D('',#7062,#5934,#5935);
#5148=AXIS2_PLACEMENT_3D('',#7066,#5938,#5939);
#5149=AXIS2_PLACEMENT_3D('',#7069,#5942,#5943);
#5150=AXIS2_PLACEMENT_3D('',#7071,#5945,#5946);
#5151=AXIS2_PLACEMENT_3D('',#7083,#5954,#5955);
#5152=AXIS2_PLACEMENT_3D('',#7084,#5956,#5957);
#5153=AXIS2_PLACEMENT_3D('',#7086,#5958,#5959);
#5154=AXIS2_PLACEMENT_3D('',#7087,#5960,#5961);
#5155=AXIS2_PLACEMENT_3D('',#7089,#5962,#5963);
#5156=AXIS2_PLACEMENT_3D('',#7090,#5964,#5965);
#5157=AXIS2_PLACEMENT_3D('',#7091,#5966,#5967);
#5158=AXIS2_PLACEMENT_3D('',#7093,#5968,#5969);
#5159=AXIS2_PLACEMENT_3D('',#7094,#5970,#5971);
#5160=AXIS2_PLACEMENT_3D('',#7096,#5972,#5973);
#5161=AXIS2_PLACEMENT_3D('',#7097,#5974,#5975);
#5162=AXIS2_PLACEMENT_3D('',#7102,#5979,#5980);
#5163=AXIS2_PLACEMENT_3D('',#7104,#5982,#5983);
#5164=AXIS2_PLACEMENT_3D('',#7105,#5984,#5985);
#5165=AXIS2_PLACEMENT_3D('',#7109,#5988,#5989);
#5166=AXIS2_PLACEMENT_3D('',#7111,#5991,#5992);
#5167=AXIS2_PLACEMENT_3D('',#7116,#5996,#5997);
#5168=AXIS2_PLACEMENT_3D('',#7117,#5998,#5999);
#5169=AXIS2_PLACEMENT_3D('',#7121,#6002,#6003);
#5170=AXIS2_PLACEMENT_3D('',#7126,#6007,#6008);
#5171=AXIS2_PLACEMENT_3D('',#7128,#6010,#6011);
#5172=AXIS2_PLACEMENT_3D('',#7129,#6012,#6013);
#5173=AXIS2_PLACEMENT_3D('',#7133,#6016,#6017);
#5174=AXIS2_PLACEMENT_3D('',#7135,#6019,#6020);
#5175=AXIS2_PLACEMENT_3D('',#7140,#6024,#6025);
#5176=AXIS2_PLACEMENT_3D('',#7141,#6026,#6027);
#5177=AXIS2_PLACEMENT_3D('',#7145,#6030,#6031);
#5178=AXIS2_PLACEMENT_3D('',#7148,#6033,#6034);
#5179=AXIS2_PLACEMENT_3D('',#7149,#6035,#6036);
#5180=AXIS2_PLACEMENT_3D('',#7151,#6038,#6039);
#5181=AXIS2_PLACEMENT_3D('',#7152,#6040,#6041);
#5182=AXIS2_PLACEMENT_3D('',#7156,#6044,#6045);
#5183=AXIS2_PLACEMENT_3D('',#7157,#6046,#6047);
#5184=AXIS2_PLACEMENT_3D('',#7158,#6048,#6049);
#5185=AXIS2_PLACEMENT_3D('',#7159,#6050,#6051);
#5186=AXIS2_PLACEMENT_3D('',#7163,#6054,#6055);
#5187=AXIS2_PLACEMENT_3D('',#7164,#6056,#6057);
#5188=AXIS2_PLACEMENT_3D('',#7165,#6058,#6059);
#5189=AXIS2_PLACEMENT_3D('',#7166,#6060,#6061);
#5190=AXIS2_PLACEMENT_3D('',#7169,#6063,#6064);
#5191=AXIS2_PLACEMENT_3D('',#7170,#6065,#6066);
#5192=AXIS2_PLACEMENT_3D('',#7172,#6068,#6069);
#5193=AXIS2_PLACEMENT_3D('',#7173,#6070,#6071);
#5194=AXIS2_PLACEMENT_3D('',#7179,#6075,#6076);
#5195=AXIS2_PLACEMENT_3D('',#7185,#6080,#6081);
#5196=AXIS2_PLACEMENT_3D('',#7188,#6084,#6085);
#5197=AXIS2_PLACEMENT_3D('',#7189,#6086,#6087);
#5198=AXIS2_PLACEMENT_3D('',#7190,#6088,#6089);
#5199=AXIS2_PLACEMENT_3D('',#7194,#6092,#6093);
#5200=AXIS2_PLACEMENT_3D('',#7198,#6096,#6097);
#5201=AXIS2_PLACEMENT_3D('',#7200,#6099,#6100);
#5202=AXIS2_PLACEMENT_3D('',#7201,#6101,#6102);
#5203=AXIS2_PLACEMENT_3D('',#7205,#6105,#6106);
#5204=AXIS2_PLACEMENT_3D('',#7209,#6109,#6110);
#5205=AXIS2_PLACEMENT_3D('',#7211,#6112,#6113);
#5206=AXIS2_PLACEMENT_3D('',#7212,#6114,#6115);
#5207=AXIS2_PLACEMENT_3D('',#7216,#6118,#6119);
#5208=AXIS2_PLACEMENT_3D('',#7220,#6122,#6123);
#5209=AXIS2_PLACEMENT_3D('',#7222,#6125,#6126);
#5210=AXIS2_PLACEMENT_3D('',#7223,#6127,#6128);
#5211=AXIS2_PLACEMENT_3D('',#7229,#6132,#6133);
#5212=AXIS2_PLACEMENT_3D('',#7233,#6136,#6137);
#5213=AXIS2_PLACEMENT_3D('',#7237,#6140,#6141);
#5214=AXIS2_PLACEMENT_3D('',#7239,#6143,#6144);
#5215=AXIS2_PLACEMENT_3D('',#7240,#6145,#6146);
#5216=AXIS2_PLACEMENT_3D('',#7246,#6150,#6151);
#5217=AXIS2_PLACEMENT_3D('',#7250,#6154,#6155);
#5218=AXIS2_PLACEMENT_3D('',#7254,#6158,#6159);
#5219=AXIS2_PLACEMENT_3D('',#7256,#6161,#6162);
#5220=AXIS2_PLACEMENT_3D('',#7257,#6163,#6164);
#5221=AXIS2_PLACEMENT_3D('',#7263,#6168,#6169);
#5222=AXIS2_PLACEMENT_3D('',#7267,#6172,#6173);
#5223=AXIS2_PLACEMENT_3D('',#7271,#6176,#6177);
#5224=AXIS2_PLACEMENT_3D('',#7273,#6179,#6180);
#5225=AXIS2_PLACEMENT_3D('',#7274,#6181,#6182);
#5226=AXIS2_PLACEMENT_3D('',#7280,#6186,#6187);
#5227=AXIS2_PLACEMENT_3D('',#7284,#6190,#6191);
#5228=AXIS2_PLACEMENT_3D('',#7288,#6194,#6195);
#5229=AXIS2_PLACEMENT_3D('',#7290,#6197,#6198);
#5230=AXIS2_PLACEMENT_3D('',#7291,#6199,#6200);
#5231=AXIS2_PLACEMENT_3D('',#7292,#6201,#6202);
#5232=AXIS2_PLACEMENT_3D('',#7301,#6207,#6208);
#5233=AXIS2_PLACEMENT_3D('',#7302,#6209,#6210);
#5234=AXIS2_PLACEMENT_3D('',#7304,#6211,#6212);
#5235=AXIS2_PLACEMENT_3D('',#7311,#6216,#6217);
#5236=AXIS2_PLACEMENT_3D('',#7312,#6218,#6219);
#5237=AXIS2_PLACEMENT_3D('',#7320,#6223,#6224);
#5238=AXIS2_PLACEMENT_3D('',#7321,#6225,#6226);
#5239=AXIS2_PLACEMENT_3D('',#7327,#6230,#6231);
#5240=AXIS2_PLACEMENT_3D('',#7328,#6232,#6233);
#5241=AXIS2_PLACEMENT_3D('',#7332,#6235,#6236);
#5242=AXIS2_PLACEMENT_3D('',#7333,#6237,#6238);
#5243=AXIS2_PLACEMENT_3D('',#7339,#6242,#6243);
#5244=AXIS2_PLACEMENT_3D('',#7342,#6246,#6247);
#5245=AXIS2_PLACEMENT_3D('',#7344,#6249,#6250);
#5246=AXIS2_PLACEMENT_3D('',#7346,#6252,#6253);
#5247=AXIS2_PLACEMENT_3D('',#7347,#6254,#6255);
#5248=AXIS2_PLACEMENT_3D('',#7348,#6256,#6257);
#5249=DIRECTION('',(0.,0.,1.));
#5250=DIRECTION('',(1.,0.,0.));
#5251=DIRECTION('',(0.,1.,0.));
#5252=DIRECTION('',(0.,0.,1.));
#5253=DIRECTION('',(-1.,0.,0.));
#5254=DIRECTION('',(0.,0.,1.));
#5255=DIRECTION('',(1.,0.,0.));
#5256=DIRECTION('',(0.,0.,-1.));
#5257=DIRECTION('',(-1.,0.,0.));
#5258=DIRECTION('',(0.,0.,1.));
#5259=DIRECTION('',(1.,0.,0.));
#5260=DIRECTION('',(0.,0.,-1.));
#5261=DIRECTION('',(0.,0.,-1.));
#5262=DIRECTION('',(1.,0.,0.));
#5263=DIRECTION('',(0.,0.,1.));
#5264=DIRECTION('',(-1.,0.,0.));
#5265=DIRECTION('',(0.,0.,-1.));
#5266=DIRECTION('',(1.,0.,0.));
#5267=DIRECTION('',(0.,0.,-1.));
#5268=DIRECTION('',(1.,0.,0.));
#5269=DIRECTION('',(0.,0.,-1.));
#5270=DIRECTION('',(1.,0.,0.));
#5271=DIRECTION('',(0.,0.,1.));
#5272=DIRECTION('',(-1.,0.,0.));
#5273=DIRECTION('',(0.,0.,-1.));
#5274=DIRECTION('',(1.,0.,0.));
#5275=DIRECTION('',(0.,0.,1.));
#5276=DIRECTION('',(-1.,0.,0.));
#5277=DIRECTION('',(0.,1.,0.));
#5278=DIRECTION('',(0.,0.,1.));
#5279=DIRECTION('',(0.,1.,0.));
#5280=DIRECTION('',(0.,0.,1.));
#5281=DIRECTION('',(-1.,0.,0.));
#5282=DIRECTION('',(0.,0.,1.));
#5283=DIRECTION('',(1.,0.,0.));
#5284=DIRECTION('',(0.,0.,-1.));
#5285=DIRECTION('',(-1.,0.,0.));
#5286=DIRECTION('',(0.,0.,1.));
#5287=DIRECTION('',(1.,0.,0.));
#5288=DIRECTION('',(0.,0.,-1.));
#5289=DIRECTION('',(0.,0.,1.));
#5290=DIRECTION('',(1.,0.,0.));
#5291=DIRECTION('',(0.,1.,0.));
#5292=DIRECTION('',(0.,-1.,0.));
#5293=DIRECTION('',(-1.,0.,0.));
#5294=DIRECTION('',(0.,1.,0.));
#5295=DIRECTION('',(0.,-1.,0.));
#5296=DIRECTION('',(1.,0.,0.));
#5297=DIRECTION('',(0.,-1.,0.));
#5298=DIRECTION('',(-1.,0.,0.));
#5299=DIRECTION('',(0.,-1.,0.));
#5300=DIRECTION('',(-1.,0.,0.));
#5301=DIRECTION('',(0.,-1.,0.));
#5302=DIRECTION('',(-1.,0.,0.));
#5303=DIRECTION('',(0.,1.,0.));
#5304=DIRECTION('',(1.,0.,0.));
#5305=DIRECTION('',(-1.0842021724855E-15,1.,0.));
#5306=DIRECTION('',(0.,-1.,0.));
#5307=DIRECTION('',(-1.,0.,0.));
#5308=DIRECTION('',(0.,1.,0.));
#5309=DIRECTION('',(0.,-1.,0.));
#5310=DIRECTION('',(-1.,0.,0.));
#5311=DIRECTION('',(0.,-1.,0.));
#5312=DIRECTION('',(0.,0.,-1.));
#5313=DIRECTION('',(0.,0.,1.));
#5314=DIRECTION('',(1.,0.,0.));
#5315=DIRECTION('',(0.,1.,0.));
#5316=DIRECTION('',(0.,0.,1.));
#5317=DIRECTION('',(0.,0.,-1.));
#5318=DIRECTION('',(0.,1.,0.));
#5319=DIRECTION('',(0.,0.,1.));
#5320=DIRECTION('',(-1.,0.,0.));
#5321=DIRECTION('',(0.,0.,-1.));
#5322=DIRECTION('',(-1.,0.,0.));
#5323=DIRECTION('',(0.,1.,0.));
#5324=DIRECTION('',(1.,0.,0.));
#5325=DIRECTION('',(0.,0.,-1.));
#5326=DIRECTION('',(-1.,0.,0.));
#5327=DIRECTION('',(0.,-1.,0.));
#5328=DIRECTION('',(0.,0.,-1.));
#5329=DIRECTION('',(1.,0.,0.));
#5330=DIRECTION('',(0.,0.,1.));
#5331=DIRECTION('',(-1.,0.,0.));
#5332=DIRECTION('',(0.,0.,1.));
#5333=DIRECTION('',(0.,1.,0.));
#5334=DIRECTION('',(1.,0.,0.));
#5335=DIRECTION('',(-1.,0.,0.));
#5336=DIRECTION('',(0.,0.,-1.));
#5337=DIRECTION('',(-1.,0.,0.));
#5338=DIRECTION('',(0.,1.,0.));
#5339=DIRECTION('',(0.,0.,1.));
#5340=DIRECTION('',(0.,0.,1.));
#5341=DIRECTION('',(0.,1.,0.));
#5342=DIRECTION('',(0.,0.,1.));
#5343=DIRECTION('',(0.,-1.,0.));
#5344=DIRECTION('',(0.,0.,-1.));
#5345=DIRECTION('',(0.,0.,1.));
#5346=DIRECTION('',(0.,0.,-1.));
#5347=DIRECTION('',(0.,1.,0.));
#5348=DIRECTION('',(1.,0.,0.));
#5349=DIRECTION('',(1.,0.,0.));
#5350=DIRECTION('',(0.,0.,-1.));
#5351=DIRECTION('',(1.,0.,0.));
#5352=DIRECTION('',(0.,1.,0.));
#5353=DIRECTION('',(0.,0.,1.));
#5354=DIRECTION('',(0.,0.,-1.));
#5355=DIRECTION('',(0.,1.,0.));
#5356=DIRECTION('',(0.,0.,1.));
#5357=DIRECTION('',(1.,0.,0.));
#5358=DIRECTION('',(0.,1.,0.));
#5359=DIRECTION('',(0.,0.,1.));
#5360=DIRECTION('',(0.,0.,1.));
#5361=DIRECTION('',(0.,1.,0.));
#5362=DIRECTION('',(0.,0.,1.));
#5363=DIRECTION('',(1.,0.,0.));
#5364=DIRECTION('',(0.,0.,-1.));
#5365=DIRECTION('',(1.,0.,0.));
#5366=DIRECTION('',(0.,1.,0.));
#5367=DIRECTION('',(1.,0.,0.));
#5368=DIRECTION('',(-1.,0.,0.));
#5369=DIRECTION('',(0.,0.,1.));
#5370=DIRECTION('',(0.,1.,0.));
#5371=DIRECTION('',(0.,0.,-1.));
#5372=DIRECTION('',(0.,0.,-1.));
#5373=DIRECTION('',(1.,0.,0.));
#5374=DIRECTION('',(0.,0.,-1.));
#5375=DIRECTION('',(0.,0.,-1.));
#5376=DIRECTION('',(0.,1.,0.));
#5377=DIRECTION('',(0.,0.,1.));
#5378=DIRECTION('',(0.,-1.,0.));
#5379=DIRECTION('',(0.,0.,-1.));
#5380=DIRECTION('',(1.,0.,0.));
#5381=DIRECTION('',(0.,0.,1.));
#5382=DIRECTION('',(-1.,0.,0.));
#5383=DIRECTION('',(0.,0.,1.));
#5384=DIRECTION('',(-1.,0.,0.));
#5385=DIRECTION('',(0.,0.,1.));
#5386=DIRECTION('',(0.,-1.,0.));
#5387=DIRECTION('',(0.,0.,-1.));
#5388=DIRECTION('',(1.,0.,0.));
#5389=DIRECTION('',(0.,0.,-1.));
#5390=DIRECTION('',(0.,-0.999999999999921,3.96928693864731E-7));
#5391=DIRECTION('',(0.,-1.,0.));
#5392=DIRECTION('',(0.,0.,-1.));
#5393=DIRECTION('',(1.,0.,0.));
#5394=DIRECTION('',(0.,0.,1.));
#5395=DIRECTION('',(-1.,0.,0.));
#5396=DIRECTION('',(0.,0.,-1.));
#5397=DIRECTION('',(1.,0.,0.));
#5398=DIRECTION('',(0.,0.,-1.));
#5399=DIRECTION('',(0.,1.,0.));
#5400=DIRECTION('',(0.,-0.999999999999921,3.96928693864731E-7));
#5401=DIRECTION('',(1.,0.,0.));
#5402=DIRECTION('',(0.,0.,-1.));
#5403=DIRECTION('',(0.,0.,-1.));
#5404=DIRECTION('',(-1.,0.,0.));
#5405=DIRECTION('',(0.,0.,1.));
#5406=DIRECTION('',(0.,0.,-1.));
#5407=DIRECTION('',(1.,0.,0.));
#5408=DIRECTION('',(0.,0.,-1.));
#5409=DIRECTION('',(1.,0.,0.));
#5410=DIRECTION('',(0.,0.,-1.));
#5411=DIRECTION('',(0.,1.,0.));
#5412=DIRECTION('',(0.,0.,-1.));
#5413=DIRECTION('',(0.,1.,0.));
#5414=DIRECTION('',(0.,0.,-1.));
#5415=DIRECTION('',(1.,0.,0.));
#5416=DIRECTION('',(0.,0.,-1.));
#5417=DIRECTION('',(0.,1.,0.));
#5418=DIRECTION('',(0.,0.,-1.));
#5419=DIRECTION('',(0.,0.,-1.));
#5420=DIRECTION('',(0.,0.,-1.));
#5421=DIRECTION('',(0.,0.,-1.));
#5422=DIRECTION('',(0.,0.,-1.));
#5423=DIRECTION('',(0.,1.,0.));
#5424=DIRECTION('',(1.,0.,0.));
#5425=DIRECTION('',(0.,0.,-1.));
#5426=DIRECTION('',(0.,0.,1.));
#5427=DIRECTION('',(0.,1.,0.));
#5428=DIRECTION('',(0.,0.,-1.));
#5429=DIRECTION('',(0.,1.,0.));
#5430=DIRECTION('',(0.,0.,1.));
#5431=DIRECTION('',(1.,0.,0.));
#5432=DIRECTION('',(0.,0.,-1.));
#5433=DIRECTION('',(1.,0.,0.));
#5434=DIRECTION('',(0.,0.,-1.));
#5435=DIRECTION('',(1.,0.,0.));
#5436=DIRECTION('',(0.,0.,-1.));
#5437=DIRECTION('',(0.,0.,-1.));
#5438=DIRECTION('',(1.,0.,0.));
#5439=DIRECTION('',(0.,0.,-1.));
#5440=DIRECTION('',(1.,0.,0.));
#5441=DIRECTION('',(0.,0.,-1.));
#5442=DIRECTION('',(0.,0.,1.));
#5443=DIRECTION('',(0.,-1.,0.));
#5444=DIRECTION('',(0.,0.,-1.));
#5445=DIRECTION('',(0.,-1.,0.));
#5446=DIRECTION('',(0.,0.,1.));
#5447=DIRECTION('',(1.,0.,0.));
#5448=DIRECTION('',(0.,0.,-1.));
#5449=DIRECTION('',(0.,-1.,0.));
#5450=DIRECTION('',(0.,0.,-1.));
#5451=DIRECTION('',(0.,0.,-1.));
#5452=DIRECTION('',(0.,0.,-1.));
#5453=DIRECTION('',(0.,0.,-1.));
#5454=DIRECTION('',(0.,0.,-1.));
#5455=DIRECTION('',(0.,-1.,0.));
#5456=DIRECTION('',(1.,0.,0.));
#5457=DIRECTION('',(0.,0.,-1.));
#5458=DIRECTION('',(0.,0.,-1.));
#5459=DIRECTION('',(0.,-1.,0.));
#5460=DIRECTION('',(0.,0.,-1.));
#5461=DIRECTION('',(0.,-1.,0.));
#5462=DIRECTION('',(1.,0.,0.));
#5463=DIRECTION('',(0.,0.,-1.));
#5464=DIRECTION('',(1.,0.,0.));
#5465=DIRECTION('',(0.,0.,-1.));
#5466=DIRECTION('',(0.,0.,1.));
#5467=DIRECTION('',(1.,0.,0.));
#5468=DIRECTION('',(0.,0.999999999999921,3.96928693864731E-7));
#5469=DIRECTION('',(0.,-1.,0.));
#5470=DIRECTION('',(-1.,0.,0.));
#5471=DIRECTION('',(0.,0.,1.));
#5472=DIRECTION('',(1.,0.,0.));
#5473=DIRECTION('',(0.,-3.96928693864731E-7,0.999999999999921));
#5474=DIRECTION('',(0.,-0.999999999999921,-3.96928693864731E-7));
#5475=DIRECTION('',(0.,0.999999999999921,3.96928693864731E-7));
#5476=DIRECTION('',(-1.,0.,0.));
#5477=DIRECTION('',(0.,0.,1.));
#5478=DIRECTION('',(1.,0.,0.));
#5479=DIRECTION('',(0.,0.999999999999921,3.96928693864731E-7));
#5480=DIRECTION('',(-1.,0.,0.));
#5481=DIRECTION('',(0.,-0.999999999999921,-3.96928693864731E-7));
#5482=DIRECTION('',(0.,-3.96928693864731E-7,0.999999999999921));
#5483=DIRECTION('',(0.,-0.999999999999921,-3.96928693864731E-7));
#5484=DIRECTION('',(0.,0.,1.));
#5485=DIRECTION('',(1.,0.,0.));
#5486=DIRECTION('',(-1.,0.,0.));
#5487=DIRECTION('',(0.,-1.,0.));
#5488=DIRECTION('',(0.,0.,-1.));
#5489=DIRECTION('',(-1.,0.,0.));
#5490=DIRECTION('',(0.,-1.,0.));
#5491=DIRECTION('',(1.,0.,0.));
#5492=DIRECTION('',(0.,0.,-1.));
#5493=DIRECTION('',(-1.,0.,0.));
#5494=DIRECTION('',(0.,-3.96928693864731E-7,-0.999999999999921));
#5495=DIRECTION('',(0.,0.999999999999921,-3.96928693864731E-7));
#5496=DIRECTION('',(0.,0.999999999999921,-3.96928693864731E-7));
#5497=DIRECTION('',(-1.,0.,0.));
#5498=DIRECTION('',(0.,0.,-1.));
#5499=DIRECTION('',(-1.,0.,0.));
#5500=DIRECTION('',(-1.,0.,0.));
#5501=DIRECTION('',(0.,-0.999999999999921,3.96928693864731E-7));
#5502=DIRECTION('',(0.,-3.96928693864731E-7,-0.999999999999921));
#5503=DIRECTION('',(0.,0.999999999999921,-3.96928693864731E-7));
#5504=DIRECTION('',(0.,0.,-1.));
#5505=DIRECTION('',(-1.,0.,0.));
#5506=DIRECTION('',(1.,0.,0.));
#5507=DIRECTION('',(0.,-1.,0.));
#5508=DIRECTION('',(0.,0.,-1.));
#5509=DIRECTION('',(-1.,0.,0.));
#5510=DIRECTION('',(0.,0.,-1.));
#5511=DIRECTION('',(0.,0.,-1.));
#5512=DIRECTION('',(-1.,0.,0.));
#5513=DIRECTION('',(0.,0.,-1.));
#5514=DIRECTION('',(-1.,0.,0.));
#5515=DIRECTION('',(0.,0.,-1.));
#5516=DIRECTION('',(0.,0.,1.));
#5517=DIRECTION('',(1.,0.,0.));
#5518=DIRECTION('',(0.,0.,-1.));
#5519=DIRECTION('',(-1.,0.,0.));
#5520=DIRECTION('',(0.,0.,-1.));
#5521=DIRECTION('',(0.,0.,-1.));
#5522=DIRECTION('',(-1.,0.,0.));
#5523=DIRECTION('',(0.,0.,-1.));
#5524=DIRECTION('',(-1.,0.,0.));
#5525=DIRECTION('',(0.,0.,1.));
#5526=DIRECTION('',(1.,0.,0.));
#5527=DIRECTION('',(0.,0.,-1.));
#5528=DIRECTION('',(0.,-1.,0.));
#5529=DIRECTION('',(0.,0.,-1.));
#5530=DIRECTION('',(-1.,0.,0.));
#5531=DIRECTION('',(0.,-1.,0.));
#5532=DIRECTION('',(0.,0.,-1.));
#5533=DIRECTION('',(0.,0.,-1.));
#5534=DIRECTION('',(-1.,0.,0.));
#5535=DIRECTION('',(0.,0.,-1.));
#5536=DIRECTION('',(1.,0.,0.));
#5537=DIRECTION('',(0.,0.,-1.));
#5538=DIRECTION('',(0.,-1.,0.));
#5539=DIRECTION('',(0.,0.,-1.));
#5540=DIRECTION('',(0.,-1.,0.));
#5541=DIRECTION('',(0.,1.,0.));
#5542=DIRECTION('',(0.,0.,1.));
#5543=DIRECTION('',(0.,0.,-1.));
#5544=DIRECTION('',(1.,0.,0.));
#5545=DIRECTION('',(0.,1.,0.));
#5546=DIRECTION('',(1.,0.,0.));
#5547=DIRECTION('',(-1.,0.,0.));
#5548=DIRECTION('',(0.,1.,0.));
#5549=DIRECTION('',(0.,0.,1.));
#5550=DIRECTION('',(0.,1.,0.));
#5551=DIRECTION('',(1.,0.,0.));
#5552=DIRECTION('',(1.,0.,0.));
#5553=DIRECTION('',(1.,0.,0.));
#5554=DIRECTION('',(0.,0.,-1.));
#5555=DIRECTION('',(-1.,0.,0.));
#5556=DIRECTION('',(0.,0.,1.));
#5557=DIRECTION('',(0.,-1.,0.));
#5558=DIRECTION('',(0.,1.,0.));
#5559=DIRECTION('',(0.,0.,-1.));
#5560=DIRECTION('',(0.,-1.,0.));
#5561=DIRECTION('',(0.,0.,-1.));
#5562=DIRECTION('',(1.,0.,0.));
#5563=DIRECTION('',(0.,-1.,0.));
#5564=DIRECTION('',(0.,0.,-1.));
#5565=DIRECTION('',(-1.,0.,0.));
#5566=DIRECTION('',(0.,0.,-1.));
#5567=DIRECTION('',(0.,0.,-1.));
#5568=DIRECTION('',(-1.,0.,0.));
#5569=DIRECTION('',(0.,0.,-1.));
#5570=DIRECTION('',(-1.,0.,0.));
#5571=DIRECTION('',(0.,0.,1.));
#5572=DIRECTION('',(1.,0.,0.));
#5573=DIRECTION('',(0.,0.,-1.));
#5574=DIRECTION('',(0.,0.,-1.));
#5575=DIRECTION('',(-1.,0.,0.));
#5576=DIRECTION('',(0.,0.,1.));
#5577=DIRECTION('',(1.,0.,0.));
#5578=DIRECTION('',(0.,0.,1.));
#5579=DIRECTION('',(1.,0.,0.));
#5580=DIRECTION('',(0.,0.,-1.));
#5581=DIRECTION('',(0.,0.,1.));
#5582=DIRECTION('',(1.,0.,0.));
#5583=DIRECTION('',(1.,0.,0.));
#5584=DIRECTION('',(0.,-1.,0.));
#5585=DIRECTION('',(-1.,0.,0.));
#5586=DIRECTION('',(0.,-1.,0.));
#5587=DIRECTION('',(0.,0.,1.));
#5588=DIRECTION('',(1.,0.,0.));
#5589=DIRECTION('',(-1.,0.,0.));
#5590=DIRECTION('',(0.,0.,1.));
#5591=DIRECTION('',(1.,0.,0.));
#5592=DIRECTION('',(0.,1.,0.));
#5593=DIRECTION('',(-1.,0.,0.));
#5594=DIRECTION('',(0.,0.,1.));
#5595=DIRECTION('',(1.,0.,0.));
#5596=DIRECTION('',(1.,0.,0.));
#5597=DIRECTION('',(0.,1.,0.));
#5598=DIRECTION('',(0.,0.,1.));
#5599=DIRECTION('',(1.,0.,0.));
#5600=DIRECTION('',(0.,-1.,0.));
#5601=DIRECTION('',(-1.,0.,0.));
#5602=DIRECTION('',(1.,0.,0.));
#5603=DIRECTION('',(0.,-1.,0.));
#5604=DIRECTION('',(-1.,0.,0.));
#5605=DIRECTION('',(0.,0.,1.));
#5606=DIRECTION('',(1.,0.,0.));
#5607=DIRECTION('',(0.,0.,1.));
#5608=DIRECTION('',(1.,0.,0.));
#5609=DIRECTION('',(0.,-1.,0.));
#5610=DIRECTION('',(-1.,0.,0.));
#5611=DIRECTION('',(0.,-1.,0.));
#5612=DIRECTION('',(0.,-1.,0.));
#5613=DIRECTION('',(0.,0.,-1.));
#5614=DIRECTION('',(0.,-1.,0.));
#5615=DIRECTION('',(0.,0.,-1.));
#5616=DIRECTION('',(1.,0.,0.));
#5617=DIRECTION('',(0.,0.,-1.));
#5618=DIRECTION('',(0.,0.,-1.));
#5619=DIRECTION('',(1.,0.,0.));
#5620=DIRECTION('',(0.,0.,-1.));
#5621=DIRECTION('',(0.,0.,-1.));
#5622=DIRECTION('',(0.,-1.,0.));
#5623=DIRECTION('',(0.,1.,0.));
#5624=DIRECTION('',(0.,0.,1.));
#5625=DIRECTION('',(1.,0.,0.));
#5626=DIRECTION('',(0.,1.,0.));
#5627=DIRECTION('',(1.,0.,0.));
#5628=DIRECTION('',(0.,0.,-1.));
#5629=DIRECTION('',(-1.,0.,0.));
#5630=DIRECTION('',(0.,0.,1.));
#5631=DIRECTION('',(1.,0.,0.));
#5632=DIRECTION('',(0.,0.,1.));
#5633=DIRECTION('',(1.,0.,0.));
#5634=DIRECTION('',(0.,0.,-1.));
#5635=DIRECTION('',(-1.,0.,0.));
#5636=DIRECTION('',(0.,0.,1.));
#5637=DIRECTION('',(1.,0.,0.));
#5638=DIRECTION('',(0.,0.,-1.));
#5639=DIRECTION('',(0.,1.,0.));
#5640=DIRECTION('',(0.,0.,1.));
#5641=DIRECTION('',(0.,0.,-1.));
#5642=DIRECTION('',(-1.,0.,0.));
#5643=DIRECTION('',(0.,1.,0.));
#5644=DIRECTION('',(1.,0.,0.));
#5645=DIRECTION('',(-1.,0.,0.));
#5646=DIRECTION('',(0.,0.,1.));
#5647=DIRECTION('',(0.,-1.,0.));
#5648=DIRECTION('',(0.,0.,-1.));
#5649=DIRECTION('',(0.,-1.,0.));
#5650=DIRECTION('',(0.,0.,-1.));
#5651=DIRECTION('',(0.,-1.,0.));
#5652=DIRECTION('',(0.,0.,-1.));
#5653=DIRECTION('',(-1.,0.,0.));
#5654=DIRECTION('',(0.,0.,-1.));
#5655=DIRECTION('',(0.,0.,-1.));
#5656=DIRECTION('',(-1.,0.,0.));
#5657=DIRECTION('',(0.,0.,1.));
#5658=DIRECTION('',(1.,0.,0.));
#5659=DIRECTION('',(0.,0.,-1.));
#5660=DIRECTION('',(-1.,0.,0.));
#5661=DIRECTION('',(0.,0.,1.));
#5662=DIRECTION('',(0.,1.,0.));
#5663=DIRECTION('',(0.,0.,-1.));
#5664=DIRECTION('',(0.,1.,0.));
#5665=DIRECTION('',(0.,0.,-1.));
#5666=DIRECTION('',(-1.,0.,0.));
#5667=DIRECTION('',(0.,0.,1.));
#5668=DIRECTION('',(0.,0.,-1.));
#5669=DIRECTION('',(-1.,0.,0.));
#5670=DIRECTION('',(0.,0.,1.));
#5671=DIRECTION('',(-1.,0.,0.));
#5672=DIRECTION('',(0.,0.,1.));
#5673=DIRECTION('',(0.,0.,-1.));
#5674=DIRECTION('',(-1.,0.,0.));
#5675=DIRECTION('',(0.,0.,1.));
#5676=DIRECTION('',(-1.,0.,0.));
#5677=DIRECTION('',(0.,0.,1.));
#5678=DIRECTION('',(0.,0.,-1.));
#5679=DIRECTION('',(0.,1.,0.));
#5680=DIRECTION('',(-1.,0.,0.));
#5681=DIRECTION('',(0.,0.,1.));
#5682=DIRECTION('',(0.,0.,1.));
#5683=DIRECTION('',(0.,1.,0.));
#5684=DIRECTION('',(0.,0.,1.));
#5685=DIRECTION('',(0.,1.,0.));
#5686=DIRECTION('',(0.,0.,1.));
#5687=DIRECTION('',(-1.,0.,0.));
#5688=DIRECTION('',(0.,0.,1.));
#5689=DIRECTION('',(-1.,0.,0.));
#5690=DIRECTION('',(0.,0.,1.));
#5691=DIRECTION('',(0.,0.,-1.));
#5692=DIRECTION('',(-1.,0.,0.));
#5693=DIRECTION('',(0.,0.,1.));
#5694=DIRECTION('',(-1.,0.,0.));
#5695=DIRECTION('',(0.,0.,1.));
#5696=DIRECTION('',(0.,0.,-1.));
#5697=DIRECTION('',(-1.,0.,0.));
#5698=DIRECTION('',(0.,0.,-1.));
#5699=DIRECTION('',(0.,-1.,0.));
#5700=DIRECTION('',(0.,0.,-1.));
#5701=DIRECTION('',(0.,1.,0.));
#5702=DIRECTION('',(1.,0.,0.));
#5703=DIRECTION('',(0.,0.,-1.));
#5704=DIRECTION('',(0.,1.,0.));
#5705=DIRECTION('',(1.,0.,0.));
#5706=DIRECTION('',(0.,0.,1.));
#5707=DIRECTION('',(0.,1.,0.));
#5708=DIRECTION('',(1.,0.,0.));
#5709=DIRECTION('',(0.,1.,0.));
#5710=DIRECTION('',(1.,0.,0.));
#5711=DIRECTION('',(0.,0.,-1.));
#5712=DIRECTION('',(0.,1.,0.));
#5713=DIRECTION('',(1.,0.,0.));
#5714=DIRECTION('',(0.,1.,0.));
#5715=DIRECTION('',(1.,0.,0.));
#5716=DIRECTION('',(0.,0.,-1.));
#5717=DIRECTION('',(0.,1.,0.));
#5718=DIRECTION('',(1.,0.,0.));
#5719=DIRECTION('',(0.,1.,0.));
#5720=DIRECTION('',(1.,0.,0.));
#5721=DIRECTION('',(0.,0.,1.));
#5722=DIRECTION('',(0.,0.,-1.));
#5723=DIRECTION('',(-1.,0.,0.));
#5724=DIRECTION('',(0.,0.,-1.));
#5725=DIRECTION('',(1.,0.,0.));
#5726=DIRECTION('',(0.,0.,-1.));
#5727=DIRECTION('',(0.,-1.,0.));
#5728=DIRECTION('',(1.,0.,0.));
#5729=DIRECTION('',(0.,0.,-1.));
#5730=DIRECTION('',(0.,0.,-1.));
#5731=DIRECTION('',(0.,-1.,0.));
#5732=DIRECTION('',(0.,0.,-1.));
#5733=DIRECTION('',(0.,-1.,0.));
#5734=DIRECTION('',(1.,0.,0.));
#5735=DIRECTION('',(0.,0.,-1.));
#5736=DIRECTION('',(1.,0.,0.));
#5737=DIRECTION('',(0.,0.,-1.));
#5738=DIRECTION('',(1.,0.,0.));
#5739=DIRECTION('',(0.,0.,-1.));
#5740=DIRECTION('',(1.,0.,0.));
#5741=DIRECTION('',(0.,0.,-1.));
#5742=DIRECTION('',(0.,0.,-1.));
#5743=DIRECTION('',(0.,-1.,0.));
#5744=DIRECTION('',(0.,0.,1.));
#5745=DIRECTION('',(0.,-1.,0.));
#5746=DIRECTION('',(0.,0.,1.));
#5747=DIRECTION('',(1.,0.,0.));
#5748=DIRECTION('',(0.,0.,-1.));
#5749=DIRECTION('',(0.,0.,-1.));
#5750=DIRECTION('',(0.,0.,1.));
#5751=DIRECTION('',(1.,0.,0.));
#5752=DIRECTION('',(0.,0.,-1.));
#5753=DIRECTION('',(1.,0.,0.));
#5754=DIRECTION('',(0.,0.,-1.));
#5755=DIRECTION('',(0.,0.,1.));
#5756=DIRECTION('',(1.,0.,0.));
#5757=DIRECTION('',(0.,0.,-1.));
#5758=DIRECTION('',(1.,0.,0.));
#5759=DIRECTION('',(0.,0.,-1.));
#5760=DIRECTION('',(0.,0.,1.));
#5761=DIRECTION('',(0.,0.,-1.));
#5762=DIRECTION('',(-1.,0.,0.));
#5763=DIRECTION('',(0.,0.,-1.));
#5764=DIRECTION('',(-1.,0.,0.));
#5765=DIRECTION('',(0.,0.,1.));
#5766=DIRECTION('',(1.,0.,0.));
#5767=DIRECTION('',(-1.,0.,0.));
#5768=DIRECTION('',(0.,0.,1.));
#5769=DIRECTION('',(1.,0.,0.));
#5770=DIRECTION('',(-1.,0.,0.));
#5771=DIRECTION('',(0.,-1.,0.));
#5772=DIRECTION('',(0.,0.,-1.));
#5773=DIRECTION('',(0.,-1.,0.));
#5774=DIRECTION('',(0.,-1.,0.));
#5775=DIRECTION('',(0.,0.,-1.));
#5776=DIRECTION('',(0.,-1.,0.));
#5777=DIRECTION('',(-1.,0.,0.));
#5778=DIRECTION('',(0.,0.,1.));
#5779=DIRECTION('',(0.,-1.,0.));
#5780=DIRECTION('',(0.,0.,-1.));
#5781=DIRECTION('',(0.,-1.,0.));
#5782=DIRECTION('',(1.,0.,0.));
#5783=DIRECTION('',(0.,0.,-1.));
#5784=DIRECTION('',(0.,-1.,0.));
#5785=DIRECTION('',(0.,-1.,0.));
#5786=DIRECTION('',(0.,0.,-1.));
#5787=DIRECTION('',(0.,-1.,0.));
#5788=DIRECTION('',(0.,0.,-1.));
#5789=DIRECTION('',(0.,-1.,0.));
#5790=DIRECTION('',(0.,-1.,0.));
#5791=DIRECTION('',(0.,0.,-1.));
#5792=DIRECTION('',(0.,-1.,0.));
#5793=DIRECTION('',(1.,0.,0.));
#5794=DIRECTION('',(0.,0.,-1.));
#5795=DIRECTION('',(0.,-1.,0.));
#5796=DIRECTION('',(0.,0.,-1.));
#5797=DIRECTION('',(0.,-1.,0.));
#5798=DIRECTION('',(-1.,0.,0.));
#5799=DIRECTION('',(0.,0.,1.));
#5800=DIRECTION('',(0.,-1.,0.));
#5801=DIRECTION('',(0.,-1.,0.));
#5802=DIRECTION('',(0.,0.,-1.));
#5803=DIRECTION('',(0.,0.,-1.));
#5804=DIRECTION('',(-1.,0.,0.));
#5805=DIRECTION('',(0.,-1.,0.));
#5806=DIRECTION('',(-1.,0.,0.));
#5807=DIRECTION('',(0.,0.,1.));
#5808=DIRECTION('',(1.,0.,0.));
#5809=DIRECTION('',(0.,-1.,0.));
#5810=DIRECTION('',(-1.,0.,0.));
#5811=DIRECTION('',(0.,-1.,0.));
#5812=DIRECTION('',(0.,0.,-1.));
#5813=DIRECTION('',(0.,-1.,0.));
#5814=DIRECTION('',(0.,0.,-1.));
#5815=DIRECTION('',(0.,-1.,0.));
#5816=DIRECTION('',(0.,0.,-1.));
#5817=DIRECTION('',(0.,-1.,0.));
#5818=DIRECTION('',(0.,-1.,0.));
#5819=DIRECTION('',(0.,0.,-1.));
#5820=DIRECTION('',(0.,-1.,0.));
#5821=DIRECTION('',(0.,0.,-1.));
#5822=DIRECTION('',(-1.,0.,0.));
#5823=DIRECTION('',(-1.,0.,0.));
#5824=DIRECTION('',(0.,0.,1.));
#5825=DIRECTION('',(1.,0.,0.));
#5826=DIRECTION('',(-1.,0.,0.));
#5827=DIRECTION('',(-1.,0.,0.));
#5828=DIRECTION('',(0.,0.,1.));
#5829=DIRECTION('',(-1.,0.,0.));
#5830=DIRECTION('',(-1.,0.,0.));
#5831=DIRECTION('',(0.,0.,1.));
#5832=DIRECTION('',(-1.,0.,0.));
#5833=DIRECTION('',(0.,0.,1.));
#5834=DIRECTION('',(-1.,0.,0.));
#5835=DIRECTION('',(-1.,0.,0.));
#5836=DIRECTION('',(0.,0.,1.));
#5837=DIRECTION('',(-1.,0.,0.));
#5838=DIRECTION('',(0.,-1.,0.));
#5839=DIRECTION('',(0.,0.,-1.));
#5840=DIRECTION('',(1.,0.,0.));
#5841=DIRECTION('',(-1.,0.,0.));
#5842=DIRECTION('',(-1.,0.,0.));
#5843=DIRECTION('',(0.,0.,1.));
#5844=DIRECTION('',(-1.,0.,0.));
#5845=DIRECTION('',(-1.,0.,0.));
#5846=DIRECTION('',(0.,0.,1.));
#5847=DIRECTION('',(1.,0.,0.));
#5848=DIRECTION('',(0.,0.,-1.));
#5849=DIRECTION('',(-1.,0.,0.));
#5850=DIRECTION('',(0.,0.,1.));
#5851=DIRECTION('',(-1.,0.,0.));
#5852=DIRECTION('',(-1.,0.,0.));
#5853=DIRECTION('',(-1.,0.,0.));
#5854=DIRECTION('',(0.,0.,1.));
#5855=DIRECTION('',(-1.,0.,0.));
#5856=DIRECTION('',(0.,1.,0.));
#5857=DIRECTION('',(0.,0.,1.));
#5858=DIRECTION('',(-1.,0.,0.));
#5859=DIRECTION('',(-1.,0.,0.));
#5860=DIRECTION('',(0.,0.,1.));
#5861=DIRECTION('',(-1.,0.,0.));
#5862=DIRECTION('',(-1.,0.,0.));
#5863=DIRECTION('',(0.,0.,1.));
#5864=DIRECTION('',(-1.,0.,0.));
#5865=DIRECTION('',(0.,1.,0.));
#5866=DIRECTION('',(0.,0.,1.));
#5867=DIRECTION('',(0.,1.,0.));
#5868=DIRECTION('',(0.,0.,1.));
#5869=DIRECTION('',(-1.,0.,0.));
#5870=DIRECTION('',(0.,0.,1.));
#5871=DIRECTION('',(-1.,0.,0.));
#5872=DIRECTION('',(-1.,0.,0.));
#5873=DIRECTION('',(0.,0.,1.));
#5874=DIRECTION('',(-1.,0.,0.));
#5875=DIRECTION('',(0.,0.,1.));
#5876=DIRECTION('',(-1.,0.,0.));
#5877=DIRECTION('',(-1.,0.,0.));
#5878=DIRECTION('',(0.,0.,1.));
#5879=DIRECTION('',(-1.,0.,0.));
#5880=DIRECTION('',(0.,-1.,0.));
#5881=DIRECTION('',(0.,0.,-1.));
#5882=DIRECTION('',(1.,0.,0.));
#5883=DIRECTION('',(-1.,0.,0.));
#5884=DIRECTION('',(-1.,0.,0.));
#5885=DIRECTION('',(0.,0.,1.));
#5886=DIRECTION('',(-1.,0.,0.));
#5887=DIRECTION('',(-1.,0.,0.));
#5888=DIRECTION('',(0.,0.,1.));
#5889=DIRECTION('',(1.,0.,0.));
#5890=DIRECTION('',(0.,0.,-1.));
#5891=DIRECTION('',(-1.,0.,0.));
#5892=DIRECTION('',(0.,0.,1.));
#5893=DIRECTION('',(-1.,0.,0.));
#5894=DIRECTION('',(-1.,0.,0.));
#5895=DIRECTION('',(-1.,0.,0.));
#5896=DIRECTION('',(0.,0.,1.));
#5897=DIRECTION('',(-1.,0.,0.));
#5898=DIRECTION('',(0.,1.,0.));
#5899=DIRECTION('',(0.,0.,1.));
#5900=DIRECTION('',(-1.,0.,0.));
#5901=DIRECTION('',(-1.,0.,0.));
#5902=DIRECTION('',(0.,0.,1.));
#5903=DIRECTION('',(-1.,0.,0.));
#5904=DIRECTION('',(-1.,0.,0.));
#5905=DIRECTION('',(0.,0.,1.));
#5906=DIRECTION('',(-1.,0.,0.));
#5907=DIRECTION('',(0.,1.,0.));
#5908=DIRECTION('',(0.,0.,1.));
#5909=DIRECTION('',(0.,1.,0.));
#5910=DIRECTION('',(0.,0.,1.));
#5911=DIRECTION('',(-1.,0.,0.));
#5912=DIRECTION('',(0.,0.,1.));
#5913=DIRECTION('',(0.,0.,-1.));
#5914=DIRECTION('',(0.,-1.,0.));
#5915=DIRECTION('',(0.,0.,-1.));
#5916=DIRECTION('',(0.,1.,0.));
#5917=DIRECTION('',(1.,0.,0.));
#5918=DIRECTION('',(0.,0.,-1.));
#5919=DIRECTION('',(0.,1.,0.));
#5920=DIRECTION('',(0.,0.,-1.));
#5921=DIRECTION('',(1.,0.,0.));
#5922=DIRECTION('',(0.,0.,-1.));
#5923=DIRECTION('',(0.,-1.,0.));
#5924=DIRECTION('',(0.,0.,1.));
#5925=DIRECTION('',(0.,1.,0.));
#5926=DIRECTION('',(0.,0.,-1.));
#5927=DIRECTION('',(0.,1.,0.));
#5928=DIRECTION('',(0.,0.,1.));
#5929=DIRECTION('',(0.,0.,-1.));
#5930=DIRECTION('',(1.,0.,0.));
#5931=DIRECTION('',(1.,0.,0.));
#5932=DIRECTION('',(0.,0.,-1.));
#5933=DIRECTION('',(0.,-1.,0.));
#5934=DIRECTION('',(-1.,-1.0842021724855E-15,0.));
#5935=DIRECTION('',(1.0842021724855E-15,-1.,0.));
#5936=DIRECTION('',(0.,0.,-1.));
#5937=DIRECTION('',(-1.0842021724855E-15,1.,0.));
#5938=DIRECTION('',(0.,1.,0.));
#5939=DIRECTION('',(0.,0.,1.));
#5940=DIRECTION('',(0.,0.,-1.));
#5941=DIRECTION('',(1.,0.,0.));
#5942=DIRECTION('',(-1.,0.,0.));
#5943=DIRECTION('',(0.,0.,1.));
#5944=DIRECTION('',(0.,1.,0.));
#5945=DIRECTION('',(0.,0.,1.));
#5946=DIRECTION('',(1.,0.,0.));
#5947=DIRECTION('',(0.,-1.,0.));
#5948=DIRECTION('',(-1.,0.,0.));
#5949=DIRECTION('',(0.,-1.,0.));
#5950=DIRECTION('',(0.,-1.,0.));
#5951=DIRECTION('',(1.,0.,0.));
#5952=DIRECTION('',(1.,0.,0.));
#5953=DIRECTION('',(0.,-1.,0.));
#5954=DIRECTION('',(0.,1.,0.));
#5955=DIRECTION('',(0.,0.,1.));
#5956=DIRECTION('',(0.,1.,0.));
#5957=DIRECTION('',(0.,0.,1.));
#5958=DIRECTION('',(0.,1.,0.));
#5959=DIRECTION('',(0.,0.,1.));
#5960=DIRECTION('',(0.,1.,0.));
#5961=DIRECTION('',(0.,0.,1.));
#5962=DIRECTION('',(0.,1.,0.));
#5963=DIRECTION('',(0.,0.,1.));
#5964=DIRECTION('',(0.,1.,0.));
#5965=DIRECTION('',(0.,0.,1.));
#5966=DIRECTION('',(0.,1.,0.));
#5967=DIRECTION('',(0.,0.,1.));
#5968=DIRECTION('',(0.,1.,0.));
#5969=DIRECTION('',(0.,0.,1.));
#5970=DIRECTION('',(0.,1.,0.));
#5971=DIRECTION('',(0.,0.,1.));
#5972=DIRECTION('',(0.,1.,0.));
#5973=DIRECTION('',(0.,0.,1.));
#5974=DIRECTION('',(0.754605522163504,-0.656178714924787,0.));
#5975=DIRECTION('',(0.656178714924787,0.754605522163504,0.));
#5976=DIRECTION('',(-0.656178714924787,-0.754605522163504,0.));
#5977=DIRECTION('',(-0.656178714924787,-0.754605522163504,0.));
#5978=DIRECTION('',(0.,0.,-1.));
#5979=DIRECTION('',(0.,1.,0.));
#5980=DIRECTION('',(0.,0.,1.));
#5981=DIRECTION('',(1.,0.,0.));
#5982=DIRECTION('',(0.,0.,1.));
#5983=DIRECTION('',(1.,0.,0.));
#5984=DIRECTION('',(0.,0.,1.));
#5985=DIRECTION('',(1.,0.,0.));
#5986=DIRECTION('',(-1.,0.,0.));
#5987=DIRECTION('',(0.,-1.,0.));
#5988=DIRECTION('',(0.,1.,0.));
#5989=DIRECTION('',(0.,0.,1.));
#5990=DIRECTION('',(1.,0.,0.));
#5991=DIRECTION('',(-0.754605522163504,-0.656178714924787,0.));
#5992=DIRECTION('',(0.656178714924787,-0.754605522163504,0.));
#5993=DIRECTION('',(-0.656178714924787,0.754605522163504,0.));
#5994=DIRECTION('',(0.,0.,-1.));
#5995=DIRECTION('',(-0.656178714924787,0.754605522163504,0.));
#5996=DIRECTION('',(0.,0.,1.));
#5997=DIRECTION('',(1.,0.,0.));
#5998=DIRECTION('',(0.,0.,1.));
#5999=DIRECTION('',(1.,0.,0.));
#6000=DIRECTION('',(0.,-1.,0.));
#6001=DIRECTION('',(-1.,0.,0.));
#6002=DIRECTION('',(-0.754605522163504,0.656178714924787,0.));
#6003=DIRECTION('',(-0.656178714924787,-0.754605522163504,0.));
#6004=DIRECTION('',(-0.656178714924787,-0.754605522163504,0.));
#6005=DIRECTION('',(0.,0.,1.));
#6006=DIRECTION('',(-0.656178714924787,-0.754605522163504,0.));
#6007=DIRECTION('',(0.,-1.,0.));
#6008=DIRECTION('',(0.,0.,-1.));
#6009=DIRECTION('',(1.,0.,0.));
#6010=DIRECTION('',(0.,0.,1.));
#6011=DIRECTION('',(1.,0.,0.));
#6012=DIRECTION('',(0.,0.,1.));
#6013=DIRECTION('',(1.,0.,0.));
#6014=DIRECTION('',(0.,-1.,0.));
#6015=DIRECTION('',(1.,0.,0.));
#6016=DIRECTION('',(0.,-1.,0.));
#6017=DIRECTION('',(0.,0.,-1.));
#6018=DIRECTION('',(1.,0.,0.));
#6019=DIRECTION('',(0.754605522163504,0.656178714924787,0.));
#6020=DIRECTION('',(-0.656178714924787,0.754605522163504,0.));
#6021=DIRECTION('',(-0.656178714924787,0.754605522163504,0.));
#6022=DIRECTION('',(-0.656178714924787,0.754605522163504,0.));
#6023=DIRECTION('',(0.,0.,1.));
#6024=DIRECTION('',(0.,0.,1.));
#6025=DIRECTION('',(1.,0.,0.));
#6026=DIRECTION('',(0.,0.,1.));
#6027=DIRECTION('',(1.,0.,0.));
#6028=DIRECTION('',(1.,0.,0.));
#6029=DIRECTION('',(0.,-1.,0.));
#6030=DIRECTION('',(0.,-1.,0.));
#6031=DIRECTION('',(0.,0.,-1.));
#6032=DIRECTION('',(0.,-1.,0.));
#6033=DIRECTION('',(0.,1.,0.));
#6034=DIRECTION('',(1.,0.,0.));
#6035=DIRECTION('',(-1.,0.,0.));
#6036=DIRECTION('',(0.,0.,1.));
#6037=DIRECTION('',(0.,0.,-1.));
#6038=DIRECTION('',(0.,1.,0.));
#6039=DIRECTION('',(0.,0.,1.));
#6040=DIRECTION('',(-1.,0.,0.));
#6041=DIRECTION('',(0.,0.,1.));
#6042=DIRECTION('',(0.,-1.,0.));
#6043=DIRECTION('',(0.,0.,-1.));
#6044=DIRECTION('',(0.,-1.,0.));
#6045=DIRECTION('',(0.,0.,-1.));
#6046=DIRECTION('',(0.,1.,0.));
#6047=DIRECTION('',(1.,0.,0.));
#6048=DIRECTION('',(0.,1.,0.));
#6049=DIRECTION('',(0.,0.,1.));
#6050=DIRECTION('',(1.,0.,0.));
#6051=DIRECTION('',(0.,0.,-1.));
#6052=DIRECTION('',(0.,-1.,0.));
#6053=DIRECTION('',(0.,0.,1.));
#6054=DIRECTION('',(0.,-1.,0.));
#6055=DIRECTION('',(0.,0.,-1.));
#6056=DIRECTION('',(0.,1.,0.));
#6057=DIRECTION('',(1.,0.,0.));
#6058=DIRECTION('',(0.,1.,0.));
#6059=DIRECTION('',(0.,0.,1.));
#6060=DIRECTION('',(0.,-1.,0.));
#6061=DIRECTION('',(0.,0.,-1.));
#6062=DIRECTION('',(0.,-1.,0.));
#6063=DIRECTION('',(0.,1.,0.));
#6064=DIRECTION('',(1.,0.,0.));
#6065=DIRECTION('',(1.,0.,0.));
#6066=DIRECTION('',(0.,0.,-1.));
#6067=DIRECTION('',(0.,0.,1.));
#6068=DIRECTION('',(0.,1.,0.));
#6069=DIRECTION('',(0.,0.,1.));
#6070=DIRECTION('',(0.,1.,0.));
#6071=DIRECTION('',(0.,0.,1.));
#6072=DIRECTION('',(0.,0.,-1.));
#6073=DIRECTION('',(0.,0.,-1.));
#6074=DIRECTION('',(-1.,0.,0.));
#6075=DIRECTION('',(0.,0.,1.));
#6076=DIRECTION('',(1.,0.,0.));
#6077=DIRECTION('',(0.,1.,0.));
#6078=DIRECTION('',(0.,1.,0.));
#6079=DIRECTION('',(-1.,0.,0.));
#6080=DIRECTION('',(0.,-1.,0.));
#6081=DIRECTION('',(0.,0.,-1.));
#6082=DIRECTION('',(0.,0.,1.));
#6083=DIRECTION('',(0.,0.,1.));
#6084=DIRECTION('',(1.,0.,0.));
#6085=DIRECTION('',(0.,0.,-1.));
#6086=DIRECTION('',(1.,0.,0.));
#6087=DIRECTION('',(0.,0.,-1.));
#6088=DIRECTION('',(1.,0.,0.));
#6089=DIRECTION('',(0.,0.,-1.));
#6090=DIRECTION('',(0.,0.,1.));
#6091=DIRECTION('',(0.,-1.,0.));
#6092=DIRECTION('',(-1.,0.,0.));
#6093=DIRECTION('',(0.,0.,1.));
#6094=DIRECTION('',(0.,0.,-1.));
#6095=DIRECTION('',(0.,-1.,0.));
#6096=DIRECTION('',(0.,1.,0.));
#6097=DIRECTION('',(0.,0.,1.));
#6098=DIRECTION('',(-1.,0.,0.));
#6099=DIRECTION('',(0.,0.,1.));
#6100=DIRECTION('',(1.,0.,0.));
#6101=DIRECTION('',(1.,0.,0.));
#6102=DIRECTION('',(0.,0.,-1.));
#6103=DIRECTION('',(0.,0.,1.));
#6104=DIRECTION('',(0.,-1.,0.));
#6105=DIRECTION('',(-1.,0.,0.));
#6106=DIRECTION('',(0.,0.,1.));
#6107=DIRECTION('',(0.,0.,-1.));
#6108=DIRECTION('',(0.,-1.,0.));
#6109=DIRECTION('',(0.,1.,0.));
#6110=DIRECTION('',(0.,0.,1.));
#6111=DIRECTION('',(-1.,0.,0.));
#6112=DIRECTION('',(0.,0.,1.));
#6113=DIRECTION('',(1.,0.,0.));
#6114=DIRECTION('',(1.,0.,0.));
#6115=DIRECTION('',(0.,0.,-1.));
#6116=DIRECTION('',(0.,0.,1.));
#6117=DIRECTION('',(0.,-1.,0.));
#6118=DIRECTION('',(-1.,0.,0.));
#6119=DIRECTION('',(0.,0.,1.));
#6120=DIRECTION('',(0.,0.,-1.));
#6121=DIRECTION('',(0.,-1.,0.));
#6122=DIRECTION('',(0.,1.,0.));
#6123=DIRECTION('',(0.,0.,1.));
#6124=DIRECTION('',(-1.,0.,0.));
#6125=DIRECTION('',(0.,0.,1.));
#6126=DIRECTION('',(1.,0.,0.));
#6127=DIRECTION('',(0.,0.,1.));
#6128=DIRECTION('',(1.,0.,0.));
#6129=DIRECTION('',(0.,-1.,0.));
#6130=DIRECTION('',(-1.,0.,0.));
#6131=DIRECTION('',(0.,-1.,0.));
#6132=DIRECTION('',(1.,0.,0.));
#6133=DIRECTION('',(0.,0.,-1.));
#6134=DIRECTION('',(0.,0.,1.));
#6135=DIRECTION('',(0.,-1.,0.));
#6136=DIRECTION('',(0.,0.,-1.));
#6137=DIRECTION('',(-1.,0.,0.));
#6138=DIRECTION('',(1.,0.,0.));
#6139=DIRECTION('',(0.,-1.,0.));
#6140=DIRECTION('',(-1.,0.,0.));
#6141=DIRECTION('',(0.,0.,1.));
#6142=DIRECTION('',(0.,0.,-1.));
#6143=DIRECTION('',(0.,1.,0.));
#6144=DIRECTION('',(0.,0.,1.));
#6145=DIRECTION('',(0.,0.,1.));
#6146=DIRECTION('',(1.,0.,0.));
#6147=DIRECTION('',(0.,-1.,0.));
#6148=DIRECTION('',(-1.,0.,0.));
#6149=DIRECTION('',(0.,-1.,0.));
#6150=DIRECTION('',(1.,0.,0.));
#6151=DIRECTION('',(0.,0.,-1.));
#6152=DIRECTION('',(0.,0.,1.));
#6153=DIRECTION('',(0.,-1.,0.));
#6154=DIRECTION('',(0.,0.,-1.));
#6155=DIRECTION('',(-1.,0.,0.));
#6156=DIRECTION('',(1.,0.,0.));
#6157=DIRECTION('',(0.,-1.,0.));
#6158=DIRECTION('',(-1.,0.,0.));
#6159=DIRECTION('',(0.,0.,1.));
#6160=DIRECTION('',(0.,0.,-1.));
#6161=DIRECTION('',(0.,1.,0.));
#6162=DIRECTION('',(0.,0.,1.));
#6163=DIRECTION('',(0.,0.,1.));
#6164=DIRECTION('',(1.,0.,0.));
#6165=DIRECTION('',(0.,-1.,0.));
#6166=DIRECTION('',(-1.,0.,0.));
#6167=DIRECTION('',(0.,-1.,0.));
#6168=DIRECTION('',(1.,0.,0.));
#6169=DIRECTION('',(0.,0.,-1.));
#6170=DIRECTION('',(0.,0.,1.));
#6171=DIRECTION('',(0.,-1.,0.));
#6172=DIRECTION('',(0.,0.,-1.));
#6173=DIRECTION('',(-1.,0.,0.));
#6174=DIRECTION('',(1.,0.,0.));
#6175=DIRECTION('',(0.,-1.,0.));
#6176=DIRECTION('',(-1.,0.,0.));
#6177=DIRECTION('',(0.,0.,1.));
#6178=DIRECTION('',(0.,0.,-1.));
#6179=DIRECTION('',(0.,1.,0.));
#6180=DIRECTION('',(0.,0.,1.));
#6181=DIRECTION('',(0.,0.,1.));
#6182=DIRECTION('',(1.,0.,0.));
#6183=DIRECTION('',(0.,-1.,0.));
#6184=DIRECTION('',(-1.,0.,0.));
#6185=DIRECTION('',(0.,-1.,0.));
#6186=DIRECTION('',(1.,0.,0.));
#6187=DIRECTION('',(0.,0.,-1.));
#6188=DIRECTION('',(0.,0.,1.));
#6189=DIRECTION('',(0.,-1.,0.));
#6190=DIRECTION('',(0.,0.,-1.));
#6191=DIRECTION('',(-1.,0.,0.));
#6192=DIRECTION('',(1.,0.,0.));
#6193=DIRECTION('',(0.,-1.,0.));
#6194=DIRECTION('',(-1.,0.,0.));
#6195=DIRECTION('',(0.,0.,1.));
#6196=DIRECTION('',(0.,0.,-1.));
#6197=DIRECTION('',(0.,1.,0.));
#6198=DIRECTION('',(0.,0.,1.));
#6199=DIRECTION('',(0.,0.,1.));
#6200=DIRECTION('',(1.,0.,0.));
#6201=DIRECTION('',(0.,0.,-1.));
#6202=DIRECTION('',(-1.,0.,0.));
#6203=DIRECTION('',(-1.,0.,0.));
#6204=DIRECTION('',(0.,1.,0.));
#6205=DIRECTION('',(-1.,0.,0.));
#6206=DIRECTION('',(0.,1.,0.));
#6207=DIRECTION('',(0.,1.,0.));
#6208=DIRECTION('',(0.,0.,1.));
#6209=DIRECTION('',(0.,1.,0.));
#6210=DIRECTION('',(0.,0.,1.));
#6211=DIRECTION('',(0.,1.,0.));
#6212=DIRECTION('',(0.,0.,1.));
#6213=DIRECTION('',(0.,0.,-1.));
#6214=DIRECTION('',(-1.,0.,0.));
#6215=DIRECTION('',(0.,0.,-1.));
#6216=DIRECTION('',(0.,-1.,0.));
#6217=DIRECTION('',(0.,0.,-1.));
#6218=DIRECTION('',(0.,1.,0.));
#6219=DIRECTION('',(1.,0.,0.));
#6220=DIRECTION('',(0.,0.,1.));
#6221=DIRECTION('',(-1.,0.,0.));
#6222=DIRECTION('',(0.,0.,1.));
#6223=DIRECTION('',(0.,1.,0.));
#6224=DIRECTION('',(1.,0.,0.));
#6225=DIRECTION('',(0.,0.0871557427476583,0.996194698091746));
#6226=DIRECTION('',(0.,-0.996194698091746,0.0871557427476583));
#6227=DIRECTION('',(0.,0.996194698091746,-0.0871557427476583));
#6228=DIRECTION('',(-1.,0.,0.));
#6229=DIRECTION('',(0.,0.996194698091746,-0.0871557427476583));
#6230=DIRECTION('',(-1.,0.,0.));
#6231=DIRECTION('',(0.,0.,1.));
#6232=DIRECTION('',(1.,0.,0.));
#6233=DIRECTION('',(0.,0.,-1.));
#6234=DIRECTION('',(-1.,0.,0.));
#6235=DIRECTION('',(1.,0.,0.));
#6236=DIRECTION('',(0.,0.,-1.));
#6237=DIRECTION('',(0.,1.,0.));
#6238=DIRECTION('',(0.,0.,1.));
#6239=DIRECTION('',(0.,0.,-1.));
#6240=DIRECTION('',(-1.,0.,0.));
#6241=DIRECTION('',(0.,0.,-1.));
#6242=DIRECTION('',(0.,0.,1.));
#6243=DIRECTION('',(1.,0.,0.));
#6244=DIRECTION('',(0.,1.,0.));
#6245=DIRECTION('',(0.,1.,0.));
#6246=DIRECTION('',(1.,0.,0.));
#6247=DIRECTION('',(0.,0.,-1.));
#6248=DIRECTION('',(0.,1.,0.));
#6249=DIRECTION('',(1.,0.,0.));
#6250=DIRECTION('',(0.,0.,-1.));
#6251=DIRECTION('',(0.,1.,0.));
#6252=DIRECTION('',(0.,1.,0.));
#6253=DIRECTION('',(0.,0.,1.));
#6254=DIRECTION('',(0.,1.,0.));
#6255=DIRECTION('',(0.,0.,1.));
#6256=DIRECTION('',(0.,0.,1.));
#6257=DIRECTION('',(1.,0.,0.));
#6258=CARTESIAN_POINT('',(0.,0.,0.));
#6259=CARTESIAN_POINT('',(-3.1,0.,1.3));
#6260=CARTESIAN_POINT('',(0.975,0.,0.677));
#6261=CARTESIAN_POINT('',(0.975,0.,0.677));
#6262=CARTESIAN_POINT('',(0.525,0.,0.677));
#6263=CARTESIAN_POINT('',(0.525,0.,0.677));
#6264=CARTESIAN_POINT('',(0.525,0.,1.075));
#6265=CARTESIAN_POINT('',(0.525,0.,1.075));
#6266=CARTESIAN_POINT('',(0.975,0.,1.075));
#6267=CARTESIAN_POINT('',(0.975,0.,1.075));
#6268=CARTESIAN_POINT('',(-2.025,0.,0.677));
#6269=CARTESIAN_POINT('',(-2.025,0.,0.677));
#6270=CARTESIAN_POINT('',(-2.475,0.,0.677));
#6271=CARTESIAN_POINT('',(-2.475,0.,0.677));
#6272=CARTESIAN_POINT('',(-2.475,0.,1.075));
#6273=CARTESIAN_POINT('',(-2.475,0.,1.075));
#6274=CARTESIAN_POINT('',(-2.025,0.,1.075));
#6275=CARTESIAN_POINT('',(-2.025,0.,1.075));
#6276=CARTESIAN_POINT('',(0.95,0.,-1.1));
#6277=CARTESIAN_POINT('',(0.95,0.,-1.3));
#6278=CARTESIAN_POINT('',(0.95,0.,-2.2));
#6279=CARTESIAN_POINT('',(-3.1,0.,-1.3));
#6280=CARTESIAN_POINT('',(2.05,0.,-1.3));
#6281=CARTESIAN_POINT('',(2.05,0.,-2.2));
#6282=CARTESIAN_POINT('',(2.05,0.,-2.2));
#6283=CARTESIAN_POINT('',(2.45,0.,-2.2));
#6284=CARTESIAN_POINT('',(2.45,0.,-2.2));
#6285=CARTESIAN_POINT('',(2.45,0.,-1.1));
#6286=CARTESIAN_POINT('',(2.45,0.,-1.3));
#6287=CARTESIAN_POINT('',(-3.1,0.,-1.3));
#6288=CARTESIAN_POINT('',(3.1,0.,-1.3));
#6289=CARTESIAN_POINT('',(3.1,0.,1.3));
#6290=CARTESIAN_POINT('',(3.1,0.,1.3));
#6291=CARTESIAN_POINT('',(-3.1,0.,1.3));
#6292=CARTESIAN_POINT('',(-3.1,0.,1.3));
#6293=CARTESIAN_POINT('',(-3.1,0.,1.3));
#6294=CARTESIAN_POINT('',(-3.1,0.,-1.3));
#6295=CARTESIAN_POINT('',(-3.1,0.,-1.3));
#6296=CARTESIAN_POINT('',(-2.45,0.,-1.3));
#6297=CARTESIAN_POINT('',(-2.45,0.,-2.2));
#6298=CARTESIAN_POINT('',(-2.45,0.,-2.2));
#6299=CARTESIAN_POINT('',(-2.05,0.,-2.2));
#6300=CARTESIAN_POINT('',(-2.05,0.,-2.2));
#6301=CARTESIAN_POINT('',(-2.05,0.,-1.1));
#6302=CARTESIAN_POINT('',(-2.05,0.,-1.3));
#6303=CARTESIAN_POINT('',(-3.1,0.,-1.3));
#6304=CARTESIAN_POINT('',(0.55,0.,-1.3));
#6305=CARTESIAN_POINT('',(0.55,0.,-2.2));
#6306=CARTESIAN_POINT('',(0.55,0.,-2.2));
#6307=CARTESIAN_POINT('',(0.95,0.,-2.2));
#6308=CARTESIAN_POINT('',(-1.5,0.,0.));
#6309=CARTESIAN_POINT('',(-1.5,0.,0.4));
#6310=CARTESIAN_POINT('',(1.5,0.,0.));
#6311=CARTESIAN_POINT('',(1.5,0.,0.4));
#6312=CARTESIAN_POINT('',(-0.525,0.,0.677));
#6313=CARTESIAN_POINT('',(-0.525,0.,0.677));
#6314=CARTESIAN_POINT('',(-0.975,0.,0.677));
#6315=CARTESIAN_POINT('',(-0.975,0.,0.677));
#6316=CARTESIAN_POINT('',(-0.975,0.,1.075));
#6317=CARTESIAN_POINT('',(-0.975,0.,1.075));
#6318=CARTESIAN_POINT('',(-0.525,0.,1.075));
#6319=CARTESIAN_POINT('',(-0.525,0.,1.075));
#6320=CARTESIAN_POINT('',(2.475,0.,0.677));
#6321=CARTESIAN_POINT('',(2.475,0.,0.677));
#6322=CARTESIAN_POINT('',(2.025,0.,0.677));
#6323=CARTESIAN_POINT('',(2.025,0.,0.677));
#6324=CARTESIAN_POINT('',(2.025,0.,1.075));
#6325=CARTESIAN_POINT('',(2.025,0.,1.075));
#6326=CARTESIAN_POINT('',(2.475,0.,1.075));
#6327=CARTESIAN_POINT('',(2.475,0.,1.075));
#6328=CARTESIAN_POINT('',(0.,0.,-1.3));
#6329=CARTESIAN_POINT('',(0.55,0.,-1.3));
#6330=CARTESIAN_POINT('',(0.55,0.2,-1.3));
#6331=CARTESIAN_POINT('',(-2.05,0.,-1.3));
#6332=CARTESIAN_POINT('',(-2.05,0.2,-1.3));
#6333=CARTESIAN_POINT('',(0.,0.2,-1.3));
#6334=CARTESIAN_POINT('',(-2.45,0.2,-1.3));
#6335=CARTESIAN_POINT('',(-2.45,0.,-1.3));
#6336=CARTESIAN_POINT('',(-3.1,0.8,-1.3));
#6337=CARTESIAN_POINT('',(-3.1,0.8,-1.3));
#6338=CARTESIAN_POINT('',(-3.15,0.8,-1.3));
#6339=CARTESIAN_POINT('',(-3.15,0.8,-1.3));
#6340=CARTESIAN_POINT('',(-3.15,1.2,-1.3));
#6341=CARTESIAN_POINT('',(-3.15,1.4,-1.3));
#6342=CARTESIAN_POINT('',(-2.75,1.4,-1.3));
#6343=CARTESIAN_POINT('',(-2.75,1.4,-1.3));
#6344=CARTESIAN_POINT('',(-2.75,1.4,-1.3));
#6345=CARTESIAN_POINT('',(-2.75,1.2,-1.3));
#6346=CARTESIAN_POINT('',(3.15,1.2,-1.3));
#6347=CARTESIAN_POINT('',(2.75,1.2,-1.3));
#6348=CARTESIAN_POINT('',(2.75,1.4,-1.3));
#6349=CARTESIAN_POINT('',(2.75,1.4,-1.3));
#6350=CARTESIAN_POINT('',(3.15,1.4,-1.3));
#6351=CARTESIAN_POINT('',(3.15,1.4,-1.3));
#6352=CARTESIAN_POINT('',(3.15,0.8,-1.3));
#6353=CARTESIAN_POINT('',(3.15,0.8,-1.3));
#6354=CARTESIAN_POINT('',(3.1,0.8,-1.3));
#6355=CARTESIAN_POINT('',(3.1,0.8,-1.3));
#6356=CARTESIAN_POINT('',(3.1,0.,-1.3));
#6357=CARTESIAN_POINT('',(2.45,0.,-1.3));
#6358=CARTESIAN_POINT('',(2.45,0.2,-1.3));
#6359=CARTESIAN_POINT('',(0.,0.2,-1.3));
#6360=CARTESIAN_POINT('',(2.05,0.2,-1.3));
#6361=CARTESIAN_POINT('',(2.05,0.,-1.3));
#6362=CARTESIAN_POINT('',(0.95,0.,-1.3));
#6363=CARTESIAN_POINT('',(0.95,0.2,-1.3));
#6364=CARTESIAN_POINT('',(0.,0.2,-1.3));
#6365=CARTESIAN_POINT('',(3.15,1.2,1.3));
#6366=CARTESIAN_POINT('',(-1.4,1.2,0.75));
#6367=CARTESIAN_POINT('',(-1.4,1.2,1.25));
#6368=CARTESIAN_POINT('',(-1.4,1.2,1.3));
#6369=CARTESIAN_POINT('',(-3.1,1.2,1.25));
#6370=CARTESIAN_POINT('',(-2.6,1.2,1.25));
#6371=CARTESIAN_POINT('',(-2.6,1.2,1.15));
#6372=CARTESIAN_POINT('',(-2.7,1.2,1.15));
#6373=CARTESIAN_POINT('',(-2.7,1.2,1.25));
#6374=CARTESIAN_POINT('',(-2.7,1.2,0.58));
#6375=CARTESIAN_POINT('',(-2.8,1.2,0.58));
#6376=CARTESIAN_POINT('',(-2.8,1.2,0.48));
#6377=CARTESIAN_POINT('',(-3.1,1.2,0.48));
#6378=CARTESIAN_POINT('',(-3.15,1.2,0.48));
#6379=CARTESIAN_POINT('',(-3.15,1.2,1.3));
#6380=CARTESIAN_POINT('',(-3.15,1.2,0.5));
#6381=CARTESIAN_POINT('',(-2.85,1.2,0.5));
#6382=CARTESIAN_POINT('',(-2.85,1.2,0.5));
#6383=CARTESIAN_POINT('',(-2.85,1.2,0.600000000000001));
#6384=CARTESIAN_POINT('',(-2.75,1.2,0.6));
#6385=CARTESIAN_POINT('',(-2.75,1.2,1.3));
#6386=CARTESIAN_POINT('',(-2.75,1.2,1.3));
#6387=CARTESIAN_POINT('',(3.15,1.2,1.3));
#6388=CARTESIAN_POINT('',(3.15,1.2,1.3));
#6389=CARTESIAN_POINT('',(-3.1,1.2,1.25));
#6390=CARTESIAN_POINT('',(1.4,1.2,1.25));
#6391=CARTESIAN_POINT('',(2.6,1.2,1.25));
#6392=CARTESIAN_POINT('',(1.4,1.2,0.75));
#6393=CARTESIAN_POINT('',(1.4,1.2,1.3));
#6394=CARTESIAN_POINT('',(3.15,1.2,1.3));
#6395=CARTESIAN_POINT('',(2.75,1.2,1.3));
#6396=CARTESIAN_POINT('',(2.75,1.2,0.6));
#6397=CARTESIAN_POINT('',(2.75,1.2,0.6));
#6398=CARTESIAN_POINT('',(2.85,1.2,0.600000000000001));
#6399=CARTESIAN_POINT('',(2.85,1.2,0.5));
#6400=CARTESIAN_POINT('',(3.15,1.2,0.5));
#6401=CARTESIAN_POINT('',(3.15,1.2,0.5));
#6402=CARTESIAN_POINT('',(3.15,1.2,1.3));
#6403=CARTESIAN_POINT('',(3.15,1.2,0.48));
#6404=CARTESIAN_POINT('',(-3.1,1.2,0.48));
#6405=CARTESIAN_POINT('',(2.8,1.2,0.48));
#6406=CARTESIAN_POINT('',(2.8,1.2,0.58));
#6407=CARTESIAN_POINT('',(2.7,1.2,0.58));
#6408=CARTESIAN_POINT('',(2.7,1.2,1.25));
#6409=CARTESIAN_POINT('',(2.7,1.2,1.15));
#6410=CARTESIAN_POINT('',(2.6,1.2,1.15));
#6411=CARTESIAN_POINT('',(3.15,1.2,1.3));
#6412=CARTESIAN_POINT('',(2.75,1.2,-1.3));
#6413=CARTESIAN_POINT('',(2.75,1.2,-0.6));
#6414=CARTESIAN_POINT('',(-2.75,1.2,-0.6));
#6415=CARTESIAN_POINT('',(-2.75,1.2,-0.6));
#6416=CARTESIAN_POINT('',(-2.85,1.2,-0.600000000000001));
#6417=CARTESIAN_POINT('',(-2.85,1.2,-0.5));
#6418=CARTESIAN_POINT('',(-3.15,1.2,-0.5));
#6419=CARTESIAN_POINT('',(-3.15,1.2,-0.5));
#6420=CARTESIAN_POINT('',(-3.15,1.2,1.3));
#6421=CARTESIAN_POINT('',(-3.15,1.2,-0.48));
#6422=CARTESIAN_POINT('',(-3.1,1.2,-0.48));
#6423=CARTESIAN_POINT('',(-2.8,1.2,-0.48));
#6424=CARTESIAN_POINT('',(-2.8,1.2,-0.580000000000001));
#6425=CARTESIAN_POINT('',(-2.7,1.2,-0.58));
#6426=CARTESIAN_POINT('',(-2.7,1.2,1.25));
#6427=CARTESIAN_POINT('',(-2.7,1.2,-1.15));
#6428=CARTESIAN_POINT('',(-2.6,1.2,-1.15));
#6429=CARTESIAN_POINT('',(-2.6,1.2,-1.25));
#6430=CARTESIAN_POINT('',(-3.1,1.2,-1.25));
#6431=CARTESIAN_POINT('',(2.6,1.2,-1.25));
#6432=CARTESIAN_POINT('',(2.6,1.2,-1.15));
#6433=CARTESIAN_POINT('',(2.7,1.2,-1.15));
#6434=CARTESIAN_POINT('',(2.7,1.2,1.25));
#6435=CARTESIAN_POINT('',(2.7,1.2,-0.58));
#6436=CARTESIAN_POINT('',(2.8,1.2,-0.580000000000001));
#6437=CARTESIAN_POINT('',(2.8,1.2,-0.48));
#6438=CARTESIAN_POINT('',(-3.1,1.2,-0.48));
#6439=CARTESIAN_POINT('',(3.15,1.2,-0.48));
#6440=CARTESIAN_POINT('',(3.15,1.2,1.3));
#6441=CARTESIAN_POINT('',(3.15,1.2,-0.5));
#6442=CARTESIAN_POINT('',(2.85,1.2,-0.5));
#6443=CARTESIAN_POINT('',(2.85,1.2,-0.5));
#6444=CARTESIAN_POINT('',(2.85,1.2,-0.600000000000001));
#6445=CARTESIAN_POINT('',(3.15,0.8,1.3));
#6446=CARTESIAN_POINT('',(3.15,0.8,-1.2));
#6447=CARTESIAN_POINT('',(3.15,0.8,-1.2));
#6448=CARTESIAN_POINT('',(3.15,1.4,-1.2));
#6449=CARTESIAN_POINT('',(3.15,0.8,1.3));
#6450=CARTESIAN_POINT('',(3.15,1.4,-0.5));
#6451=CARTESIAN_POINT('',(-3.15,1.2,1.3));
#6452=CARTESIAN_POINT('',(-3.15,0.8,1.3));
#6453=CARTESIAN_POINT('',(-3.15,0.8,-1.2));
#6454=CARTESIAN_POINT('',(-3.15,0.6,-1.2));
#6455=CARTESIAN_POINT('',(-3.15,1.4,-1.2));
#6456=CARTESIAN_POINT('',(-3.15,1.4,-1.3));
#6457=CARTESIAN_POINT('',(3.55,0.6,0.48));
#6458=CARTESIAN_POINT('',(3.15,0.6,0.5));
#6459=CARTESIAN_POINT('',(3.15,0.6,0.5));
#6460=CARTESIAN_POINT('',(3.35,0.6,0.5));
#6461=CARTESIAN_POINT('',(3.35,0.6,1.25));
#6462=CARTESIAN_POINT('',(3.35,0.6,0.48));
#6463=CARTESIAN_POINT('',(3.55,0.6,0.48));
#6464=CARTESIAN_POINT('',(3.15,0.6,0.48));
#6465=CARTESIAN_POINT('',(3.15,0.6,0.48));
#6466=CARTESIAN_POINT('',(3.15,0.8,1.3));
#6467=CARTESIAN_POINT('',(3.15,1.4,0.5));
#6468=CARTESIAN_POINT('',(3.15,0.8,0.5));
#6469=CARTESIAN_POINT('',(3.15,0.8,1.3));
#6470=CARTESIAN_POINT('',(3.15,0.8,0.448125003863318));
#6471=CARTESIAN_POINT('',(3.15,0.873205080756884,0.379999999999992));
#6472=CARTESIAN_POINT('',(3.15,0.873205120449757,0.479999999999984));
#6473=CARTESIAN_POINT('',(3.15,1.403,0.479999789709195));
#6474=CARTESIAN_POINT('',(-3.15,0.6,0.48));
#6475=CARTESIAN_POINT('',(-3.35,0.6,0.5));
#6476=CARTESIAN_POINT('',(-3.35,0.6,0.5));
#6477=CARTESIAN_POINT('',(-3.15,0.6,0.5));
#6478=CARTESIAN_POINT('',(-3.15,0.6,0.48));
#6479=CARTESIAN_POINT('',(-3.15,0.6,0.48));
#6480=CARTESIAN_POINT('',(-3.15,0.6,0.48));
#6481=CARTESIAN_POINT('',(-3.35,0.6,0.48));
#6482=CARTESIAN_POINT('',(-3.35,0.6,1.25));
#6483=CARTESIAN_POINT('',(-3.15,1.2,1.3));
#6484=CARTESIAN_POINT('',(-3.15,0.6,0.5));
#6485=CARTESIAN_POINT('',(-3.15,0.8,0.5));
#6486=CARTESIAN_POINT('',(-3.15,1.403,0.479999789709195));
#6487=CARTESIAN_POINT('',(-3.15,0.873205120449757,0.479999999999984));
#6488=CARTESIAN_POINT('',(-3.15,0.873205080756884,0.379999999999992));
#6489=CARTESIAN_POINT('',(-3.15,0.8,0.448125003863318));
#6490=CARTESIAN_POINT('',(-3.15,0.8,1.3));
#6491=CARTESIAN_POINT('',(-3.15,0.25,1.25));
#6492=CARTESIAN_POINT('',(-3.15,0.8,1.3));
#6493=CARTESIAN_POINT('',(-3.15,0.8,-0.448125003863318));
#6494=CARTESIAN_POINT('',(-3.15,0.873205080756884,0.379999999999992));
#6495=CARTESIAN_POINT('',(-3.15,0.786602540378444,0.43));
#6496=CARTESIAN_POINT('',(-3.15,0.7,0.48));
#6497=CARTESIAN_POINT('',(-3.15,0.6,0.5));
#6498=CARTESIAN_POINT('',(-3.15,0.8,1.3));
#6499=CARTESIAN_POINT('',(-3.15,0.8,1.2));
#6500=CARTESIAN_POINT('',(-3.15,0.6,1.2));
#6501=CARTESIAN_POINT('',(-3.15,0.6,1.2));
#6502=CARTESIAN_POINT('',(-3.15,0.6,1.2));
#6503=CARTESIAN_POINT('',(-3.15,0.6,1.15));
#6504=CARTESIAN_POINT('',(-3.15,0.5,1.15));
#6505=CARTESIAN_POINT('',(-3.15,0.5,1.25));
#6506=CARTESIAN_POINT('',(-3.15,0.25,1.25));
#6507=CARTESIAN_POINT('',(-3.15,0.25,1.25));
#6508=CARTESIAN_POINT('',(-3.15,0.25,1.25));
#6509=CARTESIAN_POINT('',(-3.15,0.25,0.85));
#6510=CARTESIAN_POINT('',(-3.15,0.25,0.85));
#6511=CARTESIAN_POINT('',(-3.15,0.25,0.600102995364075));
#6512=CARTESIAN_POINT('',(-3.15,0.25,1.25));
#6513=CARTESIAN_POINT('',(-3.15,0.25,-0.600102995364075));
#6514=CARTESIAN_POINT('',(-3.15,0.25,-0.600102995364075));
#6515=CARTESIAN_POINT('',(-3.15,0.25,-0.85));
#6516=CARTESIAN_POINT('',(-3.15,0.25,1.25));
#6517=CARTESIAN_POINT('',(-3.15,0.25,-1.25));
#6518=CARTESIAN_POINT('',(-3.15,0.25,-1.25));
#6519=CARTESIAN_POINT('',(-3.15,0.5,-1.25));
#6520=CARTESIAN_POINT('',(-3.15,0.5,-1.15));
#6521=CARTESIAN_POINT('',(-3.15,0.6,-1.15));
#6522=CARTESIAN_POINT('',(-3.15,0.6,-1.2));
#6523=CARTESIAN_POINT('',(-3.15,0.6,-1.2));
#6524=CARTESIAN_POINT('',(-3.15,0.6,-1.2));
#6525=CARTESIAN_POINT('',(-3.15,0.8,1.3));
#6526=CARTESIAN_POINT('',(-3.15,0.8,-0.5));
#6527=CARTESIAN_POINT('',(-3.15,0.6,-0.5));
#6528=CARTESIAN_POINT('',(-3.15,0.6,-0.5));
#6529=CARTESIAN_POINT('',(-3.15,0.6,-1.15));
#6530=CARTESIAN_POINT('',(-3.15,0.6,-0.48));
#6531=CARTESIAN_POINT('',(-3.15,0.7,-0.48));
#6532=CARTESIAN_POINT('',(-3.15,0.786602540378444,-0.43));
#6533=CARTESIAN_POINT('',(-3.15,0.873205080756884,-0.379999999999991));
#6534=CARTESIAN_POINT('',(3.15,1.15,1.25));
#6535=CARTESIAN_POINT('',(3.15,0.8,1.3));
#6536=CARTESIAN_POINT('',(3.15,0.8,-0.448125003863318));
#6537=CARTESIAN_POINT('',(3.15,0.873205080756884,-0.379999999999991));
#6538=CARTESIAN_POINT('',(3.15,0.786602540378444,-0.43));
#6539=CARTESIAN_POINT('',(3.15,0.7,-0.48));
#6540=CARTESIAN_POINT('',(3.15,0.6,-0.48));
#6541=CARTESIAN_POINT('',(3.15,0.6,-1.15));
#6542=CARTESIAN_POINT('',(3.15,0.6,-0.5));
#6543=CARTESIAN_POINT('',(3.15,1.4,-0.5));
#6544=CARTESIAN_POINT('',(3.15,0.8,-0.5));
#6545=CARTESIAN_POINT('',(3.15,0.8,1.3));
#6546=CARTESIAN_POINT('',(3.15,1.4,-1.2));
#6547=CARTESIAN_POINT('',(3.15,0.6,-1.2));
#6548=CARTESIAN_POINT('',(3.15,0.6,-1.2));
#6549=CARTESIAN_POINT('',(3.15,0.6,-1.15));
#6550=CARTESIAN_POINT('',(3.15,0.5,-1.15));
#6551=CARTESIAN_POINT('',(3.15,0.5,-1.25));
#6552=CARTESIAN_POINT('',(3.15,1.15,-1.25));
#6553=CARTESIAN_POINT('',(3.15,0.25,-1.25));
#6554=CARTESIAN_POINT('',(3.15,0.25,1.25));
#6555=CARTESIAN_POINT('',(3.15,0.25,-0.85));
#6556=CARTESIAN_POINT('',(3.15,0.25,-0.600102995364075));
#6557=CARTESIAN_POINT('',(3.15,0.25,-0.600102995364075));
#6558=CARTESIAN_POINT('',(3.15,0.25,1.25));
#6559=CARTESIAN_POINT('',(3.15,0.25,0.600102995364075));
#6560=CARTESIAN_POINT('',(3.15,0.25,0.85));
#6561=CARTESIAN_POINT('',(3.15,0.25,0.85));
#6562=CARTESIAN_POINT('',(3.15,0.25,1.25));
#6563=CARTESIAN_POINT('',(3.15,0.25,1.25));
#6564=CARTESIAN_POINT('',(3.15,1.15,1.25));
#6565=CARTESIAN_POINT('',(3.15,0.5,1.25));
#6566=CARTESIAN_POINT('',(3.15,0.5,1.15));
#6567=CARTESIAN_POINT('',(3.15,0.6,1.15));
#6568=CARTESIAN_POINT('',(3.15,0.6,1.2));
#6569=CARTESIAN_POINT('',(3.15,0.6,1.2));
#6570=CARTESIAN_POINT('',(3.15,1.4,1.2));
#6571=CARTESIAN_POINT('',(3.15,0.8,1.2));
#6572=CARTESIAN_POINT('',(3.15,0.8,1.3));
#6573=CARTESIAN_POINT('',(3.15,1.4,0.5));
#6574=CARTESIAN_POINT('',(3.15,0.7,0.48));
#6575=CARTESIAN_POINT('',(3.15,0.786602540378444,0.43));
#6576=CARTESIAN_POINT('',(3.15,0.873205080756884,0.379999999999992));
#6577=CARTESIAN_POINT('',(3.15,1.4,-0.48));
#6578=CARTESIAN_POINT('',(3.15,0.873205120449757,-0.479999999999984));
#6579=CARTESIAN_POINT('',(3.15,0.873205120449757,-0.479999999999984));
#6580=CARTESIAN_POINT('',(2.8,1.4,-0.48));
#6581=CARTESIAN_POINT('',(2.8,1.4,-0.48));
#6582=CARTESIAN_POINT('',(3.15,1.4,-0.48));
#6583=CARTESIAN_POINT('',(3.1,1.4,-0.48));
#6584=CARTESIAN_POINT('',(3.1,1.15,-0.48));
#6585=CARTESIAN_POINT('',(3.15,1.39494897427824,-0.479999792904878));
#6586=CARTESIAN_POINT('',(3.1,1.15,-0.479999890132154));
#6587=CARTESIAN_POINT('',(3.35,1.15,-0.479999890132154));
#6588=CARTESIAN_POINT('',(3.35,0.250000686686739,-0.480000247367706));
#6589=CARTESIAN_POINT('',(3.35,0.873205120449757,-0.479999999999984));
#6590=CARTESIAN_POINT('',(3.55,0.873205120449757,-0.479999999999984));
#6591=CARTESIAN_POINT('',(-2.8,1.4,-0.48));
#6592=CARTESIAN_POINT('',(-3.15,0.873205120449757,-0.479999999999984));
#6593=CARTESIAN_POINT('',(-3.15,0.873205080756884,-0.479999999999992));
#6594=CARTESIAN_POINT('',(-3.15,0.873205120449757,-0.479999999999984));
#6595=CARTESIAN_POINT('',(-3.35,0.873205120449757,-0.479999999999984));
#6596=CARTESIAN_POINT('',(-3.35,1.1500006866866,-0.479999890131881));
#6597=CARTESIAN_POINT('',(-3.35,1.15,-0.479999890132154));
#6598=CARTESIAN_POINT('',(-3.1,1.15,-0.479999890132154));
#6599=CARTESIAN_POINT('',(-3.15,1.39494897427832,-0.48));
#6600=CARTESIAN_POINT('',(-3.1,1.15,-0.48));
#6601=CARTESIAN_POINT('',(-3.1,1.4,-0.48));
#6602=CARTESIAN_POINT('',(-2.8,1.4,-0.48));
#6603=CARTESIAN_POINT('',(-2.8,1.4,-0.48));
#6604=CARTESIAN_POINT('',(-2.8,1.4,-0.48));
#6605=CARTESIAN_POINT('',(-3.15,1.4,0.48));
#6606=CARTESIAN_POINT('',(-2.8,1.4,0.48));
#6607=CARTESIAN_POINT('',(-2.8,1.4,0.48));
#6608=CARTESIAN_POINT('',(-3.15,1.4,0.48));
#6609=CARTESIAN_POINT('',(-3.1,1.4,0.48));
#6610=CARTESIAN_POINT('',(-3.1,1.15,0.48));
#6611=CARTESIAN_POINT('',(-3.15,1.39494897427824,0.479999792904878));
#6612=CARTESIAN_POINT('',(-3.1,1.15,0.479999890132154));
#6613=CARTESIAN_POINT('',(-3.35,1.15,0.479999890132154));
#6614=CARTESIAN_POINT('',(-3.35,1.14999969436486,0.479999890132276));
#6615=CARTESIAN_POINT('',(-3.35,0.873205120449757,0.479999999999984));
#6616=CARTESIAN_POINT('',(-3.15,0.873205120449757,0.479999999999984));
#6617=CARTESIAN_POINT('',(2.8,1.4,0.48));
#6618=CARTESIAN_POINT('',(3.55,0.873205120449757,0.479999999999984));
#6619=CARTESIAN_POINT('',(3.35,0.873205120449757,0.479999999999984));
#6620=CARTESIAN_POINT('',(3.35,0.249999694365004,0.4800002473681));
#6621=CARTESIAN_POINT('',(3.35,1.15,0.479999890132154));
#6622=CARTESIAN_POINT('',(3.1,1.15,0.479999890132154));
#6623=CARTESIAN_POINT('',(3.15,1.39494897427832,0.48));
#6624=CARTESIAN_POINT('',(3.1,1.15,0.48));
#6625=CARTESIAN_POINT('',(3.1,1.4,0.48));
#6626=CARTESIAN_POINT('',(2.8,1.4,0.48));
#6627=CARTESIAN_POINT('',(2.8,1.4,0.48));
#6628=CARTESIAN_POINT('',(2.8,1.4,0.48));
#6629=CARTESIAN_POINT('',(-3.4,0.25,1.25));
#6630=CARTESIAN_POINT('',(-3.15,0.25,-0.600102995364075));
#6631=CARTESIAN_POINT('',(-3.15,0.250000160693981,-0.564784474969818));
#6632=CARTESIAN_POINT('',(-3.14889988502108,0.230134312105079,-0.530898053205232));
#6633=CARTESIAN_POINT('',(-3.15505102572168,0.2,-0.5135));
#6634=CARTESIAN_POINT('',(-3.15505102572168,0.2,-0.5135));
#6635=CARTESIAN_POINT('',(-3.15505102572168,0.2,0.5135));
#6636=CARTESIAN_POINT('',(-3.14890306388772,0.230118738902619,0.530889062012599));
#6637=CARTESIAN_POINT('',(-3.15,0.250000160613423,0.564802180878114));
#6638=CARTESIAN_POINT('',(-3.15,0.25,0.600102995364075));
#6639=CARTESIAN_POINT('',(-3.15505102572168,0.2,0.5135));
#6640=CARTESIAN_POINT('',(-3.15505102572168,0.2,0.5135));
#6641=CARTESIAN_POINT('',(-3.16127283557674,0.169519481156998,0.495902064241439));
#6642=CARTESIAN_POINT('',(-3.17087128630838,0.14999983718985,0.462680632259588));
#6643=CARTESIAN_POINT('',(-3.17087121525221,0.15,0.426897004635925));
#6644=CARTESIAN_POINT('',(-3.17087121525221,0.15,0.426897004635925));
#6645=CARTESIAN_POINT('',(-3.17087121525221,0.15,1.25));
#6646=CARTESIAN_POINT('',(-3.17087121525221,0.15,-0.426897004635925));
#6647=CARTESIAN_POINT('',(-3.17087121525221,0.15,-0.426897004635925));
#6648=CARTESIAN_POINT('',(-3.17087128613708,0.149999837582347,-0.462594366255683));
#6649=CARTESIAN_POINT('',(-3.1612586304145,0.169589071955383,-0.495942242507619));
#6650=CARTESIAN_POINT('',(-3.15505102572168,0.199999999999999,-0.5135));
#6651=CARTESIAN_POINT('',(-3.4,0.25,1.25));
#6652=CARTESIAN_POINT('',(-3.4,0.25,-0.85));
#6653=CARTESIAN_POINT('',(-3.4,0.,-0.85));
#6654=CARTESIAN_POINT('',(-3.4,0.,1.25));
#6655=CARTESIAN_POINT('',(-3.4,0.,-1.25));
#6656=CARTESIAN_POINT('',(-3.4,0.25,-1.25));
#6657=CARTESIAN_POINT('',(3.4,0.25,1.25));
#6658=CARTESIAN_POINT('',(3.15505102572168,0.2,-0.5135));
#6659=CARTESIAN_POINT('',(3.14890309032631,0.230118609380507,-0.530888987232973));
#6660=CARTESIAN_POINT('',(3.15,0.250000000001012,-0.564801877699673));
#6661=CARTESIAN_POINT('',(3.15,0.250000000001035,-0.600102540378978));
#6662=CARTESIAN_POINT('',(3.15505102572168,0.2,-0.5135));
#6663=CARTESIAN_POINT('',(3.15505102572168,0.2,-0.5135));
#6664=CARTESIAN_POINT('',(3.16127283557674,0.169519481156998,-0.495902064241439));
#6665=CARTESIAN_POINT('',(3.17087128630838,0.14999983718985,-0.462680632259588));
#6666=CARTESIAN_POINT('',(3.17087121525221,0.15,-0.426897004635925));
#6667=CARTESIAN_POINT('',(3.17087121525221,0.15,-0.426897004635925));
#6668=CARTESIAN_POINT('',(3.17087121525221,0.15,1.25));
#6669=CARTESIAN_POINT('',(3.17087121525221,0.15,0.426897004635925));
#6670=CARTESIAN_POINT('',(3.17087121525221,0.15,0.426897004635925));
#6671=CARTESIAN_POINT('',(3.17087128613708,0.149999837582347,0.462594366255683));
#6672=CARTESIAN_POINT('',(3.1612586304145,0.169589071955384,0.49594224250762));
#6673=CARTESIAN_POINT('',(3.15505102572168,0.2,0.513500000000001));
#6674=CARTESIAN_POINT('',(3.15505102572168,0.2,0.5135));
#6675=CARTESIAN_POINT('',(3.15,0.25,0.600102995364075));
#6676=CARTESIAN_POINT('',(3.15,0.250000160693982,0.564784474969818));
#6677=CARTESIAN_POINT('',(3.14889988502108,0.23013431210508,0.530898053205232));
#6678=CARTESIAN_POINT('',(3.15505102572168,0.2,0.5135));
#6679=CARTESIAN_POINT('',(3.4,0.25,1.25));
#6680=CARTESIAN_POINT('',(3.4,0.25,-0.85));
#6681=CARTESIAN_POINT('',(3.4,0.,-0.85));
#6682=CARTESIAN_POINT('',(3.4,0.25,-1.25));
#6683=CARTESIAN_POINT('',(3.4,-1.0842021724855E-16,-1.25));
#6684=CARTESIAN_POINT('',(3.4,-1.0842021724855E-16,1.25));
#6685=CARTESIAN_POINT('',(-3.4,0.2,1.25));
#6686=CARTESIAN_POINT('',(-3.4,0.2,0.85));
#6687=CARTESIAN_POINT('',(-3.4,0.2,0.85));
#6688=CARTESIAN_POINT('',(-3.75,0.2,0.85));
#6689=CARTESIAN_POINT('',(-3.75,0.2,0.95));
#6690=CARTESIAN_POINT('',(-3.85,0.2,0.95));
#6691=CARTESIAN_POINT('',(-3.85,0.2,1.25));
#6692=CARTESIAN_POINT('',(-3.85,0.2,1.25));
#6693=CARTESIAN_POINT('',(-3.4,0.2,1.25));
#6694=CARTESIAN_POINT('',(-3.4,0.2,1.25));
#6695=CARTESIAN_POINT('',(-3.4,0.2,1.25));
#6696=CARTESIAN_POINT('',(-3.85,0.2,1.25));
#6697=CARTESIAN_POINT('',(-3.85,1.4,0.95));
#6698=CARTESIAN_POINT('',(-3.85,0.,0.95));
#6699=CARTESIAN_POINT('',(-3.85,0.,1.25));
#6700=CARTESIAN_POINT('',(-3.85,0.,1.25));
#6701=CARTESIAN_POINT('',(-3.85,0.2,1.25));
#6702=CARTESIAN_POINT('',(-3.85,0.,1.25));
#6703=CARTESIAN_POINT('',(-3.4,0.,1.25));
#6704=CARTESIAN_POINT('',(-3.4,0.,1.25));
#6705=CARTESIAN_POINT('',(-3.4,0.,0.85));
#6706=CARTESIAN_POINT('',(-3.85,0.,1.25));
#6707=CARTESIAN_POINT('',(-3.75,0.,0.95));
#6708=CARTESIAN_POINT('',(-3.75,0.,0.85));
#6709=CARTESIAN_POINT('',(-3.35,0.,0.85));
#6710=CARTESIAN_POINT('',(3.4,0.,1.25));
#6711=CARTESIAN_POINT('',(3.75,0.,-0.95));
#6712=CARTESIAN_POINT('',(3.75,0.,-0.85));
#6713=CARTESIAN_POINT('',(3.85,0.,-0.95));
#6714=CARTESIAN_POINT('',(3.35,0.,-0.85));
#6715=CARTESIAN_POINT('',(3.4,0.,-1.25));
#6716=CARTESIAN_POINT('',(3.85,0.,-1.25));
#6717=CARTESIAN_POINT('',(3.85,0.,1.25));
#6718=CARTESIAN_POINT('',(3.85,0.,1.25));
#6719=CARTESIAN_POINT('',(3.85,1.4,-0.95));
#6720=CARTESIAN_POINT('',(3.85,0.2,-0.95));
#6721=CARTESIAN_POINT('',(3.85,0.,-1.25));
#6722=CARTESIAN_POINT('',(3.85,0.2,-1.25));
#6723=CARTESIAN_POINT('',(3.85,0.2,1.25));
#6724=CARTESIAN_POINT('',(3.85,0.2,1.25));
#6725=CARTESIAN_POINT('',(3.85,0.2,-0.85));
#6726=CARTESIAN_POINT('',(3.4,0.2,-0.85));
#6727=CARTESIAN_POINT('',(3.75,0.2,-0.85));
#6728=CARTESIAN_POINT('',(3.75,0.2,-0.95));
#6729=CARTESIAN_POINT('',(3.85,0.2,-1.25));
#6730=CARTESIAN_POINT('',(3.4,0.2,-1.25));
#6731=CARTESIAN_POINT('',(3.4,0.2,1.25));
#6732=CARTESIAN_POINT('',(3.4,0.25,1.25));
#6733=CARTESIAN_POINT('',(3.4,0.25,-0.85));
#6734=CARTESIAN_POINT('',(3.35,0.25,-0.85));
#6735=CARTESIAN_POINT('',(3.4,0.25,-1.25));
#6736=CARTESIAN_POINT('',(3.35,0.25,-1.25));
#6737=CARTESIAN_POINT('',(3.35,0.25,1.25));
#6738=CARTESIAN_POINT('',(-3.4,0.25,1.25));
#6739=CARTESIAN_POINT('',(-3.4,0.25,0.85));
#6740=CARTESIAN_POINT('',(-3.35,0.25,0.85));
#6741=CARTESIAN_POINT('',(-3.4,0.25,1.25));
#6742=CARTESIAN_POINT('',(-3.35,0.25,1.25));
#6743=CARTESIAN_POINT('',(-3.35,0.25,1.25));
#6744=CARTESIAN_POINT('',(-3.4,0.25,1.25));
#6745=CARTESIAN_POINT('',(-3.4,1.2,1.25));
#6746=CARTESIAN_POINT('',(2.6,1.4,1.25));
#6747=CARTESIAN_POINT('',(2.6,1.4,1.25));
#6748=CARTESIAN_POINT('',(3.1,1.4,1.25));
#6749=CARTESIAN_POINT('',(-2.6,1.4,1.25));
#6750=CARTESIAN_POINT('',(-2.6,1.4,1.25));
#6751=CARTESIAN_POINT('',(-3.4,0.25,1.25));
#6752=CARTESIAN_POINT('',(3.85,0.2,1.25));
#6753=CARTESIAN_POINT('',(3.85,0.2,1.25));
#6754=CARTESIAN_POINT('',(3.4,0.2,1.25));
#6755=CARTESIAN_POINT('',(3.4,0.25,1.25));
#6756=CARTESIAN_POINT('',(3.35,0.25,1.25));
#6757=CARTESIAN_POINT('',(3.35,0.25,1.25));
#6758=CARTESIAN_POINT('',(3.35,0.5,1.25));
#6759=CARTESIAN_POINT('',(3.55,0.5,1.25));
#6760=CARTESIAN_POINT('',(3.4,0.25,1.25));
#6761=CARTESIAN_POINT('',(3.4,-1.0842021724855E-16,1.25));
#6762=CARTESIAN_POINT('',(3.4,0.,1.25));
#6763=CARTESIAN_POINT('',(3.85,0.,1.25));
#6764=CARTESIAN_POINT('',(3.85,0.,1.25));
#6765=CARTESIAN_POINT('',(-3.4,0.25,-1.25));
#6766=CARTESIAN_POINT('',(-3.35,1.15,-1.25));
#6767=CARTESIAN_POINT('',(-3.35,0.5,-1.25));
#6768=CARTESIAN_POINT('',(-3.35,0.25,-1.25));
#6769=CARTESIAN_POINT('',(-3.15,0.5,-1.25));
#6770=CARTESIAN_POINT('',(-3.85,0.,-1.25));
#6771=CARTESIAN_POINT('',(-3.85,0.,-1.25));
#6772=CARTESIAN_POINT('',(-3.85,0.2,-1.25));
#6773=CARTESIAN_POINT('',(-3.85,0.2,-1.25));
#6774=CARTESIAN_POINT('',(-3.4,0.2,-1.25));
#6775=CARTESIAN_POINT('',(-3.4,0.2,-1.25));
#6776=CARTESIAN_POINT('',(-3.4,0.25,-1.25));
#6777=CARTESIAN_POINT('',(-3.4,0.25,-1.25));
#6778=CARTESIAN_POINT('',(-2.6,1.4,-1.25));
#6779=CARTESIAN_POINT('',(-2.6,1.4,-1.25));
#6780=CARTESIAN_POINT('',(3.1,1.4,-1.25));
#6781=CARTESIAN_POINT('',(2.6,1.4,-1.25));
#6782=CARTESIAN_POINT('',(2.6,1.4,-1.25));
#6783=CARTESIAN_POINT('',(-3.4,0.2,1.25));
#6784=CARTESIAN_POINT('',(-3.75,0.2,-0.95));
#6785=CARTESIAN_POINT('',(-3.85,0.2,-0.95));
#6786=CARTESIAN_POINT('',(-3.75,0.2,-0.85));
#6787=CARTESIAN_POINT('',(-3.4,0.2,-0.85));
#6788=CARTESIAN_POINT('',(-3.4,0.2,-0.85));
#6789=CARTESIAN_POINT('',(-3.4,0.2,1.25));
#6790=CARTESIAN_POINT('',(-3.85,0.2,1.25));
#6791=CARTESIAN_POINT('',(-3.85,0.2,1.25));
#6792=CARTESIAN_POINT('',(-3.85,0.,1.25));
#6793=CARTESIAN_POINT('',(-3.85,0.,-0.95));
#6794=CARTESIAN_POINT('',(-3.85,1.4,-0.95));
#6795=CARTESIAN_POINT('',(-3.85,0.,1.25));
#6796=CARTESIAN_POINT('',(-3.75,0.,-0.85));
#6797=CARTESIAN_POINT('',(-3.75,0.,-0.85));
#6798=CARTESIAN_POINT('',(-3.75,0.,-0.95));
#6799=CARTESIAN_POINT('',(-3.4,0.25,1.25));
#6800=CARTESIAN_POINT('',(-3.4,0.25,0.85));
#6801=CARTESIAN_POINT('',(-3.4,0.25,1.25));
#6802=CARTESIAN_POINT('',(3.4,0.25,1.25));
#6803=CARTESIAN_POINT('',(3.4,0.25,0.85));
#6804=CARTESIAN_POINT('',(3.4,0.,0.85));
#6805=CARTESIAN_POINT('',(3.4,-1.0842021724855E-16,1.25));
#6806=CARTESIAN_POINT('',(3.4,0.,1.25));
#6807=CARTESIAN_POINT('',(3.85,0.,1.25));
#6808=CARTESIAN_POINT('',(3.85,0.,0.95));
#6809=CARTESIAN_POINT('',(3.75,0.,0.85));
#6810=CARTESIAN_POINT('',(3.75,0.,0.85));
#6811=CARTESIAN_POINT('',(3.75,0.,0.950000000000001));
#6812=CARTESIAN_POINT('',(3.85,0.,1.25));
#6813=CARTESIAN_POINT('',(3.85,1.4,0.95));
#6814=CARTESIAN_POINT('',(3.85,0.2,0.95));
#6815=CARTESIAN_POINT('',(3.85,0.2,1.25));
#6816=CARTESIAN_POINT('',(3.85,0.2,1.25));
#6817=CARTESIAN_POINT('',(3.75,0.2,0.950000000000001));
#6818=CARTESIAN_POINT('',(3.75,0.2,0.85));
#6819=CARTESIAN_POINT('',(3.85,0.2,0.85));
#6820=CARTESIAN_POINT('',(3.4,0.2,0.85));
#6821=CARTESIAN_POINT('',(3.4,0.2,1.25));
#6822=CARTESIAN_POINT('',(3.4,0.25,1.25));
#6823=CARTESIAN_POINT('',(3.4,0.25,0.85));
#6824=CARTESIAN_POINT('',(3.35,0.25,0.85));
#6825=CARTESIAN_POINT('',(3.35,0.25,1.25));
#6826=CARTESIAN_POINT('',(3.35,0.25,1.25));
#6827=CARTESIAN_POINT('',(3.35,0.6,0.5));
#6828=CARTESIAN_POINT('',(3.35,1.17,0.5));
#6829=CARTESIAN_POINT('',(3.35,1.17,1.2));
#6830=CARTESIAN_POINT('',(3.35,1.17,1.2));
#6831=CARTESIAN_POINT('',(3.35,0.6,1.2));
#6832=CARTESIAN_POINT('',(3.35,0.6,1.2));
#6833=CARTESIAN_POINT('',(3.35,0.6,1.2));
#6834=CARTESIAN_POINT('',(3.35,0.6,1.15));
#6835=CARTESIAN_POINT('',(3.35,0.5,1.15));
#6836=CARTESIAN_POINT('',(3.35,0.25,1.25));
#6837=CARTESIAN_POINT('',(3.35,0.25,0.600102995364075));
#6838=CARTESIAN_POINT('',(3.35,0.150000000001035,0.600102540379042));
#6839=CARTESIAN_POINT('',(3.35,0.2,0.5135));
#6840=CARTESIAN_POINT('',(3.35,0.249999999998965,0.426897459620958));
#6841=CARTESIAN_POINT('',(3.35,0.15,0.426897004635925));
#6842=CARTESIAN_POINT('',(3.35,0.15,1.25));
#6843=CARTESIAN_POINT('',(3.35,0.15,-0.426897004635925));
#6844=CARTESIAN_POINT('',(3.35,0.249999999998965,-0.426897459620958));
#6845=CARTESIAN_POINT('',(3.35,0.2,-0.5135));
#6846=CARTESIAN_POINT('',(3.35,0.150000000001034,-0.600102540379042));
#6847=CARTESIAN_POINT('',(3.35,0.25,-0.600102995364075));
#6848=CARTESIAN_POINT('',(3.35,0.25,1.25));
#6849=CARTESIAN_POINT('',(3.35,0.25,-1.25));
#6850=CARTESIAN_POINT('',(3.35,0.5,-1.25));
#6851=CARTESIAN_POINT('',(3.35,0.5,-1.15));
#6852=CARTESIAN_POINT('',(3.35,0.6,-1.15));
#6853=CARTESIAN_POINT('',(3.35,0.6,-1.2));
#6854=CARTESIAN_POINT('',(3.35,0.6,-1.2));
#6855=CARTESIAN_POINT('',(3.35,0.6,-1.2));
#6856=CARTESIAN_POINT('',(3.35,1.17,-1.2));
#6857=CARTESIAN_POINT('',(3.35,1.17,-1.2));
#6858=CARTESIAN_POINT('',(3.35,1.17,-0.5));
#6859=CARTESIAN_POINT('',(3.35,0.6,-0.5));
#6860=CARTESIAN_POINT('',(3.35,0.6,-0.5));
#6861=CARTESIAN_POINT('',(3.35,0.6,1.25));
#6862=CARTESIAN_POINT('',(3.35,0.6,-0.48));
#6863=CARTESIAN_POINT('',(3.35,0.7,-0.48));
#6864=CARTESIAN_POINT('',(3.35,0.786602540378444,-0.43));
#6865=CARTESIAN_POINT('',(3.35,0.873205080756884,-0.379999999999991));
#6866=CARTESIAN_POINT('',(3.35,1.15,1.25));
#6867=CARTESIAN_POINT('',(3.35,0.873205080756884,0.379999999999992));
#6868=CARTESIAN_POINT('',(3.35,0.786602540378444,0.43));
#6869=CARTESIAN_POINT('',(3.35,0.7,0.48));
#6870=CARTESIAN_POINT('',(3.1,1.15,1.25));
#6871=CARTESIAN_POINT('',(3.1,1.4,1.25));
#6872=CARTESIAN_POINT('',(3.1,1.4,1.25));
#6873=CARTESIAN_POINT('',(-2.8,1.4,-0.580000000000001));
#6874=CARTESIAN_POINT('',(-2.7,1.4,-0.58));
#6875=CARTESIAN_POINT('',(-3.1,1.4,1.25));
#6876=CARTESIAN_POINT('',(-2.8,1.4,0.58));
#6877=CARTESIAN_POINT('',(-2.7,1.4,0.58));
#6878=CARTESIAN_POINT('',(-2.7,1.4,0.58));
#6879=CARTESIAN_POINT('',(-2.7,1.4,1.15));
#6880=CARTESIAN_POINT('',(-2.6,1.4,1.15));
#6881=CARTESIAN_POINT('',(2.6,1.4,1.15));
#6882=CARTESIAN_POINT('',(2.7,1.4,1.15));
#6883=CARTESIAN_POINT('',(2.7,1.4,1.15));
#6884=CARTESIAN_POINT('',(2.7,1.4,0.58));
#6885=CARTESIAN_POINT('',(2.8,1.4,0.58));
#6886=CARTESIAN_POINT('',(2.8,1.4,-0.580000000000001));
#6887=CARTESIAN_POINT('',(2.7,1.4,-0.58));
#6888=CARTESIAN_POINT('',(2.7,1.4,-0.58));
#6889=CARTESIAN_POINT('',(2.7,1.4,-1.15));
#6890=CARTESIAN_POINT('',(2.6,1.4,-1.15));
#6891=CARTESIAN_POINT('',(-2.6,1.4,-1.15));
#6892=CARTESIAN_POINT('',(-2.7,1.4,-1.15));
#6893=CARTESIAN_POINT('',(-2.7,1.4,-1.15));
#6894=CARTESIAN_POINT('',(-3.1,1.15,1.25));
#6895=CARTESIAN_POINT('',(-3.35,1.15,1.25));
#6896=CARTESIAN_POINT('',(-3.35,1.15,1.25));
#6897=CARTESIAN_POINT('',(-3.35,1.15,1.25));
#6898=CARTESIAN_POINT('',(-3.35,0.5,1.25));
#6899=CARTESIAN_POINT('',(-3.35,0.5,1.15));
#6900=CARTESIAN_POINT('',(-3.35,0.6,1.15));
#6901=CARTESIAN_POINT('',(-3.35,0.6,1.2));
#6902=CARTESIAN_POINT('',(-3.35,0.6,1.2));
#6903=CARTESIAN_POINT('',(-3.35,1.17,1.2));
#6904=CARTESIAN_POINT('',(-3.35,1.17,1.2));
#6905=CARTESIAN_POINT('',(-3.35,1.17,1.2));
#6906=CARTESIAN_POINT('',(-3.35,1.17,0.5));
#6907=CARTESIAN_POINT('',(-3.35,1.17,0.5));
#6908=CARTESIAN_POINT('',(-3.35,0.7,0.48));
#6909=CARTESIAN_POINT('',(-3.35,0.786602540378444,0.43));
#6910=CARTESIAN_POINT('',(-3.35,0.873205080756884,0.379999999999992));
#6911=CARTESIAN_POINT('',(-3.35,0.873205080756884,-0.379999999999991));
#6912=CARTESIAN_POINT('',(-3.35,0.786602540378444,-0.43));
#6913=CARTESIAN_POINT('',(-3.35,0.7,-0.48));
#6914=CARTESIAN_POINT('',(-3.35,0.6,-0.48));
#6915=CARTESIAN_POINT('',(-3.35,0.6,1.25));
#6916=CARTESIAN_POINT('',(-3.35,0.6,-0.5));
#6917=CARTESIAN_POINT('',(-3.35,1.17,-0.5));
#6918=CARTESIAN_POINT('',(-3.35,1.17,-0.5));
#6919=CARTESIAN_POINT('',(-3.35,1.17,-1.2));
#6920=CARTESIAN_POINT('',(-3.35,1.17,-1.2));
#6921=CARTESIAN_POINT('',(-3.35,1.17,-1.2));
#6922=CARTESIAN_POINT('',(-3.35,0.6,-1.2));
#6923=CARTESIAN_POINT('',(-3.35,0.6,-1.2));
#6924=CARTESIAN_POINT('',(-3.35,0.6,-1.15));
#6925=CARTESIAN_POINT('',(-3.35,0.5,-1.15));
#6926=CARTESIAN_POINT('',(-3.35,0.25,1.25));
#6927=CARTESIAN_POINT('',(-3.35,0.25,-0.85));
#6928=CARTESIAN_POINT('',(-3.35,0.25,1.25));
#6929=CARTESIAN_POINT('',(-3.35,0.25,-0.600102995364075));
#6930=CARTESIAN_POINT('',(-3.35,0.150000000001034,-0.600102540379042));
#6931=CARTESIAN_POINT('',(-3.35,0.2,-0.5135));
#6932=CARTESIAN_POINT('',(-3.35,0.249999999998965,-0.426897459620958));
#6933=CARTESIAN_POINT('',(-3.35,0.15,-0.426897004635925));
#6934=CARTESIAN_POINT('',(-3.35,0.15,1.25));
#6935=CARTESIAN_POINT('',(-3.35,0.15,0.426897004635925));
#6936=CARTESIAN_POINT('',(-3.35,0.249999999998965,0.426897459620958));
#6937=CARTESIAN_POINT('',(-3.35,0.2,0.5135));
#6938=CARTESIAN_POINT('',(-3.35,0.150000000001035,0.600102540379042));
#6939=CARTESIAN_POINT('',(-3.35,0.25,0.600102995364075));
#6940=CARTESIAN_POINT('',(-3.35,0.25,1.25));
#6941=CARTESIAN_POINT('',(-3.4,0.25,1.25));
#6942=CARTESIAN_POINT('',(-3.4,0.25,-0.85));
#6943=CARTESIAN_POINT('',(-3.4,0.25,1.25));
#6944=CARTESIAN_POINT('',(-3.15,0.5,1.25));
#6945=CARTESIAN_POINT('',(-3.4,0.25,-1.25));
#6946=CARTESIAN_POINT('',(3.55,0.5,-1.25));
#6947=CARTESIAN_POINT('',(2.8,1.4,-0.580000000000001));
#6948=CARTESIAN_POINT('',(2.7,1.4,-0.58));
#6949=CARTESIAN_POINT('',(2.6,1.4,-1.15));
#6950=CARTESIAN_POINT('',(2.7,1.4,-1.15));
#6951=CARTESIAN_POINT('',(2.7,1.4,-0.58));
#6952=CARTESIAN_POINT('',(-2.6,1.4,-1.15));
#6953=CARTESIAN_POINT('',(-2.7,1.4,-1.15));
#6954=CARTESIAN_POINT('',(-2.7,1.4,-1.15));
#6955=CARTESIAN_POINT('',(-2.7,1.4,-0.58));
#6956=CARTESIAN_POINT('',(-2.8,1.4,-0.580000000000001));
#6957=CARTESIAN_POINT('',(-2.8,1.4,0.58));
#6958=CARTESIAN_POINT('',(-2.7,1.4,0.58));
#6959=CARTESIAN_POINT('',(-2.6,1.4,1.15));
#6960=CARTESIAN_POINT('',(-2.7,1.4,1.15));
#6961=CARTESIAN_POINT('',(-2.7,1.4,0.58));
#6962=CARTESIAN_POINT('',(2.6,1.4,1.15));
#6963=CARTESIAN_POINT('',(2.7,1.4,1.15));
#6964=CARTESIAN_POINT('',(2.7,1.4,1.15));
#6965=CARTESIAN_POINT('',(2.7,1.4,0.58));
#6966=CARTESIAN_POINT('',(2.8,1.4,0.58));
#6967=CARTESIAN_POINT('',(-3.75,1.4,-0.85));
#6968=CARTESIAN_POINT('',(-3.75,1.4,-0.85));
#6969=CARTESIAN_POINT('',(-3.15,0.25,-0.85));
#6970=CARTESIAN_POINT('',(-3.35,1.4,0.85));
#6971=CARTESIAN_POINT('',(-3.75,1.4,0.85));
#6972=CARTESIAN_POINT('',(-3.15,0.25,0.85));
#6973=CARTESIAN_POINT('',(-3.75,1.4,-0.95));
#6974=CARTESIAN_POINT('',(-3.75,1.4,0.95));
#6975=CARTESIAN_POINT('',(3.75,1.4,-0.95));
#6976=CARTESIAN_POINT('',(3.75,1.4,-0.85));
#6977=CARTESIAN_POINT('',(3.75,1.4,0.950000000000001));
#6978=CARTESIAN_POINT('',(3.75,1.4,0.85));
#6979=CARTESIAN_POINT('',(3.35,1.4,-0.85));
#6980=CARTESIAN_POINT('',(3.55,0.25,-0.85));
#6981=CARTESIAN_POINT('',(3.75,1.4,0.85));
#6982=CARTESIAN_POINT('',(3.55,0.25,0.85));
#6983=CARTESIAN_POINT('',(3.55,0.873205080756884,0.379999999999992));
#6984=CARTESIAN_POINT('',(3.55,0.786602540378444,0.43));
#6985=CARTESIAN_POINT('',(3.55,0.7,0.48));
#6986=CARTESIAN_POINT('',(3.55,0.5,1.15));
#6987=CARTESIAN_POINT('',(3.55,0.6,1.15));
#6988=CARTESIAN_POINT('',(3.55,0.5,-1.15));
#6989=CARTESIAN_POINT('',(3.55,0.6,-1.15));
#6990=CARTESIAN_POINT('',(3.55,0.6,-1.15));
#6991=CARTESIAN_POINT('',(3.15,0.6,-0.5));
#6992=CARTESIAN_POINT('',(3.55,0.6,-0.48));
#6993=CARTESIAN_POINT('',(3.55,0.7,-0.48));
#6994=CARTESIAN_POINT('',(3.55,0.786602540378444,-0.43));
#6995=CARTESIAN_POINT('',(3.55,0.873205080756884,-0.379999999999991));
#6996=CARTESIAN_POINT('',(3.15,0.873205080756884,-0.379999999999991));
#6997=CARTESIAN_POINT('',(3.55,0.150000000001034,-0.600102540379042));
#6998=CARTESIAN_POINT('',(3.55,0.25,-0.600102995364075));
#6999=CARTESIAN_POINT('',(3.55,0.2,-0.5135));
#7000=CARTESIAN_POINT('',(3.55,0.249999999998965,-0.426897459620958));
#7001=CARTESIAN_POINT('',(3.55,0.15,-0.426897004635925));
#7002=CARTESIAN_POINT('',(3.55,0.15,0.426897004635925));
#7003=CARTESIAN_POINT('',(3.55,0.15,0.426897004635925));
#7004=CARTESIAN_POINT('',(3.55,0.249999999998965,0.426897459620958));
#7005=CARTESIAN_POINT('',(3.55,0.2,0.5135));
#7006=CARTESIAN_POINT('',(3.55,0.150000000001035,0.600102540379042));
#7007=CARTESIAN_POINT('',(3.55,0.25,0.600102995364075));
#7008=CARTESIAN_POINT('',(3.55,0.25,-0.600102995364075));
#7009=CARTESIAN_POINT('',(3.55,0.25,0.85));
#7010=CARTESIAN_POINT('',(-3.15,0.873205080756884,0.379999999999992));
#7011=CARTESIAN_POINT('',(-3.15,0.786602540378444,0.43));
#7012=CARTESIAN_POINT('',(-3.15,0.7,0.48));
#7013=CARTESIAN_POINT('',(-3.15,0.5,1.15));
#7014=CARTESIAN_POINT('',(-3.15,0.6,1.15));
#7015=CARTESIAN_POINT('',(-3.15,0.5,-1.15));
#7016=CARTESIAN_POINT('',(-3.15,0.6,-1.15));
#7017=CARTESIAN_POINT('',(-3.15,0.6,-1.15));
#7018=CARTESIAN_POINT('',(-3.35,0.6,-0.5));
#7019=CARTESIAN_POINT('',(-3.15,0.6,-0.48));
#7020=CARTESIAN_POINT('',(-3.15,0.7,-0.48));
#7021=CARTESIAN_POINT('',(-3.15,0.786602540378444,-0.43));
#7022=CARTESIAN_POINT('',(-3.15,0.873205080756884,-0.379999999999991));
#7023=CARTESIAN_POINT('',(-3.15,0.873205080756884,-0.379999999999991));
#7024=CARTESIAN_POINT('',(-3.15,0.150000000001034,-0.600102540379042));
#7025=CARTESIAN_POINT('',(-3.15,0.2,-0.5135));
#7026=CARTESIAN_POINT('',(-3.15,0.25,-0.600102995364075));
#7027=CARTESIAN_POINT('',(-3.15,0.249999999998965,-0.426897459620958));
#7028=CARTESIAN_POINT('',(-3.15,0.15,-0.426897004635925));
#7029=CARTESIAN_POINT('',(-3.15,0.15,0.426897004635925));
#7030=CARTESIAN_POINT('',(-3.15,0.15,0.426897004635925));
#7031=CARTESIAN_POINT('',(-3.15,0.249999999998965,0.426897459620958));
#7032=CARTESIAN_POINT('',(-3.15,0.2,0.5135));
#7033=CARTESIAN_POINT('',(-3.15,0.150000000001035,0.600102540379042));
#7034=CARTESIAN_POINT('',(-3.15,0.25,0.600102995364075));
#7035=CARTESIAN_POINT('',(-3.15,0.25,-0.600102995364075));
#7036=CARTESIAN_POINT('',(-3.15,0.25,0.85));
#7037=CARTESIAN_POINT('',(3.15,0.8,1.3));
#7038=CARTESIAN_POINT('',(3.15,0.8,1.3));
#7039=CARTESIAN_POINT('',(3.15,0.8,1.3));
#7040=CARTESIAN_POINT('',(3.15,1.4,1.2));
#7041=CARTESIAN_POINT('',(3.15,1.4,1.2));
#7042=CARTESIAN_POINT('',(3.15,1.4,1.3));
#7043=CARTESIAN_POINT('',(3.15,1.4,1.3));
#7044=CARTESIAN_POINT('',(3.15,0.8,1.3));
#7045=CARTESIAN_POINT('',(-3.15,1.2,1.3));
#7046=CARTESIAN_POINT('',(-3.15,0.6,-0.5));
#7047=CARTESIAN_POINT('',(-3.15,0.8,1.3));
#7048=CARTESIAN_POINT('',(-3.15,1.2,1.3));
#7049=CARTESIAN_POINT('',(-3.15,1.2,1.3));
#7050=CARTESIAN_POINT('',(-3.15,1.4,1.3));
#7051=CARTESIAN_POINT('',(-3.15,0.8,1.3));
#7052=CARTESIAN_POINT('',(-3.15,1.4,0.5));
#7053=CARTESIAN_POINT('',(-3.15,1.4,1.2));
#7054=CARTESIAN_POINT('',(-3.15,0.6,1.2));
#7055=CARTESIAN_POINT('',(-3.15,0.8,1.3));
#7056=CARTESIAN_POINT('',(-3.15,0.8,1.3));
#7057=CARTESIAN_POINT('',(-3.1,0.8,1.3));
#7058=CARTESIAN_POINT('',(-3.1,0.8,1.3));
#7059=CARTESIAN_POINT('',(-3.15,0.8,1.3));
#7060=CARTESIAN_POINT('',(-3.1,0.8,1.3));
#7061=CARTESIAN_POINT('',(-3.1,0.8,1.3));
#7062=CARTESIAN_POINT('',(3.1,0.,1.3));
#7063=CARTESIAN_POINT('',(3.1,0.8,1.3));
#7064=CARTESIAN_POINT('',(3.1,0.8,1.3));
#7065=CARTESIAN_POINT('',(3.1,0.,1.3));
#7066=CARTESIAN_POINT('',(3.1,0.8,1.3));
#7067=CARTESIAN_POINT('',(3.15,0.8,1.3));
#7068=CARTESIAN_POINT('',(3.1,0.8,1.3));
#7069=CARTESIAN_POINT('',(3.15,0.8,1.3));
#7070=CARTESIAN_POINT('',(3.15,0.8,-0.5));
#7071=CARTESIAN_POINT('',(0.,0.,1.3));
#7072=CARTESIAN_POINT('',(1.4,1.2,1.3));
#7073=CARTESIAN_POINT('',(1.4,0.75,1.3));
#7074=CARTESIAN_POINT('',(1.4,0.75,1.3));
#7075=CARTESIAN_POINT('',(-1.4,0.75,1.3));
#7076=CARTESIAN_POINT('',(-1.4,1.2,1.3));
#7077=CARTESIAN_POINT('',(-2.75,1.4,1.3));
#7078=CARTESIAN_POINT('',(-2.75,1.4,1.3));
#7079=CARTESIAN_POINT('',(-3.15,1.4,1.3));
#7080=CARTESIAN_POINT('',(2.75,1.4,1.3));
#7081=CARTESIAN_POINT('',(2.75,1.4,1.3));
#7082=CARTESIAN_POINT('',(2.75,1.4,1.3));
#7083=CARTESIAN_POINT('',(-1.5,-0.5,0.));
#7084=CARTESIAN_POINT('',(-1.5,-0.5,0.));
#7085=CARTESIAN_POINT('',(-1.5,-0.5,0.3));
#7086=CARTESIAN_POINT('',(-1.5,-0.5,0.));
#7087=CARTESIAN_POINT('',(-1.5,-0.4,0.));
#7088=CARTESIAN_POINT('',(-1.5,-0.4,0.4));
#7089=CARTESIAN_POINT('',(-1.5,0.,0.));
#7090=CARTESIAN_POINT('',(1.5,-0.5,0.));
#7091=CARTESIAN_POINT('',(1.5,-0.5,0.));
#7092=CARTESIAN_POINT('',(1.5,-0.5,0.3));
#7093=CARTESIAN_POINT('',(1.5,-0.5,0.));
#7094=CARTESIAN_POINT('',(1.5,-0.4,0.));
#7095=CARTESIAN_POINT('',(1.5,-0.4,0.4));
#7096=CARTESIAN_POINT('',(1.5,0.,0.));
#7097=CARTESIAN_POINT('',(-3.15,1.4,1.2));
#7098=CARTESIAN_POINT('',(-3.15,1.4,0.5));
#7099=CARTESIAN_POINT('',(-3.15,1.4,0.5));
#7100=CARTESIAN_POINT('',(-3.15,1.4,1.2));
#7101=CARTESIAN_POINT('',(-3.15,1.4,1.2));
#7102=CARTESIAN_POINT('',(-3.35,0.6,1.2));
#7103=CARTESIAN_POINT('',(-3.35,0.6,1.2));
#7104=CARTESIAN_POINT('',(0.,0.,1.2));
#7105=CARTESIAN_POINT('',(0.,0.,0.5));
#7106=CARTESIAN_POINT('',(-2.85,1.4,0.5));
#7107=CARTESIAN_POINT('',(-2.85,1.4,0.5));
#7108=CARTESIAN_POINT('',(-2.85,1.4,0.5));
#7109=CARTESIAN_POINT('',(3.15,0.6,1.2));
#7110=CARTESIAN_POINT('',(3.15,0.6,1.2));
#7111=CARTESIAN_POINT('',(3.35,1.17,1.2));
#7112=CARTESIAN_POINT('',(3.35,1.17,0.5));
#7113=CARTESIAN_POINT('',(3.15,1.4,0.5));
#7114=CARTESIAN_POINT('',(3.15,1.4,1.2));
#7115=CARTESIAN_POINT('',(3.35,1.17,1.2));
#7116=CARTESIAN_POINT('',(0.,0.,1.2));
#7117=CARTESIAN_POINT('',(0.,0.,0.5));
#7118=CARTESIAN_POINT('',(2.85,1.4,0.5));
#7119=CARTESIAN_POINT('',(2.85,1.4,0.5));
#7120=CARTESIAN_POINT('',(3.15,1.4,0.5));
#7121=CARTESIAN_POINT('',(-3.15,1.4,-1.2));
#7122=CARTESIAN_POINT('',(-3.15,1.4,-0.5));
#7123=CARTESIAN_POINT('',(-3.15,1.4,-0.5));
#7124=CARTESIAN_POINT('',(-3.15,1.4,-1.2));
#7125=CARTESIAN_POINT('',(-3.15,1.4,-1.2));
#7126=CARTESIAN_POINT('',(-3.35,0.6,-1.2));
#7127=CARTESIAN_POINT('',(-3.35,0.6,-1.2));
#7128=CARTESIAN_POINT('',(0.,0.,-1.2));
#7129=CARTESIAN_POINT('',(0.,0.,-0.5));
#7130=CARTESIAN_POINT('',(-2.85,1.4,-0.5));
#7131=CARTESIAN_POINT('',(-2.85,1.4,-0.5));
#7132=CARTESIAN_POINT('',(-3.15,1.4,-0.5));
#7133=CARTESIAN_POINT('',(3.15,0.6,-1.2));
#7134=CARTESIAN_POINT('',(3.15,0.6,-1.2));
#7135=CARTESIAN_POINT('',(3.35,1.17,-1.2));
#7136=CARTESIAN_POINT('',(3.35,1.17,-0.5));
#7137=CARTESIAN_POINT('',(3.15,1.4,-0.5));
#7138=CARTESIAN_POINT('',(3.35,1.17,-1.2));
#7139=CARTESIAN_POINT('',(3.15,1.4,-1.2));
#7140=CARTESIAN_POINT('',(0.,0.,-1.2));
#7141=CARTESIAN_POINT('',(0.,0.,-0.5));
#7142=CARTESIAN_POINT('',(2.85,1.4,-0.5));
#7143=CARTESIAN_POINT('',(2.85,1.4,-0.5));
#7144=CARTESIAN_POINT('',(2.85,1.4,-0.5));
#7145=CARTESIAN_POINT('',(-2.85,1.4,-0.600000000000001));
#7146=CARTESIAN_POINT('',(-2.75,1.4,-0.6));
#7147=CARTESIAN_POINT('',(-2.75,1.4,-0.6));
#7148=CARTESIAN_POINT('',(-2.85,1.4,-0.600000000000001));
#7149=CARTESIAN_POINT('',(-2.75,1.4,-0.6));
#7150=CARTESIAN_POINT('',(-2.75,1.4,-0.6));
#7151=CARTESIAN_POINT('',(-2.85,1.4,-0.600000000000001));
#7152=CARTESIAN_POINT('',(-2.75,1.4,1.3));
#7153=CARTESIAN_POINT('',(-2.75,1.4,0.6));
#7154=CARTESIAN_POINT('',(-2.75,1.4,0.6));
#7155=CARTESIAN_POINT('',(-2.75,1.4,1.3));
#7156=CARTESIAN_POINT('',(-2.85,1.4,0.600000000000001));
#7157=CARTESIAN_POINT('',(-2.85,1.4,0.600000000000001));
#7158=CARTESIAN_POINT('',(-2.85,1.4,0.600000000000001));
#7159=CARTESIAN_POINT('',(2.75,1.4,-1.3));
#7160=CARTESIAN_POINT('',(2.75,1.4,-0.6));
#7161=CARTESIAN_POINT('',(2.75,1.4,-0.6));
#7162=CARTESIAN_POINT('',(2.75,1.4,-1.3));
#7163=CARTESIAN_POINT('',(2.85,1.4,-0.600000000000001));
#7164=CARTESIAN_POINT('',(2.85,1.4,-0.600000000000001));
#7165=CARTESIAN_POINT('',(2.85,1.4,-0.600000000000001));
#7166=CARTESIAN_POINT('',(2.85,1.4,0.600000000000001));
#7167=CARTESIAN_POINT('',(2.75,1.4,0.6));
#7168=CARTESIAN_POINT('',(2.75,1.4,0.6));
#7169=CARTESIAN_POINT('',(2.85,1.4,0.600000000000001));
#7170=CARTESIAN_POINT('',(2.75,1.4,0.6));
#7171=CARTESIAN_POINT('',(2.75,1.4,0.6));
#7172=CARTESIAN_POINT('',(2.85,1.4,0.600000000000001));
#7173=CARTESIAN_POINT('',(1.4,0.75,1.3));
#7174=CARTESIAN_POINT('',(-1.4,0.75,1.3));
#7175=CARTESIAN_POINT('',(-1.4,0.75,0.75));
#7176=CARTESIAN_POINT('',(1.4,0.75,1.3));
#7177=CARTESIAN_POINT('',(1.4,0.75,0.75));
#7178=CARTESIAN_POINT('',(1.4,0.75,0.75));
#7179=CARTESIAN_POINT('',(1.4,0.75,0.75));
#7180=CARTESIAN_POINT('',(-1.4,0.75,0.75));
#7181=CARTESIAN_POINT('',(-1.4,1.2,0.75));
#7182=CARTESIAN_POINT('',(1.4,0.75,0.75));
#7183=CARTESIAN_POINT('',(1.4,1.2,0.75));
#7184=CARTESIAN_POINT('',(1.4,1.2,0.75));
#7185=CARTESIAN_POINT('',(1.4,1.2,0.75));
#7186=CARTESIAN_POINT('',(-1.4,1.2,0.75));
#7187=CARTESIAN_POINT('',(1.4,1.2,0.75));
#7188=CARTESIAN_POINT('',(1.4,0.,0.));
#7189=CARTESIAN_POINT('',(-1.4,0.,0.));
#7190=CARTESIAN_POINT('',(-2.45,0.2,-2.2));
#7191=CARTESIAN_POINT('',(-2.45,0.2,-2.2));
#7192=CARTESIAN_POINT('',(-2.45,0.2,-2.2));
#7193=CARTESIAN_POINT('',(-2.45,0.2,-2.2));
#7194=CARTESIAN_POINT('',(-2.05,0.2,-1.1));
#7195=CARTESIAN_POINT('',(-2.05,0.2,-1.1));
#7196=CARTESIAN_POINT('',(-2.05,0.2,-2.2));
#7197=CARTESIAN_POINT('',(-2.05,0.2,-2.2));
#7198=CARTESIAN_POINT('',(0.,0.2,0.));
#7199=CARTESIAN_POINT('',(-2.05,0.2,-2.2));
#7200=CARTESIAN_POINT('',(-2.05,0.2,-2.2));
#7201=CARTESIAN_POINT('',(2.05,0.2,-2.2));
#7202=CARTESIAN_POINT('',(2.05,0.2,-2.2));
#7203=CARTESIAN_POINT('',(2.05,0.2,-2.2));
#7204=CARTESIAN_POINT('',(2.05,0.2,-2.2));
#7205=CARTESIAN_POINT('',(2.45,0.2,-1.1));
#7206=CARTESIAN_POINT('',(2.45,0.2,-1.1));
#7207=CARTESIAN_POINT('',(2.45,0.2,-2.2));
#7208=CARTESIAN_POINT('',(2.45,0.2,-2.2));
#7209=CARTESIAN_POINT('',(0.,0.2,0.));
#7210=CARTESIAN_POINT('',(2.45,0.2,-2.2));
#7211=CARTESIAN_POINT('',(2.45,0.2,-2.2));
#7212=CARTESIAN_POINT('',(0.55,0.2,-2.2));
#7213=CARTESIAN_POINT('',(0.55,0.2,-2.2));
#7214=CARTESIAN_POINT('',(0.55,0.2,-2.2));
#7215=CARTESIAN_POINT('',(0.55,0.2,-2.2));
#7216=CARTESIAN_POINT('',(0.95,0.2,-1.1));
#7217=CARTESIAN_POINT('',(0.95,0.2,-1.1));
#7218=CARTESIAN_POINT('',(0.95,0.2,-2.2));
#7219=CARTESIAN_POINT('',(0.95,0.2,-2.2));
#7220=CARTESIAN_POINT('',(0.,0.2,0.));
#7221=CARTESIAN_POINT('',(0.95,0.2,-2.2));
#7222=CARTESIAN_POINT('',(0.95,0.2,-2.2));
#7223=CARTESIAN_POINT('',(-2.025,0.25,0.677));
#7224=CARTESIAN_POINT('',(-2.025,0.25,0.677));
#7225=CARTESIAN_POINT('',(-2.025,0.25,0.677));
#7226=CARTESIAN_POINT('',(-2.025,0.25,0.677));
#7227=CARTESIAN_POINT('',(-2.475,0.25,0.677));
#7228=CARTESIAN_POINT('',(-2.475,0.25,0.677));
#7229=CARTESIAN_POINT('',(-2.475,0.25,0.677));
#7230=CARTESIAN_POINT('',(-2.475,0.25,0.677));
#7231=CARTESIAN_POINT('',(-2.475,0.25,1.075));
#7232=CARTESIAN_POINT('',(-2.475,0.25,1.075));
#7233=CARTESIAN_POINT('',(-2.475,0.25,1.075));
#7234=CARTESIAN_POINT('',(-2.475,0.25,1.075));
#7235=CARTESIAN_POINT('',(-2.025,0.25,1.075));
#7236=CARTESIAN_POINT('',(-2.025,0.25,1.075));
#7237=CARTESIAN_POINT('',(-2.025,0.25,1.075));
#7238=CARTESIAN_POINT('',(-2.025,0.25,1.075));
#7239=CARTESIAN_POINT('',(0.,0.25,0.));
#7240=CARTESIAN_POINT('',(-0.525,0.25,0.677));
#7241=CARTESIAN_POINT('',(-0.525,0.25,0.677));
#7242=CARTESIAN_POINT('',(-0.525,0.25,0.677));
#7243=CARTESIAN_POINT('',(-0.525,0.25,0.677));
#7244=CARTESIAN_POINT('',(-0.975,0.25,0.677));
#7245=CARTESIAN_POINT('',(-0.975,0.25,0.677));
#7246=CARTESIAN_POINT('',(-0.975,0.25,0.677));
#7247=CARTESIAN_POINT('',(-0.975,0.25,0.677));
#7248=CARTESIAN_POINT('',(-0.975,0.25,1.075));
#7249=CARTESIAN_POINT('',(-0.975,0.25,1.075));
#7250=CARTESIAN_POINT('',(-0.975,0.25,1.075));
#7251=CARTESIAN_POINT('',(-0.975,0.25,1.075));
#7252=CARTESIAN_POINT('',(-0.525,0.25,1.075));
#7253=CARTESIAN_POINT('',(-0.525,0.25,1.075));
#7254=CARTESIAN_POINT('',(-0.525,0.25,1.075));
#7255=CARTESIAN_POINT('',(-0.525,0.25,1.075));
#7256=CARTESIAN_POINT('',(0.,0.25,0.));
#7257=CARTESIAN_POINT('',(0.975,0.25,0.677));
#7258=CARTESIAN_POINT('',(0.975,0.25,0.677));
#7259=CARTESIAN_POINT('',(0.975,0.25,0.677));
#7260=CARTESIAN_POINT('',(0.975,0.25,0.677));
#7261=CARTESIAN_POINT('',(0.525,0.25,0.677));
#7262=CARTESIAN_POINT('',(0.525,0.25,0.677));
#7263=CARTESIAN_POINT('',(0.525,0.25,0.677));
#7264=CARTESIAN_POINT('',(0.525,0.25,0.677));
#7265=CARTESIAN_POINT('',(0.525,0.25,1.075));
#7266=CARTESIAN_POINT('',(0.525,0.25,1.075));
#7267=CARTESIAN_POINT('',(0.525,0.25,1.075));
#7268=CARTESIAN_POINT('',(0.525,0.25,1.075));
#7269=CARTESIAN_POINT('',(0.975,0.25,1.075));
#7270=CARTESIAN_POINT('',(0.975,0.25,1.075));
#7271=CARTESIAN_POINT('',(0.975,0.25,1.075));
#7272=CARTESIAN_POINT('',(0.975,0.25,1.075));
#7273=CARTESIAN_POINT('',(0.,0.25,0.));
#7274=CARTESIAN_POINT('',(2.475,0.25,0.677));
#7275=CARTESIAN_POINT('',(2.475,0.25,0.677));
#7276=CARTESIAN_POINT('',(2.475,0.25,0.677));
#7277=CARTESIAN_POINT('',(2.475,0.25,0.677));
#7278=CARTESIAN_POINT('',(2.025,0.25,0.677));
#7279=CARTESIAN_POINT('',(2.025,0.25,0.677));
#7280=CARTESIAN_POINT('',(2.025,0.25,0.677));
#7281=CARTESIAN_POINT('',(2.025,0.25,0.677));
#7282=CARTESIAN_POINT('',(2.025,0.25,1.075));
#7283=CARTESIAN_POINT('',(2.025,0.25,1.075));
#7284=CARTESIAN_POINT('',(2.025,0.25,1.075));
#7285=CARTESIAN_POINT('',(2.025,0.25,1.075));
#7286=CARTESIAN_POINT('',(2.475,0.25,1.075));
#7287=CARTESIAN_POINT('',(2.475,0.25,1.075));
#7288=CARTESIAN_POINT('',(2.475,0.25,1.075));
#7289=CARTESIAN_POINT('',(2.475,0.25,1.075));
#7290=CARTESIAN_POINT('',(0.,0.25,0.));
#7291=CARTESIAN_POINT('',(0.,-1.4,0.));
#7292=CARTESIAN_POINT('',(0.65,0.,2.));
#7293=CARTESIAN_POINT('',(0.65,-1.1,2.));
#7294=CARTESIAN_POINT('',(0.45,-1.1,2.));
#7295=CARTESIAN_POINT('',(-0.45,-1.1,2.));
#7296=CARTESIAN_POINT('',(0.45,-1.2,2.));
#7297=CARTESIAN_POINT('',(0.45,0.,2.));
#7298=CARTESIAN_POINT('',(0.65,0.,2.));
#7299=CARTESIAN_POINT('',(-0.45,0.,2.));
#7300=CARTESIAN_POINT('',(-0.45,-1.2,2.));
#7301=CARTESIAN_POINT('',(0.65,-1.1,2.));
#7302=CARTESIAN_POINT('',(0.45,-1.1,1.8));
#7303=CARTESIAN_POINT('',(0.65,-1.1,1.8));
#7304=CARTESIAN_POINT('',(-0.45,-1.1,1.8));
#7305=CARTESIAN_POINT('',(-0.65,-1.1,1.8));
#7306=CARTESIAN_POINT('',(-0.65,-1.1,2.));
#7307=CARTESIAN_POINT('',(-0.65,-1.1,0.75));
#7308=CARTESIAN_POINT('',(0.65,-1.1,0.75));
#7309=CARTESIAN_POINT('',(0.65,-1.1,0.75));
#7310=CARTESIAN_POINT('',(0.65,-1.1,2.));
#7311=CARTESIAN_POINT('',(0.65,0.,-0.0499999999999998));
#7312=CARTESIAN_POINT('',(0.45,0.,1.8));
#7313=CARTESIAN_POINT('',(0.65,0.,1.8));
#7314=CARTESIAN_POINT('',(0.65,0.,-0.0499999999999998));
#7315=CARTESIAN_POINT('',(0.65,0.,-0.0499999999999998));
#7316=CARTESIAN_POINT('',(0.65,0.,-0.0499999999999998));
#7317=CARTESIAN_POINT('',(-0.65,0.,-0.0499999999999998));
#7318=CARTESIAN_POINT('',(-0.65,0.,-0.0499999999999998));
#7319=CARTESIAN_POINT('',(-0.65,0.,1.8));
#7320=CARTESIAN_POINT('',(-0.45,0.,1.8));
#7321=CARTESIAN_POINT('',(0.65,-1.1,0.75));
#7322=CARTESIAN_POINT('',(-0.65,-1.1,0.75));
#7323=CARTESIAN_POINT('',(-0.65,-0.582568851450469,0.704730640346718));
#7324=CARTESIAN_POINT('',(0.65,-0.582568851450469,0.704730640346718));
#7325=CARTESIAN_POINT('',(0.65,-0.582568851450469,0.704730640346718));
#7326=CARTESIAN_POINT('',(0.65,-1.1,0.75));
#7327=CARTESIAN_POINT('',(0.65,-0.6,0.505491700728368));
#7328=CARTESIAN_POINT('',(-0.65,-0.6,0.505491700728368));
#7329=CARTESIAN_POINT('',(-0.65,-0.4,0.505491700728368));
#7330=CARTESIAN_POINT('',(0.65,-0.4,0.505491700728368));
#7331=CARTESIAN_POINT('',(0.65,-0.4,0.505491700728368));
#7332=CARTESIAN_POINT('',(0.65,-0.6,0.505491700728368));
#7333=CARTESIAN_POINT('',(0.65,-0.4,0.505491700728368));
#7334=CARTESIAN_POINT('',(-0.65,-0.4,0.505491700728368));
#7335=CARTESIAN_POINT('',(-0.65,-0.4,-0.0499999999999998));
#7336=CARTESIAN_POINT('',(0.65,-0.4,-0.0499999999999998));
#7337=CARTESIAN_POINT('',(0.65,-0.4,-0.0499999999999998));
#7338=CARTESIAN_POINT('',(0.65,-0.4,0.505491700728368));
#7339=CARTESIAN_POINT('',(0.65,-0.4,-0.0499999999999998));
#7340=CARTESIAN_POINT('',(-0.65,-0.4,-0.0499999999999998));
#7341=CARTESIAN_POINT('',(0.65,-0.4,-0.0499999999999998));
#7342=CARTESIAN_POINT('',(0.65,-0.6,0.505491700728368));
#7343=CARTESIAN_POINT('',(0.65,-1.2,1.8));
#7344=CARTESIAN_POINT('',(-0.65,-0.6,0.505491700728368));
#7345=CARTESIAN_POINT('',(-0.65,-1.2,1.8));
#7346=CARTESIAN_POINT('',(-0.45,-1.2,1.8));
#7347=CARTESIAN_POINT('',(0.45,-1.2,1.8));
#7348=CARTESIAN_POINT('',(0.75,-0.2,0.8));
#7349=MECHANICAL_DESIGN_GEOMETRIC_PRESENTATION_REPRESENTATION('',(#3497,
#3498,#3499,#3500,#3501,#3502,#3503,#3504,#3505,#3506,#3507,#3508,#3509,
#3510,#3511,#3512,#3513,#3514,#3515,#3516,#3517,#3518,#3519,#3520,#3521,
#3522,#3523,#3524,#3525,#3526,#3527,#3528,#3529,#3530,#3531,#3532,#3533,
#3534,#3535,#3536,#3537,#3538,#3539,#3540,#3541,#3542,#3543,#3544,#3545,
#3546,#3547,#3548,#3549,#3550,#3551,#3552,#3553,#3554,#3555,#3556,#3557,
#3558,#3559,#3560,#3561,#3562,#3563,#3564,#3565,#3566,#3567,#3568,#3569,
#3570,#3571,#3572,#3573,#3574,#3575,#3576,#3577,#3578,#3579,#3580,#3581,
#3582,#3583,#3584,#3585,#3586,#3587,#3588,#3589,#3590,#3591,#3592,#3593,
#3594,#3595,#3596,#3597,#3598,#3599,#3600,#3601,#3602,#3603,#3604,#3605,
#3606,#3607,#3608,#3609,#3610,#3611,#3612,#3613,#3614,#3615,#3616,#3617,
#3618,#3619,#3620,#3621,#3622,#3623,#3624,#3625,#3626,#3627,#3628,#3629,
#3630,#3631,#3632,#3633,#3634,#3635,#3636,#3637,#3638,#3639,#3640,#3641,
#3642,#3643,#3644,#3645,#3646,#3647,#3648,#3649,#3650,#3651,#3652,#3653,
#3654,#3655,#3656,#3657,#3658,#3659,#3660,#3661,#3662,#3663,#3664,#3665,
#3666,#3667,#3668,#3669,#3670,#3671,#3672,#3673,#3674,#3675),#7350);
#7350=(
GEOMETRIC_REPRESENTATION_CONTEXT(3)
GLOBAL_UNCERTAINTY_ASSIGNED_CONTEXT((#7353))
GLOBAL_UNIT_ASSIGNED_CONTEXT((#7358,#7357,#7356))
REPRESENTATION_CONTEXT('CUS-12TB','TOP_LEVEL_ASSEMBLY_PART')
);
#7351=(
GEOMETRIC_REPRESENTATION_CONTEXT(3)
GLOBAL_UNCERTAINTY_ASSIGNED_CONTEXT((#7354))
GLOBAL_UNIT_ASSIGNED_CONTEXT((#7358,#7357,#7356))
REPRESENTATION_CONTEXT('CUS-12-body','COMPONENT_PART')
);
#7352=(
GEOMETRIC_REPRESENTATION_CONTEXT(3)
GLOBAL_UNCERTAINTY_ASSIGNED_CONTEXT((#7355))
GLOBAL_UNIT_ASSIGNED_CONTEXT((#7358,#7357,#7356))
REPRESENTATION_CONTEXT('CUS-12-slider','COMPONENT_PART')
);
#7353=UNCERTAINTY_MEASURE_WITH_UNIT(LENGTH_MEASURE(1.E-5),#7358,
'DISTANCE_ACCURACY_VALUE','Maximum Tolerance applied to model');
#7354=UNCERTAINTY_MEASURE_WITH_UNIT(LENGTH_MEASURE(1.E-5),#7358,
'DISTANCE_ACCURACY_VALUE','Maximum Tolerance applied to model');
#7355=UNCERTAINTY_MEASURE_WITH_UNIT(LENGTH_MEASURE(1.E-5),#7358,
'DISTANCE_ACCURACY_VALUE','Maximum Tolerance applied to model');
#7356=(
NAMED_UNIT(*)
SI_UNIT($,.STERADIAN.)
SOLID_ANGLE_UNIT()
);
#7357=(
NAMED_UNIT(*)
PLANE_ANGLE_UNIT()
SI_UNIT($,.RADIAN.)
);
#7358=(
LENGTH_UNIT()
NAMED_UNIT(*)
SI_UNIT(.MILLI.,.METRE.)
);
#7359=PRODUCT_DEFINITION_SHAPE('','',#7364);
#7360=PRODUCT_DEFINITION_SHAPE('','',#7365);
#7361=PRODUCT_DEFINITION_SHAPE(' ','NAUO PRDDFN',#21);
#7362=PRODUCT_DEFINITION_SHAPE('','',#7366);
#7363=PRODUCT_DEFINITION_SHAPE(' ','NAUO PRDDFN',#22);
#7364=PRODUCT_DEFINITION('','',#7370,#7367);
#7365=PRODUCT_DEFINITION('','',#7371,#7368);
#7366=PRODUCT_DEFINITION('','',#7372,#7369);
#7367=PRODUCT_DEFINITION_CONTEXT('',#7386,'design');
#7368=PRODUCT_DEFINITION_CONTEXT('',#7386,'design');
#7369=PRODUCT_DEFINITION_CONTEXT('',#7386,'design');
#7370=PRODUCT_DEFINITION_FORMATION_WITH_SPECIFIED_SOURCE('','',#7376,
 .NOT_KNOWN.);
#7371=PRODUCT_DEFINITION_FORMATION_WITH_SPECIFIED_SOURCE('','',#7377,
 .NOT_KNOWN.);
#7372=PRODUCT_DEFINITION_FORMATION_WITH_SPECIFIED_SOURCE('','',#7378,
 .NOT_KNOWN.);
#7373=PRODUCT_RELATED_PRODUCT_CATEGORY('','',(#7376));
#7374=PRODUCT_RELATED_PRODUCT_CATEGORY('','',(#7377));
#7375=PRODUCT_RELATED_PRODUCT_CATEGORY('','',(#7378));
#7376=PRODUCT('CUS-12TB','CUS-12TB','CUS-12TB',(#7382));
#7377=PRODUCT('CUS-12-body','CUS-12-body','CUS-12-body',(#7383));
#7378=PRODUCT('CUS-12-slider','CUS-12-slider','CUS-12-slider',(#7384));
#7379=PRODUCT_CATEGORY('','');
#7380=PRODUCT_CATEGORY('','');
#7381=PRODUCT_CATEGORY('','');
#7382=PRODUCT_CONTEXT('',#7386,'mechanical');
#7383=PRODUCT_CONTEXT('',#7386,'mechanical');
#7384=PRODUCT_CONTEXT('',#7386,'mechanical');
#7385=APPLICATION_PROTOCOL_DEFINITION('international standard',
'automotive_design',2010,#7386);
#7386=APPLICATION_CONTEXT(
'core data for automotive mechanical design processes');
ENDSEC;
END-ISO-10303-21;
