SolidWorks IGES file using analytic representation for surfaces         S      1
1H,,1H;,23HLed_WS2812B_5050.SLDPRT,61HC:\Users\Baco\Google Drive\Cad\SolG      1
idWork\Led_WS2812B_5050.IGS,15HSolidWorks 2022,15HSolidWorks 2022,32,   G      2
308,15,308,15,23HLed_WS2812B_5050.SLDPRT,1.,2,2HMM,50,0.125,13H240701.00G      3
1811,1E-08,499990.,4HBaco,,11,0,13H240701.001811;                       G      4
     314       1       0       0       0                        00000200D      1
     314       0       8       1       0                               0D      2
     314       2       0       0       0                        00000200D      3
     314       0       8       1       0                               0D      4
     110       3       0       0       0                        01010000D      5
     110       0       0       1       0                               0D      6
     110       4       0       0       0                        01010000D      7
     110       0       0       1       0                               0D      8
     120       5       0       0       0                        01010000D      9
     120       0       0       1       0                               0D     10
     126       6       0       0       0                        01010500D     11
     126       0       0       2       0                               0D     12
     126       8       0       0       0                        01010000D     13
     126       0       0       5       0                               0D     14
     126      13       0       0       0                        01010500D     15
     126       0       0       2       0                               0D     16
     110      15       0       0       0                        01010000D     17
     110       0       0       1       0                               0D     18
     126      16       0       0       0                        01010500D     19
     126       0       0       2       0                               0D     20
     126      18       0       0       0                        01010000D     21
     126       0       0       4       0                               0D     22
     126      22       0       0       0                        01010500D     23
     126       0       0       2       0                               0D     24
     110      24       0       0       0                        01010000D     25
     110       0       0       1       0                               0D     26
     102      25       0       0       0                        01010500D     27
     102       0       0       1       0                               0D     28
     102      26       0       0       0                        01010000D     29
     102       0       0       1       0                               0D     30
     142      27       0       0       0                        00010500D     31
     142       0       0       1       0                               0D     32
     144      28       0       0       0                        00000000D     33
     144       0      -3       1       0                               0D     34
     314      29       0       0       0                        00000200D     35
     314       0       8       1       0                               0D     36
     110      30       0       0       0                        01010000D     37
     110       0       0       1       0                               0D     38
     110      31       0       0       0                        01010000D     39
     110       0       0       1       0                               0D     40
     120      32       0       0       0                        01010000D     41
     120       0       0       1       0                               0D     42
     126      33       0       0       0                        01010500D     43
     126       0       0       2       0                               0D     44
     100      35       0       0       0                        01010000D     45
     100       0       0       1       0                               0D     46
     126      36       0       0       0                        01010500D     47
     126       0       0       2       0                               0D     48
     126      38       0       0       0                        01010000D     49
     126       0       0       3       0                               0D     50
     126      41       0       0       0                        01010500D     51
     126       0       0       2       0                               0D     52
     110      43       0       0       0                        01010000D     53
     110       0       0       1       0                               0D     54
     126      44       0       0       0                        01010500D     55
     126       0       0       2       0                               0D     56
     124      46       0       0       0                        00000000D     57
     124       0       0       4       0                               0D     58
     100      50       0       0       0              57        01010000D     59
     100       0       0       1       0                               0D     60
     126      51       0       0       0                        01010500D     61
     126       0       0       2       0                               0D     62
     110      53       0       0       0                        01010000D     63
     110       0       0       1       0                               0D     64
     126      54       0       0       0                        01010500D     65
     126       0       0       2       0                               0D     66
     126      56       0       0       0                        01010000D     67
     126       0       0       4       0                               0D     68
     102      60       0       0       0                        01010500D     69
     102       0       0       1       0                               0D     70
     102      61       0       0       0                        01010000D     71
     102       0       0       1       0                               0D     72
     142      62       0       0       0                        00010500D     73
     142       0       0       1       0                               0D     74
     144      63       0       0       0                        00000000D     75
     144       0     -35       1       0                               0D     76
     314      64       0       0       0                        00000200D     77
     314       0       8       1       0                               0D     78
     110      65       0       0       0                        01010000D     79
     110       0       0       1       0                               0D     80
     110      66       0       0       0                        01010000D     81
     110       0       0       1       0                               0D     82
     120      67       0       0       0                        01010000D     83
     120       0       0       1       0                               0D     84
     126      68       0       0       0                        01010500D     85
     126       0       0       2       0                               0D     86
     110      70       0       0       0                        01010000D     87
     110       0       0       1       0                               0D     88
     126      71       0       0       0                        01010500D     89
     126       0       0       2       0                               0D     90
     100      73       0       0       0                        01010000D     91
     100       0       0       1       0                               0D     92
     126      74       0       0       0                        01010500D     93
     126       0       0       2       0                               0D     94
     110      76       0       0       0                        01010000D     95
     110       0       0       1       0                               0D     96
     126      77       0       0       0                        01010500D     97
     126       0       0       2       0                               0D     98
     124      79       0       0       0                        00000000D     99
     124       0       0       4       0                               0D    100
     100      83       0       0       0              99        01010000D    101
     100       0       0       1       0                               0D    102
     102      84       0       0       0                        01010500D    103
     102       0       0       1       0                               0D    104
     102      85       0       0       0                        01010000D    105
     102       0       0       1       0                               0D    106
     142      86       0       0       0                        00010500D    107
     142       0       0       1       0                               0D    108
     144      87       0       0       0                        00000000D    109
     144       0     -77       1       0                               0D    110
     314      88       0       0       0                        00000200D    111
     314       0       8       1       0                               0D    112
     128      89       0       0       0                        01010000D    113
     128       0       0       4       0                               0D    114
     126      93       0       0       0                        01010500D    115
     126       0       0       2       0                               0D    116
     110      95       0       0       0                        01010000D    117
     110       0       0       1       0                               0D    118
     126      96       0       0       0                        01010500D    119
     126       0       0       2       0                               0D    120
     110      98       0       0       0                        01010000D    121
     110       0       0       1       0                               0D    122
     126      99       0       0       0                        01010500D    123
     126       0       0       3       0                               0D    124
     100     102       0       0       0                        01010000D    125
     100       0       0       1       0                               0D    126
     126     103       0       0       0                        01010500D    127
     126       0       0       2       0                               0D    128
     110     105       0       0       0                        01010000D    129
     110       0       0       1       0                               0D    130
     126     106       0       0       0                        01010500D    131
     126       0       0       2       0                               0D    132
     110     108       0       0       0                        01010000D    133
     110       0       0       1       0                               0D    134
     126     109       0       0       0                        01010500D    135
     126       0       0       2       0                               0D    136
     110     111       0       0       0                        01010000D    137
     110       0       0       1       0                               0D    138
     126     112       0       0       0                        01010500D    139
     126       0       0       2       0                               0D    140
     110     114       0       0       0                        01010000D    141
     110       0       0       1       0                               0D    142
     126     115       0       0       0                        01010500D    143
     126       0       0       2       0                               0D    144
     110     117       0       0       0                        01010000D    145
     110       0       0       1       0                               0D    146
     126     118       0       0       0                        01010500D    147
     126       0       0       3       0                               0D    148
     100     121       0       0       0                        01010000D    149
     100       0       0       2       0                               0D    150
     126     123       0       0       0                        01010500D    151
     126       0       0       2       0                               0D    152
     110     125       0       0       0                        01010000D    153
     110       0       0       1       0                               0D    154
     126     126       0       0       0                        01010500D    155
     126       0       0       2       0                               0D    156
     110     128       0       0       0                        01010000D    157
     110       0       0       1       0                               0D    158
     126     129       0       0       0                        01010500D    159
     126       0       0       3       0                               0D    160
     100     132       0       0       0                        01010000D    161
     100       0       0       1       0                               0D    162
     126     133       0       0       0                        01010500D    163
     126       0       0       2       0                               0D    164
     110     135       0       0       0                        01010000D    165
     110       0       0       1       0                               0D    166
     126     136       0       0       0                        01010500D    167
     126       0       0       2       0                               0D    168
     110     138       0       0       0                        01010000D    169
     110       0       0       1       0                               0D    170
     126     139       0       0       0                        01010500D    171
     126       0       0       2       0                               0D    172
     110     141       0       0       0                        01010000D    173
     110       0       0       1       0                               0D    174
     126     142       0       0       0                        01010500D    175
     126       0       0       2       0                               0D    176
     110     144       0       0       0                        01010000D    177
     110       0       0       1       0                               0D    178
     126     145       0       0       0                        01010500D    179
     126       0       0       4       0                               0D    180
     100     149       0       0       0                        01010000D    181
     100       0       0       1       0                               0D    182
     126     150       0       0       0                        01010500D    183
     126       0       0       2       0                               0D    184
     110     152       0       0       0                        01010000D    185
     110       0       0       1       0                               0D    186
     126     153       0       0       0                        01010500D    187
     126       0       0       2       0                               0D    188
     110     155       0       0       0                        01010000D    189
     110       0       0       1       0                               0D    190
     126     156       0       0       0                        01010500D    191
     126       0       0       2       0                               0D    192
     110     158       0       0       0                        01010000D    193
     110       0       0       1       0                               0D    194
     126     159       0       0       0                        01010500D    195
     126       0       0       2       0                               0D    196
     110     161       0       0       0                        01010000D    197
     110       0       0       1       0                               0D    198
     102     162       0       0       0                        01010500D    199
     102       0       0       2       0                               0D    200
     102     164       0       0       0                        01010000D    201
     102       0       0       2       0                               0D    202
     142     166       0       0       0                        00010500D    203
     142       0       0       1       0                               0D    204
     144     167       0       0       0                        00000000D    205
     144       0    -111       1       0                               0D    206
     314     168       0       0       0                        00000200D    207
     314       0       8       1       0                               0D    208
     128     169       0       0       0                        01010000D    209
     128       0       0       3       0                               0D    210
     126     172       0       0       0                        01010500D    211
     126       0       0       2       0                               0D    212
     110     174       0       0       0                        01010000D    213
     110       0       0       1       0                               0D    214
     126     175       0       0       0                        01010500D    215
     126       0       0       2       0                               0D    216
     110     177       0       0       0                        01010000D    217
     110       0       0       1       0                               0D    218
     126     178       0       0       0                        01010500D    219
     126       0       0       2       0                               0D    220
     110     180       0       0       0                        01010000D    221
     110       0       0       1       0                               0D    222
     126     181       0       0       0                        01010500D    223
     126       0       0       2       0                               0D    224
     110     183       0       0       0                        01010000D    225
     110       0       0       1       0                               0D    226
     126     184       0       0       0                        01010500D    227
     126       0       0       2       0                               0D    228
     110     186       0       0       0                        01010000D    229
     110       0       0       1       0                               0D    230
     126     187       0       0       0                        01010500D    231
     126       0       0       2       0                               0D    232
     110     189       0       0       0                        01010000D    233
     110       0       0       1       0                               0D    234
     126     190       0       0       0                        01010500D    235
     126       0       0       2       0                               0D    236
     110     192       0       0       0                        01010000D    237
     110       0       0       1       0                               0D    238
     126     193       0       0       0                        01010500D    239
     126       0       0       2       0                               0D    240
     110     195       0       0       0                        01010000D    241
     110       0       0       1       0                               0D    242
     126     196       0       0       0                        01010500D    243
     126       0       0       2       0                               0D    244
     110     198       0       0       0                        01010000D    245
     110       0       0       1       0                               0D    246
     126     199       0       0       0                        01010500D    247
     126       0       0       2       0                               0D    248
     110     201       0       0       0                        01010000D    249
     110       0       0       1       0                               0D    250
     126     202       0       0       0                        01010500D    251
     126       0       0       2       0                               0D    252
     110     204       0       0       0                        01010000D    253
     110       0       0       1       0                               0D    254
     126     205       0       0       0                        01010500D    255
     126       0       0       2       0                               0D    256
     110     207       0       0       0                        01010000D    257
     110       0       0       1       0                               0D    258
     126     208       0       0       0                        01010500D    259
     126       0       0       2       0                               0D    260
     110     210       0       0       0                        01010000D    261
     110       0       0       1       0                               0D    262
     126     211       0       0       0                        01010500D    263
     126       0       0       2       0                               0D    264
     110     213       0       0       0                        01010000D    265
     110       0       0       1       0                               0D    266
     126     214       0       0       0                        01010500D    267
     126       0       0       2       0                               0D    268
     110     216       0       0       0                        01010000D    269
     110       0       0       1       0                               0D    270
     126     217       0       0       0                        01010500D    271
     126       0       0       2       0                               0D    272
     110     219       0       0       0                        01010000D    273
     110       0       0       1       0                               0D    274
     126     220       0       0       0                        01010500D    275
     126       0       0       2       0                               0D    276
     110     222       0       0       0                        01010000D    277
     110       0       0       1       0                               0D    278
     126     223       0       0       0                        01010500D    279
     126       0       0       2       0                               0D    280
     110     225       0       0       0                        01010000D    281
     110       0       0       1       0                               0D    282
     102     226       0       0       0                        01010500D    283
     102       0       0       2       0                               0D    284
     102     228       0       0       0                        01010000D    285
     102       0       0       2       0                               0D    286
     142     230       0       0       0                        00010500D    287
     142       0       0       1       0                               0D    288
     144     231       0       0       0                        00000000D    289
     144       0    -207       1       0                               0D    290
     314     232       0       0       0                        00000200D    291
     314       0       8       1       0                               0D    292
     128     233       0       0       0                        01010000D    293
     128       0       0       3       0                               0D    294
     126     236       0       0       0                        01010500D    295
     126       0       0       2       0                               0D    296
     110     238       0       0       0                        01010000D    297
     110       0       0       1       0                               0D    298
     126     239       0       0       0                        01010500D    299
     126       0       0       2       0                               0D    300
     110     241       0       0       0                        01010000D    301
     110       0       0       1       0                               0D    302
     126     242       0       0       0                        01010500D    303
     126       0       0       2       0                               0D    304
     110     244       0       0       0                        01010000D    305
     110       0       0       1       0                               0D    306
     126     245       0       0       0                        01010500D    307
     126       0       0       2       0                               0D    308
     110     247       0       0       0                        01010000D    309
     110       0       0       1       0                               0D    310
     126     248       0       0       0                        01010500D    311
     126       0       0       2       0                               0D    312
     110     250       0       0       0                        01010000D    313
     110       0       0       1       0                               0D    314
     126     251       0       0       0                        01010500D    315
     126       0       0       2       0                               0D    316
     110     253       0       0       0                        01010000D    317
     110       0       0       1       0                               0D    318
     126     254       0       0       0                        01010500D    319
     126       0       0       2       0                               0D    320
     110     256       0       0       0                        01010000D    321
     110       0       0       1       0                               0D    322
     126     257       0       0       0                        01010500D    323
     126       0       0       2       0                               0D    324
     110     259       0       0       0                        01010000D    325
     110       0       0       1       0                               0D    326
     126     260       0       0       0                        01010500D    327
     126       0       0       2       0                               0D    328
     110     262       0       0       0                        01010000D    329
     110       0       0       1       0                               0D    330
     126     263       0       0       0                        01010500D    331
     126       0       0       2       0                               0D    332
     110     265       0       0       0                        01010000D    333
     110       0       0       1       0                               0D    334
     126     266       0       0       0                        01010500D    335
     126       0       0       2       0                               0D    336
     110     268       0       0       0                        01010000D    337
     110       0       0       1       0                               0D    338
     126     269       0       0       0                        01010500D    339
     126       0       0       2       0                               0D    340
     110     271       0       0       0                        01010000D    341
     110       0       0       1       0                               0D    342
     126     272       0       0       0                        01010500D    343
     126       0       0       2       0                               0D    344
     110     274       0       0       0                        01010000D    345
     110       0       0       1       0                               0D    346
     126     275       0       0       0                        01010500D    347
     126       0       0       2       0                               0D    348
     110     277       0       0       0                        01010000D    349
     110       0       0       1       0                               0D    350
     126     278       0       0       0                        01010500D    351
     126       0       0       2       0                               0D    352
     110     280       0       0       0                        01010000D    353
     110       0       0       1       0                               0D    354
     126     281       0       0       0                        01010500D    355
     126       0       0       2       0                               0D    356
     110     283       0       0       0                        01010000D    357
     110       0       0       1       0                               0D    358
     126     284       0       0       0                        01010500D    359
     126       0       0       2       0                               0D    360
     110     286       0       0       0                        01010000D    361
     110       0       0       1       0                               0D    362
     126     287       0       0       0                        01010500D    363
     126       0       0       2       0                               0D    364
     110     289       0       0       0                        01010000D    365
     110       0       0       1       0                               0D    366
     126     290       0       0       0                        01010500D    367
     126       0       0       2       0                               0D    368
     110     292       0       0       0                        01010000D    369
     110       0       0       1       0                               0D    370
     126     293       0       0       0                        01010500D    371
     126       0       0       2       0                               0D    372
     110     295       0       0       0                        01010000D    373
     110       0       0       1       0                               0D    374
     126     296       0       0       0                        01010500D    375
     126       0       0       2       0                               0D    376
     110     298       0       0       0                        01010000D    377
     110       0       0       1       0                               0D    378
     126     299       0       0       0                        01010500D    379
     126       0       0       2       0                               0D    380
     110     301       0       0       0                        01010000D    381
     110       0       0       1       0                               0D    382
     126     302       0       0       0                        01010500D    383
     126       0       0       2       0                               0D    384
     110     304       0       0       0                        01010000D    385
     110       0       0       1       0                               0D    386
     126     305       0       0       0                        01010500D    387
     126       0       0       2       0                               0D    388
     110     307       0       0       0                        01010000D    389
     110       0       0       1       0                               0D    390
     126     308       0       0       0                        01010500D    391
     126       0       0       2       0                               0D    392
     110     310       0       0       0                        01010000D    393
     110       0       0       1       0                               0D    394
     126     311       0       0       0                        01010500D    395
     126       0       0       2       0                               0D    396
     110     313       0       0       0                        01010000D    397
     110       0       0       1       0                               0D    398
     126     314       0       0       0                        01010500D    399
     126       0       0       2       0                               0D    400
     110     316       0       0       0                        01010000D    401
     110       0       0       1       0                               0D    402
     126     317       0       0       0                        01010500D    403
     126       0       0       2       0                               0D    404
     110     319       0       0       0                        01010000D    405
     110       0       0       1       0                               0D    406
     102     320       0       0       0                        01010500D    407
     102       0       0       2       0                               0D    408
     102     322       0       0       0                        01010000D    409
     102       0       0       2       0                               0D    410
     142     324       0       0       0                        00010500D    411
     142       0       0       1       0                               0D    412
     126     325       0       0       0                        01010500D    413
     126       0       0      11       0                               0D    414
     124     336       0       0       0                        00000000D    415
     124       0       0       4       0                               0D    416
     100     340       0       0       0             415        01010000D    417
     100       0       0       1       0                               0D    418
     126     341       0       0       0                        01010500D    419
     126       0       0      11       0                               0D    420
     124     352       0       0       0                        00000000D    421
     124       0       0       4       0                               0D    422
     100     356       0       0       0             421        01010000D    423
     100       0       0       1       0                               0D    424
     102     357       0       0       0                        01010500D    425
     102       0       0       1       0                               0D    426
     102     358       0       0       0                        01010000D    427
     102       0       0       1       0                               0D    428
     142     359       0       0       0                        00010500D    429
     142       0       0       1       0                               0D    430
     144     360       0       0       0                        00000000D    431
     144       0    -291       1       0                               0D    432
     314     361       0       0       0                        00000200D    433
     314       0       8       1       0                               0D    434
     128     362       0       0       0                        01010000D    435
     128       0       0       3       0                               0D    436
     126     365       0       0       0                        01010500D    437
     126       0       0       2       0                               0D    438
     110     367       0       0       0                        01010000D    439
     110       0       0       1       0                               0D    440
     126     368       0       0       0                        01010500D    441
     126       0       0       2       0                               0D    442
     110     370       0       0       0                        01010000D    443
     110       0       0       1       0                               0D    444
     126     371       0       0       0                        01010500D    445
     126       0       0       2       0                               0D    446
     110     373       0       0       0                        01010000D    447
     110       0       0       1       0                               0D    448
     126     374       0       0       0                        01010500D    449
     126       0       0       2       0                               0D    450
     110     376       0       0       0                        01010000D    451
     110       0       0       1       0                               0D    452
     102     377       0       0       0                        01010500D    453
     102       0       0       1       0                               0D    454
     102     378       0       0       0                        01010000D    455
     102       0       0       1       0                               0D    456
     142     379       0       0       0                        00010500D    457
     142       0       0       1       0                               0D    458
     144     380       0       0       0                        00000000D    459
     144       0    -433       1       0                               0D    460
     314     381       0       0       0                        00000200D    461
     314       0       8       1       0                               0D    462
     128     382       0       0       0                        01010000D    463
     128       0       0       3       0                               0D    464
     126     385       0       0       0                        01010500D    465
     126       0       0       2       0                               0D    466
     110     387       0       0       0                        01010000D    467
     110       0       0       1       0                               0D    468
     126     388       0       0       0                        01010500D    469
     126       0       0       2       0                               0D    470
     110     390       0       0       0                        01010000D    471
     110       0       0       1       0                               0D    472
     126     391       0       0       0                        01010500D    473
     126       0       0       2       0                               0D    474
     110     393       0       0       0                        01010000D    475
     110       0       0       1       0                               0D    476
     126     394       0       0       0                        01010500D    477
     126       0       0       2       0                               0D    478
     110     396       0       0       0                        01010000D    479
     110       0       0       1       0                               0D    480
     126     397       0       0       0                        01010500D    481
     126       0       0       2       0                               0D    482
     110     399       0       0       0                        01010000D    483
     110       0       0       1       0                               0D    484
     126     400       0       0       0                        01010500D    485
     126       0       0       2       0                               0D    486
     110     402       0       0       0                        01010000D    487
     110       0       0       1       0                               0D    488
     126     403       0       0       0                        01010500D    489
     126       0       0       2       0                               0D    490
     110     405       0       0       0                        01010000D    491
     110       0       0       1       0                               0D    492
     126     406       0       0       0                        01010500D    493
     126       0       0       2       0                               0D    494
     110     408       0       0       0                        01010000D    495
     110       0       0       1       0                               0D    496
     126     409       0       0       0                        01010500D    497
     126       0       0       2       0                               0D    498
     110     411       0       0       0                        01010000D    499
     110       0       0       1       0                               0D    500
     126     412       0       0       0                        01010500D    501
     126       0       0       2       0                               0D    502
     110     414       0       0       0                        01010000D    503
     110       0       0       1       0                               0D    504
     126     415       0       0       0                        01010500D    505
     126       0       0       2       0                               0D    506
     110     417       0       0       0                        01010000D    507
     110       0       0       1       0                               0D    508
     126     418       0       0       0                        01010500D    509
     126       0       0       2       0                               0D    510
     110     420       0       0       0                        01010000D    511
     110       0       0       1       0                               0D    512
     126     421       0       0       0                        01010500D    513
     126       0       0       2       0                               0D    514
     110     423       0       0       0                        01010000D    515
     110       0       0       1       0                               0D    516
     126     424       0       0       0                        01010500D    517
     126       0       0       2       0                               0D    518
     110     426       0       0       0                        01010000D    519
     110       0       0       1       0                               0D    520
     126     427       0       0       0                        01010500D    521
     126       0       0       2       0                               0D    522
     110     429       0       0       0                        01010000D    523
     110       0       0       1       0                               0D    524
     126     430       0       0       0                        01010500D    525
     126       0       0       2       0                               0D    526
     110     432       0       0       0                        01010000D    527
     110       0       0       1       0                               0D    528
     102     433       0       0       0                        01010500D    529
     102       0       0       2       0                               0D    530
     102     435       0       0       0                        01010000D    531
     102       0       0       2       0                               0D    532
     142     437       0       0       0                        00010500D    533
     142       0       0       1       0                               0D    534
     144     438       0       0       0                        00000000D    535
     144       0    -461       1       0                               0D    536
     314     439       0       0       0                        00000200D    537
     314       0       8       1       0                               0D    538
     128     440       0       0       0                        01010000D    539
     128       0       0       3       0                               0D    540
     126     443       0       0       0                        01010500D    541
     126       0       0       2       0                               0D    542
     110     445       0       0       0                        01010000D    543
     110       0       0       1       0                               0D    544
     126     446       0       0       0                        01010500D    545
     126       0       0       2       0                               0D    546
     110     448       0       0       0                        01010000D    547
     110       0       0       1       0                               0D    548
     126     449       0       0       0                        01010500D    549
     126       0       0       2       0                               0D    550
     110     451       0       0       0                        01010000D    551
     110       0       0       1       0                               0D    552
     126     452       0       0       0                        01010500D    553
     126       0       0       2       0                               0D    554
     110     454       0       0       0                        01010000D    555
     110       0       0       1       0                               0D    556
     126     455       0       0       0                        01010500D    557
     126       0       0       2       0                               0D    558
     110     457       0       0       0                        01010000D    559
     110       0       0       1       0                               0D    560
     126     458       0       0       0                        01010500D    561
     126       0       0       2       0                               0D    562
     110     460       0       0       0                        01010000D    563
     110       0       0       1       0                               0D    564
     102     461       0       0       0                        01010500D    565
     102       0       0       1       0                               0D    566
     102     462       0       0       0                        01010000D    567
     102       0       0       1       0                               0D    568
     142     463       0       0       0                        00010500D    569
     142       0       0       1       0                               0D    570
     144     464       0       0       0                        00000000D    571
     144       0    -537       1       0                               0D    572
     314     465       0       0       0                        00000200D    573
     314       0       8       1       0                               0D    574
     128     466       0       0       0                        01010000D    575
     128       0       0       3       0                               0D    576
     126     469       0       0       0                        01010500D    577
     126       0       0       2       0                               0D    578
     110     471       0       0       0                        01010000D    579
     110       0       0       1       0                               0D    580
     126     472       0       0       0                        01010500D    581
     126       0       0       2       0                               0D    582
     110     474       0       0       0                        01010000D    583
     110       0       0       1       0                               0D    584
     126     475       0       0       0                        01010500D    585
     126       0       0       2       0                               0D    586
     110     477       0       0       0                        01010000D    587
     110       0       0       1       0                               0D    588
     126     478       0       0       0                        01010500D    589
     126       0       0       2       0                               0D    590
     110     480       0       0       0                        01010000D    591
     110       0       0       1       0                               0D    592
     126     481       0       0       0                        01010500D    593
     126       0       0       2       0                               0D    594
     110     483       0       0       0                        01010000D    595
     110       0       0       1       0                               0D    596
     102     484       0       0       0                        01010500D    597
     102       0       0       1       0                               0D    598
     102     485       0       0       0                        01010000D    599
     102       0       0       1       0                               0D    600
     142     486       0       0       0                        00010500D    601
     142       0       0       1       0                               0D    602
     126     487       0       0       0                        01010500D    603
     126       0       0      22       0                               0D    604
     124     509       0       0       0                        00000000D    605
     124       0       0       4       0                               0D    606
     100     513       0       0       0             605        01010000D    607
     100       0       0       1       0                               0D    608
     126     514       0       0       0                        01010500D    609
     126       0       0      22       0                               0D    610
     124     536       0       0       0                        00000000D    611
     124       0       0       4       0                               0D    612
     100     540       0       0       0             611        01010000D    613
     100       0       0       1       0                               0D    614
     102     541       0       0       0                        01010500D    615
     102       0       0       1       0                               0D    616
     102     542       0       0       0                        01010000D    617
     102       0       0       1       0                               0D    618
     142     543       0       0       0                        00010500D    619
     142       0       0       1       0                               0D    620
     144     544       0       0       0                        00000000D    621
     144       0    -573       1       0                               0D    622
     314     545       0       0       0                        00000200D    623
     314       0       8       1       0                               0D    624
     128     546       0       0       0                        01010000D    625
     128       0       0       3       0                               0D    626
     126     549       0       0       0                        01010500D    627
     126       0       0       2       0                               0D    628
     110     551       0       0       0                        01010000D    629
     110       0       0       1       0                               0D    630
     126     552       0       0       0                        01010500D    631
     126       0       0       2       0                               0D    632
     110     554       0       0       0                        01010000D    633
     110       0       0       1       0                               0D    634
     126     555       0       0       0                        01010500D    635
     126       0       0       2       0                               0D    636
     110     557       0       0       0                        01010000D    637
     110       0       0       1       0                               0D    638
     126     558       0       0       0                        01010500D    639
     126       0       0       2       0                               0D    640
     110     560       0       0       0                        01010000D    641
     110       0       0       1       0                               0D    642
     102     561       0       0       0                        01010500D    643
     102       0       0       1       0                               0D    644
     102     562       0       0       0                        01010000D    645
     102       0       0       1       0                               0D    646
     142     563       0       0       0                        00010500D    647
     142       0       0       1       0                               0D    648
     144     564       0       0       0                        00000000D    649
     144       0    -623       1       0                               0D    650
     314     565       0       0       0                        00000200D    651
     314       0       8       1       0                               0D    652
     128     566       0       0       0                        01010000D    653
     128       0       0       3       0                               0D    654
     126     569       0       0       0                        01010500D    655
     126       0       0       2       0                               0D    656
     110     571       0       0       0                        01010000D    657
     110       0       0       1       0                               0D    658
     126     572       0       0       0                        01010500D    659
     126       0       0       2       0                               0D    660
     110     574       0       0       0                        01010000D    661
     110       0       0       1       0                               0D    662
     126     575       0       0       0                        01010500D    663
     126       0       0       2       0                               0D    664
     110     577       0       0       0                        01010000D    665
     110       0       0       1       0                               0D    666
     126     578       0       0       0                        01010500D    667
     126       0       0       2       0                               0D    668
     110     580       0       0       0                        01010000D    669
     110       0       0       1       0                               0D    670
     102     581       0       0       0                        01010500D    671
     102       0       0       1       0                               0D    672
     102     582       0       0       0                        01010000D    673
     102       0       0       1       0                               0D    674
     142     583       0       0       0                        00010500D    675
     142       0       0       1       0                               0D    676
     144     584       0       0       0                        00000000D    677
     144       0    -651       1       0                               0D    678
     314     585       0       0       0                        00000200D    679
     314       0       8       1       0                               0D    680
     128     586       0       0       0                        01010000D    681
     128       0       0       3       0                               0D    682
     126     589       0       0       0                        01010500D    683
     126       0       0       2       0                               0D    684
     110     591       0       0       0                        01010000D    685
     110       0       0       1       0                               0D    686
     126     592       0       0       0                        01010500D    687
     126       0       0       2       0                               0D    688
     110     594       0       0       0                        01010000D    689
     110       0       0       1       0                               0D    690
     126     595       0       0       0                        01010500D    691
     126       0       0       2       0                               0D    692
     110     597       0       0       0                        01010000D    693
     110       0       0       1       0                               0D    694
     126     598       0       0       0                        01010500D    695
     126       0       0       2       0                               0D    696
     110     600       0       0       0                        01010000D    697
     110       0       0       1       0                               0D    698
     102     601       0       0       0                        01010500D    699
     102       0       0       1       0                               0D    700
     102     602       0       0       0                        01010000D    701
     102       0       0       1       0                               0D    702
     142     603       0       0       0                        00010500D    703
     142       0       0       1       0                               0D    704
     144     604       0       0       0                        00000000D    705
     144       0    -679       1       0                               0D    706
     314     605       0       0       0                        00000200D    707
     314       0       8       1       0                               0D    708
     128     606       0       0       0                        01010000D    709
     128       0       0       3       0                               0D    710
     126     609       0       0       0                        01010500D    711
     126       0       0       2       0                               0D    712
     110     611       0       0       0                        01010000D    713
     110       0       0       1       0                               0D    714
     126     612       0       0       0                        01010500D    715
     126       0       0       2       0                               0D    716
     110     614       0       0       0                        01010000D    717
     110       0       0       1       0                               0D    718
     126     615       0       0       0                        01010500D    719
     126       0       0       2       0                               0D    720
     110     617       0       0       0                        01010000D    721
     110       0       0       1       0                               0D    722
     126     618       0       0       0                        01010500D    723
     126       0       0       2       0                               0D    724
     110     620       0       0       0                        01010000D    725
     110       0       0       1       0                               0D    726
     102     621       0       0       0                        01010500D    727
     102       0       0       1       0                               0D    728
     102     622       0       0       0                        01010000D    729
     102       0       0       1       0                               0D    730
     142     623       0       0       0                        00010500D    731
     142       0       0       1       0                               0D    732
     144     624       0       0       0                        00000000D    733
     144       0    -707       1       0                               0D    734
     314     625       0       0       0                        00000200D    735
     314       0       8       1       0                               0D    736
     110     626       0       0       0                        01010000D    737
     110       0       0       1       0                               0D    738
     110     627       0       0       0                        01010000D    739
     110       0       0       1       0                               0D    740
     120     628       0       0       0                        01010000D    741
     120       0       0       1       0                               0D    742
     126     629       0       0       0                        01010500D    743
     126       0       0       2       0                               0D    744
     100     631       0       0       0                        01010000D    745
     100       0       0       1       0                               0D    746
     126     632       0       0       0                        01010500D    747
     126       0       0       2       0                               0D    748
     110     634       0       0       0                        01010000D    749
     110       0       0       1       0                               0D    750
     126     635       0       0       0                        01010500D    751
     126       0       0       2       0                               0D    752
     124     637       0       0       0                        00000000D    753
     124       0       0       4       0                               0D    754
     100     641       0       0       0             753        01010000D    755
     100       0       0       1       0                               0D    756
     126     642       0       0       0                        01010500D    757
     126       0       0       2       0                               0D    758
     110     644       0       0       0                        01010000D    759
     110       0       0       1       0                               0D    760
     102     645       0       0       0                        01010500D    761
     102       0       0       1       0                               0D    762
     102     646       0       0       0                        01010000D    763
     102       0       0       1       0                               0D    764
     142     647       0       0       0                        00010500D    765
     142       0       0       1       0                               0D    766
     144     648       0       0       0                        00000000D    767
     144       0    -735       1       0                               0D    768
     314     649       0       0       0                        00000200D    769
     314       0       8       1       0                               0D    770
     128     650       0       0       0                        01010000D    771
     128       0       0       4       0                               0D    772
     126     654       0       0       0                        01010500D    773
     126       0       0      11       0                               0D    774
     124     665       0       0       0                        00000000D    775
     124       0       0       4       0                               0D    776
     100     669       0       0       0             775        01010000D    777
     100       0       0       1       0                               0D    778
     126     670       0       0       0                        01010500D    779
     126       0       0      11       0                               0D    780
     124     681       0       0       0                        00000000D    781
     124       0       0       4       0                               0D    782
     100     685       0       0       0             781        01010000D    783
     100       0       0       1       0                               0D    784
     102     686       0       0       0                        01010500D    785
     102       0       0       1       0                               0D    786
     102     687       0       0       0                        01010000D    787
     102       0       0       1       0                               0D    788
     142     688       0       0       0                        00010500D    789
     142       0       0       1       0                               0D    790
     144     689       0       0       0                        00000000D    791
     144       0    -769       1       0                               0D    792
     314     690       0       0       0                        00000200D    793
     314       0       8       1       0                               0D    794
     128     691       0       0       0                        01010000D    795
     128       0       0       3       0                               0D    796
     126     694       0       0       0                        01010500D    797
     126       0       0       2       0                               0D    798
     110     696       0       0       0                        01010000D    799
     110       0       0       1       0                               0D    800
     126     697       0       0       0                        01010500D    801
     126       0       0       2       0                               0D    802
     110     699       0       0       0                        01010000D    803
     110       0       0       1       0                               0D    804
     126     700       0       0       0                        01010500D    805
     126       0       0       2       0                               0D    806
     110     702       0       0       0                        01010000D    807
     110       0       0       1       0                               0D    808
     126     703       0       0       0                        01010500D    809
     126       0       0       2       0                               0D    810
     110     705       0       0       0                        01010000D    811
     110       0       0       1       0                               0D    812
     102     706       0       0       0                        01010500D    813
     102       0       0       1       0                               0D    814
     102     707       0       0       0                        01010000D    815
     102       0       0       1       0                               0D    816
     142     708       0       0       0                        00010500D    817
     142       0       0       1       0                               0D    818
     144     709       0       0       0                        00000000D    819
     144       0    -793       1       0                               0D    820
     314     710       0       0       0                        00000200D    821
     314       0       8       1       0                               0D    822
     128     711       0       0       0                        01010000D    823
     128       0       0       3       0                               0D    824
     126     714       0       0       0                        01010500D    825
     126       0       0       2       0                               0D    826
     110     716       0       0       0                        01010000D    827
     110       0       0       1       0                               0D    828
     126     717       0       0       0                        01010500D    829
     126       0       0       2       0                               0D    830
     110     719       0       0       0                        01010000D    831
     110       0       0       1       0                               0D    832
     126     720       0       0       0                        01010500D    833
     126       0       0       2       0                               0D    834
     110     722       0       0       0                        01010000D    835
     110       0       0       1       0                               0D    836
     126     723       0       0       0                        01010500D    837
     126       0       0       2       0                               0D    838
     110     725       0       0       0                        01010000D    839
     110       0       0       1       0                               0D    840
     102     726       0       0       0                        01010500D    841
     102       0       0       1       0                               0D    842
     102     727       0       0       0                        01010000D    843
     102       0       0       1       0                               0D    844
     142     728       0       0       0                        00010500D    845
     142       0       0       1       0                               0D    846
     144     729       0       0       0                        00000000D    847
     144       0    -821       1       0                               0D    848
     314     730       0       0       0                        00000200D    849
     314       0       8       1       0                               0D    850
     128     731       0       0       0                        01010000D    851
     128       0       0       3       0                               0D    852
     126     734       0       0       0                        01010500D    853
     126       0       0       2       0                               0D    854
     110     736       0       0       0                        01010000D    855
     110       0       0       1       0                               0D    856
     126     737       0       0       0                        01010500D    857
     126       0       0       2       0                               0D    858
     110     739       0       0       0                        01010000D    859
     110       0       0       1       0                               0D    860
     126     740       0       0       0                        01010500D    861
     126       0       0       2       0                               0D    862
     110     742       0       0       0                        01010000D    863
     110       0       0       1       0                               0D    864
     126     743       0       0       0                        01010500D    865
     126       0       0       2       0                               0D    866
     110     745       0       0       0                        01010000D    867
     110       0       0       1       0                               0D    868
     102     746       0       0       0                        01010500D    869
     102       0       0       1       0                               0D    870
     102     747       0       0       0                        01010000D    871
     102       0       0       1       0                               0D    872
     142     748       0       0       0                        00010500D    873
     142       0       0       1       0                               0D    874
     144     749       0       0       0                        00000000D    875
     144       0    -849       1       0                               0D    876
     314     750       0       0       0                        00000200D    877
     314       0       8       1       0                               0D    878
     128     751       0       0       0                        01010000D    879
     128       0       0       3       0                               0D    880
     126     754       0       0       0                        01010500D    881
     126       0       0       2       0                               0D    882
     110     756       0       0       0                        01010000D    883
     110       0       0       1       0                               0D    884
     126     757       0       0       0                        01010500D    885
     126       0       0       2       0                               0D    886
     110     759       0       0       0                        01010000D    887
     110       0       0       1       0                               0D    888
     126     760       0       0       0                        01010500D    889
     126       0       0       2       0                               0D    890
     110     762       0       0       0                        01010000D    891
     110       0       0       1       0                               0D    892
     126     763       0       0       0                        01010500D    893
     126       0       0       2       0                               0D    894
     110     765       0       0       0                        01010000D    895
     110       0       0       1       0                               0D    896
     102     766       0       0       0                        01010500D    897
     102       0       0       1       0                               0D    898
     102     767       0       0       0                        01010000D    899
     102       0       0       1       0                               0D    900
     142     768       0       0       0                        00010500D    901
     142       0       0       1       0                               0D    902
     144     769       0       0       0                        00000000D    903
     144       0    -877       1       0                               0D    904
     314     770       0       0       0                        00000200D    905
     314       0       6       1       0                               0D    906
     110     771       0       0       0                        01010000D    907
     110       0       0       1       0                               0D    908
     110     772       0       0       0                        01010000D    909
     110       0       0       1       0                               0D    910
     120     773       0       0       0                        01010000D    911
     120       0       0       1       0                               0D    912
     126     774       0       0       0                        01010500D    913
     126       0       0       2       0                               0D    914
     124     776       0       0       0                        00000000D    915
     124       0       0       4       0                               0D    916
     100     780       0       0       0             915        01010000D    917
     100       0       0       1       0                               0D    918
     126     781       0       0       0                        01010500D    919
     126       0       0       2       0                               0D    920
     110     783       0       0       0                        01010000D    921
     110       0       0       1       0                               0D    922
     126     784       0       0       0                        01010500D    923
     126       0       0       2       0                               0D    924
     124     786       0       0       0                        00000000D    925
     124       0       0       3       0                               0D    926
     100     789       0       0       0             925        01010000D    927
     100       0       0       1       0                               0D    928
     126     790       0       0       0                        01010500D    929
     126       0       0       2       0                               0D    930
     110     792       0       0       0                        01010000D    931
     110       0       0       1       0                               0D    932
     102     793       0       0       0                        01010500D    933
     102       0       0       1       0                               0D    934
     102     794       0       0       0                        01010000D    935
     102       0       0       1       0                               0D    936
     142     795       0       0       0                        00010500D    937
     142       0       0       1       0                               0D    938
     144     796       0       0       0                        00000000D    939
     144       0    -905       1       0                               0D    940
     314     797       0       0       0                        00000200D    941
     314       0       6       1       0                               0D    942
     128     798       0       0       0                        01010000D    943
     128       0       0       3       0                               0D    944
     126     801       0       0       0                        01010500D    945
     126       0       0       2       0                               0D    946
     110     803       0       0       0                        01010000D    947
     110       0       0       1       0                               0D    948
     126     804       0       0       0                        01010500D    949
     126       0       0       2       0                               0D    950
     110     806       0       0       0                        01010000D    951
     110       0       0       1       0                               0D    952
     126     807       0       0       0                        01010500D    953
     126       0       0       2       0                               0D    954
     110     809       0       0       0                        01010000D    955
     110       0       0       1       0                               0D    956
     126     810       0       0       0                        01010500D    957
     126       0       0       2       0                               0D    958
     110     812       0       0       0                        01010000D    959
     110       0       0       1       0                               0D    960
     102     813       0       0       0                        01010500D    961
     102       0       0       1       0                               0D    962
     102     814       0       0       0                        01010000D    963
     102       0       0       1       0                               0D    964
     142     815       0       0       0                        00010500D    965
     142       0       0       1       0                               0D    966
     144     816       0       0       0                        00000000D    967
     144       0    -941       1       0                               0D    968
     314     817       0       0       0                        00000200D    969
     314       0       6       1       0                               0D    970
     110     818       0       0       0                        01010000D    971
     110       0       0       1       0                               0D    972
     110     819       0       0       0                        01010000D    973
     110       0       0       1       0                               0D    974
     120     820       0       0       0                        01010000D    975
     120       0       0       1       0                               0D    976
     126     821       0       0       0                        01010500D    977
     126       0       0       2       0                               0D    978
     124     823       0       0       0                        00000000D    979
     124       0       0       4       0                               0D    980
     100     827       0       0       0             979        01010000D    981
     100       0       0       1       0                               0D    982
     126     828       0       0       0                        01010500D    983
     126       0       0       2       0                               0D    984
     110     830       0       0       0                        01010000D    985
     110       0       0       1       0                               0D    986
     126     831       0       0       0                        01010500D    987
     126       0       0       2       0                               0D    988
     124     833       0       0       0                        00000000D    989
     124       0       0       3       0                               0D    990
     100     836       0       0       0             989        01010000D    991
     100       0       0       1       0                               0D    992
     126     837       0       0       0                        01010500D    993
     126       0       0       2       0                               0D    994
     110     839       0       0       0                        01010000D    995
     110       0       0       1       0                               0D    996
     102     840       0       0       0                        01010500D    997
     102       0       0       1       0                               0D    998
     102     841       0       0       0                        01010000D    999
     102       0       0       1       0                               0D   1000
     142     842       0       0       0                        00010500D   1001
     142       0       0       1       0                               0D   1002
     144     843       0       0       0                        00000000D   1003
     144       0    -969       1       0                               0D   1004
     314     844       0       0       0                        00000200D   1005
     314       0       6       1       0                               0D   1006
     128     845       0       0       0                        01010000D   1007
     128       0       0       3       0                               0D   1008
     126     848       0       0       0                        01010500D   1009
     126       0       0       2       0                               0D   1010
     110     850       0       0       0                        01010000D   1011
     110       0       0       1       0                               0D   1012
     126     851       0       0       0                        01010500D   1013
     126       0       0       2       0                               0D   1014
     110     853       0       0       0                        01010000D   1015
     110       0       0       1       0                               0D   1016
     126     854       0       0       0                        01010500D   1017
     126       0       0       2       0                               0D   1018
     110     856       0       0       0                        01010000D   1019
     110       0       0       1       0                               0D   1020
     126     857       0       0       0                        01010500D   1021
     126       0       0       2       0                               0D   1022
     110     859       0       0       0                        01010000D   1023
     110       0       0       1       0                               0D   1024
     102     860       0       0       0                        01010500D   1025
     102       0       0       1       0                               0D   1026
     102     861       0       0       0                        01010000D   1027
     102       0       0       1       0                               0D   1028
     142     862       0       0       0                        00010500D   1029
     142       0       0       1       0                               0D   1030
     144     863       0       0       0                        00000000D   1031
     144       0   -1005       1       0                               0D   1032
     314     864       0       0       0                        00000200D   1033
     314       0       6       1       0                               0D   1034
     110     865       0       0       0                        01010000D   1035
     110       0       0       1       0                               0D   1036
     110     866       0       0       0                        01010000D   1037
     110       0       0       1       0                               0D   1038
     120     867       0       0       0                        01010000D   1039
     120       0       0       1       0                               0D   1040
     126     868       0       0       0                        01010500D   1041
     126       0       0       2       0                               0D   1042
     124     870       0       0       0                        00000000D   1043
     124       0       0       2       0                               0D   1044
     100     872       0       0       0            1043        01010000D   1045
     100       0       0       1       0                               0D   1046
     126     873       0       0       0                        01010500D   1047
     126       0       0       2       0                               0D   1048
     110     875       0       0       0                        01010000D   1049
     110       0       0       1       0                               0D   1050
     126     876       0       0       0                        01010500D   1051
     126       0       0       2       0                               0D   1052
     124     878       0       0       0                        00000000D   1053
     124       0       0       3       0                               0D   1054
     100     881       0       0       0            1053        01010000D   1055
     100       0       0       1       0                               0D   1056
     126     882       0       0       0                        01010500D   1057
     126       0       0       2       0                               0D   1058
     110     884       0       0       0                        01010000D   1059
     110       0       0       1       0                               0D   1060
     102     885       0       0       0                        01010500D   1061
     102       0       0       1       0                               0D   1062
     102     886       0       0       0                        01010000D   1063
     102       0       0       1       0                               0D   1064
     142     887       0       0       0                        00010500D   1065
     142       0       0       1       0                               0D   1066
     144     888       0       0       0                        00000000D   1067
     144       0   -1033       1       0                               0D   1068
     314     889       0       0       0                        00000200D   1069
     314       0       6       1       0                               0D   1070
     128     890       0       0       0                        01010000D   1071
     128       0       0       3       0                               0D   1072
     126     893       0       0       0                        01010500D   1073
     126       0       0       6       0                               0D   1074
     124     899       0       0       0                        00000000D   1075
     124       0       0       3       0                               0D   1076
     100     902       0       0       0            1075        01010000D   1077
     100       0       0       1       0                               0D   1078
     126     903       0       0       0                        01010500D   1079
     126       0       0       2       0                               0D   1080
     110     905       0       0       0                        01010000D   1081
     110       0       0       1       0                               0D   1082
     126     906       0       0       0                        01010500D   1083
     126       0       0       6       0                               0D   1084
     124     912       0       0       0                        00000000D   1085
     124       0       0       4       0                               0D   1086
     100     916       0       0       0            1085        01010000D   1087
     100       0       0       1       0                               0D   1088
     126     917       0       0       0                        01010500D   1089
     126       0       0       2       0                               0D   1090
     110     919       0       0       0                        01010000D   1091
     110       0       0       1       0                               0D   1092
     126     920       0       0       0                        01010500D   1093
     126       0       0       6       0                               0D   1094
     124     926       0       0       0                        00000000D   1095
     124       0       0       2       0                               0D   1096
     100     928       0       0       0            1095        01010000D   1097
     100       0       0       1       0                               0D   1098
     126     929       0       0       0                        01010500D   1099
     126       0       0       2       0                               0D   1100
     110     931       0       0       0                        01010000D   1101
     110       0       0       1       0                               0D   1102
     126     932       0       0       0                        01010500D   1103
     126       0       0       2       0                               0D   1104
     110     934       0       0       0                        01010000D   1105
     110       0       0       1       0                               0D   1106
     102     935       0       0       0                        01010500D   1107
     102       0       0       1       0                               0D   1108
     102     936       0       0       0                        01010000D   1109
     102       0       0       1       0                               0D   1110
     142     937       0       0       0                        00010500D   1111
     142       0       0       1       0                               0D   1112
     144     938       0       0       0                        00000000D   1113
     144       0   -1069       1       0                               0D   1114
     314     939       0       0       0                        00000200D   1115
     314       0       6       1       0                               0D   1116
     128     940       0       0       0                        01010000D   1117
     128       0       0       3       0                               0D   1118
     126     943       0       0       0                        01010500D   1119
     126       0       0       2       0                               0D   1120
     110     945       0       0       0                        01010000D   1121
     110       0       0       1       0                               0D   1122
     126     946       0       0       0                        01010500D   1123
     126       0       0       6       0                               0D   1124
     124     952       0       0       0                        00000000D   1125
     124       0       0       4       0                               0D   1126
     100     956       0       0       0            1125        01010000D   1127
     100       0       0       1       0                               0D   1128
     126     957       0       0       0                        01010500D   1129
     126       0       0       2       0                               0D   1130
     110     959       0       0       0                        01010000D   1131
     110       0       0       1       0                               0D   1132
     126     960       0       0       0                        01010500D   1133
     126       0       0       6       0                               0D   1134
     124     966       0       0       0                        00000000D   1135
     124       0       0       2       0                               0D   1136
     100     968       0       0       0            1135        01010000D   1137
     100       0       0       1       0                               0D   1138
     126     969       0       0       0                        01010500D   1139
     126       0       0       2       0                               0D   1140
     110     971       0       0       0                        01010000D   1141
     110       0       0       1       0                               0D   1142
     126     972       0       0       0                        01010500D   1143
     126       0       0       2       0                               0D   1144
     110     974       0       0       0                        01010000D   1145
     110       0       0       1       0                               0D   1146
     126     975       0       0       0                        01010500D   1147
     126       0       0       6       0                               0D   1148
     124     981       0       0       0                        00000000D   1149
     124       0       0       4       0                               0D   1150
     100     985       0       0       0            1149        01010000D   1151
     100       0       0       1       0                               0D   1152
     102     986       0       0       0                        01010500D   1153
     102       0       0       1       0                               0D   1154
     102     987       0       0       0                        01010000D   1155
     102       0       0       1       0                               0D   1156
     142     988       0       0       0                        00010500D   1157
     142       0       0       1       0                               0D   1158
     144     989       0       0       0                        00000000D   1159
     144       0   -1115       1       0                               0D   1160
     314     990       0       0       0                        00000200D   1161
     314       0       6       1       0                               0D   1162
     110     991       0       0       0                        01010000D   1163
     110       0       0       1       0                               0D   1164
     110     992       0       0       0                        01010000D   1165
     110       0       0       1       0                               0D   1166
     120     993       0       0       0                        01010000D   1167
     120       0       0       1       0                               0D   1168
     126     994       0       0       0                        01010500D   1169
     126       0       0       2       0                               0D   1170
     124     996       0       0       0                        00000000D   1171
     124       0       0       3       0                               0D   1172
     100     999       0       0       0            1171        01010000D   1173
     100       0       0       1       0                               0D   1174
     126    1000       0       0       0                        01010500D   1175
     126       0       0       2       0                               0D   1176
     110    1002       0       0       0                        01010000D   1177
     110       0       0       1       0                               0D   1178
     126    1003       0       0       0                        01010500D   1179
     126       0       0       2       0                               0D   1180
     124    1005       0       0       0                        00000000D   1181
     124       0       0       2       0                               0D   1182
     100    1007       0       0       0            1181        01010000D   1183
     100       0       0       1       0                               0D   1184
     126    1008       0       0       0                        01010500D   1185
     126       0       0       2       0                               0D   1186
     110    1010       0       0       0                        01010000D   1187
     110       0       0       1       0                               0D   1188
     102    1011       0       0       0                        01010500D   1189
     102       0       0       1       0                               0D   1190
     102    1012       0       0       0                        01010000D   1191
     102       0       0       1       0                               0D   1192
     142    1013       0       0       0                        00010500D   1193
     142       0       0       1       0                               0D   1194
     144    1014       0       0       0                        00000000D   1195
     144       0   -1161       1       0                               0D   1196
     314    1015       0       0       0                        00000200D   1197
     314       0       6       1       0                               0D   1198
     110    1016       0       0       0                        01010000D   1199
     110       0       0       1       0                               0D   1200
     110    1017       0       0       0                        01010000D   1201
     110       0       0       1       0                               0D   1202
     120    1018       0       0       0                        01010000D   1203
     120       0       0       1       0                               0D   1204
     126    1019       0       0       0                        01010500D   1205
     126       0       0       2       0                               0D   1206
     124    1021       0       0       0                        00000000D   1207
     124       0       0       3       0                               0D   1208
     100    1024       0       0       0            1207        01010000D   1209
     100       0       0       1       0                               0D   1210
     126    1025       0       0       0                        01010500D   1211
     126       0       0       2       0                               0D   1212
     110    1027       0       0       0                        01010000D   1213
     110       0       0       1       0                               0D   1214
     126    1028       0       0       0                        01010500D   1215
     126       0       0       2       0                               0D   1216
     124    1030       0       0       0                        00000000D   1217
     124       0       0       3       0                               0D   1218
     100    1033       0       0       0            1217        01010000D   1219
     100       0       0       1       0                               0D   1220
     126    1034       0       0       0                        01010500D   1221
     126       0       0       2       0                               0D   1222
     110    1036       0       0       0                        01010000D   1223
     110       0       0       1       0                               0D   1224
     102    1037       0       0       0                        01010500D   1225
     102       0       0       1       0                               0D   1226
     102    1038       0       0       0                        01010000D   1227
     102       0       0       1       0                               0D   1228
     142    1039       0       0       0                        00010500D   1229
     142       0       0       1       0                               0D   1230
     144    1040       0       0       0                        00000000D   1231
     144       0   -1197       1       0                               0D   1232
     314    1041       0       0       0                        00000200D   1233
     314       0       6       1       0                               0D   1234
     128    1042       0       0       0                        01010000D   1235
     128       0       0       2       0                               0D   1236
     126    1044       0       0       0                        01010500D   1237
     126       0       0       2       0                               0D   1238
     110    1046       0       0       0                        01010000D   1239
     110       0       0       1       0                               0D   1240
     126    1047       0       0       0                        01010500D   1241
     126       0       0       2       0                               0D   1242
     110    1049       0       0       0                        01010000D   1243
     110       0       0       1       0                               0D   1244
     126    1050       0       0       0                        01010500D   1245
     126       0       0       2       0                               0D   1246
     110    1052       0       0       0                        01010000D   1247
     110       0       0       1       0                               0D   1248
     126    1053       0       0       0                        01010500D   1249
     126       0       0       2       0                               0D   1250
     110    1055       0       0       0                        01010000D   1251
     110       0       0       1       0                               0D   1252
     102    1056       0       0       0                        01010500D   1253
     102       0       0       1       0                               0D   1254
     102    1057       0       0       0                        01010000D   1255
     102       0       0       1       0                               0D   1256
     142    1058       0       0       0                        00010500D   1257
     142       0       0       1       0                               0D   1258
     144    1059       0       0       0                        00000000D   1259
     144       0   -1233       1       0                               0D   1260
     314    1060       0       0       0                        00000200D   1261
     314       0       6       1       0                               0D   1262
     110    1061       0       0       0                        01010000D   1263
     110       0       0       1       0                               0D   1264
     110    1062       0       0       0                        01010000D   1265
     110       0       0       1       0                               0D   1266
     120    1063       0       0       0                        01010000D   1267
     120       0       0       1       0                               0D   1268
     126    1064       0       0       0                        01010500D   1269
     126       0       0       2       0                               0D   1270
     124    1066       0       0       0                        00000000D   1271
     124       0       0       2       0                               0D   1272
     100    1068       0       0       0            1271        01010000D   1273
     100       0       0       1       0                               0D   1274
     126    1069       0       0       0                        01010500D   1275
     126       0       0       2       0                               0D   1276
     110    1071       0       0       0                        01010000D   1277
     110       0       0       1       0                               0D   1278
     126    1072       0       0       0                        01010500D   1279
     126       0       0       2       0                               0D   1280
     124    1074       0       0       0                        00000000D   1281
     124       0       0       3       0                               0D   1282
     100    1077       0       0       0            1281        01010000D   1283
     100       0       0       1       0                               0D   1284
     126    1078       0       0       0                        01010500D   1285
     126       0       0       2       0                               0D   1286
     110    1080       0       0       0                        01010000D   1287
     110       0       0       1       0                               0D   1288
     102    1081       0       0       0                        01010500D   1289
     102       0       0       1       0                               0D   1290
     102    1082       0       0       0                        01010000D   1291
     102       0       0       1       0                               0D   1292
     142    1083       0       0       0                        00010500D   1293
     142       0       0       1       0                               0D   1294
     144    1084       0       0       0                        00000000D   1295
     144       0   -1261       1       0                               0D   1296
     314    1085       0       0       0                        00000200D   1297
     314       0       6       1       0                               0D   1298
     128    1086       0       0       0                        01010000D   1299
     128       0       0       3       0                               0D   1300
     126    1089       0       0       0                        01010500D   1301
     126       0       0       2       0                               0D   1302
     110    1091       0       0       0                        01010000D   1303
     110       0       0       1       0                               0D   1304
     126    1092       0       0       0                        01010500D   1305
     126       0       0       2       0                               0D   1306
     110    1094       0       0       0                        01010000D   1307
     110       0       0       1       0                               0D   1308
     126    1095       0       0       0                        01010500D   1309
     126       0       0       2       0                               0D   1310
     110    1097       0       0       0                        01010000D   1311
     110       0       0       1       0                               0D   1312
     126    1098       0       0       0                        01010500D   1313
     126       0       0       2       0                               0D   1314
     110    1100       0       0       0                        01010000D   1315
     110       0       0       1       0                               0D   1316
     102    1101       0       0       0                        01010500D   1317
     102       0       0       1       0                               0D   1318
     102    1102       0       0       0                        01010000D   1319
     102       0       0       1       0                               0D   1320
     142    1103       0       0       0                        00010500D   1321
     142       0       0       1       0                               0D   1322
     144    1104       0       0       0                        00000000D   1323
     144       0   -1297       1       0                               0D   1324
     314    1105       0       0       0                        00000200D   1325
     314       0       6       1       0                               0D   1326
     128    1106       0       0       0                        01010000D   1327
     128       0       0       3       0                               0D   1328
     126    1109       0       0       0                        01010500D   1329
     126       0       0       2       0                               0D   1330
     110    1111       0       0       0                        01010000D   1331
     110       0       0       1       0                               0D   1332
     126    1112       0       0       0                        01010500D   1333
     126       0       0       6       0                               0D   1334
     124    1118       0       0       0                        00000000D   1335
     124       0       0       3       0                               0D   1336
     100    1121       0       0       0            1335        01010000D   1337
     100       0       0       1       0                               0D   1338
     126    1122       0       0       0                        01010500D   1339
     126       0       0       2       0                               0D   1340
     110    1124       0       0       0                        01010000D   1341
     110       0       0       1       0                               0D   1342
     126    1125       0       0       0                        01010500D   1343
     126       0       0       6       0                               0D   1344
     124    1131       0       0       0                        00000000D   1345
     124       0       0       3       0                               0D   1346
     100    1134       0       0       0            1345        01010000D   1347
     100       0       0       1       0                               0D   1348
     126    1135       0       0       0                        01010500D   1349
     126       0       0       2       0                               0D   1350
     110    1137       0       0       0                        01010000D   1351
     110       0       0       1       0                               0D   1352
     126    1138       0       0       0                        01010500D   1353
     126       0       0       2       0                               0D   1354
     110    1140       0       0       0                        01010000D   1355
     110       0       0       1       0                               0D   1356
     126    1141       0       0       0                        01010500D   1357
     126       0       0       6       0                               0D   1358
     124    1147       0       0       0                        00000000D   1359
     124       0       0       2       0                               0D   1360
     100    1149       0       0       0            1359        01010000D   1361
     100       0       0       1       0                               0D   1362
     102    1150       0       0       0                        01010500D   1363
     102       0       0       1       0                               0D   1364
     102    1151       0       0       0                        01010000D   1365
     102       0       0       1       0                               0D   1366
     142    1152       0       0       0                        00010500D   1367
     142       0       0       1       0                               0D   1368
     144    1153       0       0       0                        00000000D   1369
     144       0   -1325       1       0                               0D   1370
     314    1154       0       0       0                        00000200D   1371
     314       0       6       1       0                               0D   1372
     128    1155       0       0       0                        01010000D   1373
     128       0       0       3       0                               0D   1374
     126    1158       0       0       0                        01010500D   1375
     126       0       0       6       0                               0D   1376
     124    1164       0       0       0                        00000000D   1377
     124       0       0       2       0                               0D   1378
     100    1166       0       0       0            1377        01010000D   1379
     100       0       0       1       0                               0D   1380
     126    1167       0       0       0                        01010500D   1381
     126       0       0       2       0                               0D   1382
     110    1169       0       0       0                        01010000D   1383
     110       0       0       1       0                               0D   1384
     126    1170       0       0       0                        01010500D   1385
     126       0       0       6       0                               0D   1386
     124    1176       0       0       0                        00000000D   1387
     124       0       0       3       0                               0D   1388
     100    1179       0       0       0            1387        01010000D   1389
     100       0       0       1       0                               0D   1390
     126    1180       0       0       0                        01010500D   1391
     126       0       0       2       0                               0D   1392
     110    1182       0       0       0                        01010000D   1393
     110       0       0       1       0                               0D   1394
     126    1183       0       0       0                        01010500D   1395
     126       0       0       6       0                               0D   1396
     124    1189       0       0       0                        00000000D   1397
     124       0       0       3       0                               0D   1398
     100    1192       0       0       0            1397        01010000D   1399
     100       0       0       1       0                               0D   1400
     126    1193       0       0       0                        01010500D   1401
     126       0       0       2       0                               0D   1402
     110    1195       0       0       0                        01010000D   1403
     110       0       0       1       0                               0D   1404
     126    1196       0       0       0                        01010500D   1405
     126       0       0       2       0                               0D   1406
     110    1198       0       0       0                        01010000D   1407
     110       0       0       1       0                               0D   1408
     102    1199       0       0       0                        01010500D   1409
     102       0       0       1       0                               0D   1410
     102    1200       0       0       0                        01010000D   1411
     102       0       0       1       0                               0D   1412
     142    1201       0       0       0                        00010500D   1413
     142       0       0       1       0                               0D   1414
     144    1202       0       0       0                        00000000D   1415
     144       0   -1371       1       0                               0D   1416
     314    1203       0       0       0                        00000200D   1417
     314       0       6       1       0                               0D   1418
     110    1204       0       0       0                        01010000D   1419
     110       0       0       1       0                               0D   1420
     110    1205       0       0       0                        01010000D   1421
     110       0       0       1       0                               0D   1422
     120    1206       0       0       0                        01010000D   1423
     120       0       0       1       0                               0D   1424
     126    1207       0       0       0                        01010500D   1425
     126       0       0       2       0                               0D   1426
     124    1209       0       0       0                        00000000D   1427
     124       0       0       3       0                               0D   1428
     100    1212       0       0       0            1427        01010000D   1429
     100       0       0       1       0                               0D   1430
     126    1213       0       0       0                        01010500D   1431
     126       0       0       2       0                               0D   1432
     110    1215       0       0       0                        01010000D   1433
     110       0       0       1       0                               0D   1434
     126    1216       0       0       0                        01010500D   1435
     126       0       0       2       0                               0D   1436
     124    1218       0       0       0                        00000000D   1437
     124       0       0       3       0                               0D   1438
     100    1221       0       0       0            1437        01010000D   1439
     100       0       0       1       0                               0D   1440
     126    1222       0       0       0                        01010500D   1441
     126       0       0       2       0                               0D   1442
     110    1224       0       0       0                        01010000D   1443
     110       0       0       1       0                               0D   1444
     102    1225       0       0       0                        01010500D   1445
     102       0       0       1       0                               0D   1446
     102    1226       0       0       0                        01010000D   1447
     102       0       0       1       0                               0D   1448
     142    1227       0       0       0                        00010500D   1449
     142       0       0       1       0                               0D   1450
     144    1228       0       0       0                        00000000D   1451
     144       0   -1417       1       0                               0D   1452
     314    1229       0       0       0                        00000200D   1453
     314       0       6       1       0                               0D   1454
     110    1230       0       0       0                        01010000D   1455
     110       0       0       1       0                               0D   1456
     110    1231       0       0       0                        01010000D   1457
     110       0       0       1       0                               0D   1458
     120    1232       0       0       0                        01010000D   1459
     120       0       0       1       0                               0D   1460
     126    1233       0       0       0                        01010500D   1461
     126       0       0       2       0                               0D   1462
     124    1235       0       0       0                        00000000D   1463
     124       0       0       3       0                               0D   1464
     100    1238       0       0       0            1463        01010000D   1465
     100       0       0       1       0                               0D   1466
     126    1239       0       0       0                        01010500D   1467
     126       0       0       2       0                               0D   1468
     110    1241       0       0       0                        01010000D   1469
     110       0       0       1       0                               0D   1470
     126    1242       0       0       0                        01010500D   1471
     126       0       0       2       0                               0D   1472
     124    1244       0       0       0                        00000000D   1473
     124       0       0       2       0                               0D   1474
     100    1246       0       0       0            1473        01010000D   1475
     100       0       0       1       0                               0D   1476
     126    1247       0       0       0                        01010500D   1477
     126       0       0       2       0                               0D   1478
     110    1249       0       0       0                        01010000D   1479
     110       0       0       1       0                               0D   1480
     102    1250       0       0       0                        01010500D   1481
     102       0       0       1       0                               0D   1482
     102    1251       0       0       0                        01010000D   1483
     102       0       0       1       0                               0D   1484
     142    1252       0       0       0                        00010500D   1485
     142       0       0       1       0                               0D   1486
     144    1253       0       0       0                        00000000D   1487
     144       0   -1453       1       0                               0D   1488
     314    1254       0       0       0                        00000200D   1489
     314       0       6       1       0                               0D   1490
     128    1255       0       0       0                        01010000D   1491
     128       0       0       3       0                               0D   1492
     126    1258       0       0       0                        01010500D   1493
     126       0       0       2       0                               0D   1494
     110    1260       0       0       0                        01010000D   1495
     110       0       0       1       0                               0D   1496
     126    1261       0       0       0                        01010500D   1497
     126       0       0       2       0                               0D   1498
     110    1263       0       0       0                        01010000D   1499
     110       0       0       1       0                               0D   1500
     126    1264       0       0       0                        01010500D   1501
     126       0       0       2       0                               0D   1502
     110    1266       0       0       0                        01010000D   1503
     110       0       0       1       0                               0D   1504
     126    1267       0       0       0                        01010500D   1505
     126       0       0       2       0                               0D   1506
     110    1269       0       0       0                        01010000D   1507
     110       0       0       1       0                               0D   1508
     102    1270       0       0       0                        01010500D   1509
     102       0       0       1       0                               0D   1510
     102    1271       0       0       0                        01010000D   1511
     102       0       0       1       0                               0D   1512
     142    1272       0       0       0                        00010500D   1513
     142       0       0       1       0                               0D   1514
     144    1273       0       0       0                        00000000D   1515
     144       0   -1489       1       0                               0D   1516
     314    1274       0       0       0                        00000200D   1517
     314       0       6       1       0                               0D   1518
     110    1275       0       0       0                        01010000D   1519
     110       0       0       1       0                               0D   1520
     110    1276       0       0       0                        01010000D   1521
     110       0       0       1       0                               0D   1522
     120    1277       0       0       0                        01010000D   1523
     120       0       0       1       0                               0D   1524
     126    1278       0       0       0                        01010500D   1525
     126       0       0       2       0                               0D   1526
     124    1280       0       0       0                        00000000D   1527
     124       0       0       3       0                               0D   1528
     100    1283       0       0       0            1527        01010000D   1529
     100       0       0       1       0                               0D   1530
     126    1284       0       0       0                        01010500D   1531
     126       0       0       2       0                               0D   1532
     110    1286       0       0       0                        01010000D   1533
     110       0       0       1       0                               0D   1534
     126    1287       0       0       0                        01010500D   1535
     126       0       0       2       0                               0D   1536
     124    1289       0       0       0                        00000000D   1537
     124       0       0       4       0                               0D   1538
     100    1293       0       0       0            1537        01010000D   1539
     100       0       0       1       0                               0D   1540
     126    1294       0       0       0                        01010500D   1541
     126       0       0       2       0                               0D   1542
     110    1296       0       0       0                        01010000D   1543
     110       0       0       1       0                               0D   1544
     102    1297       0       0       0                        01010500D   1545
     102       0       0       1       0                               0D   1546
     102    1298       0       0       0                        01010000D   1547
     102       0       0       1       0                               0D   1548
     142    1299       0       0       0                        00010500D   1549
     142       0       0       1       0                               0D   1550
     144    1300       0       0       0                        00000000D   1551
     144       0   -1517       1       0                               0D   1552
     314    1301       0       0       0                        00000200D   1553
     314       0       6       1       0                               0D   1554
     128    1302       0       0       0                        01010000D   1555
     128       0       0       3       0                               0D   1556
     126    1305       0       0       0                        01010500D   1557
     126       0       0       2       0                               0D   1558
     110    1307       0       0       0                        01010000D   1559
     110       0       0       1       0                               0D   1560
     126    1308       0       0       0                        01010500D   1561
     126       0       0       2       0                               0D   1562
     110    1310       0       0       0                        01010000D   1563
     110       0       0       1       0                               0D   1564
     126    1311       0       0       0                        01010500D   1565
     126       0       0       2       0                               0D   1566
     110    1313       0       0       0                        01010000D   1567
     110       0       0       1       0                               0D   1568
     126    1314       0       0       0                        01010500D   1569
     126       0       0       2       0                               0D   1570
     110    1316       0       0       0                        01010000D   1571
     110       0       0       1       0                               0D   1572
     102    1317       0       0       0                        01010500D   1573
     102       0       0       1       0                               0D   1574
     102    1318       0       0       0                        01010000D   1575
     102       0       0       1       0                               0D   1576
     142    1319       0       0       0                        00010500D   1577
     142       0       0       1       0                               0D   1578
     144    1320       0       0       0                        00000000D   1579
     144       0   -1553       1       0                               0D   1580
     314    1321       0       0       0                        00000200D   1581
     314       0       6       1       0                               0D   1582
     128    1322       0       0       0                        01010000D   1583
     128       0       0       3       0                               0D   1584
     126    1325       0       0       0                        01010500D   1585
     126       0       0       6       0                               0D   1586
     124    1331       0       0       0                        00000000D   1587
     124       0       0       3       0                               0D   1588
     100    1334       0       0       0            1587        01010000D   1589
     100       0       0       1       0                               0D   1590
     126    1335       0       0       0                        01010500D   1591
     126       0       0       2       0                               0D   1592
     110    1337       0       0       0                        01010000D   1593
     110       0       0       1       0                               0D   1594
     126    1338       0       0       0                        01010500D   1595
     126       0       0       2       0                               0D   1596
     110    1340       0       0       0                        01010000D   1597
     110       0       0       1       0                               0D   1598
     126    1341       0       0       0                        01010500D   1599
     126       0       0       6       0                               0D   1600
     124    1347       0       0       0                        00000000D   1601
     124       0       0       3       0                               0D   1602
     100    1350       0       0       0            1601        01010000D   1603
     100       0       0       1       0                               0D   1604
     126    1351       0       0       0                        01010500D   1605
     126       0       0       2       0                               0D   1606
     110    1353       0       0       0                        01010000D   1607
     110       0       0       1       0                               0D   1608
     126    1354       0       0       0                        01010500D   1609
     126       0       0       6       0                               0D   1610
     124    1360       0       0       0                        00000000D   1611
     124       0       0       3       0                               0D   1612
     100    1363       0       0       0            1611        01010000D   1613
     100       0       0       1       0                               0D   1614
     126    1364       0       0       0                        01010500D   1615
     126       0       0       2       0                               0D   1616
     110    1366       0       0       0                        01010000D   1617
     110       0       0       1       0                               0D   1618
     102    1367       0       0       0                        01010500D   1619
     102       0       0       1       0                               0D   1620
     102    1368       0       0       0                        01010000D   1621
     102       0       0       1       0                               0D   1622
     142    1369       0       0       0                        00010500D   1623
     142       0       0       1       0                               0D   1624
     144    1370       0       0       0                        00000000D   1625
     144       0   -1581       1       0                               0D   1626
     314    1371       0       0       0                        00000200D   1627
     314       0       6       1       0                               0D   1628
     128    1372       0       0       0                        01010000D   1629
     128       0       0       3       0                               0D   1630
     126    1375       0       0       0                        01010500D   1631
     126       0       0       2       0                               0D   1632
     110    1377       0       0       0                        01010000D   1633
     110       0       0       1       0                               0D   1634
     126    1378       0       0       0                        01010500D   1635
     126       0       0       2       0                               0D   1636
     110    1380       0       0       0                        01010000D   1637
     110       0       0       1       0                               0D   1638
     126    1381       0       0       0                        01010500D   1639
     126       0       0       6       0                               0D   1640
     124    1387       0       0       0                        00000000D   1641
     124       0       0       3       0                               0D   1642
     100    1390       0       0       0            1641        01010000D   1643
     100       0       0       1       0                               0D   1644
     126    1391       0       0       0                        01010500D   1645
     126       0       0       2       0                               0D   1646
     110    1393       0       0       0                        01010000D   1647
     110       0       0       1       0                               0D   1648
     126    1394       0       0       0                        01010500D   1649
     126       0       0       6       0                               0D   1650
     124    1400       0       0       0                        00000000D   1651
     124       0       0       3       0                               0D   1652
     100    1403       0       0       0            1651        01010000D   1653
     100       0       0       1       0                               0D   1654
     126    1404       0       0       0                        01010500D   1655
     126       0       0       2       0                               0D   1656
     110    1406       0       0       0                        01010000D   1657
     110       0       0       1       0                               0D   1658
     126    1407       0       0       0                        01010500D   1659
     126       0       0       6       0                               0D   1660
     124    1413       0       0       0                        00000000D   1661
     124       0       0       3       0                               0D   1662
     100    1416       0       0       0            1661        01010000D   1663
     100       0       0       1       0                               0D   1664
     102    1417       0       0       0                        01010500D   1665
     102       0       0       1       0                               0D   1666
     102    1418       0       0       0                        01010000D   1667
     102       0       0       1       0                               0D   1668
     142    1419       0       0       0                        00010500D   1669
     142       0       0       1       0                               0D   1670
     144    1420       0       0       0                        00000000D   1671
     144       0   -1627       1       0                               0D   1672
     314    1421       0       0       0                        00000200D   1673
     314       0       6       1       0                               0D   1674
     110    1422       0       0       0                        01010000D   1675
     110       0       0       1       0                               0D   1676
     110    1423       0       0       0                        01010000D   1677
     110       0       0       1       0                               0D   1678
     120    1424       0       0       0                        01010000D   1679
     120       0       0       1       0                               0D   1680
     126    1425       0       0       0                        01010500D   1681
     126       0       0       2       0                               0D   1682
     124    1427       0       0       0                        00000000D   1683
     124       0       0       2       0                               0D   1684
     100    1429       0       0       0            1683        01010000D   1685
     100       0       0       1       0                               0D   1686
     126    1430       0       0       0                        01010500D   1687
     126       0       0       2       0                               0D   1688
     110    1432       0       0       0                        01010000D   1689
     110       0       0       1       0                               0D   1690
     126    1433       0       0       0                        01010500D   1691
     126       0       0       2       0                               0D   1692
     124    1435       0       0       0                        00000000D   1693
     124       0       0       3       0                               0D   1694
     100    1438       0       0       0            1693        01010000D   1695
     100       0       0       1       0                               0D   1696
     126    1439       0       0       0                        01010500D   1697
     126       0       0       2       0                               0D   1698
     110    1441       0       0       0                        01010000D   1699
     110       0       0       1       0                               0D   1700
     102    1442       0       0       0                        01010500D   1701
     102       0       0       1       0                               0D   1702
     102    1443       0       0       0                        01010000D   1703
     102       0       0       1       0                               0D   1704
     142    1444       0       0       0                        00010500D   1705
     142       0       0       1       0                               0D   1706
     144    1445       0       0       0                        00000000D   1707
     144       0   -1673       1       0                               0D   1708
     314    1446       0       0       0                        00000200D   1709
     314       0       6       1       0                               0D   1710
     128    1447       0       0       0                        01010000D   1711
     128       0       0       3       0                               0D   1712
     126    1450       0       0       0                        01010500D   1713
     126       0       0       2       0                               0D   1714
     110    1452       0       0       0                        01010000D   1715
     110       0       0       1       0                               0D   1716
     126    1453       0       0       0                        01010500D   1717
     126       0       0       2       0                               0D   1718
     110    1455       0       0       0                        01010000D   1719
     110       0       0       1       0                               0D   1720
     126    1456       0       0       0                        01010500D   1721
     126       0       0       2       0                               0D   1722
     110    1458       0       0       0                        01010000D   1723
     110       0       0       1       0                               0D   1724
     126    1459       0       0       0                        01010500D   1725
     126       0       0       2       0                               0D   1726
     110    1461       0       0       0                        01010000D   1727
     110       0       0       1       0                               0D   1728
     102    1462       0       0       0                        01010500D   1729
     102       0       0       1       0                               0D   1730
     102    1463       0       0       0                        01010000D   1731
     102       0       0       1       0                               0D   1732
     142    1464       0       0       0                        00010500D   1733
     142       0       0       1       0                               0D   1734
     144    1465       0       0       0                        00000000D   1735
     144       0   -1709       1       0                               0D   1736
     314    1466       0       0       0                        00000200D   1737
     314       0       6       1       0                               0D   1738
     110    1467       0       0       0                        01010000D   1739
     110       0       0       1       0                               0D   1740
     110    1468       0       0       0                        01010000D   1741
     110       0       0       1       0                               0D   1742
     120    1469       0       0       0                        01010000D   1743
     120       0       0       1       0                               0D   1744
     126    1470       0       0       0                        01010500D   1745
     126       0       0       2       0                               0D   1746
     124    1472       0       0       0                        00000000D   1747
     124       0       0       3       0                               0D   1748
     100    1475       0       0       0            1747        01010000D   1749
     100       0       0       1       0                               0D   1750
     126    1476       0       0       0                        01010500D   1751
     126       0       0       2       0                               0D   1752
     110    1478       0       0       0                        01010000D   1753
     110       0       0       1       0                               0D   1754
     126    1479       0       0       0                        01010500D   1755
     126       0       0       2       0                               0D   1756
     124    1481       0       0       0                        00000000D   1757
     124       0       0       2       0                               0D   1758
     100    1483       0       0       0            1757        01010000D   1759
     100       0       0       1       0                               0D   1760
     126    1484       0       0       0                        01010500D   1761
     126       0       0       2       0                               0D   1762
     110    1486       0       0       0                        01010000D   1763
     110       0       0       1       0                               0D   1764
     102    1487       0       0       0                        01010500D   1765
     102       0       0       1       0                               0D   1766
     102    1488       0       0       0                        01010000D   1767
     102       0       0       1       0                               0D   1768
     142    1489       0       0       0                        00010500D   1769
     142       0       0       1       0                               0D   1770
     144    1490       0       0       0                        00000000D   1771
     144       0   -1737       1       0                               0D   1772
     314    1491       0       0       0                        00000200D   1773
     314       0       6       1       0                               0D   1774
     128    1492       0       0       0                        01010000D   1775
     128       0       0       2       0                               0D   1776
     126    1494       0       0       0                        01010500D   1777
     126       0       0       2       0                               0D   1778
     110    1496       0       0       0                        01010000D   1779
     110       0       0       1       0                               0D   1780
     126    1497       0       0       0                        01010500D   1781
     126       0       0       2       0                               0D   1782
     110    1499       0       0       0                        01010000D   1783
     110       0       0       1       0                               0D   1784
     126    1500       0       0       0                        01010500D   1785
     126       0       0       2       0                               0D   1786
     110    1502       0       0       0                        01010000D   1787
     110       0       0       1       0                               0D   1788
     126    1503       0       0       0                        01010500D   1789
     126       0       0       2       0                               0D   1790
     110    1505       0       0       0                        01010000D   1791
     110       0       0       1       0                               0D   1792
     102    1506       0       0       0                        01010500D   1793
     102       0       0       1       0                               0D   1794
     102    1507       0       0       0                        01010000D   1795
     102       0       0       1       0                               0D   1796
     142    1508       0       0       0                        00010500D   1797
     142       0       0       1       0                               0D   1798
     144    1509       0       0       0                        00000000D   1799
     144       0   -1773       1       0                               0D   1800
     314    1510       0       0       0                        00000200D   1801
     314       0       6       1       0                               0D   1802
     110    1511       0       0       0                        01010000D   1803
     110       0       0       1       0                               0D   1804
     110    1512       0       0       0                        01010000D   1805
     110       0       0       1       0                               0D   1806
     120    1513       0       0       0                        01010000D   1807
     120       0       0       1       0                               0D   1808
     126    1514       0       0       0                        01010500D   1809
     126       0       0       2       0                               0D   1810
     124    1516       0       0       0                        00000000D   1811
     124       0       0       3       0                               0D   1812
     100    1519       0       0       0            1811        01010000D   1813
     100       0       0       1       0                               0D   1814
     126    1520       0       0       0                        01010500D   1815
     126       0       0       2       0                               0D   1816
     110    1522       0       0       0                        01010000D   1817
     110       0       0       1       0                               0D   1818
     126    1523       0       0       0                        01010500D   1819
     126       0       0       2       0                               0D   1820
     124    1525       0       0       0                        00000000D   1821
     124       0       0       4       0                               0D   1822
     100    1529       0       0       0            1821        01010000D   1823
     100       0       0       1       0                               0D   1824
     126    1530       0       0       0                        01010500D   1825
     126       0       0       2       0                               0D   1826
     110    1532       0       0       0                        01010000D   1827
     110       0       0       1       0                               0D   1828
     102    1533       0       0       0                        01010500D   1829
     102       0       0       1       0                               0D   1830
     102    1534       0       0       0                        01010000D   1831
     102       0       0       1       0                               0D   1832
     142    1535       0       0       0                        00010500D   1833
     142       0       0       1       0                               0D   1834
     144    1536       0       0       0                        00000000D   1835
     144       0   -1801       1       0                               0D   1836
     314    1537       0       0       0                        00000200D   1837
     314       0       6       1       0                               0D   1838
     128    1538       0       0       0                        01010000D   1839
     128       0       0       3       0                               0D   1840
     126    1541       0       0       0                        01010500D   1841
     126       0       0       2       0                               0D   1842
     110    1543       0       0       0                        01010000D   1843
     110       0       0       1       0                               0D   1844
     126    1544       0       0       0                        01010500D   1845
     126       0       0       2       0                               0D   1846
     110    1546       0       0       0                        01010000D   1847
     110       0       0       1       0                               0D   1848
     126    1547       0       0       0                        01010500D   1849
     126       0       0       6       0                               0D   1850
     124    1553       0       0       0                        00000000D   1851
     124       0       0       4       0                               0D   1852
     100    1557       0       0       0            1851        01010000D   1853
     100       0       0       1       0                               0D   1854
     126    1558       0       0       0                        01010500D   1855
     126       0       0       2       0                               0D   1856
     110    1560       0       0       0                        01010000D   1857
     110       0       0       1       0                               0D   1858
     126    1561       0       0       0                        01010500D   1859
     126       0       0       6       0                               0D   1860
     124    1567       0       0       0                        00000000D   1861
     124       0       0       2       0                               0D   1862
     100    1569       0       0       0            1861        01010000D   1863
     100       0       0       1       0                               0D   1864
     126    1570       0       0       0                        01010500D   1865
     126       0       0       2       0                               0D   1866
     110    1572       0       0       0                        01010000D   1867
     110       0       0       1       0                               0D   1868
     126    1573       0       0       0                        01010500D   1869
     126       0       0       6       0                               0D   1870
     124    1579       0       0       0                        00000000D   1871
     124       0       0       3       0                               0D   1872
     100    1582       0       0       0            1871        01010000D   1873
     100       0       0       1       0                               0D   1874
     102    1583       0       0       0                        01010500D   1875
     102       0       0       1       0                               0D   1876
     102    1584       0       0       0                        01010000D   1877
     102       0       0       1       0                               0D   1878
     142    1585       0       0       0                        00010500D   1879
     142       0       0       1       0                               0D   1880
     144    1586       0       0       0                        00000000D   1881
     144       0   -1837       1       0                               0D   1882
     314    1587       0       0       0                        00000200D   1883
     314       0       6       1       0                               0D   1884
     128    1588       0       0       0                        01010000D   1885
     128       0       0       3       0                               0D   1886
     126    1591       0       0       0                        01010500D   1887
     126       0       0       6       0                               0D   1888
     124    1597       0       0       0                        00000000D   1889
     124       0       0       3       0                               0D   1890
     100    1600       0       0       0            1889        01010000D   1891
     100       0       0       1       0                               0D   1892
     126    1601       0       0       0                        01010500D   1893
     126       0       0       2       0                               0D   1894
     110    1603       0       0       0                        01010000D   1895
     110       0       0       1       0                               0D   1896
     126    1604       0       0       0                        01010500D   1897
     126       0       0       2       0                               0D   1898
     110    1606       0       0       0                        01010000D   1899
     110       0       0       1       0                               0D   1900
     126    1607       0       0       0                        01010500D   1901
     126       0       0       6       0                               0D   1902
     124    1613       0       0       0                        00000000D   1903
     124       0       0       4       0                               0D   1904
     100    1617       0       0       0            1903        01010000D   1905
     100       0       0       1       0                               0D   1906
     126    1618       0       0       0                        01010500D   1907
     126       0       0       2       0                               0D   1908
     110    1620       0       0       0                        01010000D   1909
     110       0       0       1       0                               0D   1910
     126    1621       0       0       0                        01010500D   1911
     126       0       0       6       0                               0D   1912
     124    1627       0       0       0                        00000000D   1913
     124       0       0       2       0                               0D   1914
     100    1629       0       0       0            1913        01010000D   1915
     100       0       0       1       0                               0D   1916
     126    1630       0       0       0                        01010500D   1917
     126       0       0       2       0                               0D   1918
     110    1632       0       0       0                        01010000D   1919
     110       0       0       1       0                               0D   1920
     102    1633       0       0       0                        01010500D   1921
     102       0       0       1       0                               0D   1922
     102    1634       0       0       0                        01010000D   1923
     102       0       0       1       0                               0D   1924
     142    1635       0       0       0                        00010500D   1925
     142       0       0       1       0                               0D   1926
     144    1636       0       0       0                        00000000D   1927
     144       0   -1883       1       0                               0D   1928
     314    1637       0       0       0                        00000200D   1929
     314       0       8       1       0                               0D   1930
     128    1638       0       0       0                        01010000D   1931
     128       0       0       3       0                               0D   1932
     126    1641       0       0       0                        01010500D   1933
     126       0       0       2       0                               0D   1934
     110    1643       0       0       0                        01010000D   1935
     110       0       0       1       0                               0D   1936
     126    1644       0       0       0                        01010500D   1937
     126       0       0       2       0                               0D   1938
     110    1646       0       0       0                        01010000D   1939
     110       0       0       1       0                               0D   1940
     126    1647       0       0       0                        01010500D   1941
     126       0       0       2       0                               0D   1942
     110    1649       0       0       0                        01010000D   1943
     110       0       0       1       0                               0D   1944
     126    1650       0       0       0                        01010500D   1945
     126       0       0       2       0                               0D   1946
     110    1652       0       0       0                        01010000D   1947
     110       0       0       1       0                               0D   1948
     102    1653       0       0       0                        01010500D   1949
     102       0       0       1       0                               0D   1950
     102    1654       0       0       0                        01010000D   1951
     102       0       0       1       0                               0D   1952
     142    1655       0       0       0                        00010500D   1953
     142       0       0       1       0                               0D   1954
     144    1656       0       0       0                        00000000D   1955
     144       0   -1929       1       0                               0D   1956
     314    1657       0       0       0                        00000200D   1957
     314       0       8       1       0                               0D   1958
     128    1658       0       0       0                        01010000D   1959
     128       0       0       3       0                               0D   1960
     126    1661       0       0       0                        01010500D   1961
     126       0       0       2       0                               0D   1962
     110    1663       0       0       0                        01010000D   1963
     110       0       0       1       0                               0D   1964
     126    1664       0       0       0                        01010500D   1965
     126       0       0       2       0                               0D   1966
     110    1666       0       0       0                        01010000D   1967
     110       0       0       1       0                               0D   1968
     126    1667       0       0       0                        01010500D   1969
     126       0       0       2       0                               0D   1970
     110    1669       0       0       0                        01010000D   1971
     110       0       0       1       0                               0D   1972
     102    1670       0       0       0                        01010500D   1973
     102       0       0       1       0                               0D   1974
     102    1671       0       0       0                        01010000D   1975
     102       0       0       1       0                               0D   1976
     142    1672       0       0       0                        00010500D   1977
     142       0       0       1       0                               0D   1978
     144    1673       0       0       0                        00000000D   1979
     144       0   -1957       1       0                               0D   1980
     314    1674       0       0       0                        00000200D   1981
     314       0       8       1       0                               0D   1982
     110    1675       0       0       0                        01010000D   1983
     110       0       0       1       0                               0D   1984
     110    1676       0       0       0                        01010000D   1985
     110       0       0       1       0                               0D   1986
     120    1677       0       0       0                        01010000D   1987
     120       0       0       1       0                               0D   1988
     126    1678       0       0       0                        01010500D   1989
     126       0       0       2       0                               0D   1990
     124    1680       0       0       0                        00000000D   1991
     124       0       0       4       0                               0D   1992
     100    1684       0       0       0            1991        01010000D   1993
     100       0       0       1       0                               0D   1994
     126    1685       0       0       0                        01010500D   1995
     126       0       0       2       0                               0D   1996
     110    1687       0       0       0                        01010000D   1997
     110       0       0       1       0                               0D   1998
     126    1688       0       0       0                        01010500D   1999
     126       0       0       2       0                               0D   2000
     126    1690       0       0       0                        01010000D   2001
     126       0       0       3       0                               0D   2002
     126    1693       0       0       0                        01010500D   2003
     126       0       0       2       0                               0D   2004
     100    1695       0       0       0                        01010000D   2005
     100       0       0       1       0                               0D   2006
     126    1696       0       0       0                        01010500D   2007
     126       0       0       2       0                               0D   2008
     126    1698       0       0       0                        01010000D   2009
     126       0       0       5       0                               0D   2010
     126    1703       0       0       0                        01010500D   2011
     126       0       0       2       0                               0D   2012
     100    1705       0       0       0                        01010000D   2013
     100       0       0       2       0                               0D   2014
     126    1707       0       0       0                        01010500D   2015
     126       0       0       2       0                               0D   2016
     100    1709       0       0       0                        01010000D   2017
     100       0       0       1       0                               0D   2018
     126    1710       0       0       0                        01010500D   2019
     126       0       0       2       0                               0D   2020
     100    1712       0       0       0                        01010000D   2021
     100       0       0       1       0                               0D   2022
     126    1713       0       0       0                        01010500D   2023
     126       0       0       2       0                               0D   2024
     126    1715       0       0       0                        01010000D   2025
     126       0       0       3       0                               0D   2026
     126    1718       0       0       0                        01010500D   2027
     126       0       0       2       0                               0D   2028
     110    1720       0       0       0                        01010000D   2029
     110       0       0       1       0                               0D   2030
     102    1721       0       0       0                        01010500D   2031
     102       0       0       1       0                               0D   2032
     102    1722       0       0       0                        01010000D   2033
     102       0       0       1       0                               0D   2034
     142    1723       0       0       0                        00010500D   2035
     142       0       0       1       0                               0D   2036
     144    1724       0       0       0                        00000000D   2037
     144       0   -1981       1       0                               0D   2038
     314    1725       0       0       0                        00000200D   2039
     314       0       8       1       0                               0D   2040
     128    1726       0       0       0                        01010000D   2041
     128       0       0       4       0                               0D   2042
     126    1730       0       0       0                        01010500D   2043
     126       0       0       2       0                               0D   2044
     110    1732       0       0       0                        01010000D   2045
     110       0       0       1       0                               0D   2046
     126    1733       0       0       0                        01010500D   2047
     126       0       0       2       0                               0D   2048
     110    1735       0       0       0                        01010000D   2049
     110       0       0       1       0                               0D   2050
     126    1736       0       0       0                        01010500D   2051
     126       0       0       2       0                               0D   2052
     110    1738       0       0       0                        01010000D   2053
     110       0       0       1       0                               0D   2054
     126    1739       0       0       0                        01010500D   2055
     126       0       0       2       0                               0D   2056
     110    1741       0       0       0                        01010000D   2057
     110       0       0       1       0                               0D   2058
     102    1742       0       0       0                        01010500D   2059
     102       0       0       1       0                               0D   2060
     102    1743       0       0       0                        01010000D   2061
     102       0       0       1       0                               0D   2062
     142    1744       0       0       0                        00010500D   2063
     142       0       0       1       0                               0D   2064
     144    1745       0       0       0                        00000000D   2065
     144       0   -2039       1       0                               0D   2066
     314    1746       0       0       0                        00000200D   2067
     314       0       8       1       0                               0D   2068
     128    1747       0       0       0                        01010000D   2069
     128       0       0       4       0                               0D   2070
     126    1751       0       0       0                        01010500D   2071
     126       0       0       2       0                               0D   2072
     110    1753       0       0       0                        01010000D   2073
     110       0       0       1       0                               0D   2074
     126    1754       0       0       0                        01010500D   2075
     126       0       0       2       0                               0D   2076
     110    1756       0       0       0                        01010000D   2077
     110       0       0       1       0                               0D   2078
     126    1757       0       0       0                        01010500D   2079
     126       0       0       2       0                               0D   2080
     110    1759       0       0       0                        01010000D   2081
     110       0       0       2       0                               0D   2082
     126    1761       0       0       0                        01010500D   2083
     126       0       0       2       0                               0D   2084
     110    1763       0       0       0                        01010000D   2085
     110       0       0       1       0                               0D   2086
     102    1764       0       0       0                        01010500D   2087
     102       0       0       1       0                               0D   2088
     102    1765       0       0       0                        01010000D   2089
     102       0       0       1       0                               0D   2090
     142    1766       0       0       0                        00010500D   2091
     142       0       0       1       0                               0D   2092
     144    1767       0       0       0                        00000000D   2093
     144       0   -2067       1       0                               0D   2094
     314    1768       0       0       0                        00000200D   2095
     314       0       8       1       0                               0D   2096
     110    1769       0       0       0                        01010000D   2097
     110       0       0       1       0                               0D   2098
     110    1770       0       0       0                        01010000D   2099
     110       0       0       1       0                               0D   2100
     120    1771       0       0       0                        01010000D   2101
     120       0       0       1       0                               0D   2102
     126    1772       0       0       0                        01010500D   2103
     126       0       0       2       0                               0D   2104
     100    1774       0       0       0                        01010000D   2105
     100       0       0       1       0                               0D   2106
     126    1775       0       0       0                        01010500D   2107
     126       0       0       2       0                               0D   2108
     110    1777       0       0       0                        01010000D   2109
     110       0       0       1       0                               0D   2110
     126    1778       0       0       0                        01010500D   2111
     126       0       0       2       0                               0D   2112
     126    1780       0       0       0                        01010000D   2113
     126       0       0       4       0                               0D   2114
     126    1784       0       0       0                        01010500D   2115
     126       0       0       2       0                               0D   2116
     110    1786       0       0       0                        01010000D   2117
     110       0       0       1       0                               0D   2118
     102    1787       0       0       0                        01010500D   2119
     102       0       0       1       0                               0D   2120
     102    1788       0       0       0                        01010000D   2121
     102       0       0       1       0                               0D   2122
     142    1789       0       0       0                        00010500D   2123
     142       0       0       1       0                               0D   2124
     144    1790       0       0       0                        00000000D   2125
     144       0   -2095       1       0                               0D   2126
     314    1791       0       0       0                        00000200D   2127
     314       0       8       1       0                               0D   2128
     128    1792       0       0       0                        01010000D   2129
     128       0       0       4       0                               0D   2130
     126    1796       0       0       0                        01010500D   2131
     126       0       0       2       0                               0D   2132
     110    1798       0       0       0                        01010000D   2133
     110       0       0       1       0                               0D   2134
     126    1799       0       0       0                        01010500D   2135
     126       0       0       2       0                               0D   2136
     110    1801       0       0       0                        01010000D   2137
     110       0       0       2       0                               0D   2138
     126    1803       0       0       0                        01010500D   2139
     126       0       0       6       0                               0D   2140
     126    1809       0       0       0                        01010000D   2141
     126       0       0       4       0                               0D   2142
     102    1813       0       0       0                        01010500D   2143
     102       0       0       1       0                               0D   2144
     102    1814       0       0       0                        01010000D   2145
     102       0       0       1       0                               0D   2146
     142    1815       0       0       0                        00010500D   2147
     142       0       0       1       0                               0D   2148
     144    1816       0       0       0                        00000000D   2149
     144       0   -2127       1       0                               0D   2150
     314    1817       0       0       0                        00000200D   2151
     314       0       8       1       0                               0D   2152
     128    1818       0       0       0                        01010000D   2153
     128       0       0       4       0                               0D   2154
     126    1822       0       0       0                        01010500D   2155
     126       0       0       2       0                               0D   2156
     110    1824       0       0       0                        01010000D   2157
     110       0       0       2       0                               0D   2158
     126    1826       0       0       0                        01010500D   2159
     126       0       0       2       0                               0D   2160
     110    1828       0       0       0                        01010000D   2161
     110       0       0       2       0                               0D   2162
     126    1830       0       0       0                        01010500D   2163
     126       0       0       2       0                               0D   2164
     110    1832       0       0       0                        01010000D   2165
     110       0       0       1       0                               0D   2166
     126    1833       0       0       0                        01010500D   2167
     126       0       0       2       0                               0D   2168
     110    1835       0       0       0                        01010000D   2169
     110       0       0       1       0                               0D   2170
     102    1836       0       0       0                        01010500D   2171
     102       0       0       1       0                               0D   2172
     102    1837       0       0       0                        01010000D   2173
     102       0       0       1       0                               0D   2174
     142    1838       0       0       0                        00010500D   2175
     142       0       0       1       0                               0D   2176
     144    1839       0       0       0                        00000000D   2177
     144       0   -2151       1       0                               0D   2178
     314    1840       0       0       0                        00000200D   2179
     314       0       8       1       0                               0D   2180
     128    1841       0       0       0                        01010000D   2181
     128       0       0       4       0                               0D   2182
     126    1845       0       0       0                        01010500D   2183
     126       0       0       2       0                               0D   2184
     110    1847       0       0       0                        01010000D   2185
     110       0       0       1       0                               0D   2186
     126    1848       0       0       0                        01010500D   2187
     126       0       0       2       0                               0D   2188
     110    1850       0       0       0                        01010000D   2189
     110       0       0       2       0                               0D   2190
     126    1852       0       0       0                        01010500D   2191
     126       0       0       2       0                               0D   2192
     110    1854       0       0       0                        01010000D   2193
     110       0       0       1       0                               0D   2194
     126    1855       0       0       0                        01010500D   2195
     126       0       0       2       0                               0D   2196
     110    1857       0       0       0                        01010000D   2197
     110       0       0       1       0                               0D   2198
     102    1858       0       0       0                        01010500D   2199
     102       0       0       1       0                               0D   2200
     102    1859       0       0       0                        01010000D   2201
     102       0       0       1       0                               0D   2202
     142    1860       0       0       0                        00010500D   2203
     142       0       0       1       0                               0D   2204
     144    1861       0       0       0                        00000000D   2205
     144       0   -2179       1       0                               0D   2206
     314    1862       0       0       0                        00000200D   2207
     314       0       8       1       0                               0D   2208
     110    1863       0       0       0                        01010000D   2209
     110       0       0       1       0                               0D   2210
     110    1864       0       0       0                        01010000D   2211
     110       0       0       1       0                               0D   2212
     120    1865       0       0       0                        01010000D   2213
     120       0       0       1       0                               0D   2214
     126    1866       0       0       0                        01010500D   2215
     126       0       0       2       0                               0D   2216
     110    1868       0       0       0                        01010000D   2217
     110       0       0       1       0                               0D   2218
     126    1869       0       0       0                        01010500D   2219
     126       0       0       2       0                               0D   2220
     126    1871       0       0       0                        01010000D   2221
     126       0       0       4       0                               0D   2222
     126    1875       0       0       0                        01010500D   2223
     126       0       0       2       0                               0D   2224
     110    1877       0       0       0                        01010000D   2225
     110       0       0       1       0                               0D   2226
     126    1878       0       0       0                        01010500D   2227
     126       0       0       2       0                               0D   2228
     126    1880       0       0       0                        01010000D   2229
     126       0       0       3       0                               0D   2230
     102    1883       0       0       0                        01010500D   2231
     102       0       0       1       0                               0D   2232
     102    1884       0       0       0                        01010000D   2233
     102       0       0       1       0                               0D   2234
     142    1885       0       0       0                        00010500D   2235
     142       0       0       1       0                               0D   2236
     144    1886       0       0       0                        00000000D   2237
     144       0   -2207       1       0                               0D   2238
     314    1887       0       0       0                        00000200D   2239
     314       0       8       1       0                               0D   2240
     128    1888       0       0       0                        01010000D   2241
     128       0       0       4       0                               0D   2242
     126    1892       0       0       0                        01010500D   2243
     126       0       0       2       0                               0D   2244
     110    1894       0       0       0                        01010000D   2245
     110       0       0       1       0                               0D   2246
     126    1895       0       0       0                        01010500D   2247
     126       0       0       2       0                               0D   2248
     110    1897       0       0       0                        01010000D   2249
     110       0       0       1       0                               0D   2250
     126    1898       0       0       0                        01010500D   2251
     126       0       0       2       0                               0D   2252
     110    1900       0       0       0                        01010000D   2253
     110       0       0       1       0                               0D   2254
     126    1901       0       0       0                        01010500D   2255
     126       0       0       2       0                               0D   2256
     110    1903       0       0       0                        01010000D   2257
     110       0       0       1       0                               0D   2258
     102    1904       0       0       0                        01010500D   2259
     102       0       0       1       0                               0D   2260
     102    1905       0       0       0                        01010000D   2261
     102       0       0       1       0                               0D   2262
     142    1906       0       0       0                        00010500D   2263
     142       0       0       1       0                               0D   2264
     144    1907       0       0       0                        00000000D   2265
     144       0   -2239       1       0                               0D   2266
     314    1908       0       0       0                        00000200D   2267
     314       0       8       1       0                               0D   2268
     128    1909       0       0       0                        01010000D   2269
     128       0       0       4       0                               0D   2270
     126    1913       0       0       0                        01010500D   2271
     126       0       0       2       0                               0D   2272
     110    1915       0       0       0                        01010000D   2273
     110       0       0       1       0                               0D   2274
     126    1916       0       0       0                        01010500D   2275
     126       0       0       2       0                               0D   2276
     110    1918       0       0       0                        01010000D   2277
     110       0       0       2       0                               0D   2278
     126    1920       0       0       0                        01010500D   2279
     126       0       0       2       0                               0D   2280
     110    1922       0       0       0                        01010000D   2281
     110       0       0       2       0                               0D   2282
     126    1924       0       0       0                        01010500D   2283
     126       0       0       2       0                               0D   2284
     110    1926       0       0       0                        01010000D   2285
     110       0       0       1       0                               0D   2286
     102    1927       0       0       0                        01010500D   2287
     102       0       0       1       0                               0D   2288
     102    1928       0       0       0                        01010000D   2289
     102       0       0       1       0                               0D   2290
     142    1929       0       0       0                        00010500D   2291
     142       0       0       1       0                               0D   2292
     144    1930       0       0       0                        00000000D   2293
     144       0   -2267       1       0                               0D   2294
     314    1931       0       0       0                        00000200D   2295
     314       0       8       1       0                               0D   2296
     128    1932       0       0       0                        01010000D   2297
     128       0       0       4       0                               0D   2298
     126    1936       0       0       0                        01010500D   2299
     126       0       0       2       0                               0D   2300
     110    1938       0       0       0                        01010000D   2301
     110       0       0       2       0                               0D   2302
     126    1940       0       0       0                        01010500D   2303
     126       0       0       2       0                               0D   2304
     110    1942       0       0       0                        01010000D   2305
     110       0       0       2       0                               0D   2306
     126    1944       0       0       0                        01010500D   2307
     126       0       0       3       0                               0D   2308
     126    1947       0       0       0                        01010000D   2309
     126       0       0       4       0                               0D   2310
     126    1951       0       0       0                        01010500D   2311
     126       0       0      12       0                               0D   2312
     126    1963       0       0       0                        01010000D   2313
     126       0       0       5       0                               0D   2314
     126    1968       0       0       0                        01010500D   2315
     126       0       0       2       0                               0D   2316
     110    1970       0       0       0                        01010000D   2317
     110       0       0       1       0                               0D   2318
     126    1971       0       0       0                        01010500D   2319
     126       0       0       2       0                               0D   2320
     110    1973       0       0       0                        01010000D   2321
     110       0       0       2       0                               0D   2322
     102    1975       0       0       0                        01010500D   2323
     102       0       0       1       0                               0D   2324
     102    1976       0       0       0                        01010000D   2325
     102       0       0       1       0                               0D   2326
     142    1977       0       0       0                        00010500D   2327
     142       0       0       1       0                               0D   2328
     144    1978       0       0       0                        00000000D   2329
     144       0   -2295       1       0                               0D   2330
     314    1979       0       0       0                        00000200D   2331
     314       0       8       1       0                               0D   2332
     128    1980       0       0       0                        01010000D   2333
     128       0       0       4       0                               0D   2334
     126    1984       0       0       0                        01010500D   2335
     126       0       0       2       0                               0D   2336
     110    1986       0       0       0                        01010000D   2337
     110       0       0       1       0                               0D   2338
     126    1987       0       0       0                        01010500D   2339
     126       0       0       2       0                               0D   2340
     110    1989       0       0       0                        01010000D   2341
     110       0       0       1       0                               0D   2342
     126    1990       0       0       0                        01010500D   2343
     126       0       0       2       0                               0D   2344
     110    1992       0       0       0                        01010000D   2345
     110       0       0       1       0                               0D   2346
     126    1993       0       0       0                        01010500D   2347
     126       0       0       2       0                               0D   2348
     110    1995       0       0       0                        01010000D   2349
     110       0       0       1       0                               0D   2350
     102    1996       0       0       0                        01010500D   2351
     102       0       0       1       0                               0D   2352
     102    1997       0       0       0                        01010000D   2353
     102       0       0       1       0                               0D   2354
     142    1998       0       0       0                        00010500D   2355
     142       0       0       1       0                               0D   2356
     144    1999       0       0       0                        00000000D   2357
     144       0   -2331       1       0                               0D   2358
     314    2000       0       0       0                        00000200D   2359
     314       0       8       1       0                               0D   2360
     128    2001       0       0       0                        01010000D   2361
     128       0       0       4       0                               0D   2362
     126    2005       0       0       0                        01010500D   2363
     126       0       0       2       0                               0D   2364
     110    2007       0       0       0                        01010000D   2365
     110       0       0       1       0                               0D   2366
     126    2008       0       0       0                        01010500D   2367
     126       0       0       2       0                               0D   2368
     110    2010       0       0       0                        01010000D   2369
     110       0       0       1       0                               0D   2370
     126    2011       0       0       0                        01010500D   2371
     126       0       0       2       0                               0D   2372
     110    2013       0       0       0                        01010000D   2373
     110       0       0       1       0                               0D   2374
     126    2014       0       0       0                        01010500D   2375
     126       0       0       2       0                               0D   2376
     110    2016       0       0       0                        01010000D   2377
     110       0       0       1       0                               0D   2378
     102    2017       0       0       0                        01010500D   2379
     102       0       0       1       0                               0D   2380
     102    2018       0       0       0                        01010000D   2381
     102       0       0       1       0                               0D   2382
     142    2019       0       0       0                        00010500D   2383
     142       0       0       1       0                               0D   2384
     144    2020       0       0       0                        00000000D   2385
     144       0   -2359       1       0                               0D   2386
     314    2021       0       0       0                        00000200D   2387
     314       0       8       1       0                               0D   2388
     110    2022       0       0       0                        01010000D   2389
     110       0       0       1       0                               0D   2390
     110    2023       0       0       0                        01010000D   2391
     110       0       0       1       0                               0D   2392
     120    2024       0       0       0                        01010000D   2393
     120       0       0       1       0                               0D   2394
     126    2025       0       0       0                        01010500D   2395
     126       0       0       2       0                               0D   2396
     126    2027       0       0       0                        01010000D   2397
     126       0       0       5       0                               0D   2398
     126    2032       0       0       0                        01010500D   2399
     126       0       0       2       0                               0D   2400
     110    2034       0       0       0                        01010000D   2401
     110       0       0       1       0                               0D   2402
     126    2035       0       0       0                        01010500D   2403
     126       0       0       2       0                               0D   2404
     126    2037       0       0       0                        01010000D   2405
     126       0       0       5       0                               0D   2406
     126    2042       0       0       0                        01010500D   2407
     126       0       0       2       0                               0D   2408
     110    2044       0       0       0                        01010000D   2409
     110       0       0       1       0                               0D   2410
     102    2045       0       0       0                        01010500D   2411
     102       0       0       1       0                               0D   2412
     102    2046       0       0       0                        01010000D   2413
     102       0       0       1       0                               0D   2414
     142    2047       0       0       0                        00010500D   2415
     142       0       0       1       0                               0D   2416
     144    2048       0       0       0                        00000000D   2417
     144       0   -2387       1       0                               0D   2418
     314    2049       0       0       0                        00000200D   2419
     314       0       8       1       0                               0D   2420
     128    2050       0       0       0                        01010000D   2421
     128       0       0       4       0                               0D   2422
     126    2054       0       0       0                        01010500D   2423
     126       0       0       2       0                               0D   2424
     110    2056       0       0       0                        01010000D   2425
     110       0       0       1       0                               0D   2426
     126    2057       0       0       0                        01010500D   2427
     126       0       0       2       0                               0D   2428
     110    2059       0       0       0                        01010000D   2429
     110       0       0       2       0                               0D   2430
     126    2061       0       0       0                        01010500D   2431
     126       0       0       2       0                               0D   2432
     110    2063       0       0       0                        01010000D   2433
     110       0       0       1       0                               0D   2434
     126    2064       0       0       0                        01010500D   2435
     126       0       0       2       0                               0D   2436
     110    2066       0       0       0                        01010000D   2437
     110       0       0       1       0                               0D   2438
     102    2067       0       0       0                        01010500D   2439
     102       0       0       1       0                               0D   2440
     102    2068       0       0       0                        01010000D   2441
     102       0       0       1       0                               0D   2442
     142    2069       0       0       0                        00010500D   2443
     142       0       0       1       0                               0D   2444
     144    2070       0       0       0                        00000000D   2445
     144       0   -2419       1       0                               0D   2446
     314    2071       0       0       0                        00000200D   2447
     314       0       8       1       0                               0D   2448
     128    2072       0       0       0                        01010000D   2449
     128       0       0       4       0                               0D   2450
     126    2076       0       0       0                        01010500D   2451
     126       0       0       2       0                               0D   2452
     110    2078       0       0       0                        01010000D   2453
     110       0       0       1       0                               0D   2454
     126    2079       0       0       0                        01010500D   2455
     126       0       0       2       0                               0D   2456
     110    2081       0       0       0                        01010000D   2457
     110       0       0       2       0                               0D   2458
     126    2083       0       0       0                        01010500D   2459
     126       0       0       2       0                               0D   2460
     110    2085       0       0       0                        01010000D   2461
     110       0       0       1       0                               0D   2462
     126    2086       0       0       0                        01010500D   2463
     126       0       0       2       0                               0D   2464
     110    2088       0       0       0                        01010000D   2465
     110       0       0       1       0                               0D   2466
     102    2089       0       0       0                        01010500D   2467
     102       0       0       1       0                               0D   2468
     102    2090       0       0       0                        01010000D   2469
     102       0       0       1       0                               0D   2470
     142    2091       0       0       0                        00010500D   2471
     142       0       0       1       0                               0D   2472
     144    2092       0       0       0                        00000000D   2473
     144       0   -2447       1       0                               0D   2474
     314    2093       0       0       0                        00000200D   2475
     314       0       8       1       0                               0D   2476
     128    2094       0       0       0                        01010000D   2477
     128       0       0       4       0                               0D   2478
     126    2098       0       0       0                        01010500D   2479
     126       0       0       2       0                               0D   2480
     110    2100       0       0       0                        01010000D   2481
     110       0       0       1       0                               0D   2482
     126    2101       0       0       0                        01010500D   2483
     126       0       0       2       0                               0D   2484
     110    2103       0       0       0                        01010000D   2485
     110       0       0       1       0                               0D   2486
     126    2104       0       0       0                        01010500D   2487
     126       0       0       2       0                               0D   2488
     110    2106       0       0       0                        01010000D   2489
     110       0       0       1       0                               0D   2490
     126    2107       0       0       0                        01010500D   2491
     126       0       0       2       0                               0D   2492
     110    2109       0       0       0                        01010000D   2493
     110       0       0       1       0                               0D   2494
     102    2110       0       0       0                        01010500D   2495
     102       0       0       1       0                               0D   2496
     102    2111       0       0       0                        01010000D   2497
     102       0       0       1       0                               0D   2498
     142    2112       0       0       0                        00010500D   2499
     142       0       0       1       0                               0D   2500
     144    2113       0       0       0                        00000000D   2501
     144       0   -2475       1       0                               0D   2502
     314    2114       0       0       0                        00000200D   2503
     314       0       8       1       0                               0D   2504
     128    2115       0       0       0                        01010000D   2505
     128       0       0       4       0                               0D   2506
     126    2119       0       0       0                        01010500D   2507
     126       0       0       2       0                               0D   2508
     110    2121       0       0       0                        01010000D   2509
     110       0       0       1       0                               0D   2510
     126    2122       0       0       0                        01010500D   2511
     126       0       0       2       0                               0D   2512
     110    2124       0       0       0                        01010000D   2513
     110       0       0       1       0                               0D   2514
     126    2125       0       0       0                        01010500D   2515
     126       0       0      11       0                               0D   2516
     126    2136       0       0       0                        01010000D   2517
     126       0       0       5       0                               0D   2518
     126    2141       0       0       0                        01010500D   2519
     126       0       0       2       0                               0D   2520
     110    2143       0       0       0                        01010000D   2521
     110       0       0       2       0                               0D   2522
     126    2145       0       0       0                        01010500D   2523
     126       0       0       2       0                               0D   2524
     110    2147       0       0       0                        01010000D   2525
     110       0       0       2       0                               0D   2526
     126    2149       0       0       0                        01010500D   2527
     126       0       0       2       0                               0D   2528
     110    2151       0       0       0                        01010000D   2529
     110       0       0       1       0                               0D   2530
     102    2152       0       0       0                        01010500D   2531
     102       0       0       1       0                               0D   2532
     102    2153       0       0       0                        01010000D   2533
     102       0       0       1       0                               0D   2534
     142    2154       0       0       0                        00010500D   2535
     142       0       0       1       0                               0D   2536
     126    2155       0       0       0                        01010500D   2537
     126       0       0       2       0                               0D   2538
     110    2157       0       0       0                        01010000D   2539
     110       0       0       1       0                               0D   2540
     126    2158       0       0       0                        01010500D   2541
     126       0       0       2       0                               0D   2542
     110    2160       0       0       0                        01010000D   2543
     110       0       0       1       0                               0D   2544
     126    2161       0       0       0                        01010500D   2545
     126       0       0       2       0                               0D   2546
     110    2163       0       0       0                        01010000D   2547
     110       0       0       2       0                               0D   2548
     126    2165       0       0       0                        01010500D   2549
     126       0       0       2       0                               0D   2550
     110    2167       0       0       0                        01010000D   2551
     110       0       0       1       0                               0D   2552
     102    2168       0       0       0                        01010500D   2553
     102       0       0       1       0                               0D   2554
     102    2169       0       0       0                        01010000D   2555
     102       0       0       1       0                               0D   2556
     142    2170       0       0       0                        00010500D   2557
     142       0       0       1       0                               0D   2558
     144    2171       0       0       0                        00000000D   2559
     144       0   -2503       1       0                               0D   2560
     314    2172       0       0       0                        00000200D   2561
     314       0       8       1       0                               0D   2562
     128    2173       0       0       0                        01010000D   2563
     128       0       0       4       0                               0D   2564
     126    2177       0       0       0                        01010500D   2565
     126       0       0       2       0                               0D   2566
     110    2179       0       0       0                        01010000D   2567
     110       0       0       1       0                               0D   2568
     126    2180       0       0       0                        01010500D   2569
     126       0       0       2       0                               0D   2570
     110    2182       0       0       0                        01010000D   2571
     110       0       0       1       0                               0D   2572
     126    2183       0       0       0                        01010500D   2573
     126       0       0       2       0                               0D   2574
     110    2185       0       0       0                        01010000D   2575
     110       0       0       1       0                               0D   2576
     126    2186       0       0       0                        01010500D   2577
     126       0       0       2       0                               0D   2578
     110    2188       0       0       0                        01010000D   2579
     110       0       0       1       0                               0D   2580
     102    2189       0       0       0                        01010500D   2581
     102       0       0       1       0                               0D   2582
     102    2190       0       0       0                        01010000D   2583
     102       0       0       1       0                               0D   2584
     142    2191       0       0       0                        00010500D   2585
     142       0       0       1       0                               0D   2586
     144    2192       0       0       0                        00000000D   2587
     144       0   -2561       1       0                               0D   2588
     314    2193       0       0       0                        00000200D   2589
     314       0       8       1       0                               0D   2590
     128    2194       0       0       0                        01010000D   2591
     128       0       0       4       0                               0D   2592
     126    2198       0       0       0                        01010500D   2593
     126       0       0       2       0                               0D   2594
     110    2200       0       0       0                        01010000D   2595
     110       0       0       1       0                               0D   2596
     126    2201       0       0       0                        01010500D   2597
     126       0       0       2       0                               0D   2598
     110    2203       0       0       0                        01010000D   2599
     110       0       0       1       0                               0D   2600
     126    2204       0       0       0                        01010500D   2601
     126       0       0       2       0                               0D   2602
     110    2206       0       0       0                        01010000D   2603
     110       0       0       1       0                               0D   2604
     126    2207       0       0       0                        01010500D   2605
     126       0       0       2       0                               0D   2606
     110    2209       0       0       0                        01010000D   2607
     110       0       0       1       0                               0D   2608
     102    2210       0       0       0                        01010500D   2609
     102       0       0       1       0                               0D   2610
     102    2211       0       0       0                        01010000D   2611
     102       0       0       1       0                               0D   2612
     142    2212       0       0       0                        00010500D   2613
     142       0       0       1       0                               0D   2614
     144    2213       0       0       0                        00000000D   2615
     144       0   -2589       1       0                               0D   2616
     314    2214       0       0       0                        00000200D   2617
     314       0       8       1       0                               0D   2618
     128    2215       0       0       0                        01010000D   2619
     128       0       0       4       0                               0D   2620
     126    2219       0       0       0                        01010500D   2621
     126       0       0       2       0                               0D   2622
     110    2221       0       0       0                        01010000D   2623
     110       0       0       1       0                               0D   2624
     126    2222       0       0       0                        01010500D   2625
     126       0       0       2       0                               0D   2626
     110    2224       0       0       0                        01010000D   2627
     110       0       0       2       0                               0D   2628
     126    2226       0       0       0                        01010500D   2629
     126       0       0       2       0                               0D   2630
     110    2228       0       0       0                        01010000D   2631
     110       0       0       1       0                               0D   2632
     126    2229       0       0       0                        01010500D   2633
     126       0       0       2       0                               0D   2634
     110    2231       0       0       0                        01010000D   2635
     110       0       0       1       0                               0D   2636
     102    2232       0       0       0                        01010500D   2637
     102       0       0       1       0                               0D   2638
     102    2233       0       0       0                        01010000D   2639
     102       0       0       1       0                               0D   2640
     142    2234       0       0       0                        00010500D   2641
     142       0       0       1       0                               0D   2642
     144    2235       0       0       0                        00000000D   2643
     144       0   -2617       1       0                               0D   2644
     314    2236       0       0       0                        00000200D   2645
     314       0       8       1       0                               0D   2646
     128    2237       0       0       0                        01010000D   2647
     128       0       0       4       0                               0D   2648
     126    2241       0       0       0                        01010500D   2649
     126       0       0       2       0                               0D   2650
     110    2243       0       0       0                        01010000D   2651
     110       0       0       1       0                               0D   2652
     126    2244       0       0       0                        01010500D   2653
     126       0       0       2       0                               0D   2654
     110    2246       0       0       0                        01010000D   2655
     110       0       0       2       0                               0D   2656
     126    2248       0       0       0                        01010500D   2657
     126       0       0       2       0                               0D   2658
     110    2250       0       0       0                        01010000D   2659
     110       0       0       1       0                               0D   2660
     126    2251       0       0       0                        01010500D   2661
     126       0       0       2       0                               0D   2662
     110    2253       0       0       0                        01010000D   2663
     110       0       0       1       0                               0D   2664
     102    2254       0       0       0                        01010500D   2665
     102       0       0       1       0                               0D   2666
     102    2255       0       0       0                        01010000D   2667
     102       0       0       1       0                               0D   2668
     142    2256       0       0       0                        00010500D   2669
     142       0       0       1       0                               0D   2670
     144    2257       0       0       0                        00000000D   2671
     144       0   -2645       1       0                               0D   2672
     314    2258       0       0       0                        00000200D   2673
     314       0       8       1       0                               0D   2674
     128    2259       0       0       0                        01010000D   2675
     128       0       0       4       0                               0D   2676
     126    2263       0       0       0                        01010500D   2677
     126       0       0       2       0                               0D   2678
     110    2265       0       0       0                        01010000D   2679
     110       0       0       1       0                               0D   2680
     126    2266       0       0       0                        01010500D   2681
     126       0       0       2       0                               0D   2682
     110    2268       0       0       0                        01010000D   2683
     110       0       0       2       0                               0D   2684
     126    2270       0       0       0                        01010500D   2685
     126       0       0       2       0                               0D   2686
     110    2272       0       0       0                        01010000D   2687
     110       0       0       1       0                               0D   2688
     126    2273       0       0       0                        01010500D   2689
     126       0       0       2       0                               0D   2690
     110    2275       0       0       0                        01010000D   2691
     110       0       0       1       0                               0D   2692
     102    2276       0       0       0                        01010500D   2693
     102       0       0       1       0                               0D   2694
     102    2277       0       0       0                        01010000D   2695
     102       0       0       1       0                               0D   2696
     142    2278       0       0       0                        00010500D   2697
     142       0       0       1       0                               0D   2698
     144    2279       0       0       0                        00000000D   2699
     144       0   -2673       1       0                               0D   2700
     314    2280       0       0       0                        00000200D   2701
     314       0       8       1       0                               0D   2702
     128    2281       0       0       0                        01010000D   2703
     128       0       0       4       0                               0D   2704
     126    2285       0       0       0                        01010500D   2705
     126       0       0       2       0                               0D   2706
     110    2287       0       0       0                        01010000D   2707
     110       0       0       1       0                               0D   2708
     126    2288       0       0       0                        01010500D   2709
     126       0       0       2       0                               0D   2710
     110    2290       0       0       0                        01010000D   2711
     110       0       0       2       0                               0D   2712
     126    2292       0       0       0                        01010500D   2713
     126       0       0       2       0                               0D   2714
     110    2294       0       0       0                        01010000D   2715
     110       0       0       1       0                               0D   2716
     126    2295       0       0       0                        01010500D   2717
     126       0       0       2       0                               0D   2718
     110    2297       0       0       0                        01010000D   2719
     110       0       0       1       0                               0D   2720
     102    2298       0       0       0                        01010500D   2721
     102       0       0       1       0                               0D   2722
     102    2299       0       0       0                        01010000D   2723
     102       0       0       1       0                               0D   2724
     142    2300       0       0       0                        00010500D   2725
     142       0       0       1       0                               0D   2726
     144    2301       0       0       0                        00000000D   2727
     144       0   -2701       1       0                               0D   2728
     314    2302       0       0       0                        00000200D   2729
     314       0       8       1       0                               0D   2730
     110    2303       0       0       0                        01010000D   2731
     110       0       0       1       0                               0D   2732
     110    2304       0       0       0                        01010000D   2733
     110       0       0       1       0                               0D   2734
     120    2305       0       0       0                        01010000D   2735
     120       0       0       1       0                               0D   2736
     126    2306       0       0       0                        01010500D   2737
     126       0       0       2       0                               0D   2738
     126    2308       0       0       0                        01010000D   2739
     126       0       0       3       0                               0D   2740
     126    2311       0       0       0                        01010500D   2741
     126       0       0       2       0                               0D   2742
     126    2313       0       0       0                        01010000D   2743
     126       0       0       3       0                               0D   2744
     126    2316       0       0       0                        01010500D   2745
     126       0       0       2       0                               0D   2746
     110    2318       0       0       0                        01010000D   2747
     110       0       0       1       0                               0D   2748
     126    2319       0       0       0                        01010500D   2749
     126       0       0       2       0                               0D   2750
     126    2321       0       0       0                        01010000D   2751
     126       0       0       5       0                               0D   2752
     126    2326       0       0       0                        01010500D   2753
     126       0       0       2       0                               0D   2754
     110    2328       0       0       0                        01010000D   2755
     110       0       0       1       0                               0D   2756
     102    2329       0       0       0                        01010500D   2757
     102       0       0       1       0                               0D   2758
     102    2330       0       0       0                        01010000D   2759
     102       0       0       1       0                               0D   2760
     142    2331       0       0       0                        00010500D   2761
     142       0       0       1       0                               0D   2762
     144    2332       0       0       0                        00000000D   2763
     144       0   -2729       1       0                               0D   2764
     314    2333       0       0       0                        00000200D   2765
     314       0       8       1       0                               0D   2766
     128    2334       0       0       0                        01010000D   2767
     128       0       0       4       0                               0D   2768
     126    2338       0       0       0                        01010500D   2769
     126       0       0       2       0                               0D   2770
     110    2340       0       0       0                        01010000D   2771
     110       0       0       1       0                               0D   2772
     126    2341       0       0       0                        01010500D   2773
     126       0       0       2       0                               0D   2774
     110    2343       0       0       0                        01010000D   2775
     110       0       0       1       0                               0D   2776
     126    2344       0       0       0                        01010500D   2777
     126       0       0       2       0                               0D   2778
     110    2346       0       0       0                        01010000D   2779
     110       0       0       2       0                               0D   2780
     126    2348       0       0       0                        01010500D   2781
     126       0       0       2       0                               0D   2782
     110    2350       0       0       0                        01010000D   2783
     110       0       0       2       0                               0D   2784
     126    2352       0       0       0                        01010500D   2785
     126       0       0       2       0                               0D   2786
     110    2354       0       0       0                        01010000D   2787
     110       0       0       2       0                               0D   2788
     126    2356       0       0       0                        01010500D   2789
     126       0       0       2       0                               0D   2790
     110    2358       0       0       0                        01010000D   2791
     110       0       0       2       0                               0D   2792
     126    2360       0       0       0                        01010500D   2793
     126       0       0      11       0                               0D   2794
     126    2371       0       0       0                        01010000D   2795
     126       0       0       5       0                               0D   2796
     102    2376       0       0       0                        01010500D   2797
     102       0       0       1       0                               0D   2798
     102    2377       0       0       0                        01010000D   2799
     102       0       0       1       0                               0D   2800
     142    2378       0       0       0                        00010500D   2801
     142       0       0       1       0                               0D   2802
     144    2379       0       0       0                        00000000D   2803
     144       0   -2765       1       0                               0D   2804
     128    2380       0       0       0                        01010000D   2805
     128       0       0       4       0                               0D   2806
     126    2384       0       0       0                        01010500D   2807
     126       0       0       2       0                               0D   2808
     110    2386       0       0       0                        01010000D   2809
     110       0       0       1       0                               0D   2810
     126    2387       0       0       0                        01010500D   2811
     126       0       0       2       0                               0D   2812
     110    2389       0       0       0                        01010000D   2813
     110       0       0       1       0                               0D   2814
     126    2390       0       0       0                        01010500D   2815
     126       0       0       2       0                               0D   2816
     110    2392       0       0       0                        01010000D   2817
     110       0       0       1       0                               0D   2818
     126    2393       0       0       0                        01010500D   2819
     126       0       0       2       0                               0D   2820
     110    2395       0       0       0                        01010000D   2821
     110       0       0       1       0                               0D   2822
     102    2396       0       0       0                        01010500D   2823
     102       0       0       1       0                               0D   2824
     102    2397       0       0       0                        01010000D   2825
     102       0       0       1       0                               0D   2826
     142    2398       0       0       0                        00010500D   2827
     142       0       0       1       0                               0D   2828
     144    2399       0       0       0                        00000000D   2829
     144       0      -1       1       0                               0D   2830
     128    2400       0       0       0                        01010000D   2831
     128       0       0       4       0                               0D   2832
     126    2404       0       0       0                        01010500D   2833
     126       0       0       2       0                               0D   2834
     110    2406       0       0       0                        01010000D   2835
     110       0       0       1       0                               0D   2836
     126    2407       0       0       0                        01010500D   2837
     126       0       0       2       0                               0D   2838
     110    2409       0       0       0                        01010000D   2839
     110       0       0       1       0                               0D   2840
     126    2410       0       0       0                        01010500D   2841
     126       0       0       2       0                               0D   2842
     110    2412       0       0       0                        01010000D   2843
     110       0       0       1       0                               0D   2844
     126    2413       0       0       0                        01010500D   2845
     126       0       0       2       0                               0D   2846
     110    2415       0       0       0                        01010000D   2847
     110       0       0       1       0                               0D   2848
     102    2416       0       0       0                        01010500D   2849
     102       0       0       1       0                               0D   2850
     102    2417       0       0       0                        01010000D   2851
     102       0       0       1       0                               0D   2852
     142    2418       0       0       0                        00010500D   2853
     142       0       0       1       0                               0D   2854
     144    2419       0       0       0                        00000000D   2855
     144       0      -1       1       0                               0D   2856
     128    2420       0       0       0                        01010000D   2857
     128       0       0       4       0                               0D   2858
     126    2424       0       0       0                        01010500D   2859
     126       0       0       2       0                               0D   2860
     110    2426       0       0       0                        01010000D   2861
     110       0       0       1       0                               0D   2862
     126    2427       0       0       0                        01010500D   2863
     126       0       0       2       0                               0D   2864
     110    2429       0       0       0                        01010000D   2865
     110       0       0       1       0                               0D   2866
     126    2430       0       0       0                        01010500D   2867
     126       0       0       2       0                               0D   2868
     110    2432       0       0       0                        01010000D   2869
     110       0       0       1       0                               0D   2870
     126    2433       0       0       0                        01010500D   2871
     126       0       0       2       0                               0D   2872
     110    2435       0       0       0                        01010000D   2873
     110       0       0       1       0                               0D   2874
     102    2436       0       0       0                        01010500D   2875
     102       0       0       1       0                               0D   2876
     102    2437       0       0       0                        01010000D   2877
     102       0       0       1       0                               0D   2878
     142    2438       0       0       0                        00010500D   2879
     142       0       0       1       0                               0D   2880
     144    2439       0       0       0                        00000000D   2881
     144       0      -1       1       0                               0D   2882
     128    2440       0       0       0                        01010000D   2883
     128       0       0       4       0                               0D   2884
     126    2444       0       0       0                        01010500D   2885
     126       0       0       2       0                               0D   2886
     110    2446       0       0       0                        01010000D   2887
     110       0       0       1       0                               0D   2888
     126    2447       0       0       0                        01010500D   2889
     126       0       0       2       0                               0D   2890
     110    2449       0       0       0                        01010000D   2891
     110       0       0       1       0                               0D   2892
     126    2450       0       0       0                        01010500D   2893
     126       0       0       2       0                               0D   2894
     110    2452       0       0       0                        01010000D   2895
     110       0       0       1       0                               0D   2896
     126    2453       0       0       0                        01010500D   2897
     126       0       0       2       0                               0D   2898
     110    2455       0       0       0                        01010000D   2899
     110       0       0       2       0                               0D   2900
     102    2457       0       0       0                        01010500D   2901
     102       0       0       1       0                               0D   2902
     102    2458       0       0       0                        01010000D   2903
     102       0       0       1       0                               0D   2904
     142    2459       0       0       0                        00010500D   2905
     142       0       0       1       0                               0D   2906
     144    2460       0       0       0                        00000000D   2907
     144       0      -1       1       0                               0D   2908
     128    2461       0       0       0                        01010000D   2909
     128       0       0       4       0                               0D   2910
     126    2465       0       0       0                        01010500D   2911
     126       0       0       2       0                               0D   2912
     110    2467       0       0       0                        01010000D   2913
     110       0       0       1       0                               0D   2914
     126    2468       0       0       0                        01010500D   2915
     126       0       0       2       0                               0D   2916
     110    2470       0       0       0                        01010000D   2917
     110       0       0       1       0                               0D   2918
     126    2471       0       0       0                        01010500D   2919
     126       0       0       2       0                               0D   2920
     110    2473       0       0       0                        01010000D   2921
     110       0       0       1       0                               0D   2922
     126    2474       0       0       0                        01010500D   2923
     126       0       0       2       0                               0D   2924
     110    2476       0       0       0                        01010000D   2925
     110       0       0       1       0                               0D   2926
     102    2477       0       0       0                        01010500D   2927
     102       0       0       1       0                               0D   2928
     102    2478       0       0       0                        01010000D   2929
     102       0       0       1       0                               0D   2930
     142    2479       0       0       0                        00010500D   2931
     142       0       0       1       0                               0D   2932
     144    2480       0       0       0                        00000000D   2933
     144       0      -1       1       0                               0D   2934
314,79.2156862745098,81.9607843137255,93.3333333333333,;               1P      1
314,79.6078431372549,82.3529411764706,93.7254901960784,;               3P      2
110,0.,0.,1.31,0.,0.,-998.69;                                          5P      3
110,-1.8,0.,1.31,-1.8,0.,1.3;                                          7P      4
120,5,7,0.,6.28318530717959;                                           9P      5
126,1,1,1,0,1,0,0.,0.,1.,1.,1.,1.,0.,4.631209847,0.,0.,               11P      6
6.283185307,0.,0.,1.,0.,0.,1.;                                        11P      7
126,5,3,1,0,1,0,0.,0.,0.,0.,0.5,0.5,1.,1.,1.,1.,1.,1.,1.,1.,1.,       13P      8
1.,0.145962001,-1.79407221,1.31,-0.350788906,-1.834486835,1.31,       13P      9
-0.855609482,-1.659397832,1.31,-1.584861753,-0.987124953,1.31,        13P     10
-1.800021891,-0.494007817,1.31,-1.800006862,0.,1.31,0.,1.,0.,         13P     11
0.,1.;                                                                13P     12
126,1,1,1,0,1,0,0.,0.,1.,1.,1.,1.,0.,6.283185307,0.,1.,               15P     13
6.283185307,0.,0.,1.,0.,0.,1.;                                        15P     14
110,-1.8,0.,1.31,-1.8,0.,1.3;                                         17P     15
126,1,1,1,0,1,0,0.,0.,1.,1.,1.,1.,1.,6.283185307,0.,1.,               19P     16
4.631209847,0.,0.,1.,0.,0.,1.;                                        19P     17
126,5,3,1,0,1,0,0.,0.,0.,0.,0.5,0.5,1.,1.,1.,1.,1.,1.,1.,1.,1.,       21P     18
1.,-1.8,0.,1.3,-1.8,-0.495592638,1.3,-1.584464437,-0.987463676,       21P     19
1.3,-0.855727522,-1.659319882,1.3,-0.347998544,-1.834259817,          21P     20
1.3,0.145962001,-1.79407221,1.3,0.,1.,0.,0.,-1.;                      21P     21
126,1,1,1,0,1,0,0.,0.,1.,1.,1.,1.,1.,4.631209847,0.,0.,               23P     22
4.631209847,0.,0.,1.,0.,0.,1.;                                        23P     23
110,0.145962001,-1.79407221,1.3,0.145962001,-1.79407221,1.31;         25P     24
102,4,11,15,19,23;                                                    27P     25
102,4,13,17,21,25;                                                    29P     26
142,1,9,27,29,1;                                                      31P     27
144,9,1,0,31;                                                         33P     28
314,100.,100.,100.,;                                                  35P     29
110,0.,0.,-998.7,0.,0.,1.3;                                           37P     30
110,1.8,0.,1.3,1.95,0.,1.7;                                           39P     31
120,37,39,0.,6.28318530717959;                                        41P     32
126,1,1,1,0,1,0,0.,0.,1.,1.,1.,1.,0.,4.793568114,0.,0.,               43P     33
5.15003642,0.,0.,1.,0.,0.,1.;                                         43P     34
100,1.3,0.,0.,0.145962001,-1.79407221,0.762857649,-1.630352173;       45P     35
126,1,1,1,0,1,0,0.,0.,1.,1.,1.,1.,0.,5.15003642,0.,0.,                47P     36
6.283185307,0.,0.,1.,0.,0.,1.;                                        47P     37
126,3,3,1,0,1,0,0.,0.,0.,0.,1.,1.,1.,1.,1.,1.,1.,1.,                  49P     38
0.762857649,-1.630352173,1.3,1.378668233,-1.342208407,1.3,1.8,        49P     39
-0.679889333,1.3,1.8,0.,1.3,0.,1.,0.,0.,-1.;                          49P     40
126,1,1,1,0,1,0,0.,0.,1.,1.,1.,1.,0.,6.283185307,0.,1.,               51P     41
6.283185307,0.,0.,1.,0.,0.,1.;                                        51P     42
110,1.8,0.,1.3,1.95,0.,1.7;                                           53P     43
126,1,1,1,0,1,0,0.,0.,1.,1.,1.,1.,1.,6.283185307,0.,1.,               55P     44
3.141592654,0.,0.,1.,0.,0.,1.;                                        55P     45
124,1.,-7.35035671743047E-15,8.55166289179392E-31,                    57P     46
-1.45378269160498E-30,-7.35035671743047E-15,-1.,                      57P     47
6.98296267768627E-15,-1.18710365520667E-14,                           57P     48
-5.04721003363181E-29,-6.98296267768627E-15,-1.,3.4;                  57P     49
100,1.7,0.,0.,1.95,0.,-1.95,0.;                                       59P     50
126,1,1,1,0,1,0,0.,0.,1.,1.,1.,1.,1.,3.141592654,0.,0.,               61P     51
3.141592654,0.,0.,1.,0.,0.,1.;                                        61P     52
110,-1.95,0.,1.7,-1.8,0.,1.3;                                         63P     53
126,1,1,1,0,1,0,0.,0.,1.,1.,1.,1.,0.,3.141592654,0.,0.,               65P     54
4.793568114,0.,0.,1.,0.,0.,1.;                                        65P     55
126,5,3,1,0,1,0,0.,0.,0.,0.,0.5,0.5,1.,1.,1.,1.,1.,1.,1.,1.,1.,       67P     56
1.,-1.8,0.,1.3,-1.8,-0.495592638,1.3,-1.584464437,-0.987463676,       67P     57
1.3,-0.855727522,-1.659319882,1.3,-0.347998544,-1.834259817,          67P     58
1.3,0.145962001,-1.79407221,1.3,0.,1.,0.,0.,-1.;                      67P     59
102,6,43,47,51,55,61,65;                                              69P     60
102,6,45,49,53,59,63,67;                                              71P     61
142,1,41,69,71,1;                                                     73P     62
144,41,1,0,73;                                                        75P     63
314,100.,100.,100.,;                                                  77P     64
110,0.,0.,0.35,0.,0.,-999.65;                                         79P     65
110,-0.573059149,0.,0.35,-0.573059149,0.,0.2;                         81P     66
120,79,81,0.,6.28318530717959;                                        83P     67
126,1,1,1,0,1,0,0.,0.,1.,1.,1.,1.,0.,6.283185307,0.,1.,               85P     68
6.283185307,0.,0.,1.,0.,0.,1.;                                        85P     69
110,-0.573059149,0.,0.35,-0.573059149,0.,0.2;                         87P     70
126,1,1,1,0,1,0,0.,0.,1.,1.,1.,1.,1.,6.283185307,0.,1.,               89P     71
3.141592654,0.,0.,1.,0.,0.,1.;                                        89P     72
100,0.2,0.,0.,-0.573059149,0.,0.573059149,0.;                         91P     73
126,1,1,1,0,1,0,0.,0.,1.,1.,1.,1.,1.,3.141592654,0.,0.,               93P     74
3.141592654,0.,0.,1.,0.,0.,1.;                                        93P     75
110,0.573059149,0.,0.2,0.573059149,0.,0.35;                           95P     76
126,1,1,1,0,1,0,0.,0.,1.,1.,1.,1.,0.,3.141592654,0.,0.,               97P     77
6.283185307,0.,0.,1.,0.,0.,1.;                                        97P     78
124,1.,-7.105427357601E-15,0.,-1.32934168647677E-30,                  99P     79
-7.105427357601E-15,-1.,6.98296267768627E-15,                         99P     80
-2.81821335743175E-15,-4.96169340471387E-29,                          99P     81
-6.98296267768627E-15,-1.,0.7;                                        99P     82
100,0.35,0.,0.,0.573059149,0.,-0.573059149,0.;                       101P     83
102,4,85,89,93,97;                                                   103P     84
102,4,87,91,95,101;                                                  105P     85
142,1,83,103,105,1;                                                  107P     86
144,83,1,0,107;                                                      109P     87
314,100.,100.,100.,;                                                 111P     88
128,1,1,1,1,0,0,1,0,0,0.,0.,1.,1.,0.,0.,1.,1.,1.,1.,1.,1.,           113P     89
-1.804748822,-1.815090575,1.3,1.778834471,-1.815090575,1.3,          113P     90
-1.804748822,1.729090182,1.3,1.778834471,1.729090182,1.3,0.,1.,      113P     91
0.,1.;                                                               113P     92
126,1,1,1,0,1,0,0.,0.,1.,1.,1.,1.,0.635636311,0.494347111,0.,        115P     93
0.739366066,0.621731645,0.,0.,1.,0.,0.,1.;                           115P     94
110,0.473106844,-0.063035058,1.3,0.844831061,0.388438758,1.3;        117P     95
126,1,1,1,0,1,0,0.,0.,1.,1.,1.,1.,0.739366066,0.621731645,0.,        119P     96
0.994071146,0.621731645,0.,0.,1.,0.,0.,1.;                           119P     97
110,0.844831061,0.388438758,1.3,1.75758793,0.388438758,1.3;          121P     98
126,2,2,1,0,1,0,0.,0.,0.,1.,1.,1.,1.,1.,1.,0.994069879,              123P     99
0.621731362,0.,0.98501513,0.663162279,0.,0.969325115,                123P    100
0.702404347,0.,0.,1.,0.,0.,-1.;                                      123P    101
100,1.3,0.,0.,1.75758793,0.388438758,1.668905025,0.674356002;        125P    102
126,1,1,1,0,1,0,0.,0.,1.,1.,1.,1.,0.969324155,0.702403954,0.,        127P    103
0.707599166,0.702403954,0.,0.,1.,0.,0.,1.;                           127P    104
110,1.668905025,0.674356002,1.3,0.730991728,0.674356002,1.3;         129P    105
126,1,1,1,0,1,0,0.,0.,1.,1.,1.,1.,0.707599166,0.702403954,0.,        131P    106
0.625449332,0.601520476,0.,0.,1.,0.,0.,1.;                           131P    107
110,0.730991728,0.674356002,1.3,0.436600953,0.316806721,1.3;         133P    108
126,1,1,1,0,1,0,0.,0.,1.,1.,1.,1.,0.625449332,0.601520476,0.,        135P    109
0.396244309,0.601520476,0.,0.,1.,0.,0.,1.;                           135P    110
110,0.436600953,0.316806721,1.3,-0.384774337,0.316806721,1.3;        137P    111
126,1,1,1,0,1,0,0.,0.,1.,1.,1.,1.,0.396244309,0.601520476,0.,        139P    112
0.34515245,0.644055006,0.,0.,1.,0.,0.,1.;                            139P    113
110,-0.384774337,0.316806721,1.3,-0.567866269,0.467556782,1.3;       141P    114
126,1,1,1,0,1,0,0.,0.,1.,1.,1.,1.,0.34515245,0.644055006,0.,         143P    115
0.34515245,0.994071146,0.,0.,1.,0.,0.,1.;                            143P    116
110,-0.567866269,0.467556782,1.3,-0.567866269,1.708077252,1.3;       145P    117
126,2,2,1,0,1,0,0.,0.,0.,1.,1.,1.,1.,1.,1.,0.345152817,              147P    118
0.994070031,0.,0.296063978,0.97757268,0.,0.251248718,                147P    119
0.951248769,0.,0.,1.,0.,0.,-1.;                                      147P    120
100,1.3,0.,0.,-0.567866269,1.708077252,-0.904379332,                 149P    121
1.556309103;                                                         149P    122
126,1,1,1,0,1,0,0.,0.,1.,1.,1.,1.,0.251248378,0.95124936,0.,         151P    123
0.251042646,0.644055006,0.,0.,1.,0.,0.,1.;                           151P    124
110,-0.904379332,1.556309103,1.3,-0.905116589,0.467556782,1.3;       153P    125
126,1,1,1,0,1,0,0.,0.,1.,1.,1.,1.,0.251042646,0.644055006,0.,        155P    126
0.018566342,0.644055006,0.,0.,1.,0.,0.,1.;                           155P    127
110,-0.905116589,0.467556782,1.3,-1.73821479,0.467556782,1.3;        157P    128
126,2,2,1,0,1,0,0.,0.,0.,1.,1.,1.,1.,1.,1.,0.01856722,               159P    129
0.644054767,0.,0.010261505,0.612847707,0.,0.005928854,               159P    130
0.580745305,0.,0.,1.,0.,0.,-1.;                                      159P    131
100,1.3,0.,0.,-1.73821479,0.467556782,-1.783498197,0.243175204;      161P    132
126,1,1,1,0,1,0,0.,0.,1.,1.,1.,1.,0.005929993,0.580745148,0.,        163P    133
0.251000247,0.580745148,0.,0.,1.,0.,0.,1.;                           163P    134
110,-1.783498197,0.243175204,1.3,-0.905268531,0.243175204,1.3;       165P    135
126,1,1,1,0,1,0,0.,0.,1.,1.,1.,1.,0.251000247,0.580745148,0.,        167P    136
0.354780315,0.494347111,0.,0.,1.,0.,0.,1.;                           167P    137
110,-0.905268531,0.243175204,1.3,-0.533364014,-0.063035058,1.3;      169P    138
126,1,1,1,0,1,0,0.,0.,1.,1.,1.,1.,0.354780315,0.494347111,0.,        171P    139
0.545527853,0.494347111,0.,0.,1.,0.,0.,1.;                           171P    140
110,-0.533364014,-0.063035058,1.3,0.150195679,-0.063035058,1.3;      173P    141
126,1,1,1,0,1,0,0.,0.,1.,1.,1.,1.,0.545527853,0.494347111,0.,        175P    142
0.544346444,0.005930388,0.,0.,1.,0.,0.,1.;                           175P    143
110,0.150195679,-0.063035058,1.3,0.145962001,-1.79407221,1.3;        177P    144
126,4,2,1,0,1,0,0.,0.,0.,0.5,0.5,1.,1.,1.,1.,1.,1.,1.,1.,            179P    145
0.544346568,0.005928854,0.,0.58907372,0.009611119,0.,                179P    146
0.632469391,0.021252194,0.,0.675776635,0.032869548,0.,               179P    147
0.716491367,0.052124417,0.,0.,1.,0.,0.,-1.;                          179P    148
100,1.3,0.,0.,0.145962001,-1.79407221,0.762857649,-1.630352173;      181P    149
126,1,1,1,0,1,0,0.,0.,1.,1.,1.,1.,0.716491361,0.05212443,0.,         183P    150
0.716491361,0.145928753,0.,0.,1.,0.,0.,1.;                           183P    151
110,0.762857649,-1.630352173,1.3,0.762857649,-1.297892698,1.3;       185P    152
126,1,1,1,0,1,0,0.,0.,1.,1.,1.,1.,0.716491361,0.145928753,0.,        187P    153
0.68347529,0.173414992,0.,0.,1.,0.,0.,1.;                            187P    154
110,0.762857649,-1.297892698,1.3,0.644541807,-1.200476498,1.3;       189P    155
126,1,1,1,0,1,0,0.,0.,1.,1.,1.,1.,0.68347529,0.173414992,0.,         191P    156
0.635636311,0.173414992,0.,0.,1.,0.,0.,1.;                           191P    157
110,0.644541807,-1.200476498,1.3,0.473106844,-1.200476498,1.3;       193P    158
126,1,1,1,0,1,0,0.,0.,1.,1.,1.,1.,0.635636311,0.173414992,0.,        195P    159
0.635636311,0.494347111,0.,0.,1.,0.,0.,1.;                           195P    160
110,0.473106844,-1.200476498,1.3,0.473106844,-0.063035058,1.3;       197P    161
102,21,115,119,123,127,131,135,139,143,147,151,155,159,163,167,      199P    162
171,175,179,183,187,191,195;                                         199P    163
102,21,117,121,125,129,133,137,141,145,149,153,157,161,165,169,      201P    164
173,177,181,185,189,193,197;                                         201P    165
142,1,113,199,201,1;                                                 203P    166
144,113,1,0,203;                                                     205P    167
314,100.,100.,100.,;                                                 207P    168
128,1,1,1,1,0,0,1,0,0,0.,0.,1.,1.,0.,0.,1.,1.,1.,1.,1.,1.,           209P    169
-2.475,2.475,0.2,2.475,2.475,0.2,-2.475,2.475,1.7,2.475,2.475,       209P    170
1.7,0.,1.,0.,1.;                                                     209P    171
126,1,1,1,0,1,0,0.,0.,1.,1.,1.,1.,0.,1.,0.,0.,0.,0.,0.,1.,0.,        211P    172
0.,1.;                                                               211P    173
110,-2.475,2.475,1.7,-2.475,2.475,0.2;                               213P    174
126,1,1,1,0,1,0,0.,0.,1.,1.,1.,1.,0.,0.,0.,0.055555556,0.,0.,        215P    175
0.,1.,0.,0.,1.;                                                      215P    176
110,-2.475,2.475,0.2,-2.2,2.475,0.2;                                 217P    177
126,1,1,1,0,1,0,0.,0.,1.,1.,1.,1.,0.055555556,0.,0.,                 219P    178
0.055555556,0.333333333,0.,0.,1.,0.,0.,1.;                           219P    179
110,-2.2,2.475,0.2,-2.2,2.475,0.7;                                   221P    180
126,1,1,1,0,1,0,0.,0.,1.,1.,1.,1.,0.055555556,0.333333333,0.,        223P    181
0.318181818,0.333333333,0.,0.,1.,0.,0.,1.;                           223P    182
110,-2.2,2.475,0.7,-0.9,2.475,0.7;                                   225P    183
126,1,1,1,0,1,0,0.,0.,1.,1.,1.,1.,0.318181818,0.333333333,0.,        227P    184
0.318181818,0.,0.,0.,1.,0.,0.,1.;                                    227P    185
110,-0.9,2.475,0.7,-0.9,2.475,0.2;                                   229P    186
126,1,1,1,0,1,0,0.,0.,1.,1.,1.,1.,0.318181818,0.,0.,                 231P    187
0.398989899,0.,0.,0.,1.,0.,0.,1.;                                    231P    188
110,-0.9,2.475,0.2,-0.5,2.475,0.2;                                   233P    189
126,1,1,1,0,1,0,0.,0.,1.,1.,1.,1.,0.398989899,0.,0.,                 235P    190
0.398989899,0.1,0.,0.,1.,0.,0.,1.;                                   235P    191
110,-0.5,2.475,0.2,-0.5,2.475,0.35;                                  237P    192
126,1,1,1,0,1,0,0.,0.,1.,1.,1.,1.,0.398989899,0.1,0.,                239P    193
0.601010101,0.1,0.,0.,1.,0.,0.,1.;                                   239P    194
110,-0.5,2.475,0.35,0.5,2.475,0.35;                                  241P    195
126,1,1,1,0,1,0,0.,0.,1.,1.,1.,1.,0.601010101,0.1,0.,                243P    196
0.601010101,0.,0.,0.,1.,0.,0.,1.;                                    243P    197
110,0.5,2.475,0.35,0.5,2.475,0.2;                                    245P    198
126,1,1,1,0,1,0,0.,0.,1.,1.,1.,1.,0.601010101,0.,0.,                 247P    199
0.681818182,0.,0.,0.,1.,0.,0.,1.;                                    247P    200
110,0.5,2.475,0.2,0.9,2.475,0.2;                                     249P    201
126,1,1,1,0,1,0,0.,0.,1.,1.,1.,1.,0.681818182,0.,0.,                 251P    202
0.681818182,0.333333333,0.,0.,1.,0.,0.,1.;                           251P    203
110,0.9,2.475,0.2,0.9,2.475,0.7;                                     253P    204
126,1,1,1,0,1,0,0.,0.,1.,1.,1.,1.,0.681818182,0.333333333,0.,        255P    205
0.944444444,0.333333333,0.,0.,1.,0.,0.,1.;                           255P    206
110,0.9,2.475,0.7,2.2,2.475,0.7;                                     257P    207
126,1,1,1,0,1,0,0.,0.,1.,1.,1.,1.,0.944444444,0.333333333,0.,        259P    208
0.944444444,0.,0.,0.,1.,0.,0.,1.;                                    259P    209
110,2.2,2.475,0.7,2.2,2.475,0.2;                                     261P    210
126,1,1,1,0,1,0,0.,0.,1.,1.,1.,1.,0.944444444,0.,0.,1.,0.,0.,        263P    211
0.,1.,0.,0.,1.;                                                      263P    212
110,2.2,2.475,0.2,2.475,2.475,0.2;                                   265P    213
126,1,1,1,0,1,0,0.,0.,1.,1.,1.,1.,1.,0.,0.,1.,0.733333333,0.,        267P    214
0.,1.,0.,0.,1.;                                                      267P    215
110,2.475,2.475,0.2,2.475,2.475,1.3;                                 269P    216
126,1,1,1,0,1,0,0.,0.,1.,1.,1.,1.,1.,0.733333333,0.,                 271P    217
0.848484848,0.733333333,0.,0.,1.,0.,0.,1.;                           271P    218
110,2.475,2.475,1.3,1.725,2.475,1.3;                                 273P    219
126,1,1,1,0,1,0,0.,0.,1.,1.,1.,1.,0.848484848,0.733333333,0.,        275P    220
0.848484848,1.,0.,0.,1.,0.,0.,1.;                                    275P    221
110,1.725,2.475,1.3,1.725,2.475,1.7;                                 277P    222
126,1,1,1,0,1,0,0.,0.,1.,1.,1.,1.,0.848484848,1.,0.,0.,1.,0.,        279P    223
0.,1.,0.,0.,1.;                                                      279P    224
110,1.725,2.475,1.7,-2.475,2.475,1.7;                                281P    225
102,18,211,215,219,223,227,231,235,239,243,247,251,255,259,263,      283P    226
267,271,275,279;                                                     283P    227
102,18,213,217,221,225,229,233,237,241,245,249,253,257,261,265,      285P    228
269,273,277,281;                                                     285P    229
142,1,209,283,285,1;                                                 287P    230
144,209,1,0,287;                                                     289P    231
314,100.,100.,100.,;                                                 291P    232
128,1,1,1,1,0,0,1,0,0,0.,0.,1.,1.,0.,0.,1.,1.,1.,1.,1.,1.,           293P    233
-2.475,-2.475,0.2,2.475,-2.475,0.2,-2.475,2.475,0.2,2.475,           293P    234
2.475,0.2,0.,1.,0.,1.;                                               293P    235
126,1,1,1,0,1,0,0.,0.,1.,1.,1.,1.,0.055555556,1.,0.,0.,1.,0.,        295P    236
0.,1.,0.,0.,1.;                                                      295P    237
110,-2.2,2.475,0.2,-2.475,2.475,0.2;                                 297P    238
126,1,1,1,0,1,0,0.,0.,1.,1.,1.,1.,0.,1.,0.,0.,0.,0.,0.,1.,0.,        299P    239
0.,1.;                                                               299P    240
110,-2.475,2.475,0.2,-2.475,-2.475,0.2;                              301P    241
126,1,1,1,0,1,0,0.,0.,1.,1.,1.,1.,0.,0.,0.,0.055555556,0.,0.,        303P    242
0.,1.,0.,0.,1.;                                                      303P    243
110,-2.475,-2.475,0.2,-2.2,-2.475,0.2;                               305P    244
126,1,1,1,0,1,0,0.,0.,1.,1.,1.,1.,0.055555556,0.,0.,                 307P    245
0.055555556,0.212121212,0.,0.,1.,0.,0.,1.;                           307P    246
110,-2.2,-2.475,0.2,-2.2,-1.425,0.2;                                 309P    247
126,1,1,1,0,1,0,0.,0.,1.,1.,1.,1.,0.055555556,0.212121212,0.,        311P    248
0.318181818,0.212121212,0.,0.,1.,0.,0.,1.;                           311P    249
110,-2.2,-1.425,0.2,-0.9,-1.425,0.2;                                 313P    250
126,1,1,1,0,1,0,0.,0.,1.,1.,1.,1.,0.318181818,0.212121212,0.,        315P    251
0.318181818,0.,0.,0.,1.,0.,0.,1.;                                    315P    252
110,-0.9,-1.425,0.2,-0.9,-2.475,0.2;                                 317P    253
126,1,1,1,0,1,0,0.,0.,1.,1.,1.,1.,0.318181818,0.,0.,                 319P    254
0.398989899,0.,0.,0.,1.,0.,0.,1.;                                    319P    255
110,-0.9,-2.475,0.2,-0.5,-2.475,0.2;                                 321P    256
126,1,1,1,0,1,0,0.,0.,1.,1.,1.,1.,0.398989899,0.,0.,                 323P    257
0.398989899,0.212121212,0.,0.,1.,0.,0.,1.;                           323P    258
110,-0.5,-2.475,0.2,-0.5,-1.425,0.2;                                 325P    259
126,1,1,1,0,1,0,0.,0.,1.,1.,1.,1.,0.398989899,0.212121212,0.,        327P    260
0.601010101,0.212121212,0.,0.,1.,0.,0.,1.;                           327P    261
110,-0.5,-1.425,0.2,0.5,-1.425,0.2;                                  329P    262
126,1,1,1,0,1,0,0.,0.,1.,1.,1.,1.,0.601010101,0.212121212,0.,        331P    263
0.601010101,0.,0.,0.,1.,0.,0.,1.;                                    331P    264
110,0.5,-1.425,0.2,0.5,-2.475,0.2;                                   333P    265
126,1,1,1,0,1,0,0.,0.,1.,1.,1.,1.,0.601010101,0.,0.,                 335P    266
0.681818182,0.,0.,0.,1.,0.,0.,1.;                                    335P    267
110,0.5,-2.475,0.2,0.9,-2.475,0.2;                                   337P    268
126,1,1,1,0,1,0,0.,0.,1.,1.,1.,1.,0.681818182,0.,0.,                 339P    269
0.681818182,0.212121212,0.,0.,1.,0.,0.,1.;                           339P    270
110,0.9,-2.475,0.2,0.9,-1.425,0.2;                                   341P    271
126,1,1,1,0,1,0,0.,0.,1.,1.,1.,1.,0.681818182,0.212121212,0.,        343P    272
0.944444444,0.212121212,0.,0.,1.,0.,0.,1.;                           343P    273
110,0.9,-1.425,0.2,2.2,-1.425,0.2;                                   345P    274
126,1,1,1,0,1,0,0.,0.,1.,1.,1.,1.,0.944444444,0.212121212,0.,        347P    275
0.944444444,0.,0.,0.,1.,0.,0.,1.;                                    347P    276
110,2.2,-1.425,0.2,2.2,-2.475,0.2;                                   349P    277
126,1,1,1,0,1,0,0.,0.,1.,1.,1.,1.,0.944444444,0.,0.,1.,0.,0.,        351P    278
0.,1.,0.,0.,1.;                                                      351P    279
110,2.2,-2.475,0.2,2.475,-2.475,0.2;                                 353P    280
126,1,1,1,0,1,0,0.,0.,1.,1.,1.,1.,1.,0.,0.,1.,1.,0.,0.,1.,0.,        355P    281
0.,1.;                                                               355P    282
110,2.475,-2.475,0.2,2.475,2.475,0.2;                                357P    283
126,1,1,1,0,1,0,0.,0.,1.,1.,1.,1.,1.,1.,0.,0.944444444,1.,0.,        359P    284
0.,1.,0.,0.,1.;                                                      359P    285
110,2.475,2.475,0.2,2.2,2.475,0.2;                                   361P    286
126,1,1,1,0,1,0,0.,0.,1.,1.,1.,1.,0.944444444,1.,0.,                 363P    287
0.944444444,0.787878788,0.,0.,1.,0.,0.,1.;                           363P    288
110,2.2,2.475,0.2,2.2,1.425,0.2;                                     365P    289
126,1,1,1,0,1,0,0.,0.,1.,1.,1.,1.,0.944444444,0.787878788,0.,        367P    290
0.681818182,0.787878788,0.,0.,1.,0.,0.,1.;                           367P    291
110,2.2,1.425,0.2,0.9,1.425,0.2;                                     369P    292
126,1,1,1,0,1,0,0.,0.,1.,1.,1.,1.,0.681818182,0.787878788,0.,        371P    293
0.681818182,1.,0.,0.,1.,0.,0.,1.;                                    371P    294
110,0.9,1.425,0.2,0.9,2.475,0.2;                                     373P    295
126,1,1,1,0,1,0,0.,0.,1.,1.,1.,1.,0.681818182,1.,0.,                 375P    296
0.601010101,1.,0.,0.,1.,0.,0.,1.;                                    375P    297
110,0.9,2.475,0.2,0.5,2.475,0.2;                                     377P    298
126,1,1,1,0,1,0,0.,0.,1.,1.,1.,1.,0.601010101,1.,0.,                 379P    299
0.601010101,0.787878788,0.,0.,1.,0.,0.,1.;                           379P    300
110,0.5,2.475,0.2,0.5,1.425,0.2;                                     381P    301
126,1,1,1,0,1,0,0.,0.,1.,1.,1.,1.,0.601010101,0.787878788,0.,        383P    302
0.398989899,0.787878788,0.,0.,1.,0.,0.,1.;                           383P    303
110,0.5,1.425,0.2,-0.5,1.425,0.2;                                    385P    304
126,1,1,1,0,1,0,0.,0.,1.,1.,1.,1.,0.398989899,0.787878788,0.,        387P    305
0.398989899,1.,0.,0.,1.,0.,0.,1.;                                    387P    306
110,-0.5,1.425,0.2,-0.5,2.475,0.2;                                   389P    307
126,1,1,1,0,1,0,0.,0.,1.,1.,1.,1.,0.398989899,1.,0.,                 391P    308
0.318181818,1.,0.,0.,1.,0.,0.,1.;                                    391P    309
110,-0.5,2.475,0.2,-0.9,2.475,0.2;                                   393P    310
126,1,1,1,0,1,0,0.,0.,1.,1.,1.,1.,0.318181818,1.,0.,                 395P    311
0.318181818,0.787878788,0.,0.,1.,0.,0.,1.;                           395P    312
110,-0.9,2.475,0.2,-0.9,1.425,0.2;                                   397P    313
126,1,1,1,0,1,0,0.,0.,1.,1.,1.,1.,0.318181818,0.787878788,0.,        399P    314
0.055555556,0.787878788,0.,0.,1.,0.,0.,1.;                           399P    315
110,-0.9,1.425,0.2,-2.2,1.425,0.2;                                   401P    316
126,1,1,1,0,1,0,0.,0.,1.,1.,1.,1.,0.055555556,0.787878788,0.,        403P    317
0.055555556,1.,0.,0.,1.,0.,0.,1.;                                    403P    318
110,-2.2,1.425,0.2,-2.2,2.475,0.2;                                   405P    319
102,28,295,299,303,307,311,315,319,323,327,331,335,339,343,347,      407P    320
351,355,359,363,367,371,375,379,383,387,391,395,399,403;             407P    321
102,28,297,301,305,309,313,317,321,325,329,333,337,341,345,349,      409P    322
353,357,361,365,369,373,377,381,385,389,393,397,401,405;             409P    323
142,1,293,407,409,1;                                                 411P    324
126,16,2,1,0,1,0,0.,0.,0.,0.125,0.125,0.25,0.25,0.375,0.375,         413P    325
0.5,0.5,0.625,0.625,0.75,0.75,0.875,0.875,1.,1.,1.,1.,1.,1.,1.,      413P    326
1.,1.,1.,1.,1.,1.,1.,1.,1.,1.,1.,1.,1.,0.615769525,0.5,0.,           413P    327
0.615769525,0.47697201,0.,0.606957095,0.455696921,0.,                413P    328
0.598144664,0.434421832,0.,0.581861416,0.418138584,0.,               413P    329
0.565578168,0.401855336,0.,0.544303079,0.393042905,0.,               413P    330
0.52302799,0.384230475,0.,0.5,0.384230475,0.,0.47697201,             413P    331
0.384230475,0.,0.455696921,0.393042905,0.,0.434421832,               413P    332
0.401855336,0.,0.418138584,0.418138584,0.,0.401855336,               413P    333
0.434421832,0.,0.393042905,0.455696921,0.,0.384230475,               413P    334
0.47697201,0.,0.384230475,0.5,0.,0.,1.,0.,0.,1.;                     413P    335
124,1.,-7.105427357601E-15,0.,-1.32934168647677E-30,                 415P    336
-7.105427357601E-15,-1.,6.98296267768627E-15,                        415P    337
-1.77076895577881E-15,-4.96169340471387E-29,                         415P    338
-6.98296267768627E-15,-1.,0.4;                                       415P    339
100,0.2,0.,0.,0.573059149,0.,-0.573059149,0.;                        417P    340
126,16,2,1,0,1,0,0.,0.,0.,0.125,0.125,0.25,0.25,0.375,0.375,         419P    341
0.5,0.5,0.625,0.625,0.75,0.75,0.875,0.875,1.,1.,1.,1.,1.,1.,1.,      419P    342
1.,1.,1.,1.,1.,1.,1.,1.,1.,1.,1.,1.,1.,0.384230475,0.5,0.,           419P    343
0.384230475,0.52302799,0.,0.393042905,0.544303079,0.,                419P    344
0.401855336,0.565578168,0.,0.418138584,0.581861416,0.,               419P    345
0.434421832,0.598144664,0.,0.455696921,0.606957095,0.,               419P    346
0.47697201,0.615769525,0.,0.5,0.615769525,0.,0.52302799,             419P    347
0.615769525,0.,0.544303079,0.606957095,0.,0.565578168,               419P    348
0.598144664,0.,0.581861416,0.581861416,0.,0.598144664,               419P    349
0.565578168,0.,0.606957095,0.544303079,0.,0.615769525,               419P    350
0.52302799,0.,0.615769525,0.5,0.,0.,1.,0.,0.,1.;                     419P    351
124,-1.,-7.22789203751574E-15,8.55166289179392E-31,                  421P    352
-1.52328664208091E-30,-7.22789203751574E-15,1.,                      421P    353
-6.98296267768627E-15,1.39659253553725E-15,                          421P    354
4.96169340471388E-29,-6.98296267768627E-15,-1.,0.4;                  421P    355
100,0.2,0.,0.,0.573059149,0.,-0.573059149,0.;                        423P    356
102,2,413,419;                                                       425P    357
102,2,417,423;                                                       427P    358
142,1,293,425,427,1;                                                 429P    359
144,293,1,1,411,429;                                                 431P    360
314,100.,100.,100.,;                                                 433P    361
128,1,1,1,1,0,0,1,0,0,0.,0.,1.,1.,0.,0.,1.,1.,1.,1.,1.,1.,           435P    362
-2.475,-2.475,1.7,-2.475,-2.475,0.2,-2.475,2.475,1.7,-2.475,         435P    363
2.475,0.2,0.,1.,0.,1.;                                               435P    364
126,1,1,1,0,1,0,0.,0.,1.,1.,1.,1.,1.,1.,0.,0.,1.,0.,0.,1.,0.,        437P    365
0.,1.;                                                               437P    366
110,-2.475,2.475,0.2,-2.475,2.475,1.7;                               439P    367
126,1,1,1,0,1,0,0.,0.,1.,1.,1.,1.,0.,1.,0.,0.,0.,0.,0.,1.,0.,        441P    368
0.,1.;                                                               441P    369
110,-2.475,2.475,1.7,-2.475,-2.475,1.7;                              443P    370
126,1,1,1,0,1,0,0.,0.,1.,1.,1.,1.,0.,0.,0.,1.,0.,0.,0.,1.,0.,        445P    371
0.,1.;                                                               445P    372
110,-2.475,-2.475,1.7,-2.475,-2.475,0.2;                             447P    373
126,1,1,1,0,1,0,0.,0.,1.,1.,1.,1.,1.,0.,0.,1.,1.,0.,0.,1.,0.,        449P    374
0.,1.;                                                               449P    375
110,-2.475,-2.475,0.2,-2.475,2.475,0.2;                              451P    376
102,4,437,441,445,449;                                               453P    377
102,4,439,443,447,451;                                               455P    378
142,1,435,453,455,1;                                                 457P    379
144,435,1,0,457;                                                     459P    380
314,100.,100.,100.,;                                                 461P    381
128,1,1,1,1,0,0,1,0,0,0.,0.,1.,1.,0.,0.,1.,1.,1.,1.,1.,1.,           463P    382
2.475,-2.475,0.2,-2.475,-2.475,0.2,2.475,-2.475,1.7,-2.475,          463P    383
-2.475,1.7,0.,1.,0.,1.;                                              463P    384
126,1,1,1,0,1,0,0.,0.,1.,1.,1.,1.,1.,0.,0.,1.,1.,0.,0.,1.,0.,        465P    385
0.,1.;                                                               465P    386
110,-2.475,-2.475,0.2,-2.475,-2.475,1.7;                             467P    387
126,1,1,1,0,1,0,0.,0.,1.,1.,1.,1.,1.,1.,0.,0.,1.,0.,0.,1.,0.,        469P    388
0.,1.;                                                               469P    389
110,-2.475,-2.475,1.7,2.475,-2.475,1.7;                              471P    390
126,1,1,1,0,1,0,0.,0.,1.,1.,1.,1.,0.,1.,0.,0.,0.,0.,0.,1.,0.,        473P    391
0.,1.;                                                               473P    392
110,2.475,-2.475,1.7,2.475,-2.475,0.2;                               475P    393
126,1,1,1,0,1,0,0.,0.,1.,1.,1.,1.,0.,0.,0.,0.055555556,0.,0.,        477P    394
0.,1.,0.,0.,1.;                                                      477P    395
110,2.475,-2.475,0.2,2.2,-2.475,0.2;                                 479P    396
126,1,1,1,0,1,0,0.,0.,1.,1.,1.,1.,0.055555556,0.,0.,                 481P    397
0.055555556,0.333333333,0.,0.,1.,0.,0.,1.;                           481P    398
110,2.2,-2.475,0.2,2.2,-2.475,0.7;                                   483P    399
126,1,1,1,0,1,0,0.,0.,1.,1.,1.,1.,0.055555556,0.333333333,0.,        485P    400
0.318181818,0.333333333,0.,0.,1.,0.,0.,1.;                           485P    401
110,2.2,-2.475,0.7,0.9,-2.475,0.7;                                   487P    402
126,1,1,1,0,1,0,0.,0.,1.,1.,1.,1.,0.318181818,0.333333333,0.,        489P    403
0.318181818,0.,0.,0.,1.,0.,0.,1.;                                    489P    404
110,0.9,-2.475,0.7,0.9,-2.475,0.2;                                   491P    405
126,1,1,1,0,1,0,0.,0.,1.,1.,1.,1.,0.318181818,0.,0.,                 493P    406
0.398989899,0.,0.,0.,1.,0.,0.,1.;                                    493P    407
110,0.9,-2.475,0.2,0.5,-2.475,0.2;                                   495P    408
126,1,1,1,0,1,0,0.,0.,1.,1.,1.,1.,0.398989899,0.,0.,                 497P    409
0.398989899,0.1,0.,0.,1.,0.,0.,1.;                                   497P    410
110,0.5,-2.475,0.2,0.5,-2.475,0.35;                                  499P    411
126,1,1,1,0,1,0,0.,0.,1.,1.,1.,1.,0.398989899,0.1,0.,                501P    412
0.601010101,0.1,0.,0.,1.,0.,0.,1.;                                   501P    413
110,0.5,-2.475,0.35,-0.5,-2.475,0.35;                                503P    414
126,1,1,1,0,1,0,0.,0.,1.,1.,1.,1.,0.601010101,0.1,0.,                505P    415
0.601010101,0.,0.,0.,1.,0.,0.,1.;                                    505P    416
110,-0.5,-2.475,0.35,-0.5,-2.475,0.2;                                507P    417
126,1,1,1,0,1,0,0.,0.,1.,1.,1.,1.,0.601010101,0.,0.,                 509P    418
0.681818182,0.,0.,0.,1.,0.,0.,1.;                                    509P    419
110,-0.5,-2.475,0.2,-0.9,-2.475,0.2;                                 511P    420
126,1,1,1,0,1,0,0.,0.,1.,1.,1.,1.,0.681818182,0.,0.,                 513P    421
0.681818182,0.333333333,0.,0.,1.,0.,0.,1.;                           513P    422
110,-0.9,-2.475,0.2,-0.9,-2.475,0.7;                                 515P    423
126,1,1,1,0,1,0,0.,0.,1.,1.,1.,1.,0.681818182,0.333333333,0.,        517P    424
0.944444444,0.333333333,0.,0.,1.,0.,0.,1.;                           517P    425
110,-0.9,-2.475,0.7,-2.2,-2.475,0.7;                                 519P    426
126,1,1,1,0,1,0,0.,0.,1.,1.,1.,1.,0.944444444,0.333333333,0.,        521P    427
0.944444444,0.,0.,0.,1.,0.,0.,1.;                                    521P    428
110,-2.2,-2.475,0.7,-2.2,-2.475,0.2;                                 523P    429
126,1,1,1,0,1,0,0.,0.,1.,1.,1.,1.,0.944444444,0.,0.,1.,0.,0.,        525P    430
0.,1.,0.,0.,1.;                                                      525P    431
110,-2.2,-2.475,0.2,-2.475,-2.475,0.2;                               527P    432
102,16,465,469,473,477,481,485,489,493,497,501,505,509,513,517,      529P    433
521,525;                                                             529P    434
102,16,467,471,475,479,483,487,491,495,499,503,507,511,515,519,      531P    435
523,527;                                                             531P    436
142,1,463,529,531,1;                                                 533P    437
144,463,1,0,533;                                                     535P    438
314,100.,100.,100.,;                                                 537P    439
128,1,1,1,1,0,0,1,0,0,0.,0.,1.,1.,0.,0.,1.,1.,1.,1.,1.,1.,           539P    440
2.475,-2.475,0.2,2.475,-2.475,1.7,2.475,2.475,0.2,2.475,2.475,       539P    441
1.7,0.,1.,0.,1.;                                                     539P    442
126,1,1,1,0,1,0,0.,0.,1.,1.,1.,1.,0.733333333,1.,0.,0.,1.,0.,        541P    443
0.,1.,0.,0.,1.;                                                      541P    444
110,2.475,2.475,1.3,2.475,2.475,0.2;                                 543P    445
126,1,1,1,0,1,0,0.,0.,1.,1.,1.,1.,0.,1.,0.,0.,0.,0.,0.,1.,0.,        545P    446
0.,1.;                                                               545P    447
110,2.475,2.475,0.2,2.475,-2.475,0.2;                                547P    448
126,1,1,1,0,1,0,0.,0.,1.,1.,1.,1.,0.,0.,0.,1.,0.,0.,0.,1.,0.,        549P    449
0.,1.;                                                               549P    450
110,2.475,-2.475,0.2,2.475,-2.475,1.7;                               551P    451
126,1,1,1,0,1,0,0.,0.,1.,1.,1.,1.,1.,0.,0.,1.,0.848484848,0.,        553P    452
0.,1.,0.,0.,1.;                                                      553P    453
110,2.475,-2.475,1.7,2.475,1.725,1.7;                                555P    454
126,1,1,1,0,1,0,0.,0.,1.,1.,1.,1.,1.,0.848484848,0.,                 557P    455
0.733333333,0.848484848,0.,0.,1.,0.,0.,1.;                           557P    456
110,2.475,1.725,1.7,2.475,1.725,1.3;                                 559P    457
126,1,1,1,0,1,0,0.,0.,1.,1.,1.,1.,0.733333333,0.848484848,0.,        561P    458
0.733333333,1.,0.,0.,1.,0.,0.,1.;                                    561P    459
110,2.475,1.725,1.3,2.475,2.475,1.3;                                 563P    460
102,6,541,545,549,553,557,561;                                       565P    461
102,6,543,547,551,555,559,563;                                       567P    462
142,1,539,565,567,1;                                                 569P    463
144,539,1,0,569;                                                     571P    464
314,100.,100.,100.,;                                                 573P    465
128,1,1,1,1,0,0,1,0,0,0.,0.,1.,1.,0.,0.,1.,1.,1.,1.,1.,1.,           575P    466
-2.475,-2.475,1.7,2.475,-2.475,1.7,-2.475,2.475,1.7,2.475,           575P    467
2.475,1.7,0.,1.,0.,1.;                                               575P    468
126,1,1,1,0,1,0,0.,0.,1.,1.,1.,1.,1.,0.848484848,0.,                 577P    469
0.848484848,1.,0.,0.,1.,0.,0.,1.;                                    577P    470
110,2.475,1.725,1.7,1.725,2.475,1.7;                                 579P    471
126,1,1,1,0,1,0,0.,0.,1.,1.,1.,1.,0.848484848,1.,0.,0.,1.,0.,        581P    472
0.,1.,0.,0.,1.;                                                      581P    473
110,1.725,2.475,1.7,-2.475,2.475,1.7;                                583P    474
126,1,1,1,0,1,0,0.,0.,1.,1.,1.,1.,0.,1.,0.,0.,0.,0.,0.,1.,0.,        585P    475
0.,1.;                                                               585P    476
110,-2.475,2.475,1.7,-2.475,-2.475,1.7;                              587P    477
126,1,1,1,0,1,0,0.,0.,1.,1.,1.,1.,0.,0.,0.,1.,0.,0.,0.,1.,0.,        589P    478
0.,1.;                                                               589P    479
110,-2.475,-2.475,1.7,2.475,-2.475,1.7;                              591P    480
126,1,1,1,0,1,0,0.,0.,1.,1.,1.,1.,1.,0.,0.,1.,0.848484848,0.,        593P    481
0.,1.,0.,0.,1.;                                                      593P    482
110,2.475,-2.475,1.7,2.475,1.725,1.7;                                595P    483
102,5,577,581,585,589,593;                                           597P    484
102,5,579,583,587,591,595;                                           599P    485
142,1,575,597,599,1;                                                 601P    486
126,32,2,1,0,1,0,0.,0.,0.,0.0625,0.0625,0.125,0.125,0.1875,          603P    487
0.1875,0.25,0.25,0.3125,0.3125,0.375,0.375,0.4375,0.4375,0.5,        603P    488
0.5,0.5625,0.5625,0.625,0.625,0.6875,0.6875,0.75,0.75,0.8125,        603P    489
0.8125,0.875,0.875,0.9375,0.9375,1.,1.,1.,1.,1.,1.,1.,1.,1.,1.,      603P    490
1.,1.,1.,1.,1.,1.,1.,1.,1.,1.,1.,1.,1.,1.,1.,1.,1.,1.,1.,1.,1.,      603P    491
1.,1.,1.,1.,1.,0.106060606,0.5,0.,0.106060606,0.538799644,0.,        603P    492
0.113630041,0.576853763,0.,0.121199476,0.614907883,0.,               603P    493
0.136047457,0.650754079,0.,0.150895438,0.686600276,0.,               603P    494
0.172451365,0.718861001,0.,0.194007292,0.751121726,0.,               603P    495
0.221442783,0.778557217,0.,0.248878274,0.805992708,0.,               603P    496
0.281138999,0.827548635,0.,0.313399724,0.849104562,0.,               603P    497
0.349245921,0.863952543,0.,0.385092117,0.878800524,0.,               603P    498
0.423146237,0.886369959,0.,0.461200356,0.893939394,0.,0.5,           603P    499
0.893939394,0.,0.538799644,0.893939394,0.,0.576853763,               603P    500
0.886369959,0.,0.614907883,0.878800524,0.,0.650754079,               603P    501
0.863952543,0.,0.686600276,0.849104562,0.,0.718861001,               603P    502
0.827548635,0.,0.751121726,0.805992708,0.,0.778557217,               603P    503
0.778557217,0.,0.805992708,0.751121726,0.,0.827548635,               603P    504
0.718861001,0.,0.849104562,0.686600276,0.,0.863952543,               603P    505
0.650754079,0.,0.878800524,0.614907883,0.,0.886369959,               603P    506
0.576853763,0.,0.893939394,0.538799644,0.,0.893939394,0.5,0.,        603P    507
0.,1.,0.,0.,1.;                                                      603P    508
124,-1.,-6.98296267768627E-15,0.,-1.09476442525376E-44,              605P    509
-6.98296267768627E-15,1.,-6.98296267768627E-15,                      605P    510
1.18710365520667E-14,4.87617677579594E-29,                           605P    511
-6.98296267768627E-15,-1.,3.4;                                       605P    512
100,1.7,0.,0.,1.95,0.,-1.95,0.;                                      607P    513
126,32,2,1,0,1,0,0.,0.,0.,0.0625,0.0625,0.125,0.125,0.1875,          609P    514
0.1875,0.25,0.25,0.3125,0.3125,0.375,0.375,0.4375,0.4375,0.5,        609P    515
0.5,0.5625,0.5625,0.625,0.625,0.6875,0.6875,0.75,0.75,0.8125,        609P    516
0.8125,0.875,0.875,0.9375,0.9375,1.,1.,1.,1.,1.,1.,1.,1.,1.,1.,      609P    517
1.,1.,1.,1.,1.,1.,1.,1.,1.,1.,1.,1.,1.,1.,1.,1.,1.,1.,1.,1.,1.,      609P    518
1.,1.,1.,1.,1.,0.893939394,0.5,0.,0.893939394,0.461200356,0.,        609P    519
0.886369959,0.423146237,0.,0.878800524,0.385092117,0.,               609P    520
0.863952543,0.349245921,0.,0.849104562,0.313399724,0.,               609P    521
0.827548635,0.281138999,0.,0.805992708,0.248878274,0.,               609P    522
0.778557217,0.221442783,0.,0.751121726,0.194007292,0.,               609P    523
0.718861001,0.172451365,0.,0.686600276,0.150895438,0.,               609P    524
0.650754079,0.136047457,0.,0.614907883,0.121199476,0.,               609P    525
0.576853763,0.113630041,0.,0.538799644,0.106060606,0.,0.5,           609P    526
0.106060606,0.,0.461200356,0.106060606,0.,0.423146237,               609P    527
0.113630041,0.,0.385092117,0.121199476,0.,0.349245921,               609P    528
0.136047457,0.,0.313399724,0.150895438,0.,0.281138999,               609P    529
0.172451365,0.,0.248878274,0.194007292,0.,0.221442783,               609P    530
0.221442783,0.,0.194007292,0.248878274,0.,0.172451365,               609P    531
0.281138999,0.,0.150895438,0.313399724,0.,0.136047457,               609P    532
0.349245921,0.,0.121199476,0.385092117,0.,0.113630041,               609P    533
0.423146237,0.,0.106060606,0.461200356,0.,0.106060606,0.5,0.,        609P    534
0.,1.,0.,0.,1.;                                                      609P    535
124,1.,-7.35035671743047E-15,8.55166289179392E-31,                   611P    536
-1.45378269160498E-30,-7.35035671743047E-15,-1.,                     611P    537
6.98296267768627E-15,-1.18710365520667E-14,                          611P    538
-5.04721003363181E-29,-6.98296267768627E-15,-1.,3.4;                 611P    539
100,1.7,0.,0.,1.95,0.,-1.95,0.;                                      613P    540
102,2,603,609;                                                       615P    541
102,2,607,613;                                                       617P    542
142,1,575,615,617,1;                                                 619P    543
144,575,1,1,601,619;                                                 621P    544
314,100.,100.,100.,;                                                 623P    545
128,1,1,1,1,0,0,1,0,0,0.,0.,1.,1.,0.,0.,1.,1.,1.,1.,1.,1.,-0.5,      625P    546
-2.475,0.2,-0.5,-2.475,0.35,-0.5,-1.425,0.2,-0.5,-1.425,0.35,        625P    547
0.,1.,0.,1.;                                                         625P    548
126,1,1,1,0,1,0,0.,0.,1.,1.,1.,1.,0.,0.,0.,1.,0.,0.,0.,1.,0.,        627P    549
0.,1.;                                                               627P    550
110,-0.5,-2.475,0.2,-0.5,-2.475,0.35;                                629P    551
126,1,1,1,0,1,0,0.,0.,1.,1.,1.,1.,1.,0.,0.,1.,1.,0.,0.,1.,0.,        631P    552
0.,1.;                                                               631P    553
110,-0.5,-2.475,0.35,-0.5,-1.425,0.35;                               633P    554
126,1,1,1,0,1,0,0.,0.,1.,1.,1.,1.,1.,1.,0.,0.,1.,0.,0.,1.,0.,        635P    555
0.,1.;                                                               635P    556
110,-0.5,-1.425,0.35,-0.5,-1.425,0.2;                                637P    557
126,1,1,1,0,1,0,0.,0.,1.,1.,1.,1.,0.,1.,0.,0.,0.,0.,0.,1.,0.,        639P    558
0.,1.;                                                               639P    559
110,-0.5,-1.425,0.2,-0.5,-2.475,0.2;                                 641P    560
102,4,627,631,635,639;                                               643P    561
102,4,629,633,637,641;                                               645P    562
142,1,625,643,645,1;                                                 647P    563
144,625,1,0,647;                                                     649P    564
314,100.,100.,100.,;                                                 651P    565
128,1,1,1,1,0,0,1,0,0,0.,0.,1.,1.,0.,0.,1.,1.,1.,1.,1.,1.,0.5,       653P    566
-2.475,0.35,0.5,-2.475,0.2,0.5,-1.425,0.35,0.5,-1.425,0.2,0.,        653P    567
1.,0.,1.;                                                            653P    568
126,1,1,1,0,1,0,0.,0.,1.,1.,1.,1.,1.,1.,0.,0.,1.,0.,0.,1.,0.,        655P    569
0.,1.;                                                               655P    570
110,0.5,-1.425,0.2,0.5,-1.425,0.35;                                  657P    571
126,1,1,1,0,1,0,0.,0.,1.,1.,1.,1.,0.,1.,0.,0.,0.,0.,0.,1.,0.,        659P    572
0.,1.;                                                               659P    573
110,0.5,-1.425,0.35,0.5,-2.475,0.35;                                 661P    574
126,1,1,1,0,1,0,0.,0.,1.,1.,1.,1.,0.,0.,0.,1.,0.,0.,0.,1.,0.,        663P    575
0.,1.;                                                               663P    576
110,0.5,-2.475,0.35,0.5,-2.475,0.2;                                  665P    577
126,1,1,1,0,1,0,0.,0.,1.,1.,1.,1.,1.,0.,0.,1.,1.,0.,0.,1.,0.,        667P    578
0.,1.;                                                               667P    579
110,0.5,-2.475,0.2,0.5,-1.425,0.2;                                   669P    580
102,4,655,659,663,667;                                               671P    581
102,4,657,661,665,669;                                               673P    582
142,1,653,671,673,1;                                                 675P    583
144,653,1,0,675;                                                     677P    584
314,100.,100.,100.,;                                                 679P    585
128,1,1,1,1,0,0,1,0,0,0.,0.,1.,1.,0.,0.,1.,1.,1.,1.,1.,1.,0.5,       681P    586
-1.425,0.2,-0.5,-1.425,0.2,0.5,-1.425,0.35,-0.5,-1.425,0.35,0.,      681P    587
1.,0.,1.;                                                            681P    588
126,1,1,1,0,1,0,0.,0.,1.,1.,1.,1.,1.,0.,0.,1.,1.,0.,0.,1.,0.,        683P    589
0.,1.;                                                               683P    590
110,-0.5,-1.425,0.2,-0.5,-1.425,0.35;                                685P    591
126,1,1,1,0,1,0,0.,0.,1.,1.,1.,1.,1.,1.,0.,0.,1.,0.,0.,1.,0.,        687P    592
0.,1.;                                                               687P    593
110,-0.5,-1.425,0.35,0.5,-1.425,0.35;                                689P    594
126,1,1,1,0,1,0,0.,0.,1.,1.,1.,1.,0.,1.,0.,0.,0.,0.,0.,1.,0.,        691P    595
0.,1.;                                                               691P    596
110,0.5,-1.425,0.35,0.5,-1.425,0.2;                                  693P    597
126,1,1,1,0,1,0,0.,0.,1.,1.,1.,1.,0.,0.,0.,1.,0.,0.,0.,1.,0.,        695P    598
0.,1.;                                                               695P    599
110,0.5,-1.425,0.2,-0.5,-1.425,0.2;                                  697P    600
102,4,683,687,691,695;                                               699P    601
102,4,685,689,693,697;                                               701P    602
142,1,681,699,701,1;                                                 703P    603
144,681,1,0,703;                                                     705P    604
314,100.,100.,100.,;                                                 707P    605
128,1,1,1,1,0,0,1,0,0,0.,0.,1.,1.,0.,0.,1.,1.,1.,1.,1.,1.,0.5,       709P    606
-2.475,0.35,-0.5,-2.475,0.35,0.5,-1.425,0.35,-0.5,-1.425,0.35,       709P    607
0.,1.,0.,1.;                                                         709P    608
126,1,1,1,0,1,0,0.,0.,1.,1.,1.,1.,1.,0.,0.,1.,1.,0.,0.,1.,0.,        711P    609
0.,1.;                                                               711P    610
110,-0.5,-2.475,0.35,-0.5,-1.425,0.35;                               713P    611
126,1,1,1,0,1,0,0.,0.,1.,1.,1.,1.,1.,1.,0.,0.,1.,0.,0.,1.,0.,        715P    612
0.,1.;                                                               715P    613
110,-0.5,-1.425,0.35,0.5,-1.425,0.35;                                717P    614
126,1,1,1,0,1,0,0.,0.,1.,1.,1.,1.,0.,1.,0.,0.,0.,0.,0.,1.,0.,        719P    615
0.,1.;                                                               719P    616
110,0.5,-1.425,0.35,0.5,-2.475,0.35;                                 721P    617
126,1,1,1,0,1,0,0.,0.,1.,1.,1.,1.,0.,0.,0.,1.,0.,0.,0.,1.,0.,        723P    618
0.,1.;                                                               723P    619
110,0.5,-2.475,0.35,-0.5,-2.475,0.35;                                725P    620
102,4,711,715,719,723;                                               727P    621
102,4,713,717,721,725;                                               729P    622
142,1,709,727,729,1;                                                 731P    623
144,709,1,0,731;                                                     733P    624
314,100.,100.,100.,;                                                 735P    625
110,0.,0.,0.35,0.,0.,-999.65;                                        737P    626
110,-0.573059149,0.,0.35,-0.573059149,0.,0.2;                        739P    627
120,737,739,0.,6.28318530717959;                                     741P    628
126,1,1,1,0,1,0,0.,0.,1.,1.,1.,1.,1.,3.141592654,0.,1.,0.,0.,        743P    629
0.,1.,0.,0.,1.;                                                      743P    630
100,0.2,0.,0.,0.573059149,0.,-0.573059149,0.;                        745P    631
126,1,1,1,0,1,0,0.,0.,1.,1.,1.,1.,1.,0.,0.,0.,0.,0.,0.,1.,0.,        747P    632
0.,1.;                                                               747P    633
110,-0.573059149,0.,0.2,-0.573059149,0.,0.35;                        749P    634
126,1,1,1,0,1,0,0.,0.,1.,1.,1.,1.,0.,0.,0.,0.,3.141592654,0.,        751P    635
0.,1.,0.,0.,1.;                                                      751P    636
124,-1.,-7.22789203751574E-15,8.55166289179392E-31,                  753P    637
-1.65156158545782E-30,-7.22789203751574E-15,1.,                      753P    638
-6.98296267768627E-15,2.44403693719019E-15,                          753P    639
4.96169340471388E-29,-6.98296267768627E-15,-1.,0.7;                  753P    640
100,0.35,0.,0.,0.573059149,0.,-0.573059149,0.;                       755P    641
126,1,1,1,0,1,0,0.,0.,1.,1.,1.,1.,0.,3.141592654,0.,1.,              757P    642
3.141592654,0.,0.,1.,0.,0.,1.;                                       757P    643
110,0.573059149,0.,0.35,0.573059149,0.,0.2;                          759P    644
102,4,743,747,751,757;                                               761P    645
102,4,745,749,755,759;                                               763P    646
142,1,741,761,763,1;                                                 765P    647
144,741,1,0,765;                                                     767P    648
314,100.,100.,100.,;                                                 769P    649
128,1,1,1,1,0,0,1,0,0,0.,0.,1.,1.,0.,0.,1.,1.,1.,1.,1.,1.,           771P    650
0.579935858,-0.579935858,0.35,-0.579935858,-0.579935858,0.35,        771P    651
0.579935858,0.579935858,0.35,-0.579935858,0.579935858,0.35,0.,       771P    652
1.,0.,1.;                                                            771P    653
126,16,2,1,0,1,0,0.,0.,0.,0.125,0.125,0.25,0.25,0.375,0.375,         773P    654
0.5,0.5,0.625,0.625,0.75,0.75,0.875,0.875,1.,1.,1.,1.,1.,1.,1.,      773P    655
1.,1.,1.,1.,1.,1.,1.,1.,1.,1.,1.,1.,1.,0.994071146,0.5,0.,           773P    656
0.994071146,0.598276861,0.,0.95646222,0.689072842,0.,                773P    657
0.918853293,0.779868823,0.,0.849361058,0.849361058,0.,               773P    658
0.779868823,0.918853293,0.,0.689072842,0.95646222,0.,                773P    659
0.598276861,0.994071146,0.,0.5,0.994071146,0.,0.401723139,           773P    660
0.994071146,0.,0.310927158,0.95646222,0.,0.220131177,                773P    661
0.918853293,0.,0.150638942,0.849361058,0.,0.081146707,               773P    662
0.779868823,0.,0.04353778,0.689072842,0.,0.005928854,                773P    663
0.598276861,0.,0.005928854,0.5,0.,0.,1.,0.,0.,-1.;                   773P    664
124,-1.,-7.22789203751574E-15,8.55166289179392E-31,                  775P    665
-1.65156158545782E-30,-7.22789203751574E-15,1.,                      775P    666
-6.98296267768627E-15,2.44403693719019E-15,                          775P    667
4.96169340471388E-29,-6.98296267768627E-15,-1.,0.7;                  775P    668
100,0.35,0.,0.,0.573059149,0.,-0.573059149,0.;                       777P    669
126,16,2,1,0,1,0,0.,0.,0.,0.125,0.125,0.25,0.25,0.375,0.375,         779P    670
0.5,0.5,0.625,0.625,0.75,0.75,0.875,0.875,1.,1.,1.,1.,1.,1.,1.,      779P    671
1.,1.,1.,1.,1.,1.,1.,1.,1.,1.,1.,1.,1.,0.005928854,0.5,0.,           779P    672
0.005928854,0.401723139,0.,0.04353778,0.310927158,0.,                779P    673
0.081146707,0.220131177,0.,0.150638942,0.150638942,0.,               779P    674
0.220131177,0.081146707,0.,0.310927158,0.04353778,0.,                779P    675
0.401723139,0.005928854,0.,0.5,0.005928854,0.,0.598276861,           779P    676
0.005928854,0.,0.689072842,0.04353778,0.,0.779868823,                779P    677
0.081146707,0.,0.849361058,0.150638942,0.,0.918853293,               779P    678
0.220131177,0.,0.95646222,0.310927158,0.,0.994071146,                779P    679
0.401723139,0.,0.994071146,0.5,0.,0.,1.,0.,0.,-1.;                   779P    680
124,1.,-7.105427357601E-15,0.,-1.32934168647677E-30,                 781P    681
-7.105427357601E-15,-1.,6.98296267768627E-15,                        781P    682
-2.81821335743175E-15,-4.96169340471387E-29,                         781P    683
-6.98296267768627E-15,-1.,0.7;                                       781P    684
100,0.35,0.,0.,0.573059149,0.,-0.573059149,0.;                       783P    685
102,2,773,779;                                                       785P    686
102,2,777,783;                                                       787P    687
142,1,771,785,787,1;                                                 789P    688
144,771,1,0,789;                                                     791P    689
314,100.,100.,100.,;                                                 793P    690
128,1,1,1,1,0,0,1,0,0,0.,0.,1.,1.,0.,0.,1.,1.,1.,1.,1.,1.,-0.5,      795P    691
2.475,0.2,-0.5,1.425,0.2,-0.5,2.475,0.35,-0.5,1.425,0.35,0.,1.,      795P    692
0.,1.;                                                               795P    693
126,1,1,1,0,1,0,0.,0.,1.,1.,1.,1.,1.,0.,0.,1.,1.,0.,0.,1.,0.,        797P    694
0.,1.;                                                               797P    695
110,-0.5,1.425,0.2,-0.5,1.425,0.35;                                  799P    696
126,1,1,1,0,1,0,0.,0.,1.,1.,1.,1.,1.,1.,0.,0.,1.,0.,0.,1.,0.,        801P    697
0.,1.;                                                               801P    698
110,-0.5,1.425,0.35,-0.5,2.475,0.35;                                 803P    699
126,1,1,1,0,1,0,0.,0.,1.,1.,1.,1.,0.,1.,0.,0.,0.,0.,0.,1.,0.,        805P    700
0.,1.;                                                               805P    701
110,-0.5,2.475,0.35,-0.5,2.475,0.2;                                  807P    702
126,1,1,1,0,1,0,0.,0.,1.,1.,1.,1.,0.,0.,0.,1.,0.,0.,0.,1.,0.,        809P    703
0.,1.;                                                               809P    704
110,-0.5,2.475,0.2,-0.5,1.425,0.2;                                   811P    705
102,4,797,801,805,809;                                               813P    706
102,4,799,803,807,811;                                               815P    707
142,1,795,813,815,1;                                                 817P    708
144,795,1,0,817;                                                     819P    709
314,100.,100.,100.,;                                                 821P    710
128,1,1,1,1,0,0,1,0,0,0.,0.,1.,1.,0.,0.,1.,1.,1.,1.,1.,1.,-0.5,      823P    711
1.425,0.2,0.5,1.425,0.2,-0.5,1.425,0.35,0.5,1.425,0.35,0.,1.,        823P    712
0.,1.;                                                               823P    713
126,1,1,1,0,1,0,0.,0.,1.,1.,1.,1.,1.,0.,0.,1.,1.,0.,0.,1.,0.,        825P    714
0.,1.;                                                               825P    715
110,0.5,1.425,0.2,0.5,1.425,0.35;                                    827P    716
126,1,1,1,0,1,0,0.,0.,1.,1.,1.,1.,1.,1.,0.,0.,1.,0.,0.,1.,0.,        829P    717
0.,1.;                                                               829P    718
110,0.5,1.425,0.35,-0.5,1.425,0.35;                                  831P    719
126,1,1,1,0,1,0,0.,0.,1.,1.,1.,1.,0.,1.,0.,0.,0.,0.,0.,1.,0.,        833P    720
0.,1.;                                                               833P    721
110,-0.5,1.425,0.35,-0.5,1.425,0.2;                                  835P    722
126,1,1,1,0,1,0,0.,0.,1.,1.,1.,1.,0.,0.,0.,1.,0.,0.,0.,1.,0.,        837P    723
0.,1.;                                                               837P    724
110,-0.5,1.425,0.2,0.5,1.425,0.2;                                    839P    725
102,4,825,829,833,837;                                               841P    726
102,4,827,831,835,839;                                               843P    727
142,1,823,841,843,1;                                                 845P    728
144,823,1,0,845;                                                     847P    729
314,100.,100.,100.,;                                                 849P    730
128,1,1,1,1,0,0,1,0,0,0.,0.,1.,1.,0.,0.,1.,1.,1.,1.,1.,1.,0.5,       851P    731
1.425,0.2,0.5,2.475,0.2,0.5,1.425,0.35,0.5,2.475,0.35,0.,1.,0.,      851P    732
1.;                                                                  851P    733
126,1,1,1,0,1,0,0.,0.,1.,1.,1.,1.,1.,0.,0.,1.,1.,0.,0.,1.,0.,        853P    734
0.,1.;                                                               853P    735
110,0.5,2.475,0.2,0.5,2.475,0.35;                                    855P    736
126,1,1,1,0,1,0,0.,0.,1.,1.,1.,1.,1.,1.,0.,0.,1.,0.,0.,1.,0.,        857P    737
0.,1.;                                                               857P    738
110,0.5,2.475,0.35,0.5,1.425,0.35;                                   859P    739
126,1,1,1,0,1,0,0.,0.,1.,1.,1.,1.,0.,1.,0.,0.,0.,0.,0.,1.,0.,        861P    740
0.,1.;                                                               861P    741
110,0.5,1.425,0.35,0.5,1.425,0.2;                                    863P    742
126,1,1,1,0,1,0,0.,0.,1.,1.,1.,1.,0.,0.,0.,1.,0.,0.,0.,1.,0.,        865P    743
0.,1.;                                                               865P    744
110,0.5,1.425,0.2,0.5,2.475,0.2;                                     867P    745
102,4,853,857,861,865;                                               869P    746
102,4,855,859,863,867;                                               871P    747
142,1,851,869,871,1;                                                 873P    748
144,851,1,0,873;                                                     875P    749
314,100.,100.,100.,;                                                 877P    750
128,1,1,1,1,0,0,1,0,0,0.,0.,1.,1.,0.,0.,1.,1.,1.,1.,1.,1.,0.5,       879P    751
1.425,0.35,-0.5,1.425,0.35,0.5,2.475,0.35,-0.5,2.475,0.35,0.,        879P    752
1.,0.,1.;                                                            879P    753
126,1,1,1,0,1,0,0.,0.,1.,1.,1.,1.,1.,1.,0.,0.,1.,0.,0.,1.,0.,        881P    754
0.,1.;                                                               881P    755
110,-0.5,2.475,0.35,0.5,2.475,0.35;                                  883P    756
126,1,1,1,0,1,0,0.,0.,1.,1.,1.,1.,0.,1.,0.,0.,0.,0.,0.,1.,0.,        885P    757
0.,1.;                                                               885P    758
110,0.5,2.475,0.35,0.5,1.425,0.35;                                   887P    759
126,1,1,1,0,1,0,0.,0.,1.,1.,1.,1.,0.,0.,0.,1.,0.,0.,0.,1.,0.,        889P    760
0.,1.;                                                               889P    761
110,0.5,1.425,0.35,-0.5,1.425,0.35;                                  891P    762
126,1,1,1,0,1,0,0.,0.,1.,1.,1.,1.,1.,0.,0.,1.,1.,0.,0.,1.,0.,        893P    763
0.,1.;                                                               893P    764
110,-0.5,1.425,0.35,-0.5,2.475,0.35;                                 895P    765
102,4,881,885,889,893;                                               897P    766
102,4,883,887,891,895;                                               899P    767
142,1,879,897,899,1;                                                 901P    768
144,879,1,0,901;                                                     903P    769
314,66.6666666666667,69.8039215686274,76.8627450980392,;             905P    770
110,2.2,-2.475,0.5,-997.8,-2.475,0.5;                                907P    771
110,2.2,-2.475,0.7,0.9,-2.475,0.7;                                   909P    772
120,907,909,0.,6.28318530717959;                                     911P    773
126,1,1,1,0,1,0,0.,0.,1.,1.,1.,1.,1.,6.283185307,0.,1.,              913P    774
4.71238898,0.,0.,1.,0.,0.,1.;                                        913P    775
124,-6.12323399573677E-17,8.62665088092701E-31,1.,                   915P    776
0.400000000000001,-1.40883900352873E-14,-1.,0.,                      915P    777
-4.94999999999999,1.,-1.40883900352873E-14,                          915P    778
6.12323399573677E-17,-0.400000000000035;                             915P    779
100,0.5,0.9,-2.475,1.1,-2.475,0.9,-2.275;                            917P    780
126,1,1,1,0,1,0,0.,0.,1.,1.,1.,1.,1.,4.71238898,0.,0.,               919P    781
4.71238898,0.,0.,1.,0.,0.,1.;                                        919P    782
110,0.9,-2.675,0.5,2.2,-2.675,0.5;                                   921P    783
126,1,1,1,0,1,0,0.,0.,1.,1.,1.,1.,0.,4.71238898,0.,0.,               923P    784
6.283185307,0.,0.,1.,0.,0.,1.;                                       923P    785
124,8.58915688636046E-31,6.12323399573677E-17,-1.,2.7,-1.,           925P    786
1.40271576953299E-14,0.,-0.274999999999965,                          925P    787
1.40271576953299E-14,1.,6.12323399573677E-17,2.97499999999997;       925P    788
100,0.5,2.2,-2.475,2.4,-2.475,2.2,-2.275;                            927P    789
126,1,1,1,0,1,0,0.,0.,1.,1.,1.,1.,0.,6.283185307,0.,1.,              929P    790
6.283185307,0.,0.,1.,0.,0.,1.;                                       929P    791
110,2.2,-2.475,0.7,0.9,-2.475,0.7;                                   931P    792
102,4,913,919,923,929;                                               933P    793
102,4,917,921,927,931;                                               935P    794
142,1,911,933,935,1;                                                 937P    795
144,911,1,0,937;                                                     939P    796
314,66.6666666666667,69.8039215686274,76.8627450980392,;             941P    797
128,1,1,1,1,0,0,1,0,0,0.,0.,1.,1.,0.,0.,1.,1.,1.,1.,1.,1.,0.9,       943P    798
-2.675,0.2,0.9,-2.675,0.5,2.2,-2.675,0.2,2.2,-2.675,0.5,0.,1.,       943P    799
0.,1.;                                                               943P    800
126,1,1,1,0,1,0,0.,0.,1.,1.,1.,1.,1.,0.,0.,1.,1.,0.,0.,1.,0.,        945P    801
0.,1.;                                                               945P    802
110,0.9,-2.675,0.5,2.2,-2.675,0.5;                                   947P    803
126,1,1,1,0,1,0,0.,0.,1.,1.,1.,1.,1.,1.,0.,0.,1.,0.,0.,1.,0.,        949P    804
0.,1.;                                                               949P    805
110,2.2,-2.675,0.5,2.2,-2.675,0.2;                                   951P    806
126,1,1,1,0,1,0,0.,0.,1.,1.,1.,1.,0.,1.,0.,0.,0.,0.,0.,1.,0.,        953P    807
0.,1.;                                                               953P    808
110,2.2,-2.675,0.2,0.9,-2.675,0.2;                                   955P    809
126,1,1,1,0,1,0,0.,0.,1.,1.,1.,1.,0.,0.,0.,1.,0.,0.,0.,1.,0.,        957P    810
0.,1.;                                                               957P    811
110,0.9,-2.675,0.2,0.9,-2.675,0.5;                                   959P    812
102,4,945,949,953,957;                                               961P    813
102,4,947,951,955,959;                                               963P    814
142,1,943,961,963,1;                                                 965P    815
144,943,1,0,965;                                                     967P    816
314,66.6666666666667,69.8039215686274,76.8627450980392,;             969P    817
110,2.2,-2.475,0.2,-997.8,-2.475,0.2;                                971P    818
110,2.2,-2.475,0.4,0.9,-2.475,0.4;                                   973P    819
120,971,973,0.,6.28318530717959;                                     975P    820
126,1,1,1,0,1,0,0.,0.,1.,1.,1.,1.,1.,4.71238898,0.,1.,               977P    821
3.141592654,0.,0.,1.,0.,0.,1.;                                       977P    822
124,8.58915688636046E-31,6.12323399573677E-17,1.,0.7,-1.,            979P    823
1.40271576953299E-14,0.,-1.57499999999997,                           979P    824
-1.40271576953299E-14,-1.,6.12323399573677E-17,                      979P    825
-2.27499999999999;                                                   979P    826
100,0.2,0.9,-2.475,1.1,-2.475,0.9,-2.275;                            981P    827
126,1,1,1,0,1,0,0.,0.,1.,1.,1.,1.,1.,3.141592654,0.,0.,              983P    828
3.141592654,0.,0.,1.,0.,0.,1.;                                       983P    829
110,0.9,-2.475,0.,2.2,-2.475,0.;                                     985P    830
126,1,1,1,0,1,0,0.,0.,1.,1.,1.,1.,0.,3.141592654,0.,0.,              987P    831
4.71238898,0.,0.,1.,0.,0.,1.;                                        987P    832
124,-6.12323399573677E-17,4.27583144589696E-31,-1.,2.4,              989P    833
-6.98296267768627E-15,-1.,0.,-4.94999999999999,-1.,                  989P    834
6.98296267768627E-15,6.12323399573677E-17,2.40000000000002;          989P    835
100,0.2,2.2,-2.475,2.4,-2.475,2.2,-2.275;                            991P    836
126,1,1,1,0,1,0,0.,0.,1.,1.,1.,1.,0.,4.71238898,0.,1.,               993P    837
4.71238898,0.,0.,1.,0.,0.,1.;                                        993P    838
110,2.2,-2.675,0.2,0.9,-2.675,0.2;                                   995P    839
102,4,977,983,987,993;                                               997P    840
102,4,981,985,991,995;                                               999P    841
142,1,975,997,999,1;                                                1001P    842
144,975,1,0,1001;                                                   1003P    843
314,66.6666666666667,69.8039215686274,76.8627450980392,;            1005P    844
128,1,1,1,1,0,0,1,0,0,0.,0.,1.,1.,0.,0.,1.,1.,1.,1.,1.,1.,0.9,      1007P    845
-2.475,0.,2.2,-2.475,0.,0.9,-1.625,0.,2.2,-1.625,0.,0.,1.,0.,       1007P    846
1.;                                                                 1007P    847
126,1,1,1,0,1,0,0.,0.,1.,1.,1.,1.,0.,0.,0.,1.,0.,0.,0.,1.,0.,       1009P    848
0.,1.;                                                              1009P    849
110,0.9,-2.475,0.,2.2,-2.475,0.;                                    1011P    850
126,1,1,1,0,1,0,0.,0.,1.,1.,1.,1.,1.,0.,0.,1.,1.,0.,0.,1.,0.,       1013P    851
0.,1.;                                                              1013P    852
110,2.2,-2.475,0.,2.2,-1.625,0.;                                    1015P    853
126,1,1,1,0,1,0,0.,0.,1.,1.,1.,1.,1.,1.,0.,0.,1.,0.,0.,1.,0.,       1017P    854
0.,1.;                                                              1017P    855
110,2.2,-1.625,0.,0.9,-1.625,0.;                                    1019P    856
126,1,1,1,0,1,0,0.,0.,1.,1.,1.,1.,0.,1.,0.,0.,0.,0.,0.,1.,0.,       1021P    857
0.,1.;                                                              1021P    858
110,0.9,-1.625,0.,0.9,-2.475,0.;                                    1023P    859
102,4,1009,1013,1017,1021;                                          1025P    860
102,4,1011,1015,1019,1023;                                          1027P    861
142,1,1007,1025,1027,1;                                             1029P    862
144,1007,1,0,1029;                                                  1031P    863
314,66.6666666666667,69.8039215686274,76.8627450980392,;            1033P    864
110,2.2,-1.625,0.2,-997.8,-1.625,0.2;                               1035P    865
110,2.2,-1.625,0.4,0.9,-1.625,0.4;                                  1037P    866
120,1035,1037,0.,6.28318530717959;                                  1039P    867
126,1,1,1,0,1,0,0.,0.,1.,1.,1.,1.,1.,3.141592654,0.,1.,             1041P    868
1.570796327,0.,0.,1.,0.,0.,1.;                                      1041P    869
124,6.12323399573677E-17,0.,1.,0.7,0.,1.,0.,0.,-1.,0.,              1043P    870
6.12323399573677E-17,1.1;                                           1043P    871
100,0.2,0.9,-1.625,1.1,-1.625,0.9,-1.425;                           1045P    872
126,1,1,1,0,1,0,0.,0.,1.,1.,1.,1.,1.,1.570796327,0.,0.,             1047P    873
1.570796327,0.,0.,1.,0.,0.,1.;                                      1047P    874
110,0.9,-1.425,0.2,2.2,-1.425,0.2;                                  1049P    875
126,1,1,1,0,1,0,0.,0.,1.,1.,1.,1.,0.,1.570796327,0.,0.,             1051P    876
3.141592654,0.,0.,1.,0.,0.,1.;                                      1051P    877
124,3.74939945665464E-33,-6.12323399573677E-17,-1.,2.4,1.,          1053P    878
6.12323399573677E-17,0.,-3.825,6.12323399573677E-17,-1.,            1053P    879
6.12323399573677E-17,-1.425;                                        1053P    880
100,0.2,2.2,-1.625,2.4,-1.625,2.2,-1.425;                           1055P    881
126,1,1,1,0,1,0,0.,0.,1.,1.,1.,1.,0.,3.141592654,0.,1.,             1057P    882
3.141592654,0.,0.,1.,0.,0.,1.;                                      1057P    883
110,2.2,-1.625,0.,0.9,-1.625,0.;                                    1059P    884
102,4,1041,1047,1051,1057;                                          1061P    885
102,4,1045,1049,1055,1059;                                          1063P    886
142,1,1039,1061,1063,1;                                             1065P    887
144,1039,1,0,1065;                                                  1067P    888
314,66.6666666666667,69.8039215686274,76.8627450980392,;            1069P    889
128,1,1,1,1,0,0,1,0,0,0.,0.,1.,1.,0.,0.,1.,1.,1.,1.,1.,1.,2.2,      1071P    890
-2.675,0.7042,2.2,-2.675,0.,2.2,-1.4175,0.7042,2.2,-1.4175,0.,      1071P    891
0.,1.,0.,1.;                                                        1071P    892
126,8,2,1,0,1,0,0.,0.,0.,0.25,0.25,0.5,0.5,0.75,0.75,1.,1.,1.,      1073P    893
1.,1.,1.,1.,1.,1.,1.,1.,1.,0.005964215,0.159045726,0.,              1073P    894
0.005964215,0.127409564,0.,0.027583206,0.098181561,0.,              1073P    895
0.049202197,0.068953559,0.,0.089148884,0.046583415,0.,              1073P    896
0.12909557,0.02421327,0.,0.181288432,0.012106635,0.,                1073P    897
0.233481293,0.,0.,0.289974439,0.,0.,0.,1.,0.,0.,-1.;                1073P    898
124,-6.12323399573677E-17,4.27583144589696E-31,1.,1.7,              1075P    899
-6.98296267768627E-15,-1.,0.,-4.94999999999998,1.,                  1075P    900
-6.98296267768627E-15,6.12323399573677E-17,-1.70000000000002;       1075P    901
100,0.5,2.2,-2.475,2.4,-2.475,2.2,-2.275;                           1077P    902
126,1,1,1,0,1,0,0.,0.,1.,1.,1.,1.,0.289974439,0.,0.,                1079P    903
0.715989776,0.,0.,0.,1.,0.,0.,1.;                                   1079P    904
110,2.2,-2.675,0.5,2.2,-2.675,0.2;                                  1081P    905
126,8,2,1,0,1,0,0.,0.,0.,0.25,0.25,0.5,0.5,0.75,0.75,1.,1.,1.,      1083P    906
1.,1.,1.,1.,1.,1.,1.,1.,1.,0.715989776,0.,0.,0.772482922,0.,0.,     1083P    907
0.824675783,0.012106635,0.,0.876868645,0.02421327,0.,               1083P    908
0.916815331,0.046583415,0.,0.956762018,0.068953559,0.,              1083P    909
0.978381009,0.098181561,0.,1.,0.127409564,0.,1.,0.159045726,0.,     1083P    910
0.,1.,0.,0.,-1.;                                                    1083P    911
124,8.58915688636046E-31,6.12323399573677E-17,1.,2.,-1.,            1085P    912
1.40271576953299E-14,0.,-0.274999999999966,                         1085P    913
-1.40271576953299E-14,-1.,6.12323399573677E-17,                     1085P    914
-2.27499999999997;                                                  1085P    915
100,0.2,2.2,-2.475,2.4,-2.475,2.2,-2.275;                           1087P    916
126,1,1,1,0,1,0,0.,0.,1.,1.,1.,1.,1.,0.159045726,0.,1.,             1089P    917
0.83499006,0.,0.,1.,0.,0.,1.;                                       1089P    918
110,2.2,-2.475,0.,2.2,-1.625,0.;                                    1091P    919
126,8,2,1,0,1,0,0.,0.,0.,0.25,0.25,0.5,0.5,0.75,0.75,1.,1.,1.,      1093P    920
1.,1.,1.,1.,1.,1.,1.,1.,1.,1.,0.83499006,0.,1.,0.866626221,0.,      1093P    921
0.978381009,0.895854224,0.,0.956762018,0.925082226,0.,              1093P    922
0.916815331,0.947452371,0.,0.876868645,0.969822515,0.,              1093P    923
0.824675783,0.98192915,0.,0.772482922,0.994035785,0.,               1093P    924
0.715989776,0.994035785,0.,0.,1.,0.,0.,-1.;                         1093P    925
124,6.12323399573677E-17,0.,1.,2.,0.,1.,0.,0.,-1.,0.,               1095P    926
6.12323399573677E-17,2.4;                                           1095P    927
100,0.2,2.2,-1.625,2.4,-1.625,2.2,-1.425;                           1097P    928
126,1,1,1,0,1,0,0.,0.,1.,1.,1.,1.,0.715989776,0.994035785,0.,       1099P    929
0.715989776,0.159045726,0.,0.,1.,0.,0.,1.;                          1099P    930
110,2.2,-1.425,0.2,2.2,-2.475,0.2;                                  1101P    931
126,1,1,1,0,1,0,0.,0.,1.,1.,1.,1.,0.715989776,0.159045726,0.,       1103P    932
0.005964215,0.159045726,0.,0.,1.,0.,0.,1.;                          1103P    933
110,2.2,-2.475,0.2,2.2,-2.475,0.7;                                  1105P    934
102,7,1073,1079,1083,1089,1093,1099,1103;                           1107P    935
102,7,1077,1081,1087,1091,1097,1101,1105;                           1109P    936
142,1,1071,1107,1109,1;                                             1111P    937
144,1071,1,0,1111;                                                  1113P    938
314,66.6666666666667,69.8039215686274,76.8627450980392,;            1115P    939
128,1,1,1,1,0,0,1,0,0,0.,0.,1.,1.,0.,0.,1.,1.,1.,1.,1.,1.,0.9,      1117P    940
-2.675,0.7042,0.9,-2.675,0.,0.9,-1.4175,0.7042,0.9,-1.4175,0.,      1117P    941
0.,1.,0.,1.;                                                        1117P    942
126,1,1,1,0,1,0,0.,0.,1.,1.,1.,1.,0.289974439,0.,0.,                1119P    943
0.715989776,0.,0.,0.,1.,0.,0.,1.;                                   1119P    944
110,0.9,-2.675,0.5,0.9,-2.675,0.2;                                  1121P    945
126,8,2,1,0,1,0,0.,0.,0.,0.25,0.25,0.5,0.5,0.75,0.75,1.,1.,1.,      1123P    946
1.,1.,1.,1.,1.,1.,1.,1.,1.,0.715989776,0.,0.,0.772482922,0.,0.,     1123P    947
0.824675783,0.012106635,0.,0.876868645,0.02421327,0.,               1123P    948
0.916815331,0.046583415,0.,0.956762018,0.068953559,0.,              1123P    949
0.978381009,0.098181561,0.,1.,0.127409564,0.,1.,0.159045726,0.,     1123P    950
0.,1.,0.,0.,-1.;                                                    1123P    951
124,8.58915688636046E-31,6.12323399573677E-17,1.,0.7,-1.,           1125P    952
1.40271576953299E-14,0.,-1.57499999999997,                          1125P    953
-1.40271576953299E-14,-1.,6.12323399573677E-17,                     1125P    954
-2.27499999999999;                                                  1125P    955
100,0.2,0.9,-2.475,1.1,-2.475,0.9,-2.275;                           1127P    956
126,1,1,1,0,1,0,0.,0.,1.,1.,1.,1.,1.,0.159045726,0.,1.,             1129P    957
0.83499006,0.,0.,1.,0.,0.,1.;                                       1129P    958
110,0.9,-2.475,0.,0.9,-1.625,0.;                                    1131P    959
126,8,2,1,0,1,0,0.,0.,0.,0.25,0.25,0.5,0.5,0.75,0.75,1.,1.,1.,      1133P    960
1.,1.,1.,1.,1.,1.,1.,1.,1.,1.,0.83499006,0.,1.,0.866626221,0.,      1133P    961
0.978381009,0.895854224,0.,0.956762018,0.925082226,0.,              1133P    962
0.916815331,0.947452371,0.,0.876868645,0.969822515,0.,              1133P    963
0.824675783,0.98192915,0.,0.772482922,0.994035785,0.,               1133P    964
0.715989776,0.994035785,0.,0.,1.,0.,0.,-1.;                         1133P    965
124,6.12323399573677E-17,0.,1.,0.7,0.,1.,0.,0.,-1.,0.,              1135P    966
6.12323399573677E-17,1.1;                                           1135P    967
100,0.2,0.9,-1.625,1.1,-1.625,0.9,-1.425;                           1137P    968
126,1,1,1,0,1,0,0.,0.,1.,1.,1.,1.,0.715989776,0.994035785,0.,       1139P    969
0.715989776,0.159045726,0.,0.,1.,0.,0.,1.;                          1139P    970
110,0.9,-1.425,0.2,0.9,-2.475,0.2;                                  1141P    971
126,1,1,1,0,1,0,0.,0.,1.,1.,1.,1.,0.715989776,0.159045726,0.,       1143P    972
0.005964215,0.159045726,0.,0.,1.,0.,0.,1.;                          1143P    973
110,0.9,-2.475,0.2,0.9,-2.475,0.7;                                  1145P    974
126,8,2,1,0,1,0,0.,0.,0.,0.25,0.25,0.5,0.5,0.75,0.75,1.,1.,1.,      1147P    975
1.,1.,1.,1.,1.,1.,1.,1.,1.,0.005964215,0.159045726,0.,              1147P    976
0.005964215,0.127409564,0.,0.027583206,0.098181561,0.,              1147P    977
0.049202197,0.068953559,0.,0.089148884,0.046583415,0.,              1147P    978
0.12909557,0.02421327,0.,0.181288432,0.012106635,0.,                1147P    979
0.233481293,0.,0.,0.289974439,0.,0.,0.,1.,0.,0.,-1.;                1147P    980
124,-6.12323399573677E-17,8.62665088092701E-31,1.,                  1149P    981
0.400000000000001,-1.40883900352873E-14,-1.,0.,                     1149P    982
-4.94999999999999,1.,-1.40883900352873E-14,                         1149P    983
6.12323399573677E-17,-0.400000000000035;                            1149P    984
100,0.5,0.9,-2.475,1.1,-2.475,0.9,-2.275;                           1151P    985
102,7,1119,1123,1129,1133,1139,1143,1147;                           1153P    986
102,7,1121,1127,1131,1137,1141,1145,1151;                           1155P    987
142,1,1117,1153,1155,1;                                             1157P    988
144,1117,1,0,1157;                                                  1159P    989
314,66.6666666666667,69.8039215686274,76.8627450980392,;            1161P    990
110,2.2,2.475,0.5,-997.8,2.475,0.5;                                 1163P    991
110,2.2,2.475,0.7,0.9,2.475,0.7;                                    1165P    992
120,1163,1165,0.,6.28318530717959;                                  1167P    993
126,1,1,1,0,1,0,0.,0.,1.,1.,1.,1.,1.,1.570796327,0.,1.,0.,0.,       1169P    994
0.,1.,0.,0.,1.;                                                     1169P    995
124,3.74939945665464E-33,-6.12323399573677E-17,1.,                  1171P    996
0.400000000000001,1.,6.12323399573677E-17,0.,1.575,                 1171P    997
-6.12323399573677E-17,1.,6.12323399573677E-17,-1.975;               1171P    998
100,0.5,0.9,2.475,1.1,2.475,0.9,2.675;                              1173P    999
126,1,1,1,0,1,0,0.,0.,1.,1.,1.,1.,1.,0.,0.,0.,0.,0.,0.,1.,0.,       1175P   1000
0.,1.;                                                              1175P   1001
110,0.9,2.475,0.7,2.2,2.475,0.7;                                    1177P   1002
126,1,1,1,0,1,0,0.,0.,1.,1.,1.,1.,0.,0.,0.,0.,1.570796327,0.,       1179P   1003
0.,1.,0.,0.,1.;                                                     1179P   1004
124,6.12323399573677E-17,0.,-1.,2.7,0.,1.,0.,0.,1.,0.,              1181P   1005
6.12323399573677E-17,-1.7;                                          1181P   1006
100,0.5,2.2,2.475,2.4,2.475,2.2,2.675;                              1183P   1007
126,1,1,1,0,1,0,0.,0.,1.,1.,1.,1.,0.,1.570796327,0.,1.,             1185P   1008
1.570796327,0.,0.,1.,0.,0.,1.;                                      1185P   1009
110,2.2,2.675,0.5,0.9,2.675,0.5;                                    1187P   1010
102,4,1169,1175,1179,1185;                                          1189P   1011
102,4,1173,1177,1183,1187;                                          1191P   1012
142,1,1167,1189,1191,1;                                             1193P   1013
144,1167,1,0,1193;                                                  1195P   1014
314,66.6666666666667,69.8039215686274,76.8627450980392,;            1197P   1015
110,2.2,1.625,0.2,-997.8,1.625,0.2;                                 1199P   1016
110,2.2,1.625,0.4,0.9,1.625,0.4;                                    1201P   1017
120,1199,1201,0.,6.28318530717959;                                  1203P   1018
126,1,1,1,0,1,0,0.,0.,1.,1.,1.,1.,1.,4.71238898,0.,1.,              1205P   1019
3.141592654,0.,0.,1.,0.,0.,1.;                                      1205P   1020
124,8.04530445698171E-31,6.12323399573677E-17,1.,0.7,-1.,           1207P   1021
1.31389792756298E-14,0.,2.52499999999998,-1.31389792756298E-14,     1207P   1022
-1.,6.12323399573677E-17,1.82500000000001;                          1207P   1023
100,0.2,0.9,1.625,1.1,1.625,0.9,1.825;                              1209P   1024
126,1,1,1,0,1,0,0.,0.,1.,1.,1.,1.,1.,3.141592654,0.,0.,             1211P   1025
3.141592654,0.,0.,1.,0.,0.,1.;                                      1211P   1026
110,0.9,1.625,0.,2.2,1.625,0.;                                      1213P   1027
126,1,1,1,0,1,0,0.,0.,1.,1.,1.,1.,0.,3.141592654,0.,0.,             1215P   1028
4.71238898,0.,0.,1.,0.,0.,1.;                                       1215P   1029
124,-6.12323399573677E-17,4.27583144589696E-31,-1.,2.4,             1217P   1030
-6.98296267768627E-15,-1.,0.,3.25000000000002,-1.,                  1217P   1031
6.98296267768627E-15,6.12323399573677E-17,2.39999999999999;         1217P   1032
100,0.2,2.2,1.625,2.4,1.625,2.2,1.825;                              1219P   1033
126,1,1,1,0,1,0,0.,0.,1.,1.,1.,1.,0.,4.71238898,0.,1.,              1221P   1034
4.71238898,0.,0.,1.,0.,0.,1.;                                       1221P   1035
110,2.2,1.425,0.2,0.9,1.425,0.2;                                    1223P   1036
102,4,1205,1211,1215,1221;                                          1225P   1037
102,4,1209,1213,1219,1223;                                          1227P   1038
142,1,1203,1225,1227,1;                                             1229P   1039
144,1203,1,0,1229;                                                  1231P   1040
314,66.6666666666667,69.8039215686274,76.8627450980392,;            1233P   1041
128,1,1,1,1,0,0,1,0,0,0.,0.,1.,1.,0.,0.,1.,1.,1.,1.,1.,1.,0.9,      1235P   1042
1.625,0.,2.2,1.625,0.,0.9,2.475,0.,2.2,2.475,0.,0.,1.,0.,1.;        1235P   1043
126,1,1,1,0,1,0,0.,0.,1.,1.,1.,1.,0.,0.,0.,1.,0.,0.,0.,1.,0.,       1237P   1044
0.,1.;                                                              1237P   1045
110,0.9,1.625,0.,2.2,1.625,0.;                                      1239P   1046
126,1,1,1,0,1,0,0.,0.,1.,1.,1.,1.,1.,0.,0.,1.,1.,0.,0.,1.,0.,       1241P   1047
0.,1.;                                                              1241P   1048
110,2.2,1.625,0.,2.2,2.475,0.;                                      1243P   1049
126,1,1,1,0,1,0,0.,0.,1.,1.,1.,1.,1.,1.,0.,0.,1.,0.,0.,1.,0.,       1245P   1050
0.,1.;                                                              1245P   1051
110,2.2,2.475,0.,0.9,2.475,0.;                                      1247P   1052
126,1,1,1,0,1,0,0.,0.,1.,1.,1.,1.,0.,1.,0.,0.,0.,0.,0.,1.,0.,       1249P   1053
0.,1.;                                                              1249P   1054
110,0.9,2.475,0.,0.9,1.625,0.;                                      1251P   1055
102,4,1237,1241,1245,1249;                                          1253P   1056
102,4,1239,1243,1247,1251;                                          1255P   1057
142,1,1235,1253,1255,1;                                             1257P   1058
144,1235,1,0,1257;                                                  1259P   1059
314,66.6666666666667,69.8039215686274,76.8627450980392,;            1261P   1060
110,2.2,2.475,0.2,-997.8,2.475,0.2;                                 1263P   1061
110,2.2,2.475,0.4,0.9,2.475,0.4;                                    1265P   1062
120,1263,1265,0.,6.28318530717959;                                  1267P   1063
126,1,1,1,0,1,0,0.,0.,1.,1.,1.,1.,1.,3.141592654,0.,1.,             1269P   1064
1.570796327,0.,0.,1.,0.,0.,1.;                                      1269P   1065
124,6.12323399573677E-17,0.,1.,0.7,0.,1.,0.,0.,-1.,0.,              1271P   1066
6.12323399573677E-17,1.1;                                           1271P   1067
100,0.2,0.9,2.475,1.1,2.475,0.9,2.675;                              1273P   1068
126,1,1,1,0,1,0,0.,0.,1.,1.,1.,1.,1.,1.570796327,0.,0.,             1275P   1069
1.570796327,0.,0.,1.,0.,0.,1.;                                      1275P   1070
110,0.9,2.675,0.2,2.2,2.675,0.2;                                    1277P   1071
126,1,1,1,0,1,0,0.,0.,1.,1.,1.,1.,0.,1.570796327,0.,0.,             1279P   1072
3.141592654,0.,0.,1.,0.,0.,1.;                                      1279P   1073
124,3.74939945665464E-33,-6.12323399573677E-17,-1.,2.4,1.,          1281P   1074
6.12323399573677E-17,0.,0.275,6.12323399573677E-17,-1.,             1281P   1075
6.12323399573677E-17,2.675;                                         1281P   1076
100,0.2,2.2,2.475,2.4,2.475,2.2,2.675;                              1283P   1077
126,1,1,1,0,1,0,0.,0.,1.,1.,1.,1.,0.,3.141592654,0.,1.,             1285P   1078
3.141592654,0.,0.,1.,0.,0.,1.;                                      1285P   1079
110,2.2,2.475,0.,0.9,2.475,0.;                                      1287P   1080
102,4,1269,1275,1279,1285;                                          1289P   1081
102,4,1273,1277,1283,1287;                                          1291P   1082
142,1,1267,1289,1291,1;                                             1293P   1083
144,1267,1,0,1293;                                                  1295P   1084
314,66.6666666666667,69.8039215686274,76.8627450980392,;            1297P   1085
128,1,1,1,1,0,0,1,0,0,0.,0.,1.,1.,0.,0.,1.,1.,1.,1.,1.,1.,0.9,      1299P   1086
2.675,0.5,0.9,2.675,0.2,2.2,2.675,0.5,2.2,2.675,0.2,0.,1.,0.,       1299P   1087
1.;                                                                 1299P   1088
126,1,1,1,0,1,0,0.,0.,1.,1.,1.,1.,1.,0.,0.,1.,1.,0.,0.,1.,0.,       1301P   1089
0.,1.;                                                              1301P   1090
110,0.9,2.675,0.2,2.2,2.675,0.2;                                    1303P   1091
126,1,1,1,0,1,0,0.,0.,1.,1.,1.,1.,1.,1.,0.,0.,1.,0.,0.,1.,0.,       1305P   1092
0.,1.;                                                              1305P   1093
110,2.2,2.675,0.2,2.2,2.675,0.5;                                    1307P   1094
126,1,1,1,0,1,0,0.,0.,1.,1.,1.,1.,0.,1.,0.,0.,0.,0.,0.,1.,0.,       1309P   1095
0.,1.;                                                              1309P   1096
110,2.2,2.675,0.5,0.9,2.675,0.5;                                    1311P   1097
126,1,1,1,0,1,0,0.,0.,1.,1.,1.,1.,0.,0.,0.,1.,0.,0.,0.,1.,0.,       1313P   1098
0.,1.;                                                              1313P   1099
110,0.9,2.675,0.5,0.9,2.675,0.2;                                    1315P   1100
102,4,1301,1305,1309,1313;                                          1317P   1101
102,4,1303,1307,1311,1315;                                          1319P   1102
142,1,1299,1317,1319,1;                                             1321P   1103
144,1299,1,0,1321;                                                  1323P   1104
314,66.6666666666667,69.8039215686274,76.8627450980392,;            1325P   1105
128,1,1,1,1,0,0,1,0,0,0.,0.,1.,1.,0.,0.,1.,1.,1.,1.,1.,1.,2.2,      1327P   1106
1.4175,0.,2.2,1.4175,0.7042,2.2,2.675,0.,2.2,2.675,0.7042,0.,       1327P   1107
1.,0.,1.;                                                           1327P   1108
126,1,1,1,0,1,0,0.,0.,1.,1.,1.,1.,0.710025561,1.,0.,                1329P   1109
0.284010224,1.,0.,0.,1.,0.,0.,1.;                                   1329P   1110
110,2.2,2.675,0.5,2.2,2.675,0.2;                                    1331P   1111
126,8,2,1,0,1,0,0.,0.,0.,0.25,0.25,0.5,0.5,0.75,0.75,1.,1.,1.,      1333P   1112
1.,1.,1.,1.,1.,1.,1.,1.,1.,0.284010224,1.,0.,0.227517078,1.,0.,     1333P   1113
0.175324217,0.987893365,0.,0.123131355,0.97578673,0.,               1333P   1114
0.083184669,0.953416585,0.,0.043237982,0.931046441,0.,              1333P   1115
0.021618991,0.901818439,0.,0.,0.872590436,0.,0.,0.840954274,0.,     1333P   1116
0.,1.,0.,0.,-1.;                                                    1333P   1117
124,3.74939945665464E-33,-6.12323399573677E-17,-1.,2.4,1.,          1335P   1118
6.12323399573677E-17,0.,0.275,6.12323399573677E-17,-1.,             1335P   1119
6.12323399573677E-17,2.675;                                         1335P   1120
100,0.2,2.2,2.475,2.4,2.475,2.2,2.675;                              1337P   1121
126,1,1,1,0,1,0,0.,0.,1.,1.,1.,1.,0.,0.840954274,0.,0.,             1339P   1122
0.16500994,0.,0.,1.,0.,0.,1.;                                       1339P   1123
110,2.2,2.475,0.,2.2,1.625,0.;                                      1341P   1124
126,8,2,1,0,1,0,0.,0.,0.,0.25,0.25,0.5,0.5,0.75,0.75,1.,1.,1.,      1343P   1125
1.,1.,1.,1.,1.,1.,1.,1.,1.,0.,0.16500994,0.,0.,0.133373779,0.,      1343P   1126
0.021618991,0.104145776,0.,0.043237982,0.074917774,0.,              1343P   1127
0.083184669,0.052547629,0.,0.123131355,0.030177485,0.,              1343P   1128
0.175324217,0.01807085,0.,0.227517078,0.005964215,0.,               1343P   1129
0.284010224,0.005964215,0.,0.,1.,0.,0.,-1.;                         1343P   1130
124,-6.12323399573677E-17,4.27583144589696E-31,-1.,2.4,             1345P   1131
-6.98296267768627E-15,-1.,0.,3.25000000000002,-1.,                  1345P   1132
6.98296267768627E-15,6.12323399573677E-17,2.39999999999999;         1345P   1133
100,0.2,2.2,1.625,2.4,1.625,2.2,1.825;                              1347P   1134
126,1,1,1,0,1,0,0.,0.,1.,1.,1.,1.,0.284010224,0.005964215,0.,       1349P   1135
0.284010224,0.840954274,0.,0.,1.,0.,0.,1.;                          1349P   1136
110,2.2,1.425,0.2,2.2,2.475,0.2;                                    1351P   1137
126,1,1,1,0,1,0,0.,0.,1.,1.,1.,1.,0.284010224,0.840954274,0.,       1353P   1138
0.994035785,0.840954274,0.,0.,1.,0.,0.,1.;                          1353P   1139
110,2.2,2.475,0.2,2.2,2.475,0.7;                                    1355P   1140
126,8,2,1,0,1,0,0.,0.,0.,0.25,0.25,0.5,0.5,0.75,0.75,1.,1.,1.,      1357P   1141
1.,1.,1.,1.,1.,1.,1.,1.,1.,0.994035785,0.840954274,0.,              1357P   1142
0.994035785,0.872590436,0.,0.972416794,0.901818439,0.,              1357P   1143
0.950797803,0.931046441,0.,0.910851116,0.953416585,0.,              1357P   1144
0.87090443,0.97578673,0.,0.818711568,0.987893365,0.,                1357P   1145
0.766518707,1.,0.,0.710025561,1.,0.,0.,1.,0.,0.,-1.;                1357P   1146
124,6.12323399573677E-17,0.,-1.,2.7,0.,1.,0.,0.,1.,0.,              1359P   1147
6.12323399573677E-17,-1.7;                                          1359P   1148
100,0.5,2.2,2.475,2.4,2.475,2.2,2.675;                              1361P   1149
102,7,1329,1333,1339,1343,1349,1353,1357;                           1363P   1150
102,7,1331,1337,1341,1347,1351,1355,1361;                           1365P   1151
142,1,1327,1363,1365,1;                                             1367P   1152
144,1327,1,0,1367;                                                  1369P   1153
314,66.6666666666667,69.8039215686274,76.8627450980392,;            1371P   1154
128,1,1,1,1,0,0,1,0,0,0.,0.,1.,1.,0.,0.,1.,1.,1.,1.,1.,1.,0.9,      1373P   1155
1.4175,0.,0.9,1.4175,0.7042,0.9,2.675,0.,0.9,2.675,0.7042,0.,       1373P   1156
1.,0.,1.;                                                           1373P   1157
126,8,2,1,0,1,0,0.,0.,0.,0.25,0.25,0.5,0.5,0.75,0.75,1.,1.,1.,      1375P   1158
1.,1.,1.,1.,1.,1.,1.,1.,1.,0.994035785,0.840954274,0.,              1375P   1159
0.994035785,0.872590436,0.,0.972416794,0.901818439,0.,              1375P   1160
0.950797803,0.931046441,0.,0.910851116,0.953416585,0.,              1375P   1161
0.87090443,0.97578673,0.,0.818711568,0.987893365,0.,                1375P   1162
0.766518707,1.,0.,0.710025561,1.,0.,0.,1.,0.,0.,-1.;                1375P   1163
124,6.12323399573677E-17,0.,-1.,1.4,0.,1.,0.,0.,1.,0.,              1377P   1164
6.12323399573677E-17,-0.400000000000001;                            1377P   1165
100,0.5,0.9,2.475,1.1,2.475,0.9,2.675;                              1379P   1166
126,1,1,1,0,1,0,0.,0.,1.,1.,1.,1.,0.710025561,1.,0.,                1381P   1167
0.284010224,1.,0.,0.,1.,0.,0.,1.;                                   1381P   1168
110,0.9,2.675,0.5,0.9,2.675,0.2;                                    1383P   1169
126,8,2,1,0,1,0,0.,0.,0.,0.25,0.25,0.5,0.5,0.75,0.75,1.,1.,1.,      1385P   1170
1.,1.,1.,1.,1.,1.,1.,1.,1.,0.284010224,1.,0.,0.227517078,1.,0.,     1385P   1171
0.175324217,0.987893365,0.,0.123131355,0.97578673,0.,               1385P   1172
0.083184669,0.953416585,0.,0.043237982,0.931046441,0.,              1385P   1173
0.021618991,0.901818439,0.,0.,0.872590436,0.,0.,0.840954274,0.,     1385P   1174
0.,1.,0.,0.,-1.;                                                    1385P   1175
124,3.74939945665464E-33,-6.12323399573677E-17,-1.,1.1,1.,          1387P   1176
6.12323399573677E-17,0.,1.575,6.12323399573677E-17,-1.,             1387P   1177
6.12323399573677E-17,2.675;                                         1387P   1178
100,0.2,0.9,2.475,1.1,2.475,0.9,2.675;                              1389P   1179
126,1,1,1,0,1,0,0.,0.,1.,1.,1.,1.,0.,0.840954274,0.,0.,             1391P   1180
0.16500994,0.,0.,1.,0.,0.,1.;                                       1391P   1181
110,0.9,2.475,0.,0.9,1.625,0.;                                      1393P   1182
126,8,2,1,0,1,0,0.,0.,0.,0.25,0.25,0.5,0.5,0.75,0.75,1.,1.,1.,      1395P   1183
1.,1.,1.,1.,1.,1.,1.,1.,1.,0.,0.16500994,0.,0.,0.133373779,0.,      1395P   1184
0.021618991,0.104145776,0.,0.043237982,0.074917774,0.,              1395P   1185
0.083184669,0.052547629,0.,0.123131355,0.030177485,0.,              1395P   1186
0.175324217,0.01807085,0.,0.227517078,0.005964215,0.,               1395P   1187
0.284010224,0.005964215,0.,0.,1.,0.,0.,-1.;                         1395P   1188
124,-6.12323399573677E-17,4.27583144589696E-31,-1.,1.1,             1397P   1189
-6.98296267768627E-15,-1.,0.,3.25000000000001,-1.,                  1397P   1190
6.98296267768627E-15,6.12323399573677E-17,1.09999999999999;         1397P   1191
100,0.2,0.9,1.625,1.1,1.625,0.9,1.825;                              1399P   1192
126,1,1,1,0,1,0,0.,0.,1.,1.,1.,1.,0.284010224,0.005964215,0.,       1401P   1193
0.284010224,0.840954274,0.,0.,1.,0.,0.,1.;                          1401P   1194
110,0.9,1.425,0.2,0.9,2.475,0.2;                                    1403P   1195
126,1,1,1,0,1,0,0.,0.,1.,1.,1.,1.,0.284010224,0.840954274,0.,       1405P   1196
0.994035785,0.840954274,0.,0.,1.,0.,0.,1.;                          1405P   1197
110,0.9,2.475,0.2,0.9,2.475,0.7;                                    1407P   1198
102,7,1375,1381,1385,1391,1395,1401,1405;                           1409P   1199
102,7,1379,1383,1389,1393,1399,1403,1407;                           1411P   1200
142,1,1373,1409,1411,1;                                             1413P   1201
144,1373,1,0,1413;                                                  1415P   1202
314,66.6666666666667,69.8039215686274,76.8627450980392,;            1417P   1203
110,-2.2,-2.475,0.5,997.8,-2.475,0.5;                               1419P   1204
110,-2.2,-2.475,0.3,-0.9,-2.475,0.3;                                1421P   1205
120,1419,1421,0.,6.28318530717959;                                  1423P   1206
126,1,1,1,0,1,0,0.,0.,1.,1.,1.,1.,1.,4.71238898,0.,1.,              1425P   1207
3.141592654,0.,0.,1.,0.,0.,1.;                                      1425P   1208
124,8.58915688636046E-31,6.12323399573677E-17,-1.,-0.4,-1.,         1427P   1209
1.40271576953299E-14,0.,-3.37499999999996,1.40271576953299E-14,     1427P   1210
1.,6.12323399573677E-17,2.97500000000001;                           1427P   1211
100,0.5,-0.9,-2.475,-0.7,-2.475,-0.9,-2.275;                        1429P   1212
126,1,1,1,0,1,0,0.,0.,1.,1.,1.,1.,1.,3.141592654,0.,0.,             1431P   1213
3.141592654,0.,0.,1.,0.,0.,1.;                                      1431P   1214
110,-0.9,-2.475,0.7,-2.2,-2.475,0.7;                                1433P   1215
126,1,1,1,0,1,0,0.,0.,1.,1.,1.,1.,0.,3.141592654,0.,0.,             1435P   1216
4.71238898,0.,0.,1.,0.,0.,1.;                                       1435P   1217
124,-6.12323399573677E-17,8.62665088092701E-31,1.,-2.7,             1437P   1218
-1.40883900352873E-14,-1.,0.,-4.95000000000003,1.,                  1437P   1219
-1.40883900352873E-14,6.12323399573677E-17,2.69999999999996;        1437P   1220
100,0.5,-2.2,-2.475,-2.,-2.475,-2.2,-2.275;                         1439P   1221
126,1,1,1,0,1,0,0.,0.,1.,1.,1.,1.,0.,4.71238898,0.,1.,              1441P   1222
4.71238898,0.,0.,1.,0.,0.,1.;                                       1441P   1223
110,-2.2,-2.675,0.5,-0.9,-2.675,0.5;                                1443P   1224
102,4,1425,1431,1435,1441;                                          1445P   1225
102,4,1429,1433,1439,1443;                                          1447P   1226
142,1,1423,1445,1447,1;                                             1449P   1227
144,1423,1,0,1449;                                                  1451P   1228
314,66.6666666666667,69.8039215686274,76.8627450980392,;            1453P   1229
110,-2.2,-1.625,0.2,997.8,-1.625,0.2;                               1455P   1230
110,-2.2,-1.625,0.,-0.9,-1.625,0.;                                  1457P   1231
120,1455,1457,0.,6.28318530717959;                                  1459P   1232
126,1,1,1,0,1,0,0.,0.,1.,1.,1.,1.,1.,1.570796327,0.,1.,0.,0.,       1461P   1233
0.,1.,0.,0.,1.;                                                     1461P   1234
124,3.09420209255925E-32,-6.12323399573677E-17,-1.,-0.7,1.,         1463P   1235
5.0532154980743E-16,0.,-0.725,5.0532154980743E-16,-1.,              1463P   1236
6.12323399573677E-17,-1.425;                                        1463P   1237
100,0.2,-0.9,-1.625,-0.7,-1.625,-0.9,-1.425;                        1465P   1238
126,1,1,1,0,1,0,0.,0.,1.,1.,1.,1.,1.,0.,0.,0.,0.,0.,0.,1.,0.,       1467P   1239
0.,1.;                                                              1467P   1240
110,-0.9,-1.625,0.,-2.2,-1.625,0.;                                  1469P   1241
126,1,1,1,0,1,0,0.,0.,1.,1.,1.,1.,0.,0.,0.,0.,1.570796327,0.,       1471P   1242
0.,1.,0.,0.,1.;                                                     1471P   1243
124,6.12323399573677E-17,0.,1.,-2.4,0.,1.,0.,0.,-1.,0.,             1473P   1244
6.12323399573677E-17,-2.;                                           1473P   1245
100,0.2,-2.2,-1.625,-2.,-1.625,-2.2,-1.425;                         1475P   1246
126,1,1,1,0,1,0,0.,0.,1.,1.,1.,1.,0.,1.570796327,0.,1.,             1477P   1247
1.570796327,0.,0.,1.,0.,0.,1.;                                      1477P   1248
110,-2.2,-1.425,0.2,-0.9,-1.425,0.2;                                1479P   1249
102,4,1461,1467,1471,1477;                                          1481P   1250
102,4,1465,1469,1475,1479;                                          1483P   1251
142,1,1459,1481,1483,1;                                             1485P   1252
144,1459,1,0,1485;                                                  1487P   1253
314,66.6666666666667,69.8039215686274,76.8627450980392,;            1489P   1254
128,1,1,1,1,0,0,1,0,0,0.,0.,1.,1.,0.,0.,1.,1.,1.,1.,1.,1.,-0.9,     1491P   1255
-2.475,0.,-2.2,-2.475,0.,-0.9,-1.625,0.,-2.2,-1.625,0.,0.,1.,       1491P   1256
0.,1.;                                                              1491P   1257
126,1,1,1,0,1,0,0.,0.,1.,1.,1.,1.,0.,1.,0.,0.,0.,0.,0.,1.,0.,       1493P   1258
0.,1.;                                                              1493P   1259
110,-0.9,-1.625,0.,-0.9,-2.475,0.;                                  1495P   1260
126,1,1,1,0,1,0,0.,0.,1.,1.,1.,1.,0.,0.,0.,1.,0.,0.,0.,1.,0.,       1497P   1261
0.,1.;                                                              1497P   1262
110,-0.9,-2.475,0.,-2.2,-2.475,0.;                                  1499P   1263
126,1,1,1,0,1,0,0.,0.,1.,1.,1.,1.,1.,0.,0.,1.,1.,0.,0.,1.,0.,       1501P   1264
0.,1.;                                                              1501P   1265
110,-2.2,-2.475,0.,-2.2,-1.625,0.;                                  1503P   1266
126,1,1,1,0,1,0,0.,0.,1.,1.,1.,1.,1.,1.,0.,0.,1.,0.,0.,1.,0.,       1505P   1267
0.,1.;                                                              1505P   1268
110,-2.2,-1.625,0.,-0.9,-1.625,0.;                                  1507P   1269
102,4,1493,1497,1501,1505;                                          1509P   1270
102,4,1495,1499,1503,1507;                                          1511P   1271
142,1,1491,1509,1511,1;                                             1513P   1272
144,1491,1,0,1513;                                                  1515P   1273
314,66.6666666666667,69.8039215686274,76.8627450980392,;            1517P   1274
110,-2.2,-2.475,0.2,997.8,-2.475,0.2;                               1519P   1275
110,-2.2,-2.475,0.,-0.9,-2.475,0.;                                  1521P   1276
120,1519,1521,0.,6.28318530717959;                                  1523P   1277
126,1,1,1,0,1,0,0.,0.,1.,1.,1.,1.,1.,6.283185307,0.,1.,             1525P   1278
4.71238898,0.,0.,1.,0.,0.,1.;                                       1525P   1279
124,-6.12323399573677E-17,4.27583144589696E-31,-1.,-0.7,            1527P   1280
-6.98296267768627E-15,-1.,0.,-4.95000000000001,-1.,                 1527P   1281
6.98296267768627E-15,6.12323399573677E-17,-0.699999999999983;       1527P   1282
100,0.2,-0.9,-2.475,-0.7,-2.475,-0.9,-2.275;                        1529P   1283
126,1,1,1,0,1,0,0.,0.,1.,1.,1.,1.,1.,4.71238898,0.,0.,              1531P   1284
4.71238898,0.,0.,1.,0.,0.,1.;                                       1531P   1285
110,-0.9,-2.675,0.2,-2.2,-2.675,0.2;                                1533P   1286
126,1,1,1,0,1,0,0.,0.,1.,1.,1.,1.,0.,4.71238898,0.,0.,              1535P   1287
6.283185307,0.,0.,1.,0.,0.,1.;                                      1535P   1288
124,8.58915688636046E-31,6.12323399573677E-17,1.,-2.4,-1.,          1537P   1289
1.40271576953299E-14,0.,-4.67499999999997,                          1537P   1290
-1.40271576953299E-14,-1.,6.12323399573677E-17,                     1537P   1291
-2.27500000000003;                                                  1537P   1292
100,0.2,-2.2,-2.475,-2.,-2.475,-2.2,-2.275;                         1539P   1293
126,1,1,1,0,1,0,0.,0.,1.,1.,1.,1.,0.,6.283185307,0.,1.,             1541P   1294
6.283185307,0.,0.,1.,0.,0.,1.;                                      1541P   1295
110,-2.2,-2.475,0.,-0.9,-2.475,0.;                                  1543P   1296
102,4,1525,1531,1535,1541;                                          1545P   1297
102,4,1529,1533,1539,1543;                                          1547P   1298
142,1,1523,1545,1547,1;                                             1549P   1299
144,1523,1,0,1549;                                                  1551P   1300
314,66.6666666666667,69.8039215686274,76.8627450980392,;            1553P   1301
128,1,1,1,1,0,0,1,0,0,0.,0.,1.,1.,0.,0.,1.,1.,1.,1.,1.,1.,-2.2,     1555P   1302
-2.675,0.5,-2.2,-2.675,0.2,-0.9,-2.675,0.5,-0.9,-2.675,0.2,0.,      1555P   1303
1.,0.,1.;                                                           1555P   1304
126,1,1,1,0,1,0,0.,0.,1.,1.,1.,1.,1.,1.,0.,0.,1.,0.,0.,1.,0.,       1557P   1305
0.,1.;                                                              1557P   1306
110,-0.9,-2.675,0.2,-0.9,-2.675,0.5;                                1559P   1307
126,1,1,1,0,1,0,0.,0.,1.,1.,1.,1.,0.,1.,0.,0.,0.,0.,0.,1.,0.,       1561P   1308
0.,1.;                                                              1561P   1309
110,-0.9,-2.675,0.5,-2.2,-2.675,0.5;                                1563P   1310
126,1,1,1,0,1,0,0.,0.,1.,1.,1.,1.,0.,0.,0.,1.,0.,0.,0.,1.,0.,       1565P   1311
0.,1.;                                                              1565P   1312
110,-2.2,-2.675,0.5,-2.2,-2.675,0.2;                                1567P   1313
126,1,1,1,0,1,0,0.,0.,1.,1.,1.,1.,1.,0.,0.,1.,1.,0.,0.,1.,0.,       1569P   1314
0.,1.;                                                              1569P   1315
110,-2.2,-2.675,0.2,-0.9,-2.675,0.2;                                1571P   1316
102,4,1557,1561,1565,1569;                                          1573P   1317
102,4,1559,1563,1567,1571;                                          1575P   1318
142,1,1555,1573,1575,1;                                             1577P   1319
144,1555,1,0,1577;                                                  1579P   1320
314,66.6666666666667,69.8039215686274,76.8627450980392,;            1581P   1321
128,1,1,1,1,0,0,1,0,0,0.,0.,1.,1.,0.,0.,1.,1.,1.,1.,1.,1.,-2.2,     1583P   1322
-1.4175,0.7042,-2.2,-1.4175,0.,-2.2,-2.675,0.7042,-2.2,-2.675,      1583P   1323
0.,0.,1.,0.,1.;                                                     1583P   1324
126,8,2,1,0,1,0,0.,0.,0.,0.25,0.25,0.5,0.5,0.75,0.75,1.,1.,1.,      1585P   1325
1.,1.,1.,1.,1.,1.,1.,1.,1.,0.289974439,1.,0.,0.233481293,1.,0.,     1585P   1326
0.181288432,0.987893365,0.,0.12909557,0.97578673,0.,                1585P   1327
0.089148884,0.953416585,0.,0.049202197,0.931046441,0.,              1585P   1328
0.027583206,0.901818439,0.,0.005964215,0.872590436,0.,              1585P   1329
0.005964215,0.840954274,0.,0.,1.,0.,0.,-1.;                         1585P   1330
124,8.58915688636046E-31,6.12323399573677E-17,-1.,-1.7,-1.,         1587P   1331
1.40271576953299E-14,0.,-4.67499999999997,1.40271576953299E-14,     1587P   1332
1.,6.12323399573677E-17,2.97500000000003;                           1587P   1333
100,0.5,-2.2,-2.475,-2.,-2.475,-2.2,-2.275;                         1589P   1334
126,1,1,1,0,1,0,0.,0.,1.,1.,1.,1.,0.005964215,0.840954274,0.,       1591P   1335
0.715989776,0.840954274,0.,0.,1.,0.,0.,1.;                          1591P   1336
110,-2.2,-2.475,0.7,-2.2,-2.475,0.2;                                1593P   1337
126,1,1,1,0,1,0,0.,0.,1.,1.,1.,1.,0.715989776,0.840954274,0.,       1595P   1338
0.715989776,0.005964215,0.,0.,1.,0.,0.,1.;                          1595P   1339
110,-2.2,-2.475,0.2,-2.2,-1.425,0.2;                                1597P   1340
126,8,2,1,0,1,0,0.,0.,0.,0.25,0.25,0.5,0.5,0.75,0.75,1.,1.,1.,      1599P   1341
1.,1.,1.,1.,1.,1.,1.,1.,1.,0.715989776,0.005964215,0.,              1599P   1342
0.772482922,0.005964215,0.,0.824675783,0.01807085,0.,               1599P   1343
0.876868645,0.030177485,0.,0.916815331,0.052547629,0.,              1599P   1344
0.956762018,0.074917774,0.,0.978381009,0.104145776,0.,1.,           1599P   1345
0.133373779,0.,1.,0.16500994,0.,0.,1.,0.,0.,-1.;                    1599P   1346
124,3.74939945665464E-33,-6.12323399573677E-17,-1.,-2.,1.,          1601P   1347
6.12323399573677E-17,0.,0.574999999999999,6.12323399573677E-17,     1601P   1348
-1.,6.12323399573677E-17,-1.425;                                    1601P   1349
100,0.2,-2.2,-1.625,-2.,-1.625,-2.2,-1.425;                         1603P   1350
126,1,1,1,0,1,0,0.,0.,1.,1.,1.,1.,1.,0.16500994,0.,1.,              1605P   1351
0.840954274,0.,0.,1.,0.,0.,1.;                                      1605P   1352
110,-2.2,-1.625,0.,-2.2,-2.475,0.;                                  1607P   1353
126,8,2,1,0,1,0,0.,0.,0.,0.25,0.25,0.5,0.5,0.75,0.75,1.,1.,1.,      1609P   1354
1.,1.,1.,1.,1.,1.,1.,1.,1.,1.,0.840954274,0.,1.,0.872590436,0.,     1609P   1355
0.978381009,0.901818439,0.,0.956762018,0.931046441,0.,              1609P   1356
0.916815331,0.953416585,0.,0.876868645,0.97578673,0.,               1609P   1357
0.824675783,0.987893365,0.,0.772482922,1.,0.,0.715989776,1.,0.,     1609P   1358
0.,1.,0.,0.,-1.;                                                    1609P   1359
124,-6.12323399573677E-17,4.27583144589696E-31,-1.,-2.,             1611P   1360
-6.98296267768627E-15,-1.,0.,-4.95000000000002,-1.,                 1611P   1361
6.98296267768627E-15,6.12323399573677E-17,-1.99999999999998;        1611P   1362
100,0.2,-2.2,-2.475,-2.,-2.475,-2.2,-2.275;                         1613P   1363
126,1,1,1,0,1,0,0.,0.,1.,1.,1.,1.,0.715989776,1.,0.,                1615P   1364
0.289974439,1.,0.,0.,1.,0.,0.,1.;                                   1615P   1365
110,-2.2,-2.675,0.2,-2.2,-2.675,0.5;                                1617P   1366
102,7,1585,1591,1595,1599,1605,1609,1615;                           1619P   1367
102,7,1589,1593,1597,1603,1607,1613,1617;                           1621P   1368
142,1,1583,1619,1621,1;                                             1623P   1369
144,1583,1,0,1623;                                                  1625P   1370
314,66.6666666666667,69.8039215686274,76.8627450980392,;            1627P   1371
128,1,1,1,1,0,0,1,0,0,0.,0.,1.,1.,0.,0.,1.,1.,1.,1.,1.,1.,-0.9,     1629P   1372
-1.4175,0.7042,-0.9,-1.4175,0.,-0.9,-2.675,0.7042,-0.9,-2.675,      1629P   1373
0.,0.,1.,0.,1.;                                                     1629P   1374
126,1,1,1,0,1,0,0.,0.,1.,1.,1.,1.,0.005964215,0.840954274,0.,       1631P   1375
0.715989776,0.840954274,0.,0.,1.,0.,0.,1.;                          1631P   1376
110,-0.9,-2.475,0.7,-0.9,-2.475,0.2;                                1633P   1377
126,1,1,1,0,1,0,0.,0.,1.,1.,1.,1.,0.715989776,0.840954274,0.,       1635P   1378
0.715989776,0.005964215,0.,0.,1.,0.,0.,1.;                          1635P   1379
110,-0.9,-2.475,0.2,-0.9,-1.425,0.2;                                1637P   1380
126,8,2,1,0,1,0,0.,0.,0.,0.25,0.25,0.5,0.5,0.75,0.75,1.,1.,1.,      1639P   1381
1.,1.,1.,1.,1.,1.,1.,1.,1.,0.715989776,0.005964215,0.,              1639P   1382
0.772482922,0.005964215,0.,0.824675783,0.01807085,0.,               1639P   1383
0.876868645,0.030177485,0.,0.916815331,0.052547629,0.,              1639P   1384
0.956762018,0.074917774,0.,0.978381009,0.104145776,0.,1.,           1639P   1385
0.133373779,0.,1.,0.16500994,0.,0.,1.,0.,0.,-1.;                    1639P   1386
124,3.09420209255925E-32,-6.12323399573677E-17,-1.,-0.7,1.,         1641P   1387
5.0532154980743E-16,0.,-0.725,5.0532154980743E-16,-1.,              1641P   1388
6.12323399573677E-17,-1.425;                                        1641P   1389
100,0.2,-0.9,-1.625,-0.7,-1.625,-0.9,-1.425;                        1643P   1390
126,1,1,1,0,1,0,0.,0.,1.,1.,1.,1.,1.,0.16500994,0.,1.,              1645P   1391
0.840954274,0.,0.,1.,0.,0.,1.;                                      1645P   1392
110,-0.9,-1.625,0.,-0.9,-2.475,0.;                                  1647P   1393
126,8,2,1,0,1,0,0.,0.,0.,0.25,0.25,0.5,0.5,0.75,0.75,1.,1.,1.,      1649P   1394
1.,1.,1.,1.,1.,1.,1.,1.,1.,1.,0.840954274,0.,1.,0.872590436,0.,     1649P   1395
0.978381009,0.901818439,0.,0.956762018,0.931046441,0.,              1649P   1396
0.916815331,0.953416585,0.,0.876868645,0.97578673,0.,               1649P   1397
0.824675783,0.987893365,0.,0.772482922,1.,0.,0.715989776,1.,0.,     1649P   1398
0.,1.,0.,0.,-1.;                                                    1649P   1399
124,-6.12323399573677E-17,4.27583144589696E-31,-1.,-0.7,            1651P   1400
-6.98296267768627E-15,-1.,0.,-4.95000000000001,-1.,                 1651P   1401
6.98296267768627E-15,6.12323399573677E-17,-0.699999999999983;       1651P   1402
100,0.2,-0.9,-2.475,-0.7,-2.475,-0.9,-2.275;                        1653P   1403
126,1,1,1,0,1,0,0.,0.,1.,1.,1.,1.,0.715989776,1.,0.,                1655P   1404
0.289974439,1.,0.,0.,1.,0.,0.,1.;                                   1655P   1405
110,-0.9,-2.675,0.2,-0.9,-2.675,0.5;                                1657P   1406
126,8,2,1,0,1,0,0.,0.,0.,0.25,0.25,0.5,0.5,0.75,0.75,1.,1.,1.,      1659P   1407
1.,1.,1.,1.,1.,1.,1.,1.,1.,0.289974439,1.,0.,0.233481293,1.,0.,     1659P   1408
0.181288432,0.987893365,0.,0.12909557,0.97578673,0.,                1659P   1409
0.089148884,0.953416585,0.,0.049202197,0.931046441,0.,              1659P   1410
0.027583206,0.901818439,0.,0.005964215,0.872590436,0.,              1659P   1411
0.005964215,0.840954274,0.,0.,1.,0.,0.,-1.;                         1659P   1412
124,8.58915688636046E-31,6.12323399573677E-17,-1.,-0.4,-1.,         1661P   1413
1.40271576953299E-14,0.,-3.37499999999996,1.40271576953299E-14,     1661P   1414
1.,6.12323399573677E-17,2.97500000000001;                           1661P   1415
100,0.5,-0.9,-2.475,-0.7,-2.475,-0.9,-2.275;                        1663P   1416
102,7,1631,1635,1639,1645,1649,1655,1659;                           1665P   1417
102,7,1633,1637,1643,1647,1653,1657,1663;                           1667P   1418
142,1,1629,1665,1667,1;                                             1669P   1419
144,1629,1,0,1669;                                                  1671P   1420
314,66.6666666666667,69.8039215686274,76.8627450980392,;            1673P   1421
110,-2.2,2.475,0.5,997.8,2.475,0.5;                                 1675P   1422
110,-2.2,2.475,0.3,-0.9,2.475,0.3;                                  1677P   1423
120,1675,1677,0.,6.28318530717959;                                  1679P   1424
126,1,1,1,0,1,0,0.,0.,1.,1.,1.,1.,1.,3.141592654,0.,1.,             1681P   1425
1.570796327,0.,0.,1.,0.,0.,1.;                                      1681P   1426
124,6.12323399573677E-17,0.,-1.,-0.4,0.,1.,0.,0.,1.,0.,             1683P   1427
6.12323399573677E-17,1.4;                                           1683P   1428
100,0.5,-0.9,2.475,-0.7,2.475,-0.9,2.675;                           1685P   1429
126,1,1,1,0,1,0,0.,0.,1.,1.,1.,1.,1.,1.570796327,0.,0.,             1687P   1430
1.570796327,0.,0.,1.,0.,0.,1.;                                      1687P   1431
110,-0.9,2.675,0.5,-2.2,2.675,0.5;                                  1689P   1432
126,1,1,1,0,1,0,0.,0.,1.,1.,1.,1.,0.,1.570796327,0.,0.,             1691P   1433
3.141592654,0.,0.,1.,0.,0.,1.;                                      1691P   1434
124,3.74939945665464E-33,-6.12323399573677E-17,1.,-2.7,1.,          1693P   1435
6.12323399573677E-17,0.,4.675,-6.12323399573677E-17,1.,             1693P   1436
6.12323399573677E-17,-1.975;                                        1693P   1437
100,0.5,-2.2,2.475,-2.,2.475,-2.2,2.675;                            1695P   1438
126,1,1,1,0,1,0,0.,0.,1.,1.,1.,1.,0.,3.141592654,0.,1.,             1697P   1439
3.141592654,0.,0.,1.,0.,0.,1.;                                      1697P   1440
110,-2.2,2.475,0.7,-0.9,2.475,0.7;                                  1699P   1441
102,4,1681,1687,1691,1697;                                          1701P   1442
102,4,1685,1689,1695,1699;                                          1703P   1443
142,1,1679,1701,1703,1;                                             1705P   1444
144,1679,1,0,1705;                                                  1707P   1445
314,66.6666666666667,69.8039215686274,76.8627450980392,;            1709P   1446
128,1,1,1,1,0,0,1,0,0,0.,0.,1.,1.,0.,0.,1.,1.,1.,1.,1.,1.,-2.2,     1711P   1447
2.675,0.2,-2.2,2.675,0.5,-0.9,2.675,0.2,-0.9,2.675,0.5,0.,1.,       1711P   1448
0.,1.;                                                              1711P   1449
126,1,1,1,0,1,0,0.,0.,1.,1.,1.,1.,1.,1.,0.,0.,1.,0.,0.,1.,0.,       1713P   1450
0.,1.;                                                              1713P   1451
110,-0.9,2.675,0.5,-0.9,2.675,0.2;                                  1715P   1452
126,1,1,1,0,1,0,0.,0.,1.,1.,1.,1.,0.,1.,0.,0.,0.,0.,0.,1.,0.,       1717P   1453
0.,1.;                                                              1717P   1454
110,-0.9,2.675,0.2,-2.2,2.675,0.2;                                  1719P   1455
126,1,1,1,0,1,0,0.,0.,1.,1.,1.,1.,0.,0.,0.,1.,0.,0.,0.,1.,0.,       1721P   1456
0.,1.;                                                              1721P   1457
110,-2.2,2.675,0.2,-2.2,2.675,0.5;                                  1723P   1458
126,1,1,1,0,1,0,0.,0.,1.,1.,1.,1.,1.,0.,0.,1.,1.,0.,0.,1.,0.,       1725P   1459
0.,1.;                                                              1725P   1460
110,-2.2,2.675,0.5,-0.9,2.675,0.5;                                  1727P   1461
102,4,1713,1717,1721,1725;                                          1729P   1462
102,4,1715,1719,1723,1727;                                          1731P   1463
142,1,1711,1729,1731,1;                                             1733P   1464
144,1711,1,0,1733;                                                  1735P   1465
314,66.6666666666667,69.8039215686274,76.8627450980392,;            1737P   1466
110,-2.2,2.475,0.2,997.8,2.475,0.2;                                 1739P   1467
110,-2.2,2.475,0.,-0.9,2.475,0.;                                    1741P   1468
120,1739,1741,0.,6.28318530717959;                                  1743P   1469
126,1,1,1,0,1,0,0.,0.,1.,1.,1.,1.,1.,1.570796327,0.,1.,0.,0.,       1745P   1470
0.,1.,0.,0.,1.;                                                     1745P   1471
124,3.74939945665464E-33,-6.12323399573677E-17,-1.,-0.7,1.,         1747P   1472
6.12323399573677E-17,0.,3.375,6.12323399573677E-17,-1.,             1747P   1473
6.12323399573677E-17,2.675;                                         1747P   1474
100,0.2,-0.9,2.475,-0.7,2.475,-0.9,2.675;                           1749P   1475
126,1,1,1,0,1,0,0.,0.,1.,1.,1.,1.,1.,0.,0.,0.,0.,0.,0.,1.,0.,       1751P   1476
0.,1.;                                                              1751P   1477
110,-0.9,2.475,0.,-2.2,2.475,0.;                                    1753P   1478
126,1,1,1,0,1,0,0.,0.,1.,1.,1.,1.,0.,0.,0.,0.,1.570796327,0.,       1755P   1479
0.,1.,0.,0.,1.;                                                     1755P   1480
124,6.12323399573677E-17,0.,1.,-2.4,0.,1.,0.,0.,-1.,0.,             1757P   1481
6.12323399573677E-17,-2.;                                           1757P   1482
100,0.2,-2.2,2.475,-2.,2.475,-2.2,2.675;                            1759P   1483
126,1,1,1,0,1,0,0.,0.,1.,1.,1.,1.,0.,1.570796327,0.,1.,             1761P   1484
1.570796327,0.,0.,1.,0.,0.,1.;                                      1761P   1485
110,-2.2,2.675,0.2,-0.9,2.675,0.2;                                  1763P   1486
102,4,1745,1751,1755,1761;                                          1765P   1487
102,4,1749,1753,1759,1763;                                          1767P   1488
142,1,1743,1765,1767,1;                                             1769P   1489
144,1743,1,0,1769;                                                  1771P   1490
314,66.6666666666667,69.8039215686274,76.8627450980392,;            1773P   1491
128,1,1,1,1,0,0,1,0,0,0.,0.,1.,1.,0.,0.,1.,1.,1.,1.,1.,1.,-0.9,     1775P   1492
1.625,0.,-2.2,1.625,0.,-0.9,2.475,0.,-2.2,2.475,0.,0.,1.,0.,1.;     1775P   1493
126,1,1,1,0,1,0,0.,0.,1.,1.,1.,1.,0.,1.,0.,0.,0.,0.,0.,1.,0.,       1777P   1494
0.,1.;                                                              1777P   1495
110,-0.9,2.475,0.,-0.9,1.625,0.;                                    1779P   1496
126,1,1,1,0,1,0,0.,0.,1.,1.,1.,1.,0.,0.,0.,1.,0.,0.,0.,1.,0.,       1781P   1497
0.,1.;                                                              1781P   1498
110,-0.9,1.625,0.,-2.2,1.625,0.;                                    1783P   1499
126,1,1,1,0,1,0,0.,0.,1.,1.,1.,1.,1.,0.,0.,1.,1.,0.,0.,1.,0.,       1785P   1500
0.,1.;                                                              1785P   1501
110,-2.2,1.625,0.,-2.2,2.475,0.;                                    1787P   1502
126,1,1,1,0,1,0,0.,0.,1.,1.,1.,1.,1.,1.,0.,0.,1.,0.,0.,1.,0.,       1789P   1503
0.,1.;                                                              1789P   1504
110,-2.2,2.475,0.,-0.9,2.475,0.;                                    1791P   1505
102,4,1777,1781,1785,1789;                                          1793P   1506
102,4,1779,1783,1787,1791;                                          1795P   1507
142,1,1775,1793,1795,1;                                             1797P   1508
144,1775,1,0,1797;                                                  1799P   1509
314,66.6666666666667,69.8039215686274,76.8627450980392,;            1801P   1510
110,-2.2,1.625,0.2,997.8,1.625,0.2;                                 1803P   1511
110,-2.2,1.625,0.,-0.9,1.625,0.;                                    1805P   1512
120,1803,1805,0.,6.28318530717959;                                  1807P   1513
126,1,1,1,0,1,0,0.,0.,1.,1.,1.,1.,1.,6.283185307,0.,1.,             1809P   1514
4.71238898,0.,0.,1.,0.,0.,1.;                                       1809P   1515
124,-6.12323399573677E-17,4.27583144589696E-31,-1.,-0.7,            1811P   1516
-6.98296267768627E-15,-1.,0.,3.25,-1.,6.98296267768627E-15,         1811P   1517
6.12323399573677E-17,-0.700000000000011;                            1811P   1518
100,0.2,-0.9,1.625,-0.7,1.625,-0.9,1.825;                           1813P   1519
126,1,1,1,0,1,0,0.,0.,1.,1.,1.,1.,1.,4.71238898,0.,0.,              1815P   1520
4.71238898,0.,0.,1.,0.,0.,1.;                                       1815P   1521
110,-0.9,1.425,0.2,-2.2,1.425,0.2;                                  1817P   1522
126,1,1,1,0,1,0,0.,0.,1.,1.,1.,1.,0.,4.71238898,0.,0.,              1819P   1523
6.283185307,0.,0.,1.,0.,0.,1.;                                      1819P   1524
124,8.58915688636046E-31,6.12323399573677E-17,1.,-2.4,-1.,          1821P   1525
1.40271576953299E-14,0.,-0.575000000000022,                         1821P   1526
-1.40271576953299E-14,-1.,6.12323399573677E-17,                     1821P   1527
1.82499999999997;                                                   1821P   1528
100,0.2,-2.2,1.625,-2.,1.625,-2.2,1.825;                            1823P   1529
126,1,1,1,0,1,0,0.,0.,1.,1.,1.,1.,0.,6.283185307,0.,1.,             1825P   1530
6.283185307,0.,0.,1.,0.,0.,1.;                                      1825P   1531
110,-2.2,1.625,0.,-0.9,1.625,0.;                                    1827P   1532
102,4,1809,1815,1819,1825;                                          1829P   1533
102,4,1813,1817,1823,1827;                                          1831P   1534
142,1,1807,1829,1831,1;                                             1833P   1535
144,1807,1,0,1833;                                                  1835P   1536
314,66.6666666666667,69.8039215686274,76.8627450980392,;            1837P   1537
128,1,1,1,1,0,0,1,0,0,0.,0.,1.,1.,0.,0.,1.,1.,1.,1.,1.,1.,-2.2,     1839P   1538
2.675,0.,-2.2,2.675,0.7042,-2.2,1.4175,0.,-2.2,1.4175,0.7042,       1839P   1539
0.,1.,0.,1.;                                                        1839P   1540
126,1,1,1,0,1,0,0.,0.,1.,1.,1.,1.,0.994035785,0.159045726,0.,       1841P   1541
0.284010224,0.159045726,0.,0.,1.,0.,0.,1.;                          1841P   1542
110,-2.2,2.475,0.7,-2.2,2.475,0.2;                                  1843P   1543
126,1,1,1,0,1,0,0.,0.,1.,1.,1.,1.,0.284010224,0.159045726,0.,       1845P   1544
0.284010224,0.994035785,0.,0.,1.,0.,0.,1.;                          1845P   1545
110,-2.2,2.475,0.2,-2.2,1.425,0.2;                                  1847P   1546
126,8,2,1,0,1,0,0.,0.,0.,0.25,0.25,0.5,0.5,0.75,0.75,1.,1.,1.,      1849P   1547
1.,1.,1.,1.,1.,1.,1.,1.,1.,0.284010224,0.994035785,0.,              1849P   1548
0.227517078,0.994035785,0.,0.175324217,0.98192915,0.,               1849P   1549
0.123131355,0.969822515,0.,0.083184669,0.947452371,0.,              1849P   1550
0.043237982,0.925082226,0.,0.021618991,0.895854224,0.,0.,           1849P   1551
0.866626221,0.,0.,0.83499006,0.,0.,1.,0.,0.,-1.;                    1849P   1552
124,8.58915688636046E-31,6.12323399573677E-17,1.,-2.4,-1.,          1851P   1553
1.40271576953299E-14,0.,-0.575000000000022,                         1851P   1554
-1.40271576953299E-14,-1.,6.12323399573677E-17,                     1851P   1555
1.82499999999997;                                                   1851P   1556
100,0.2,-2.2,1.625,-2.,1.625,-2.2,1.825;                            1853P   1557
126,1,1,1,0,1,0,0.,0.,1.,1.,1.,1.,0.,0.83499006,0.,0.,              1855P   1558
0.159045726,0.,0.,1.,0.,0.,1.;                                      1855P   1559
110,-2.2,1.625,0.,-2.2,2.475,0.;                                    1857P   1560
126,8,2,1,0,1,0,0.,0.,0.,0.25,0.25,0.5,0.5,0.75,0.75,1.,1.,1.,      1859P   1561
1.,1.,1.,1.,1.,1.,1.,1.,1.,0.,0.159045726,0.,0.,0.127409564,0.,     1859P   1562
0.021618991,0.098181561,0.,0.043237982,0.068953559,0.,              1859P   1563
0.083184669,0.046583415,0.,0.123131355,0.02421327,0.,               1859P   1564
0.175324217,0.012106635,0.,0.227517078,0.,0.,0.284010224,0.,0.,     1859P   1565
0.,1.,0.,0.,-1.;                                                    1859P   1566
124,6.12323399573677E-17,0.,1.,-2.4,0.,1.,0.,0.,-1.,0.,             1861P   1567
6.12323399573677E-17,-2.;                                           1861P   1568
100,0.2,-2.2,2.475,-2.,2.475,-2.2,2.675;                            1863P   1569
126,1,1,1,0,1,0,0.,0.,1.,1.,1.,1.,0.284010224,0.,0.,                1865P   1570
0.710025561,0.,0.,0.,1.,0.,0.,1.;                                   1865P   1571
110,-2.2,2.675,0.2,-2.2,2.675,0.5;                                  1867P   1572
126,8,2,1,0,1,0,0.,0.,0.,0.25,0.25,0.5,0.5,0.75,0.75,1.,1.,1.,      1869P   1573
1.,1.,1.,1.,1.,1.,1.,1.,1.,0.710025561,0.,0.,0.766518707,0.,0.,     1869P   1574
0.818711568,0.012106635,0.,0.87090443,0.02421327,0.,                1869P   1575
0.910851116,0.046583415,0.,0.950797803,0.068953559,0.,              1869P   1576
0.972416794,0.098181561,0.,0.994035785,0.127409564,0.,              1869P   1577
0.994035785,0.159045726,0.,0.,1.,0.,0.,-1.;                         1869P   1578
124,3.74939945665464E-33,-6.12323399573677E-17,1.,-2.7,1.,          1871P   1579
6.12323399573677E-17,0.,4.675,-6.12323399573677E-17,1.,             1871P   1580
6.12323399573677E-17,-1.975;                                        1871P   1581
100,0.5,-2.2,2.475,-2.,2.475,-2.2,2.675;                            1873P   1582
102,7,1841,1845,1849,1855,1859,1865,1869;                           1875P   1583
102,7,1843,1847,1853,1857,1863,1867,1873;                           1877P   1584
142,1,1839,1875,1877,1;                                             1879P   1585
144,1839,1,0,1879;                                                  1881P   1586
314,66.6666666666667,69.8039215686274,76.8627450980392,;            1883P   1587
128,1,1,1,1,0,0,1,0,0,0.,0.,1.,1.,0.,0.,1.,1.,1.,1.,1.,1.,-0.9,     1885P   1588
2.675,0.,-0.9,2.675,0.7042,-0.9,1.4175,0.,-0.9,1.4175,0.7042,       1885P   1589
0.,1.,0.,1.;                                                        1885P   1590
126,8,2,1,0,1,0,0.,0.,0.,0.25,0.25,0.5,0.5,0.75,0.75,1.,1.,1.,      1887P   1591
1.,1.,1.,1.,1.,1.,1.,1.,1.,0.710025561,0.,0.,0.766518707,0.,0.,     1887P   1592
0.818711568,0.012106635,0.,0.87090443,0.02421327,0.,                1887P   1593
0.910851116,0.046583415,0.,0.950797803,0.068953559,0.,              1887P   1594
0.972416794,0.098181561,0.,0.994035785,0.127409564,0.,              1887P   1595
0.994035785,0.159045726,0.,0.,1.,0.,0.,-1.;                         1887P   1596
124,3.74939945665464E-33,-6.12323399573677E-17,1.,-1.4,1.,          1889P   1597
6.12323399573677E-17,0.,3.375,-6.12323399573677E-17,1.,             1889P   1598
6.12323399573677E-17,-1.975;                                        1889P   1599
100,0.5,-0.9,2.475,-0.7,2.475,-0.9,2.675;                           1891P   1600
126,1,1,1,0,1,0,0.,0.,1.,1.,1.,1.,0.994035785,0.159045726,0.,       1893P   1601
0.284010224,0.159045726,0.,0.,1.,0.,0.,1.;                          1893P   1602
110,-0.9,2.475,0.7,-0.9,2.475,0.2;                                  1895P   1603
126,1,1,1,0,1,0,0.,0.,1.,1.,1.,1.,0.284010224,0.159045726,0.,       1897P   1604
0.284010224,0.994035785,0.,0.,1.,0.,0.,1.;                          1897P   1605
110,-0.9,2.475,0.2,-0.9,1.425,0.2;                                  1899P   1606
126,8,2,1,0,1,0,0.,0.,0.,0.25,0.25,0.5,0.5,0.75,0.75,1.,1.,1.,      1901P   1607
1.,1.,1.,1.,1.,1.,1.,1.,1.,0.284010224,0.994035785,0.,              1901P   1608
0.227517078,0.994035785,0.,0.175324217,0.98192915,0.,               1901P   1609
0.123131355,0.969822515,0.,0.083184669,0.947452371,0.,              1901P   1610
0.043237982,0.925082226,0.,0.021618991,0.895854224,0.,0.,           1901P   1611
0.866626221,0.,0.,0.83499006,0.,0.,1.,0.,0.,-1.;                    1901P   1612
124,8.58915688636046E-31,6.12323399573677E-17,1.,-1.1,-1.,          1903P   1613
1.40271576953299E-14,0.,0.724999999999978,                          1903P   1614
-1.40271576953299E-14,-1.,6.12323399573677E-17,                     1903P   1615
1.82499999999999;                                                   1903P   1616
100,0.2,-0.9,1.625,-0.7,1.625,-0.9,1.825;                           1905P   1617
126,1,1,1,0,1,0,0.,0.,1.,1.,1.,1.,0.,0.83499006,0.,0.,              1907P   1618
0.159045726,0.,0.,1.,0.,0.,1.;                                      1907P   1619
110,-0.9,1.625,0.,-0.9,2.475,0.;                                    1909P   1620
126,8,2,1,0,1,0,0.,0.,0.,0.25,0.25,0.5,0.5,0.75,0.75,1.,1.,1.,      1911P   1621
1.,1.,1.,1.,1.,1.,1.,1.,1.,0.,0.159045726,0.,0.,0.127409564,0.,     1911P   1622
0.021618991,0.098181561,0.,0.043237982,0.068953559,0.,              1911P   1623
0.083184669,0.046583415,0.,0.123131355,0.02421327,0.,               1911P   1624
0.175324217,0.012106635,0.,0.227517078,0.,0.,0.284010224,0.,0.,     1911P   1625
0.,1.,0.,0.,-1.;                                                    1911P   1626
124,6.12323399573677E-17,0.,1.,-1.1,0.,1.,0.,0.,-1.,0.,             1913P   1627
6.12323399573677E-17,-0.7;                                          1913P   1628
100,0.2,-0.9,2.475,-0.7,2.475,-0.9,2.675;                           1915P   1629
126,1,1,1,0,1,0,0.,0.,1.,1.,1.,1.,0.284010224,0.,0.,                1917P   1630
0.710025561,0.,0.,0.,1.,0.,0.,1.;                                   1917P   1631
110,-0.9,2.675,0.2,-0.9,2.675,0.5;                                  1919P   1632
102,7,1887,1893,1897,1901,1907,1911,1917;                           1921P   1633
102,7,1891,1895,1899,1905,1909,1915,1919;                           1923P   1634
142,1,1885,1921,1923,1;                                             1925P   1635
144,1885,1,0,1925;                                                  1927P   1636
314,100.,100.,100.,;                                                1929P   1637
128,1,1,1,1,0,0,1,0,0,0.,0.,1.,1.,0.,0.,1.,1.,1.,1.,1.,1.,          1931P   1638
1.725,2.475,1.3,2.475,1.725,1.3,1.725,2.475,1.7,2.475,1.725,        1931P   1639
1.7,0.,1.,0.,1.;                                                    1931P   1640
126,1,1,1,0,1,0,0.,0.,1.,1.,1.,1.,0.,1.,0.,0.,0.,0.,0.,1.,0.,       1933P   1641
0.,1.;                                                              1933P   1642
110,1.725,2.475,1.7,1.725,2.475,1.3;                                1935P   1643
126,1,1,1,0,1,0,0.,0.,1.,1.,1.,1.,0.,0.,0.,1.,0.,0.,0.,1.,0.,       1937P   1644
0.,1.;                                                              1937P   1645
110,1.725,2.475,1.3,2.475,1.725,1.3;                                1939P   1646
126,1,1,1,0,1,0,0.,0.,1.,1.,1.,1.,1.,0.,0.,1.,1.,0.,0.,1.,0.,       1941P   1647
0.,1.;                                                              1941P   1648
110,2.475,1.725,1.3,2.475,1.725,1.7;                                1943P   1649
126,1,1,1,0,1,0,0.,0.,1.,1.,1.,1.,1.,1.,0.,0.,1.,0.,0.,1.,0.,       1945P   1650
0.,1.;                                                              1945P   1651
110,2.475,1.725,1.7,1.725,2.475,1.7;                                1947P   1652
102,4,1933,1937,1941,1945;                                          1949P   1653
102,4,1935,1939,1943,1947;                                          1951P   1654
142,1,1931,1949,1951,1;                                             1953P   1655
144,1931,1,0,1953;                                                  1955P   1656
314,100.,100.,100.,;                                                1957P   1657
128,1,1,1,1,0,0,1,0,0,0.,0.,1.,1.,0.,0.,1.,1.,1.,1.,1.,1.,          1959P   1658
1.7205,1.7205,1.3,2.475,1.7205,1.3,1.7205,2.475,1.3,2.475,          1959P   1659
2.475,1.3,0.,1.,0.,1.;                                              1959P   1660
126,1,1,1,0,1,0,0.,0.,1.,1.,1.,1.,1.,1.,0.,0.005964215,1.,0.,       1961P   1661
0.,1.,0.,0.,1.;                                                     1961P   1662
110,2.475,2.475,1.3,1.725,2.475,1.3;                                1963P   1663
126,1,1,1,0,1,0,0.,0.,1.,1.,1.,1.,0.005964215,1.,0.,1.,             1965P   1664
0.005964215,0.,0.,1.,0.,0.,1.;                                      1965P   1665
110,1.725,2.475,1.3,2.475,1.725,1.3;                                1967P   1666
126,1,1,1,0,1,0,0.,0.,1.,1.,1.,1.,1.,0.005964215,0.,1.,1.,0.,       1969P   1667
0.,1.,0.,0.,1.;                                                     1969P   1668
110,2.475,1.725,1.3,2.475,2.475,1.3;                                1971P   1669
102,3,1961,1965,1969;                                               1973P   1670
102,3,1963,1967,1971;                                               1975P   1671
142,1,1959,1973,1975,1;                                             1977P   1672
144,1959,1,0,1977;                                                  1979P   1673
314,100.,100.,100.,;                                                1981P   1674
110,0.,0.,-998.7,0.,0.,1.3;                                         1983P   1675
110,1.8,0.,1.3,1.95,0.,1.7;                                         1985P   1676
120,1983,1985,0.,6.28318530717959;                                  1987P   1677
126,1,1,1,0,1,0,0.,0.,1.,1.,1.,1.,1.,3.141592654,0.,1.,0.,0.,       1989P   1678
0.,1.,0.,0.,1.;                                                     1989P   1679
124,-1.,-6.98296267768627E-15,0.,-1.09476442525376E-44,             1991P   1680
-6.98296267768627E-15,1.,-6.98296267768627E-15,                     1991P   1681
1.18710365520667E-14,4.87617677579594E-29,                          1991P   1682
-6.98296267768627E-15,-1.,3.4;                                      1991P   1683
100,1.7,0.,0.,1.95,0.,-1.95,0.;                                     1993P   1684
126,1,1,1,0,1,0,0.,0.,1.,1.,1.,1.,1.,0.,0.,0.,0.,0.,0.,1.,0.,       1995P   1685
0.,1.;                                                              1995P   1686
110,1.95,0.,1.7,1.8,0.,1.3;                                         1997P   1687
126,1,1,1,0,1,0,0.,0.,1.,1.,1.,1.,0.,0.,0.,0.,0.217510354,0.,       1999P   1688
0.,1.,0.,0.,1.;                                                     1999P   1689
126,3,3,1,0,1,0,0.,0.,0.,0.,1.,1.,1.,1.,1.,1.,1.,1.,1.8,0.,1.3,     2001P   1690
1.8,0.130506212,1.3,1.78575108,0.261007567,1.3,1.75758793,          2001P   1691
0.388438758,1.3,0.,1.,0.,0.,0.;                                     2001P   1692
126,1,1,1,0,1,0,0.,0.,1.,1.,1.,1.,0.,0.217510354,0.,0.,             2003P   1693
0.384010864,0.,0.,1.,0.,0.,1.;                                      2003P   1694
100,1.3,0.,0.,1.75758793,0.388438758,1.668905025,0.674356002;       2005P   1695
126,1,1,1,0,1,0,0.,0.,1.,1.,1.,1.,0.,0.384010864,0.,0.,             2007P   1696
1.891760099,0.,0.,1.,0.,0.,1.;                                      2007P   1697
126,5,3,1,0,1,0,0.,0.,0.,0.,0.5,0.5,1.,1.,1.,1.,1.,1.,1.,1.,1.,     2009P   1698
1.,1.668905025,0.674356002,1.3,1.499445067,1.093737714,1.3,         2009P   1699
1.165723916,1.44419024,1.3,0.344529694,1.823704194,1.3,             2009P   1700
-0.138640908,1.850777241,1.3,-0.567866269,1.708077252,1.3,0.,       2009P   1701
1.,0.,0.,-1.;                                                       2009P   1702
126,1,1,1,0,1,0,0.,0.,1.,1.,1.,1.,0.,1.891760099,0.,0.,             2011P   1703
2.097206731,0.,0.,1.,0.,0.,1.;                                      2011P   1704
100,1.3,0.,0.,-0.567866269,1.708077252,-0.904379332,                2013P   1705
1.556309103;                                                        2013P   1706
126,1,1,1,0,1,0,0.,0.,1.,1.,1.,1.,0.,2.097206731,0.,0.,             2015P   1707
2.878825444,0.,0.,1.,0.,0.,1.;                                      2015P   1708
100,1.3,0.,0.,-0.904379332,1.556309103,-1.73821479,0.467556782;     2017P   1709
126,1,1,1,0,1,0,0.,0.,1.,1.,1.,1.,0.,2.878825444,0.,0.,             2019P   1710
3.006080955,0.,0.,1.,0.,0.,1.;                                      2019P   1711
100,1.3,0.,0.,-1.73821479,0.467556782,-1.783498197,0.243175204;     2021P   1712
126,1,1,1,0,1,0,0.,0.,1.,1.,1.,1.,0.,3.006080955,0.,0.,             2023P   1713
3.141592654,0.,0.,1.,0.,0.,1.;                                      2023P   1714
126,3,3,1,0,1,0,0.,0.,0.,0.,1.,1.,1.,1.,1.,1.,1.,1.,                2025P   1715
-1.783498197,0.243175204,1.3,-1.794482559,0.162613581,1.3,-1.8,     2025P   1716
0.081307019,1.3,-1.8,0.,1.3,0.,1.,0.,0.,0.;                         2025P   1717
126,1,1,1,0,1,0,0.,0.,1.,1.,1.,1.,0.,3.141592654,0.,1.,             2027P   1718
3.141592654,0.,0.,1.,0.,0.,1.;                                      2027P   1719
110,-1.8,0.,1.3,-1.95,0.,1.7;                                       2029P   1720
102,10,1989,1995,1999,2003,2007,2011,2015,2019,2023,2027;           2031P   1721
102,10,1993,1997,2001,2005,2009,2013,2017,2021,2025,2029;           2033P   1722
142,1,1987,2031,2033,1;                                             2035P   1723
144,1987,1,0,2035;                                                  2037P   1724
314,79.6078431372549,82.3529411764706,93.7254901960784,;            2039P   1725
128,1,1,1,1,0,0,1,0,0,0.,0.,1.,1.,0.,0.,1.,1.,1.,1.,1.,1.,          2041P   1726
-1.73821479,0.467556782,1.3,-0.905116589,0.467556782,1.3,           2041P   1727
-1.73821479,0.467556782,1.31,-0.905116589,0.467556782,1.31,0.,      2041P   1728
1.,0.,1.;                                                           2041P   1729
126,1,1,1,0,1,0,0.,0.,1.,1.,1.,1.,0.,0.,0.,1.,0.,0.,0.,1.,0.,       2043P   1730
0.,1.;                                                              2043P   1731
110,-1.73821479,0.467556782,1.3,-0.905116589,0.467556782,1.3;       2045P   1732
126,1,1,1,0,1,0,0.,0.,1.,1.,1.,1.,1.,0.,0.,1.,1.,0.,0.,1.,0.,       2047P   1733
0.,1.;                                                              2047P   1734
110,-0.905116589,0.467556782,1.3,-0.905116589,0.467556782,1.31;     2049P   1735
126,1,1,1,0,1,0,0.,0.,1.,1.,1.,1.,1.,1.,0.,0.,1.,0.,0.,1.,0.,       2051P   1736
0.,1.;                                                              2051P   1737
110,-0.905116589,0.467556782,1.31,-1.73821479,0.467556782,1.31;     2053P   1738
126,1,1,1,0,1,0,0.,0.,1.,1.,1.,1.,0.,1.,0.,0.,0.,0.,0.,1.,0.,       2055P   1739
0.,1.;                                                              2055P   1740
110,-1.73821479,0.467556782,1.31,-1.73821479,0.467556782,1.3;       2057P   1741
102,4,2043,2047,2051,2055;                                          2059P   1742
102,4,2045,2049,2053,2057;                                          2061P   1743
142,1,2041,2059,2061,1;                                             2063P   1744
144,2041,1,0,2063;                                                  2065P   1745
314,79.6078431372549,82.3529411764706,93.7254901960784,;            2067P   1746
128,1,1,1,1,0,0,1,0,0,0.,0.,1.,1.,0.,0.,1.,1.,1.,1.,1.,1.,          2069P   1747
-0.905116589,0.467556782,1.3,-0.904379332,1.556309103,1.3,          2069P   1748
-0.905116589,0.467556782,1.31,-0.904379332,1.556309103,1.31,0.,     2069P   1749
1.,0.,1.;                                                           2069P   1750
126,1,1,1,0,1,0,0.,0.,1.,1.,1.,1.,0.,0.,0.,1.,0.,0.,0.,1.,0.,       2071P   1751
0.,1.;                                                              2071P   1752
110,-0.905116589,0.467556782,1.3,-0.904379332,1.556309103,1.3;      2073P   1753
126,1,1,1,0,1,0,0.,0.,1.,1.,1.,1.,1.,0.,0.,1.,1.,0.,0.,1.,0.,       2075P   1754
0.,1.;                                                              2075P   1755
110,-0.904379332,1.556309103,1.3,-0.904379332,1.556309103,1.31;     2077P   1756
126,1,1,1,0,1,0,0.,0.,1.,1.,1.,1.,1.,1.,0.,0.,1.,0.,0.,1.,0.,       2079P   1757
0.,1.;                                                              2079P   1758
110,-0.904379332,1.556309103,1.31,-0.905116589,0.467556782,         2081P   1759
1.31;                                                               2081P   1760
126,1,1,1,0,1,0,0.,0.,1.,1.,1.,1.,0.,1.,0.,0.,0.,0.,0.,1.,0.,       2083P   1761
0.,1.;                                                              2083P   1762
110,-0.905116589,0.467556782,1.31,-0.905116589,0.467556782,1.3;     2085P   1763
102,4,2071,2075,2079,2083;                                          2087P   1764
102,4,2073,2077,2081,2085;                                          2089P   1765
142,1,2069,2087,2089,1;                                             2091P   1766
144,2069,1,0,2091;                                                  2093P   1767
314,79.6078431372549,82.3529411764706,93.7254901960784,;            2095P   1768
110,0.,0.,1.31,0.,0.,-998.69;                                       2097P   1769
110,-1.8,0.,1.31,-1.8,0.,1.3;                                       2099P   1770
120,2097,2099,0.,6.28318530717959;                                  2101P   1771
126,1,1,1,0,1,0,0.,0.,1.,1.,1.,1.,1.,1.044385923,0.,1.,             2103P   1772
0.262767209,0.,0.,1.,0.,0.,1.;                                      2103P   1773
100,1.3,0.,0.,-0.904379332,1.556309103,-1.73821479,0.467556782;     2105P   1774
126,1,1,1,0,1,0,0.,0.,1.,1.,1.,1.,1.,0.262767209,0.,0.,             2107P   1775
0.262767209,0.,0.,1.,0.,0.,1.;                                      2107P   1776
110,-1.73821479,0.467556782,1.3,-1.73821479,0.467556782,1.31;       2109P   1777
126,1,1,1,0,1,0,0.,0.,1.,1.,1.,1.,0.,0.262767209,0.,0.,             2111P   1778
1.044385923,0.,0.,1.,0.,0.,1.;                                      2111P   1779
126,3,3,1,0,1,0,0.,0.,0.,0.,1.,1.,1.,1.,1.,1.,1.,1.,                2113P   1780
-1.73821479,0.467556782,1.31,-1.615497059,0.923778963,1.31,         2113P   1781
-1.309165157,1.32108595,1.31,-0.904379332,1.556309103,1.31,0.,      2113P   1782
1.,0.,0.,1.;                                                        2113P   1783
126,1,1,1,0,1,0,0.,0.,1.,1.,1.,1.,0.,1.044385923,0.,1.,             2115P   1784
1.044385923,0.,0.,1.,0.,0.,1.;                                      2115P   1785
110,-0.904379332,1.556309103,1.31,-0.904379332,1.556309103,1.3;     2117P   1786
102,4,2103,2107,2111,2115;                                          2119P   1787
102,4,2105,2109,2113,2117;                                          2121P   1788
142,1,2101,2119,2121,1;                                             2123P   1789
144,2101,1,0,2123;                                                  2125P   1790
314,79.6078431372549,82.3529411764706,93.7254901960784,;            2127P   1791
128,1,1,1,1,0,0,1,0,0,0.,0.,1.,1.,0.,0.,1.,1.,1.,1.,1.,1.,          2129P   1792
-1.743217803,0.467556782,1.31,-0.899376319,0.467556782,1.31,        2129P   1793
-1.743217803,1.562841617,1.31,-0.899376319,1.562841617,1.31,0.,     2129P   1794
1.,0.,1.;                                                           2129P   1795
126,1,1,1,0,1,0,0.,0.,1.,1.,1.,1.,0.005928854,0.,0.,                2131P   1796
0.993197454,0.,0.,0.,1.,0.,0.,1.;                                   2131P   1797
110,-1.73821479,0.467556782,1.31,-0.905116589,0.467556782,1.31;     2133P   1798
126,1,1,1,0,1,0,0.,0.,1.,1.,1.,1.,0.993197454,0.,0.,                2135P   1799
0.994071146,0.994035785,0.,0.,1.,0.,0.,1.;                          2135P   1800
110,-0.905116589,0.467556782,1.31,-0.904379332,1.556309103,         2137P   1801
1.31;                                                               2137P   1802
126,8,2,1,0,1,0,0.,0.,0.,0.25,0.25,0.5,0.5,0.75,0.75,1.,1.,1.,      2139P   1803
1.,1.,1.,1.,1.,1.,1.,1.,1.,0.994071146,0.994035785,0.,              2139P   1804
0.813586661,0.913232607,0.,0.656368642,0.806673266,0.,              2139P   1805
0.499882707,0.700610117,0.,0.372311872,0.572359622,0.,              2139P   1806
0.245533958,0.444906271,0.,0.152712505,0.300013215,0.,              2139P   1807
0.060322139,0.15579308,0.,0.005928854,0.,0.,0.,1.,0.,0.,-1.;        2139P   1808
126,3,3,1,0,1,0,0.,0.,0.,0.,1.,1.,1.,1.,1.,1.,1.,1.,                2141P   1809
-0.904379332,1.556309103,1.31,-1.309165157,1.32108595,1.31,         2141P   1810
-1.615497059,0.923778963,1.31,-1.73821479,0.467556782,1.31,0.,      2141P   1811
1.,0.,0.,-1.;                                                       2141P   1812
102,3,2131,2135,2139;                                               2143P   1813
102,3,2133,2137,2141;                                               2145P   1814
142,1,2129,2143,2145,1;                                             2147P   1815
144,2129,1,0,2147;                                                  2149P   1816
314,79.6078431372549,82.3529411764706,93.7254901960784,;            2151P   1817
128,1,1,1,1,0,0,1,0,0,0.,0.,1.,1.,0.,0.,1.,1.,1.,1.,1.,1.,          2153P   1818
-0.905268531,0.243175204,1.3,-0.533364014,-0.063035058,1.3,         2153P   1819
-0.905268531,0.243175204,1.31,-0.533364014,-0.063035058,1.31,       2153P   1820
0.,1.,0.,1.;                                                        2153P   1821
126,1,1,1,0,1,0,0.,0.,1.,1.,1.,1.,1.,0.,0.,1.,1.,0.,0.,1.,0.,       2155P   1822
0.,1.;                                                              2155P   1823
110,-0.533364014,-0.063035058,1.3,-0.533364014,-0.063035058,        2157P   1824
1.31;                                                               2157P   1825
126,1,1,1,0,1,0,0.,0.,1.,1.,1.,1.,1.,1.,0.,0.,1.,0.,0.,1.,0.,       2159P   1826
0.,1.;                                                              2159P   1827
110,-0.533364014,-0.063035058,1.31,-0.905268531,0.243175204,        2161P   1828
1.31;                                                               2161P   1829
126,1,1,1,0,1,0,0.,0.,1.,1.,1.,1.,0.,1.,0.,0.,0.,0.,0.,1.,0.,       2163P   1830
0.,1.;                                                              2163P   1831
110,-0.905268531,0.243175204,1.31,-0.905268531,0.243175204,1.3;     2165P   1832
126,1,1,1,0,1,0,0.,0.,1.,1.,1.,1.,0.,0.,0.,1.,0.,0.,0.,1.,0.,       2167P   1833
0.,1.;                                                              2167P   1834
110,-0.905268531,0.243175204,1.3,-0.533364014,-0.063035058,1.3;     2169P   1835
102,4,2155,2159,2163,2167;                                          2171P   1836
102,4,2157,2161,2165,2169;                                          2173P   1837
142,1,2153,2171,2173,1;                                             2175P   1838
144,2153,1,0,2175;                                                  2177P   1839
314,79.6078431372549,82.3529411764706,93.7254901960784,;            2179P   1840
128,1,1,1,1,0,0,1,0,0,0.,0.,1.,1.,0.,0.,1.,1.,1.,1.,1.,1.,          2181P   1841
-1.783498197,0.243175204,1.3,-0.905268531,0.243175204,1.3,          2181P   1842
-1.783498197,0.243175204,1.31,-0.905268531,0.243175204,1.31,0.,     2181P   1843
1.,0.,1.;                                                           2181P   1844
126,1,1,1,0,1,0,0.,0.,1.,1.,1.,1.,1.,0.,0.,1.,1.,0.,0.,1.,0.,       2183P   1845
0.,1.;                                                              2183P   1846
110,-0.905268531,0.243175204,1.3,-0.905268531,0.243175204,1.31;     2185P   1847
126,1,1,1,0,1,0,0.,0.,1.,1.,1.,1.,1.,1.,0.,0.,1.,0.,0.,1.,0.,       2187P   1848
0.,1.;                                                              2187P   1849
110,-0.905268531,0.243175204,1.31,-1.783498197,0.243175204,         2189P   1850
1.31;                                                               2189P   1851
126,1,1,1,0,1,0,0.,0.,1.,1.,1.,1.,0.,1.,0.,0.,0.,0.,0.,1.,0.,       2191P   1852
0.,1.;                                                              2191P   1853
110,-1.783498197,0.243175204,1.31,-1.783498197,0.243175204,1.3;     2193P   1854
126,1,1,1,0,1,0,0.,0.,1.,1.,1.,1.,0.,0.,0.,1.,0.,0.,0.,1.,0.,       2195P   1855
0.,1.;                                                              2195P   1856
110,-1.783498197,0.243175204,1.3,-0.905268531,0.243175204,1.3;      2197P   1857
102,4,2183,2187,2191,2195;                                          2199P   1858
102,4,2185,2189,2193,2197;                                          2201P   1859
142,1,2181,2199,2201,1;                                             2203P   1860
144,2181,1,0,2203;                                                  2205P   1861
314,79.6078431372549,82.3529411764706,93.7254901960784,;            2207P   1862
110,0.,0.,1.31,0.,0.,-998.69;                                       2209P   1863
110,-1.8,0.,1.31,-1.8,0.,1.3;                                       2211P   1864
120,2209,2211,0.,6.28318530717959;                                  2213P   1865
126,1,1,1,0,1,0,0.,0.,1.,1.,1.,1.,1.,0.,0.,0.,0.,0.,0.,1.,0.,       2215P   1866
0.,1.;                                                              2215P   1867
110,-1.8,0.,1.3,-1.8,0.,1.31;                                       2217P   1868
126,1,1,1,0,1,0,0.,0.,1.,1.,1.,1.,0.,0.,0.,0.,0.135511698,0.,       2219P   1869
0.,1.,0.,0.,1.;                                                     2219P   1870
126,3,3,1,0,1,0,0.,0.,0.,0.,1.,1.,1.,1.,1.,1.,1.,1.,                2221P   1871
-1.800006862,0.,1.31,-1.800004395,0.081106314,1.31,                 2221P   1872
-1.794471193,0.162696939,1.31,-1.783498197,0.243175204,1.31,0.,     2221P   1873
1.,0.,0.,0.;                                                        2221P   1874
126,1,1,1,0,1,0,0.,0.,1.,1.,1.,1.,0.,0.135511698,0.,1.,             2223P   1875
0.135511698,0.,0.,1.,0.,0.,1.;                                      2223P   1876
110,-1.783498197,0.243175204,1.31,-1.783498197,0.243175204,1.3;     2225P   1877
126,1,1,1,0,1,0,0.,0.,1.,1.,1.,1.,1.,0.135511698,0.,1.,0.,0.,       2227P   1878
0.,1.,0.,0.,1.;                                                     2227P   1879
126,3,3,1,0,1,0,0.,0.,0.,0.,1.,1.,1.,1.,1.,1.,1.,1.,                2229P   1880
-1.783498197,0.243175204,1.3,-1.794482559,0.162613581,1.3,-1.8,     2229P   1881
0.081307019,1.3,-1.8,0.,1.3,0.,1.,0.,0.,0.;                         2229P   1882
102,4,2215,2219,2223,2227;                                          2231P   1883
102,4,2217,2221,2225,2229;                                          2233P   1884
142,1,2213,2231,2233,1;                                             2235P   1885
144,2213,1,0,2235;                                                  2237P   1886
314,79.6078431372549,82.3529411764706,93.7254901960784,;            2239P   1887
128,1,1,1,1,0,0,1,0,0,0.,0.,1.,1.,0.,0.,1.,1.,1.,1.,1.,1.,          2241P   1888
0.145962001,-1.79407221,1.3,0.150195679,-0.063035058,1.3,           2241P   1889
0.145962001,-1.79407221,1.31,0.150195679,-0.063035058,1.31,0.,      2241P   1890
1.,0.,1.;                                                           2241P   1891
126,1,1,1,0,1,0,0.,0.,1.,1.,1.,1.,0.,0.,0.,1.,0.,0.,0.,1.,0.,       2243P   1892
0.,1.;                                                              2243P   1893
110,0.145962001,-1.79407221,1.3,0.150195679,-0.063035058,1.3;       2245P   1894
126,1,1,1,0,1,0,0.,0.,1.,1.,1.,1.,1.,0.,0.,1.,1.,0.,0.,1.,0.,       2247P   1895
0.,1.;                                                              2247P   1896
110,0.150195679,-0.063035058,1.3,0.150195679,-0.063035058,1.31;     2249P   1897
126,1,1,1,0,1,0,0.,0.,1.,1.,1.,1.,1.,1.,0.,0.,1.,0.,0.,1.,0.,       2251P   1898
0.,1.;                                                              2251P   1899
110,0.150195679,-0.063035058,1.31,0.145962001,-1.79407221,1.31;     2253P   1900
126,1,1,1,0,1,0,0.,0.,1.,1.,1.,1.,0.,1.,0.,0.,0.,0.,0.,1.,0.,       2255P   1901
0.,1.;                                                              2255P   1902
110,0.145962001,-1.79407221,1.31,0.145962001,-1.79407221,1.3;       2257P   1903
102,4,2243,2247,2251,2255;                                          2259P   1904
102,4,2245,2249,2253,2257;                                          2261P   1905
142,1,2241,2259,2261,1;                                             2263P   1906
144,2241,1,0,2263;                                                  2265P   1907
314,79.6078431372549,82.3529411764706,93.7254901960784,;            2267P   1908
128,1,1,1,1,0,0,1,0,0,0.,0.,1.,1.,0.,0.,1.,1.,1.,1.,1.,1.,          2269P   1909
-0.533364014,-0.063035058,1.3,0.150195679,-0.063035058,1.3,         2269P   1910
-0.533364014,-0.063035058,1.31,0.150195679,-0.063035058,1.31,       2269P   1911
0.,1.,0.,1.;                                                        2269P   1912
126,1,1,1,0,1,0,0.,0.,1.,1.,1.,1.,1.,0.,0.,1.,1.,0.,0.,1.,0.,       2271P   1913
0.,1.;                                                              2271P   1914
110,0.150195679,-0.063035058,1.3,0.150195679,-0.063035058,1.31;     2273P   1915
126,1,1,1,0,1,0,0.,0.,1.,1.,1.,1.,1.,1.,0.,0.,1.,0.,0.,1.,0.,       2275P   1916
0.,1.;                                                              2275P   1917
110,0.150195679,-0.063035058,1.31,-0.533364014,-0.063035058,        2277P   1918
1.31;                                                               2277P   1919
126,1,1,1,0,1,0,0.,0.,1.,1.,1.,1.,0.,1.,0.,0.,0.,0.,0.,1.,0.,       2279P   1920
0.,1.;                                                              2279P   1921
110,-0.533364014,-0.063035058,1.31,-0.533364014,-0.063035058,       2281P   1922
1.3;                                                                2281P   1923
126,1,1,1,0,1,0,0.,0.,1.,1.,1.,1.,0.,0.,0.,1.,0.,0.,0.,1.,0.,       2283P   1924
0.,1.;                                                              2283P   1925
110,-0.533364014,-0.063035058,1.3,0.150195679,-0.063035058,1.3;     2285P   1926
102,4,2271,2275,2279,2283;                                          2287P   1927
102,4,2273,2277,2281,2285;                                          2289P   1928
142,1,2269,2287,2289,1;                                             2291P   1929
144,2269,1,0,2291;                                                  2293P   1930
314,79.6078431372549,82.3529411764706,93.7254901960784,;            2295P   1931
128,1,1,1,1,0,0,1,0,0,0.,0.,1.,1.,0.,0.,1.,1.,1.,1.,1.,1.,          2297P   1932
-1.811710489,-1.812957763,1.31,0.161896908,-1.812957763,1.31,       2297P   1933
-1.811710489,0.243175204,1.31,0.161896908,0.243175204,1.31,0.,      2297P   1934
1.,0.,1.;                                                           2297P   1935
126,1,1,1,0,1,0,0.,0.,1.,1.,1.,1.,0.647720756,0.851074679,0.,       2299P   1936
0.4592818,1.,0.,0.,1.,0.,0.,1.;                                     2299P   1937
110,-0.533364014,-0.063035058,1.31,-0.905268531,0.243175204,        2301P   1938
1.31;                                                               2301P   1939
126,1,1,1,0,1,0,0.,0.,1.,1.,1.,1.,0.4592818,1.,0.,0.014294784,      2303P   1940
1.,0.,0.,1.,0.,0.,1.;                                               2303P   1941
110,-0.905268531,0.243175204,1.31,-1.783498197,0.243175204,         2305P   1942
1.31;                                                               2305P   1943
126,2,2,1,0,1,0,0.,0.,0.,1.,1.,1.,1.,1.,1.,0.014294784,1.,0.,       2307P   1944
0.005931951,0.941126969,0.,0.005930068,0.881731771,0.,0.,1.,0.,     2307P   1945
0.,-1.;                                                             2307P   1946
126,3,3,1,0,1,0,0.,0.,0.,0.,1.,1.,1.,1.,1.,1.,1.,1.,                2309P   1947
-1.783498197,0.243175204,1.31,-1.794471193,0.162696939,1.31,        2309P   1948
-1.800004395,0.081106314,1.31,-1.800006862,0.,1.31,0.,1.,0.,0.,     2309P   1949
0.;                                                                 2309P   1950
126,16,2,1,0,1,0,0.,0.,0.,0.125,0.125,0.25,0.25,0.375,0.375,        2311P   1951
0.5,0.5,0.625,0.625,0.75,0.75,0.875,0.875,1.,1.,1.,1.,1.,1.,1.,     2311P   1952
1.,1.,1.,1.,1.,1.,1.,1.,1.,1.,1.,1.,1.,0.005930068,0.881731771,     2311P   1953
0.,0.005927197,0.791117358,0.,0.025317434,0.702196595,0.,           2311P   1954
0.044638258,0.613594156,0.,0.082620303,0.53036709,0.,               2311P   1955
0.120510932,0.447340338,0.,0.175380359,0.373487385,0.,              2311P   1956
0.230300529,0.299566135,0.,0.299692265,0.238163766,0.,              2311P   1957
0.369277891,0.176589831,0.,0.450289335,0.130159329,0.,              2311P   1958
0.531518135,0.083604253,0.,0.620780464,0.054078859,0.,              2311P   1959
0.710122067,0.024527242,0.,0.803921875,0.013170427,0.,              2311P   1960
0.897647766,0.001822561,0.,0.991925999,0.009184986,0.,0.,1.,0.,     2311P   1961
0.,-1.;                                                             2311P   1962
126,5,3,1,0,1,0,0.,0.,0.,0.,0.5,0.5,1.,1.,1.,1.,1.,1.,1.,1.,1.,     2313P   1963
1.,-1.800006862,0.,1.31,-1.800021891,-0.494007817,1.31,             2313P   1964
-1.584861753,-0.987124953,1.31,-0.855609482,-1.659397832,1.31,      2313P   1965
-0.350788906,-1.834486835,1.31,0.145962001,-1.79407221,1.31,0.,     2313P   1966
1.,0.,0.,-1.;                                                       2313P   1967
126,1,1,1,0,1,0,0.,0.,1.,1.,1.,1.,0.991925999,0.009184986,0.,       2315P   1968
0.994071146,0.851074679,0.,0.,1.,0.,0.,1.;                          2315P   1969
110,0.145962001,-1.79407221,1.31,0.150195679,-0.063035058,1.31;     2317P   1970
126,1,1,1,0,1,0,0.,0.,1.,1.,1.,1.,0.994071146,0.851074679,0.,       2319P   1971
0.647720756,0.851074679,0.,0.,1.,0.,0.,1.;                          2319P   1972
110,0.150195679,-0.063035058,1.31,-0.533364014,-0.063035058,        2321P   1973
1.31;                                                               2321P   1974
102,6,2299,2303,2307,2311,2315,2319;                                2323P   1975
102,6,2301,2305,2309,2313,2317,2321;                                2325P   1976
142,1,2297,2323,2325,1;                                             2327P   1977
144,2297,1,0,2327;                                                  2329P   1978
314,79.6078431372549,82.3529411764706,93.7254901960784,;            2331P   1979
128,1,1,1,1,0,0,1,0,0,0.,0.,1.,1.,0.,0.,1.,1.,1.,1.,1.,1.,          2333P   1980
0.730991728,0.674356002,1.3,0.436600953,0.316806721,1.3,            2333P   1981
0.730991728,0.674356002,1.31,0.436600953,0.316806721,1.31,0.,       2333P   1982
1.,0.,1.;                                                           2333P   1983
126,1,1,1,0,1,0,0.,0.,1.,1.,1.,1.,1.,0.,0.,1.,1.,0.,0.,1.,0.,       2335P   1984
0.,1.;                                                              2335P   1985
110,0.436600953,0.316806721,1.3,0.436600953,0.316806721,1.31;       2337P   1986
126,1,1,1,0,1,0,0.,0.,1.,1.,1.,1.,1.,1.,0.,0.,1.,0.,0.,1.,0.,       2339P   1987
0.,1.;                                                              2339P   1988
110,0.436600953,0.316806721,1.31,0.730991728,0.674356002,1.31;      2341P   1989
126,1,1,1,0,1,0,0.,0.,1.,1.,1.,1.,0.,1.,0.,0.,0.,0.,0.,1.,0.,       2343P   1990
0.,1.;                                                              2343P   1991
110,0.730991728,0.674356002,1.31,0.730991728,0.674356002,1.3;       2345P   1992
126,1,1,1,0,1,0,0.,0.,1.,1.,1.,1.,0.,0.,0.,1.,0.,0.,0.,1.,0.,       2347P   1993
0.,1.;                                                              2347P   1994
110,0.730991728,0.674356002,1.3,0.436600953,0.316806721,1.3;        2349P   1995
102,4,2335,2339,2343,2347;                                          2351P   1996
102,4,2337,2341,2345,2349;                                          2353P   1997
142,1,2333,2351,2353,1;                                             2355P   1998
144,2333,1,0,2355;                                                  2357P   1999
314,79.6078431372549,82.3529411764706,93.7254901960784,;            2359P   2000
128,1,1,1,1,0,0,1,0,0,0.,0.,1.,1.,0.,0.,1.,1.,1.,1.,1.,1.,          2361P   2001
1.668905025,0.674356002,1.3,0.730991728,0.674356002,1.3,            2361P   2002
1.668905025,0.674356002,1.31,0.730991728,0.674356002,1.31,0.,       2361P   2003
1.,0.,1.;                                                           2361P   2004
126,1,1,1,0,1,0,0.,0.,1.,1.,1.,1.,1.,0.,0.,1.,1.,0.,0.,1.,0.,       2363P   2005
0.,1.;                                                              2363P   2006
110,0.730991728,0.674356002,1.3,0.730991728,0.674356002,1.31;       2365P   2007
126,1,1,1,0,1,0,0.,0.,1.,1.,1.,1.,1.,1.,0.,0.,1.,0.,0.,1.,0.,       2367P   2008
0.,1.;                                                              2367P   2009
110,0.730991728,0.674356002,1.31,1.668905025,0.674356002,1.31;      2369P   2010
126,1,1,1,0,1,0,0.,0.,1.,1.,1.,1.,0.,1.,0.,0.,0.,0.,0.,1.,0.,       2371P   2011
0.,1.;                                                              2371P   2012
110,1.668905025,0.674356002,1.31,1.668905025,0.674356002,1.3;       2373P   2013
126,1,1,1,0,1,0,0.,0.,1.,1.,1.,1.,0.,0.,0.,1.,0.,0.,0.,1.,0.,       2375P   2014
0.,1.;                                                              2375P   2015
110,1.668905025,0.674356002,1.3,0.730991728,0.674356002,1.3;        2377P   2016
102,4,2363,2367,2371,2375;                                          2379P   2017
102,4,2365,2369,2373,2377;                                          2381P   2018
142,1,2361,2379,2381,1;                                             2383P   2019
144,2361,1,0,2383;                                                  2385P   2020
314,79.6078431372549,82.3529411764706,93.7254901960784,;            2387P   2021
110,0.,0.,1.31,0.,0.,-998.69;                                       2389P   2022
110,-1.8,0.,1.31,-1.8,0.,1.3;                                       2391P   2023
120,2389,2391,0.,6.28318530717959;                                  2393P   2024
126,1,1,1,0,1,0,0.,0.,1.,1.,1.,1.,1.,2.75758179,0.,1.,              2395P   2025
1.249832555,0.,0.,1.,0.,0.,1.;                                      2395P   2026
126,5,3,1,0,1,0,0.,0.,0.,0.,0.5,0.5,1.,1.,1.,1.,1.,1.,1.,1.,1.,     2397P   2027
1.,1.668905025,0.674356002,1.3,1.499445067,1.093737714,1.3,         2397P   2028
1.165723916,1.44419024,1.3,0.344529694,1.823704194,1.3,             2397P   2029
-0.138640908,1.850777241,1.3,-0.567866269,1.708077252,1.3,0.,       2397P   2030
1.,0.,0.,-1.;                                                       2397P   2031
126,1,1,1,0,1,0,0.,0.,1.,1.,1.,1.,1.,1.249832555,0.,0.,             2399P   2032
1.249832555,0.,0.,1.,0.,0.,1.;                                      2399P   2033
110,-0.567866269,1.708077252,1.3,-0.567866269,1.708077252,1.31;     2401P   2034
126,1,1,1,0,1,0,0.,0.,1.,1.,1.,1.,0.,1.249832555,0.,0.,             2403P   2035
2.75758179,0.,0.,1.,0.,0.,1.;                                       2403P   2036
126,5,3,1,0,1,0,0.,0.,0.,0.,0.5,0.5,1.,1.,1.,1.,1.,1.,1.,1.,1.,     2405P   2037
1.,-0.567866269,1.708077252,1.31,-0.13535816,1.851868622,1.31,      2405P   2038
0.341621288,1.825201667,1.31,1.168632322,1.442692768,1.31,          2405P   2039
1.499219308,1.094296426,1.31,1.668905025,0.674356002,1.31,0.,       2405P   2040
1.,0.,0.,1.;                                                        2405P   2041
126,1,1,1,0,1,0,0.,0.,1.,1.,1.,1.,0.,2.75758179,0.,1.,              2407P   2042
2.75758179,0.,0.,1.,0.,0.,1.;                                       2407P   2043
110,1.668905025,0.674356002,1.31,1.668905025,0.674356002,1.3;       2409P   2044
102,4,2395,2399,2403,2407;                                          2411P   2045
102,4,2397,2401,2405,2409;                                          2413P   2046
142,1,2393,2411,2413,1;                                             2415P   2047
144,2393,1,0,2415;                                                  2417P   2048
314,79.6078431372549,82.3529411764706,93.7254901960784,;            2419P   2049
128,1,1,1,1,0,0,1,0,0,0.,0.,1.,1.,0.,0.,1.,1.,1.,1.,1.,1.,          2421P   2050
-0.567866269,0.467556782,1.3,-0.567866269,1.708077252,1.3,          2421P   2051
-0.567866269,0.467556782,1.31,-0.567866269,1.708077252,1.31,0.,     2421P   2052
1.,0.,1.;                                                           2421P   2053
126,1,1,1,0,1,0,0.,0.,1.,1.,1.,1.,1.,0.,0.,1.,1.,0.,0.,1.,0.,       2423P   2054
0.,1.;                                                              2423P   2055
110,-0.567866269,1.708077252,1.3,-0.567866269,1.708077252,1.31;     2425P   2056
126,1,1,1,0,1,0,0.,0.,1.,1.,1.,1.,1.,1.,0.,0.,1.,0.,0.,1.,0.,       2427P   2057
0.,1.;                                                              2427P   2058
110,-0.567866269,1.708077252,1.31,-0.567866269,0.467556782,         2429P   2059
1.31;                                                               2429P   2060
126,1,1,1,0,1,0,0.,0.,1.,1.,1.,1.,0.,1.,0.,0.,0.,0.,0.,1.,0.,       2431P   2061
0.,1.;                                                              2431P   2062
110,-0.567866269,0.467556782,1.31,-0.567866269,0.467556782,1.3;     2433P   2063
126,1,1,1,0,1,0,0.,0.,1.,1.,1.,1.,0.,0.,0.,1.,0.,0.,0.,1.,0.,       2435P   2064
0.,1.;                                                              2435P   2065
110,-0.567866269,0.467556782,1.3,-0.567866269,1.708077252,1.3;      2437P   2066
102,4,2423,2427,2431,2435;                                          2439P   2067
102,4,2425,2429,2433,2437;                                          2441P   2068
142,1,2421,2439,2441,1;                                             2443P   2069
144,2421,1,0,2443;                                                  2445P   2070
314,79.6078431372549,82.3529411764706,93.7254901960784,;            2447P   2071
128,1,1,1,1,0,0,1,0,0,0.,0.,1.,1.,0.,0.,1.,1.,1.,1.,1.,1.,          2449P   2072
-0.384774337,0.316806721,1.3,-0.567866269,0.467556782,1.3,          2449P   2073
-0.384774337,0.316806721,1.31,-0.567866269,0.467556782,1.31,0.,     2449P   2074
1.,0.,1.;                                                           2449P   2075
126,1,1,1,0,1,0,0.,0.,1.,1.,1.,1.,1.,0.,0.,1.,1.,0.,0.,1.,0.,       2451P   2076
0.,1.;                                                              2451P   2077
110,-0.567866269,0.467556782,1.3,-0.567866269,0.467556782,1.31;     2453P   2078
126,1,1,1,0,1,0,0.,0.,1.,1.,1.,1.,1.,1.,0.,0.,1.,0.,0.,1.,0.,       2455P   2079
0.,1.;                                                              2455P   2080
110,-0.567866269,0.467556782,1.31,-0.384774337,0.316806721,         2457P   2081
1.31;                                                               2457P   2082
126,1,1,1,0,1,0,0.,0.,1.,1.,1.,1.,0.,1.,0.,0.,0.,0.,0.,1.,0.,       2459P   2083
0.,1.;                                                              2459P   2084
110,-0.384774337,0.316806721,1.31,-0.384774337,0.316806721,1.3;     2461P   2085
126,1,1,1,0,1,0,0.,0.,1.,1.,1.,1.,0.,0.,0.,1.,0.,0.,0.,1.,0.,       2463P   2086
0.,1.;                                                              2463P   2087
110,-0.384774337,0.316806721,1.3,-0.567866269,0.467556782,1.3;      2465P   2088
102,4,2451,2455,2459,2463;                                          2467P   2089
102,4,2453,2457,2461,2465;                                          2469P   2090
142,1,2449,2467,2469,1;                                             2471P   2091
144,2449,1,0,2471;                                                  2473P   2092
314,79.6078431372549,82.3529411764706,93.7254901960784,;            2475P   2093
128,1,1,1,1,0,0,1,0,0,0.,0.,1.,1.,0.,0.,1.,1.,1.,1.,1.,1.,          2477P   2094
0.436600953,0.316806721,1.3,-0.384774337,0.316806721,1.3,           2477P   2095
0.436600953,0.316806721,1.31,-0.384774337,0.316806721,1.31,0.,      2477P   2096
1.,0.,1.;                                                           2477P   2097
126,1,1,1,0,1,0,0.,0.,1.,1.,1.,1.,1.,0.,0.,1.,1.,0.,0.,1.,0.,       2479P   2098
0.,1.;                                                              2479P   2099
110,-0.384774337,0.316806721,1.3,-0.384774337,0.316806721,1.31;     2481P   2100
126,1,1,1,0,1,0,0.,0.,1.,1.,1.,1.,1.,1.,0.,0.,1.,0.,0.,1.,0.,       2483P   2101
0.,1.;                                                              2483P   2102
110,-0.384774337,0.316806721,1.31,0.436600953,0.316806721,1.31;     2485P   2103
126,1,1,1,0,1,0,0.,0.,1.,1.,1.,1.,0.,1.,0.,0.,0.,0.,0.,1.,0.,       2487P   2104
0.,1.;                                                              2487P   2105
110,0.436600953,0.316806721,1.31,0.436600953,0.316806721,1.3;       2489P   2106
126,1,1,1,0,1,0,0.,0.,1.,1.,1.,1.,0.,0.,0.,1.,0.,0.,0.,1.,0.,       2491P   2107
0.,1.;                                                              2491P   2108
110,0.436600953,0.316806721,1.3,-0.384774337,0.316806721,1.3;       2493P   2109
102,4,2479,2483,2487,2491;                                          2495P   2110
102,4,2481,2485,2489,2493;                                          2497P   2111
142,1,2477,2495,2497,1;                                             2499P   2112
144,2477,1,0,2499;                                                  2501P   2113
314,79.6078431372549,82.3529411764706,93.7254901960784,;            2503P   2114
128,1,1,1,1,0,0,1,0,0,0.,0.,1.,1.,0.,0.,1.,1.,1.,1.,1.,1.,          2505P   2115
-0.567866269,0.316806721,1.31,1.682325653,0.316806721,1.31,         2505P   2116
-0.567866269,1.809204391,1.31,1.682325653,1.809204391,1.31,0.,      2505P   2117
1.,0.,1.;                                                           2505P   2118
126,1,1,1,0,1,0,0.,0.,1.,1.,1.,1.,0.4463918,0.,0.,0.577220985,      2507P   2119
0.239580434,0.,0.,1.,0.,0.,1.;                                      2507P   2120
110,0.436600953,0.316806721,1.31,0.730991728,0.674356002,1.31;      2509P   2121
126,1,1,1,0,1,0,0.,0.,1.,1.,1.,1.,0.577220985,0.239580434,0.,       2511P   2122
0.994035785,0.239580434,0.,0.,1.,0.,0.,1.;                          2511P   2123
110,0.730991728,0.674356002,1.31,1.668905025,0.674356002,1.31;      2513P   2124
126,16,2,1,0,1,0,0.,0.,0.,0.125,0.125,0.25,0.25,0.375,0.375,        2515P   2125
0.5,0.5,0.625,0.625,0.75,0.75,0.875,0.875,1.,1.,1.,1.,1.,1.,1.,     2515P   2126
1.,1.,1.,1.,1.,1.,1.,1.,1.,1.,1.,1.,1.,0.994035785,0.239580434,     2515P   2127
0.,0.965757245,0.345100338,0.,0.924754417,0.441092549,0.,           2515P   2128
0.883949626,0.536621135,0.,0.831660044,0.619465191,0.,              2515P   2129
0.779707467,0.70177532,0.,0.718049642,0.768381218,0.,0.6567892,     2515P   2130
0.834557843,0.,0.587946771,0.882566706,0.,0.519548029,              2515P   2131
0.930266154,0.,0.445959078,0.95797773,0.,0.372844405,               2515P   2132
0.985510706,0.,0.297115116,0.991943576,0.,0.2218739,                2515P   2133
0.998334987,0.,0.146686256,0.98326133,0.,0.071860769,               2515P   2134
0.968260278,0.,0.,0.932238477,0.,0.,1.,0.,0.,-1.;                   2515P   2135
126,5,3,1,0,1,0,0.,0.,0.,0.,0.5,0.5,1.,1.,1.,1.,1.,1.,1.,1.,1.,     2517P   2136
1.,1.668905025,0.674356002,1.31,1.499219308,1.094296426,1.31,       2517P   2137
1.163307616,1.445155549,1.31,0.346945993,1.822738886,1.31,          2517P   2138
-0.13535816,1.851868622,1.31,-0.567866269,1.708077252,1.31,0.,      2517P   2139
1.,0.,0.,-1.;                                                       2517P   2140
126,1,1,1,0,1,0,0.,0.,1.,1.,1.,1.,0.,0.932238477,0.,0.,             2519P   2141
0.101011991,0.,0.,1.,0.,0.,1.;                                      2519P   2142
110,-0.567866269,1.708077252,1.31,-0.567866269,0.467556782,         2521P   2143
1.31;                                                               2521P   2144
126,1,1,1,0,1,0,0.,0.,1.,1.,1.,1.,0.,0.101011991,0.,                2523P   2145
0.081367251,0.,0.,0.,1.,0.,0.,1.;                                   2523P   2146
110,-0.567866269,0.467556782,1.31,-0.384774337,0.316806721,         2525P   2147
1.31;                                                               2525P   2148
126,1,1,1,0,1,0,0.,0.,1.,1.,1.,1.,0.081367251,0.,0.,0.4463918,      2527P   2149
0.,0.,0.,1.,0.,0.,1.;                                               2527P   2150
110,-0.384774337,0.316806721,1.31,0.436600953,0.316806721,1.31;     2529P   2151
102,6,2507,2511,2515,2519,2523,2527;                                2531P   2152
102,6,2509,2513,2517,2521,2525,2529;                                2533P   2153
142,1,2505,2531,2533,1;                                             2535P   2154
126,1,1,1,0,1,0,0.,0.,1.,1.,1.,1.,0.423568936,0.633145,0.,          2537P   2155
0.423568936,0.10144933,0.,0.,1.,0.,0.,1.;                           2537P   2156
110,0.38524513,1.261710844,1.31,0.38524513,0.468209465,1.31;        2539P   2157
126,1,1,1,0,1,0,0.,0.,1.,1.,1.,1.,0.423568936,0.10144933,0.,        2541P   2158
0.134291315,0.10144933,0.,0.,1.,0.,0.,1.;                           2541P   2159
110,0.38524513,0.468209465,1.31,-0.265685037,0.468209465,1.31;      2543P   2160
126,1,1,1,0,1,0,0.,0.,1.,1.,1.,1.,0.134291315,0.10144933,0.,        2545P   2161
0.134291315,0.633145,0.,0.,1.,0.,0.,1.;                             2545P   2162
110,-0.265685037,0.468209465,1.31,-0.265685037,1.261710844,         2547P   2163
1.31;                                                               2547P   2164
126,1,1,1,0,1,0,0.,0.,1.,1.,1.,1.,0.134291315,0.633145,0.,          2549P   2165
0.423568936,0.633145,0.,0.,1.,0.,0.,1.;                             2549P   2166
110,-0.265685037,1.261710844,1.31,0.38524513,1.261710844,1.31;      2551P   2167
102,4,2537,2541,2545,2549;                                          2553P   2168
102,4,2539,2543,2547,2551;                                          2555P   2169
142,1,2505,2553,2555,1;                                             2557P   2170
144,2505,1,1,2535,2557;                                             2559P   2171
314,79.6078431372549,82.3529411764706,93.7254901960784,;            2561P   2172
128,1,1,1,1,0,0,1,0,0,0.,0.,1.,1.,0.,0.,1.,1.,1.,1.,1.,1.,          2563P   2173
0.844831061,0.388438758,1.3,0.844831061,0.388438758,1.31,           2563P   2174
1.75758793,0.388438758,1.3,1.75758793,0.388438758,1.31,0.,1.,       2563P   2175
0.,1.;                                                              2563P   2176
126,1,1,1,0,1,0,0.,0.,1.,1.,1.,1.,0.,1.,0.,0.,0.,0.,0.,1.,0.,       2565P   2177
0.,1.;                                                              2565P   2178
110,1.75758793,0.388438758,1.3,0.844831061,0.388438758,1.3;         2567P   2179
126,1,1,1,0,1,0,0.,0.,1.,1.,1.,1.,0.,0.,0.,1.,0.,0.,0.,1.,0.,       2569P   2180
0.,1.;                                                              2569P   2181
110,0.844831061,0.388438758,1.3,0.844831061,0.388438758,1.31;       2571P   2182
126,1,1,1,0,1,0,0.,0.,1.,1.,1.,1.,1.,0.,0.,1.,1.,0.,0.,1.,0.,       2573P   2183
0.,1.;                                                              2573P   2184
110,0.844831061,0.388438758,1.31,1.75758793,0.388438758,1.31;       2575P   2185
126,1,1,1,0,1,0,0.,0.,1.,1.,1.,1.,1.,1.,0.,0.,1.,0.,0.,1.,0.,       2577P   2186
0.,1.;                                                              2577P   2187
110,1.75758793,0.388438758,1.31,1.75758793,0.388438758,1.3;         2579P   2188
102,4,2565,2569,2573,2577;                                          2581P   2189
102,4,2567,2571,2575,2579;                                          2583P   2190
142,1,2563,2581,2583,1;                                             2585P   2191
144,2563,1,0,2585;                                                  2587P   2192
314,79.6078431372549,82.3529411764706,93.7254901960784,;            2589P   2193
128,1,1,1,1,0,0,1,0,0,0.,0.,1.,1.,0.,0.,1.,1.,1.,1.,1.,1.,          2591P   2194
0.473106844,-0.063035058,1.3,0.844831061,0.388438758,1.3,           2591P   2195
0.473106844,-0.063035058,1.31,0.844831061,0.388438758,1.31,0.,      2591P   2196
1.,0.,1.;                                                           2591P   2197
126,1,1,1,0,1,0,0.,0.,1.,1.,1.,1.,1.,0.,0.,1.,1.,0.,0.,1.,0.,       2593P   2198
0.,1.;                                                              2593P   2199
110,0.844831061,0.388438758,1.3,0.844831061,0.388438758,1.31;       2595P   2200
126,1,1,1,0,1,0,0.,0.,1.,1.,1.,1.,1.,1.,0.,0.,1.,0.,0.,1.,0.,       2597P   2201
0.,1.;                                                              2597P   2202
110,0.844831061,0.388438758,1.31,0.473106844,-0.063035058,1.31;     2599P   2203
126,1,1,1,0,1,0,0.,0.,1.,1.,1.,1.,0.,1.,0.,0.,0.,0.,0.,1.,0.,       2601P   2204
0.,1.;                                                              2601P   2205
110,0.473106844,-0.063035058,1.31,0.473106844,-0.063035058,1.3;     2603P   2206
126,1,1,1,0,1,0,0.,0.,1.,1.,1.,1.,0.,0.,0.,1.,0.,0.,0.,1.,0.,       2605P   2207
0.,1.;                                                              2605P   2208
110,0.473106844,-0.063035058,1.3,0.844831061,0.388438758,1.3;       2607P   2209
102,4,2593,2597,2601,2605;                                          2609P   2210
102,4,2595,2599,2603,2607;                                          2611P   2211
142,1,2591,2609,2611,1;                                             2613P   2212
144,2591,1,0,2613;                                                  2615P   2213
314,79.6078431372549,82.3529411764706,93.7254901960784,;            2617P   2214
128,1,1,1,1,0,0,1,0,0,0.,0.,1.,1.,0.,0.,1.,1.,1.,1.,1.,1.,          2619P   2215
0.473106844,-1.200476498,1.3,0.473106844,-0.063035058,1.3,          2619P   2216
0.473106844,-1.200476498,1.31,0.473106844,-0.063035058,1.31,0.,     2619P   2217
1.,0.,1.;                                                           2619P   2218
126,1,1,1,0,1,0,0.,0.,1.,1.,1.,1.,1.,0.,0.,1.,1.,0.,0.,1.,0.,       2621P   2219
0.,1.;                                                              2621P   2220
110,0.473106844,-0.063035058,1.3,0.473106844,-0.063035058,1.31;     2623P   2221
126,1,1,1,0,1,0,0.,0.,1.,1.,1.,1.,1.,1.,0.,0.,1.,0.,0.,1.,0.,       2625P   2222
0.,1.;                                                              2625P   2223
110,0.473106844,-0.063035058,1.31,0.473106844,-1.200476498,         2627P   2224
1.31;                                                               2627P   2225
126,1,1,1,0,1,0,0.,0.,1.,1.,1.,1.,0.,1.,0.,0.,0.,0.,0.,1.,0.,       2629P   2226
0.,1.;                                                              2629P   2227
110,0.473106844,-1.200476498,1.31,0.473106844,-1.200476498,1.3;     2631P   2228
126,1,1,1,0,1,0,0.,0.,1.,1.,1.,1.,0.,0.,0.,1.,0.,0.,0.,1.,0.,       2633P   2229
0.,1.;                                                              2633P   2230
110,0.473106844,-1.200476498,1.3,0.473106844,-0.063035058,1.3;      2635P   2231
102,4,2621,2625,2629,2633;                                          2637P   2232
102,4,2623,2627,2631,2635;                                          2639P   2233
142,1,2619,2637,2639,1;                                             2641P   2234
144,2619,1,0,2641;                                                  2643P   2235
314,79.6078431372549,82.3529411764706,93.7254901960784,;            2645P   2236
128,1,1,1,1,0,0,1,0,0,0.,0.,1.,1.,0.,0.,1.,1.,1.,1.,1.,1.,          2647P   2237
0.644541807,-1.200476498,1.3,0.473106844,-1.200476498,1.3,          2647P   2238
0.644541807,-1.200476498,1.31,0.473106844,-1.200476498,1.31,0.,     2647P   2239
1.,0.,1.;                                                           2647P   2240
126,1,1,1,0,1,0,0.,0.,1.,1.,1.,1.,1.,0.,0.,1.,1.,0.,0.,1.,0.,       2649P   2241
0.,1.;                                                              2649P   2242
110,0.473106844,-1.200476498,1.3,0.473106844,-1.200476498,1.31;     2651P   2243
126,1,1,1,0,1,0,0.,0.,1.,1.,1.,1.,1.,1.,0.,0.,1.,0.,0.,1.,0.,       2653P   2244
0.,1.;                                                              2653P   2245
110,0.473106844,-1.200476498,1.31,0.644541807,-1.200476498,         2655P   2246
1.31;                                                               2655P   2247
126,1,1,1,0,1,0,0.,0.,1.,1.,1.,1.,0.,1.,0.,0.,0.,0.,0.,1.,0.,       2657P   2248
0.,1.;                                                              2657P   2249
110,0.644541807,-1.200476498,1.31,0.644541807,-1.200476498,1.3;     2659P   2250
126,1,1,1,0,1,0,0.,0.,1.,1.,1.,1.,0.,0.,0.,1.,0.,0.,0.,1.,0.,       2661P   2251
0.,1.;                                                              2661P   2252
110,0.644541807,-1.200476498,1.3,0.473106844,-1.200476498,1.3;      2663P   2253
102,4,2649,2653,2657,2661;                                          2665P   2254
102,4,2651,2655,2659,2663;                                          2667P   2255
142,1,2647,2665,2667,1;                                             2669P   2256
144,2647,1,0,2669;                                                  2671P   2257
314,79.6078431372549,82.3529411764706,93.7254901960784,;            2673P   2258
128,1,1,1,1,0,0,1,0,0,0.,0.,1.,1.,0.,0.,1.,1.,1.,1.,1.,1.,          2675P   2259
0.762857649,-1.297892698,1.3,0.644541807,-1.200476498,1.3,          2675P   2260
0.762857649,-1.297892698,1.31,0.644541807,-1.200476498,1.31,0.,     2675P   2261
1.,0.,1.;                                                           2675P   2262
126,1,1,1,0,1,0,0.,0.,1.,1.,1.,1.,1.,0.,0.,1.,1.,0.,0.,1.,0.,       2677P   2263
0.,1.;                                                              2677P   2264
110,0.644541807,-1.200476498,1.3,0.644541807,-1.200476498,1.31;     2679P   2265
126,1,1,1,0,1,0,0.,0.,1.,1.,1.,1.,1.,1.,0.,0.,1.,0.,0.,1.,0.,       2681P   2266
0.,1.;                                                              2681P   2267
110,0.644541807,-1.200476498,1.31,0.762857649,-1.297892698,         2683P   2268
1.31;                                                               2683P   2269
126,1,1,1,0,1,0,0.,0.,1.,1.,1.,1.,0.,1.,0.,0.,0.,0.,0.,1.,0.,       2685P   2270
0.,1.;                                                              2685P   2271
110,0.762857649,-1.297892698,1.31,0.762857649,-1.297892698,1.3;     2687P   2272
126,1,1,1,0,1,0,0.,0.,1.,1.,1.,1.,0.,0.,0.,1.,0.,0.,0.,1.,0.,       2689P   2273
0.,1.;                                                              2689P   2274
110,0.762857649,-1.297892698,1.3,0.644541807,-1.200476498,1.3;      2691P   2275
102,4,2677,2681,2685,2689;                                          2693P   2276
102,4,2679,2683,2687,2691;                                          2695P   2277
142,1,2675,2693,2695,1;                                             2697P   2278
144,2675,1,0,2697;                                                  2699P   2279
314,79.6078431372549,82.3529411764706,93.7254901960784,;            2701P   2280
128,1,1,1,1,0,0,1,0,0,0.,0.,1.,1.,0.,0.,1.,1.,1.,1.,1.,1.,          2703P   2281
0.762857649,-1.630352173,1.31,0.762857649,-1.630352173,1.3,         2703P   2282
0.762857649,-1.297892698,1.31,0.762857649,-1.297892698,1.3,0.,      2703P   2283
1.,0.,1.;                                                           2703P   2284
126,1,1,1,0,1,0,0.,0.,1.,1.,1.,1.,1.,1.,0.,0.,1.,0.,0.,1.,0.,       2705P   2285
0.,1.;                                                              2705P   2286
110,0.762857649,-1.297892698,1.3,0.762857649,-1.297892698,1.31;     2707P   2287
126,1,1,1,0,1,0,0.,0.,1.,1.,1.,1.,0.,1.,0.,0.,0.,0.,0.,1.,0.,       2709P   2288
0.,1.;                                                              2709P   2289
110,0.762857649,-1.297892698,1.31,0.762857649,-1.630352173,         2711P   2290
1.31;                                                               2711P   2291
126,1,1,1,0,1,0,0.,0.,1.,1.,1.,1.,0.,0.,0.,1.,0.,0.,0.,1.,0.,       2713P   2292
0.,1.;                                                              2713P   2293
110,0.762857649,-1.630352173,1.31,0.762857649,-1.630352173,1.3;     2715P   2294
126,1,1,1,0,1,0,0.,0.,1.,1.,1.,1.,1.,0.,0.,1.,1.,0.,0.,1.,0.,       2717P   2295
0.,1.;                                                              2717P   2296
110,0.762857649,-1.630352173,1.3,0.762857649,-1.297892698,1.3;      2719P   2297
102,4,2705,2709,2713,2717;                                          2721P   2298
102,4,2707,2711,2715,2719;                                          2723P   2299
142,1,2703,2721,2723,1;                                             2725P   2300
144,2703,1,0,2725;                                                  2727P   2301
314,79.6078431372549,82.3529411764706,93.7254901960784,;            2729P   2302
110,0.,0.,1.31,0.,0.,-998.69;                                       2731P   2303
110,-1.8,0.,1.31,-1.8,0.,1.3;                                       2733P   2304
120,2731,2733,0.,6.28318530717959;                                  2735P   2305
126,1,1,1,0,1,0,0.,0.,1.,1.,1.,1.,1.,4.274741541,0.,1.,             2737P   2306
3.141592654,0.,0.,1.,0.,0.,1.;                                      2737P   2307
126,3,3,1,0,1,0,0.,0.,0.,0.,1.,1.,1.,1.,1.,1.,1.,1.,                2739P   2308
0.762857649,-1.630352173,1.3,1.378668233,-1.342208407,1.3,1.8,      2739P   2309
-0.679889333,1.3,1.8,0.,1.3,0.,1.,0.,0.,-1.;                        2739P   2310
126,1,1,1,0,1,0,0.,0.,1.,1.,1.,1.,1.,3.141592654,0.,1.,             2741P   2311
2.9240823,0.,0.,1.,0.,0.,1.;                                        2741P   2312
126,3,3,1,0,1,0,0.,0.,0.,0.,1.,1.,1.,1.,1.,1.,1.,1.,1.8,0.,1.3,     2743P   2313
1.8,0.130506212,1.3,1.78575108,0.261007567,1.3,1.75758793,          2743P   2314
0.388438758,1.3,0.,1.,0.,0.,0.;                                     2743P   2315
126,1,1,1,0,1,0,0.,0.,1.,1.,1.,1.,1.,2.9240823,0.,0.,2.9240823,     2745P   2316
0.,0.,1.,0.,0.,1.;                                                  2745P   2317
110,1.75758793,0.388438758,1.3,1.75758793,0.388438758,1.31;         2747P   2318
126,1,1,1,0,1,0,0.,0.,1.,1.,1.,1.,0.,2.9240823,0.,0.,               2749P   2319
4.274741541,0.,0.,1.,0.,0.,1.;                                      2749P   2320
126,5,3,1,0,1,0,0.,0.,0.,0.,0.5,0.5,1.,1.,1.,1.,1.,1.,1.,1.,1.,     2751P   2321
1.,1.75758793,0.388438758,1.31,1.845397222,-0.008876261,1.31,       2751P   2322
1.795242733,-0.42932544,1.31,1.434023862,-1.161849366,1.31,         2751P   2323
1.130070117,-1.458529885,1.31,0.762857649,-1.630352173,1.31,0.,     2751P   2324
1.,0.,0.,1.;                                                        2751P   2325
126,1,1,1,0,1,0,0.,0.,1.,1.,1.,1.,0.,4.274741541,0.,1.,             2753P   2326
4.274741541,0.,0.,1.,0.,0.,1.;                                      2753P   2327
110,0.762857649,-1.630352173,1.31,0.762857649,-1.630352173,1.3;     2755P   2328
102,5,2737,2741,2745,2749,2753;                                     2757P   2329
102,5,2739,2743,2747,2751,2755;                                     2759P   2330
142,1,2735,2757,2759,1;                                             2761P   2331
144,2735,1,0,2761;                                                  2763P   2332
314,79.6078431372549,82.3529411764706,93.7254901960784,;            2765P   2333
128,1,1,1,1,0,0,1,0,0,0.,0.,1.,1.,0.,0.,1.,1.,1.,1.,1.,1.,          2767P   2334
0.473106844,-1.642464918,1.31,1.808173057,-1.642464918,1.31,        2767P   2335
0.473106844,0.388438758,1.31,1.808173057,0.388438758,1.31,0.,       2767P   2336
1.,0.,1.;                                                           2767P   2337
126,1,1,1,0,1,0,0.,0.,1.,1.,1.,1.,0.962110398,1.,0.,                2769P   2338
0.278431297,1.,0.,0.,1.,0.,0.,1.;                                   2769P   2339
110,1.75758793,0.388438758,1.31,0.844831061,0.388438758,1.31;       2771P   2340
126,1,1,1,0,1,0,0.,0.,1.,1.,1.,1.,0.278431297,1.,0.,0.,             2773P   2341
0.777698066,0.,0.,1.,0.,0.,1.;                                      2773P   2342
110,0.844831061,0.388438758,1.31,0.473106844,-0.063035058,1.31;     2775P   2343
126,1,1,1,0,1,0,0.,0.,1.,1.,1.,1.,0.,0.777698066,0.,0.,             2777P   2344
0.217631405,0.,0.,1.,0.,0.,1.;                                      2777P   2345
110,0.473106844,-0.063035058,1.31,0.473106844,-1.200476498,         2779P   2346
1.31;                                                               2779P   2347
126,1,1,1,0,1,0,0.,0.,1.,1.,1.,1.,0.,0.217631405,0.,                2781P   2348
0.128409333,0.217631405,0.,0.,1.,0.,0.,1.;                          2781P   2349
110,0.473106844,-1.200476498,1.31,0.644541807,-1.200476498,         2783P   2350
1.31;                                                               2783P   2351
126,1,1,1,0,1,0,0.,0.,1.,1.,1.,1.,0.128409333,0.217631405,0.,       2785P   2352
0.217031037,0.169664482,0.,0.,1.,0.,0.,1.;                          2785P   2353
110,0.644541807,-1.200476498,1.31,0.762857649,-1.297892698,         2787P   2354
1.31;                                                               2787P   2355
126,1,1,1,0,1,0,0.,0.,1.,1.,1.,1.,0.217031037,0.169664482,0.,       2789P   2356
0.217031037,0.005964215,0.,0.,1.,0.,0.,1.;                          2789P   2357
110,0.762857649,-1.297892698,1.31,0.762857649,-1.630352173,         2791P   2358
1.31;                                                               2791P   2359
126,16,2,1,0,1,0,0.,0.,0.,0.125,0.125,0.25,0.25,0.375,0.375,        2793P   2360
0.5,0.5,0.625,0.625,0.75,0.75,0.875,0.875,1.,1.,1.,1.,1.,1.,1.,     2793P   2361
1.,1.,1.,1.,1.,1.,1.,1.,1.,1.,1.,1.,1.,0.217031037,0.005964215,     2793P   2362
0.,0.320175491,0.037690662,0.,0.414102822,0.080495096,0.,           2793P   2363
0.507523205,0.123068504,0.,0.58932176,0.175734772,0.,               2793P   2364
0.670531686,0.228022049,0.,0.737705195,0.288974938,0.,              2793P   2365
0.804395318,0.349489205,0.,0.855033587,0.416995412,0.,              2793P   2366
0.905307459,0.48401584,0.,0.9379705,0.556155711,0.,0.970398495,     2793P   2367
0.627776457,0.,0.984157477,0.702498569,0.,0.99781745,               2793P   2368
0.776682974,0.,0.992281114,0.851862472,0.,0.986774568,              2793P   2369
0.926637439,0.,0.962110398,1.,0.,0.,1.,0.,0.,-1.;                   2793P   2370
126,5,3,1,0,1,0,0.,0.,0.,0.,0.5,0.5,1.,1.,1.,1.,1.,1.,1.,1.,1.,     2795P   2371
1.,0.762857649,-1.630352173,1.31,1.130070117,-1.458529885,1.31,     2795P   2372
1.436618495,-1.15658765,1.31,1.792648099,-0.434587156,1.31,         2795P   2373
1.845397222,-0.008876261,1.31,1.75758793,0.388438758,1.31,0.,       2795P   2374
1.,0.,0.,-1.;                                                       2795P   2375
102,7,2769,2773,2777,2781,2785,2789,2793;                           2797P   2376
102,7,2771,2775,2779,2783,2787,2791,2795;                           2799P   2377
142,1,2767,2797,2799,1;                                             2801P   2378
144,2767,1,0,2801;                                                  2803P   2379
128,1,1,1,1,0,0,1,0,0,0.,0.,1.,1.,0.,0.,1.,1.,1.,1.,1.,1.,          2805P   2380
-0.265685037,0.468209465,1.4,-0.265685037,0.468209465,1.31,         2805P   2381
0.38524513,0.468209465,1.4,0.38524513,0.468209465,1.31,0.,1.,       2805P   2382
0.,1.;                                                              2805P   2383
126,1,1,1,0,1,0,0.,0.,1.,1.,1.,1.,0.,0.,0.,1.,0.,0.,0.,1.,0.,       2807P   2384
0.,1.;                                                              2807P   2385
110,-0.265685037,0.468209465,1.4,-0.265685037,0.468209465,1.31;     2809P   2386
126,1,1,1,0,1,0,0.,0.,1.,1.,1.,1.,1.,0.,0.,1.,1.,0.,0.,1.,0.,       2811P   2387
0.,1.;                                                              2811P   2388
110,-0.265685037,0.468209465,1.31,0.38524513,0.468209465,1.31;      2813P   2389
126,1,1,1,0,1,0,0.,0.,1.,1.,1.,1.,1.,1.,0.,0.,1.,0.,0.,1.,0.,       2815P   2390
0.,1.;                                                              2815P   2391
110,0.38524513,0.468209465,1.31,0.38524513,0.468209465,1.4;         2817P   2392
126,1,1,1,0,1,0,0.,0.,1.,1.,1.,1.,0.,1.,0.,0.,0.,0.,0.,1.,0.,       2819P   2393
0.,1.;                                                              2819P   2394
110,0.38524513,0.468209465,1.4,-0.265685037,0.468209465,1.4;        2821P   2395
102,4,2807,2811,2815,2819;                                          2823P   2396
102,4,2809,2813,2817,2821;                                          2825P   2397
142,1,2805,2823,2825,1;                                             2827P   2398
144,2805,1,0,2827;                                                  2829P   2399
128,1,1,1,1,0,0,1,0,0,0.,0.,1.,1.,0.,0.,1.,1.,1.,1.,1.,1.,          2831P   2400
0.38524513,0.468209465,1.4,0.38524513,0.468209465,1.31,             2831P   2401
0.38524513,1.261710844,1.4,0.38524513,1.261710844,1.31,0.,1.,       2831P   2402
0.,1.;                                                              2831P   2403
126,1,1,1,0,1,0,0.,0.,1.,1.,1.,1.,0.,0.,0.,1.,0.,0.,0.,1.,0.,       2833P   2404
0.,1.;                                                              2833P   2405
110,0.38524513,0.468209465,1.4,0.38524513,0.468209465,1.31;         2835P   2406
126,1,1,1,0,1,0,0.,0.,1.,1.,1.,1.,1.,0.,0.,1.,1.,0.,0.,1.,0.,       2837P   2407
0.,1.;                                                              2837P   2408
110,0.38524513,0.468209465,1.31,0.38524513,1.261710844,1.31;        2839P   2409
126,1,1,1,0,1,0,0.,0.,1.,1.,1.,1.,1.,1.,0.,0.,1.,0.,0.,1.,0.,       2841P   2410
0.,1.;                                                              2841P   2411
110,0.38524513,1.261710844,1.31,0.38524513,1.261710844,1.4;         2843P   2412
126,1,1,1,0,1,0,0.,0.,1.,1.,1.,1.,0.,1.,0.,0.,0.,0.,0.,1.,0.,       2845P   2413
0.,1.;                                                              2845P   2414
110,0.38524513,1.261710844,1.4,0.38524513,0.468209465,1.4;          2847P   2415
102,4,2833,2837,2841,2845;                                          2849P   2416
102,4,2835,2839,2843,2847;                                          2851P   2417
142,1,2831,2849,2851,1;                                             2853P   2418
144,2831,1,0,2853;                                                  2855P   2419
128,1,1,1,1,0,0,1,0,0,0.,0.,1.,1.,0.,0.,1.,1.,1.,1.,1.,1.,          2857P   2420
-0.265685037,1.261710844,1.4,-0.265685037,1.261710844,1.31,         2857P   2421
0.38524513,1.261710844,1.4,0.38524513,1.261710844,1.31,0.,1.,       2857P   2422
0.,1.;                                                              2857P   2423
126,1,1,1,0,1,0,0.,0.,1.,1.,1.,1.,1.,1.,0.,0.,1.,0.,0.,1.,0.,       2859P   2424
0.,1.;                                                              2859P   2425
110,0.38524513,1.261710844,1.31,0.38524513,1.261710844,1.4;         2861P   2426
126,1,1,1,0,1,0,0.,0.,1.,1.,1.,1.,0.,1.,0.,0.,0.,0.,0.,1.,0.,       2863P   2427
0.,1.;                                                              2863P   2428
110,0.38524513,1.261710844,1.4,-0.265685037,1.261710844,1.4;        2865P   2429
126,1,1,1,0,1,0,0.,0.,1.,1.,1.,1.,0.,0.,0.,1.,0.,0.,0.,1.,0.,       2867P   2430
0.,1.;                                                              2867P   2431
110,-0.265685037,1.261710844,1.4,-0.265685037,1.261710844,1.31;     2869P   2432
126,1,1,1,0,1,0,0.,0.,1.,1.,1.,1.,1.,0.,0.,1.,1.,0.,0.,1.,0.,       2871P   2433
0.,1.;                                                              2871P   2434
110,-0.265685037,1.261710844,1.31,0.38524513,1.261710844,1.31;      2873P   2435
102,4,2859,2863,2867,2871;                                          2875P   2436
102,4,2861,2865,2869,2873;                                          2877P   2437
142,1,2857,2875,2877,1;                                             2879P   2438
144,2857,1,0,2879;                                                  2881P   2439
128,1,1,1,1,0,0,1,0,0,0.,0.,1.,1.,0.,0.,1.,1.,1.,1.,1.,1.,          2883P   2440
-0.265685037,0.468209465,1.4,-0.265685037,0.468209465,1.31,         2883P   2441
-0.265685037,1.261710844,1.4,-0.265685037,1.261710844,1.31,0.,      2883P   2442
1.,0.,1.;                                                           2883P   2443
126,1,1,1,0,1,0,0.,0.,1.,1.,1.,1.,1.,1.,0.,0.,1.,0.,0.,1.,0.,       2885P   2444
0.,1.;                                                              2885P   2445
110,-0.265685037,1.261710844,1.31,-0.265685037,1.261710844,1.4;     2887P   2446
126,1,1,1,0,1,0,0.,0.,1.,1.,1.,1.,0.,1.,0.,0.,0.,0.,0.,1.,0.,       2889P   2447
0.,1.;                                                              2889P   2448
110,-0.265685037,1.261710844,1.4,-0.265685037,0.468209465,1.4;      2891P   2449
126,1,1,1,0,1,0,0.,0.,1.,1.,1.,1.,0.,0.,0.,1.,0.,0.,0.,1.,0.,       2893P   2450
0.,1.;                                                              2893P   2451
110,-0.265685037,0.468209465,1.4,-0.265685037,0.468209465,1.31;     2895P   2452
126,1,1,1,0,1,0,0.,0.,1.,1.,1.,1.,1.,0.,0.,1.,1.,0.,0.,1.,0.,       2897P   2453
0.,1.;                                                              2897P   2454
110,-0.265685037,0.468209465,1.31,-0.265685037,1.261710844,         2899P   2455
1.31;                                                               2899P   2456
102,4,2885,2889,2893,2897;                                          2901P   2457
102,4,2887,2891,2895,2899;                                          2903P   2458
142,1,2883,2901,2903,1;                                             2905P   2459
144,2883,1,0,2905;                                                  2907P   2460
128,1,1,1,1,0,0,1,0,0,0.,0.,1.,1.,0.,0.,1.,1.,1.,1.,1.,1.,          2909P   2461
-0.265685037,0.468209465,1.4,0.38524513,0.468209465,1.4,            2909P   2462
-0.265685037,1.261710844,1.4,0.38524513,1.261710844,1.4,0.,1.,      2909P   2463
0.,1.;                                                              2909P   2464
126,1,1,1,0,1,0,0.,0.,1.,1.,1.,1.,0.,0.,0.,1.,0.,0.,0.,1.,0.,       2911P   2465
0.,1.;                                                              2911P   2466
110,-0.265685037,0.468209465,1.4,0.38524513,0.468209465,1.4;        2913P   2467
126,1,1,1,0,1,0,0.,0.,1.,1.,1.,1.,1.,0.,0.,1.,1.,0.,0.,1.,0.,       2915P   2468
0.,1.;                                                              2915P   2469
110,0.38524513,0.468209465,1.4,0.38524513,1.261710844,1.4;          2917P   2470
126,1,1,1,0,1,0,0.,0.,1.,1.,1.,1.,1.,1.,0.,0.,1.,0.,0.,1.,0.,       2919P   2471
0.,1.;                                                              2919P   2472
110,0.38524513,1.261710844,1.4,-0.265685037,1.261710844,1.4;        2921P   2473
126,1,1,1,0,1,0,0.,0.,1.,1.,1.,1.,0.,1.,0.,0.,0.,0.,0.,1.,0.,       2923P   2474
0.,1.;                                                              2923P   2475
110,-0.265685037,1.261710844,1.4,-0.265685037,0.468209465,1.4;      2925P   2476
102,4,2911,2915,2919,2923;                                          2927P   2477
102,4,2913,2917,2921,2925;                                          2929P   2478
142,1,2909,2927,2929,1;                                             2931P   2479
144,2909,1,0,2931;                                                  2933P   2480
S      1G      4D   2934P   2480                                        T      1
