ISO-10303-21;
HEADER;
/* Generated by software containing ST-Developer
 * from STEP Tools, Inc. (www.steptools.com) 
 */

FILE_DESCRIPTION(
/* description */ ('',
'CAx-IF Rec.Pracs.---Representation and Presentation of Product Manufa
cturing Information (PMI)---4.0---2014-10-13'),
/* implementation_level */ '2;1');

FILE_NAME(
/* name */ 'P:\\E-Switch Secure\\3D_MODELS_STP_FORMAT\\TL1105XFxxxx.st
p',
/* time_stamp */ '2018-10-18T08:18:51-05:00',
/* author */ ('mwilliams'),
/* organization */ (''),
/* preprocessor_version */ 'ST-DEVELOPER v17',
/* originating_system */ 'Autodesk Inventor 2018',
/* authorisation */ '');

FILE_SCHEMA (('AP242_MANAGED_MODEL_BASED_3D_ENGINEERING_MIM_LF { 1 0 10303 442 1 1 4 }'));
ENDSEC;

DATA;
#10=MECHANICAL_DESIGN_GEOMETRIC_PRESENTATION_REPRESENTATION('',(#1307,#1308,
#1309,#1310,#1311,#1312,#1313,#1314,#1315,#1316,#1317,#1318,#1319,#1320,
#1321,#1322,#1323,#1324,#1325,#1326,#1327,#1328,#1329,#1330,#1331,#1332,
#1333,#1334,#1335,#1336,#1337,#1338,#1339,#1340,#1341,#1342,#1343,#1344,
#1345,#1346,#1347,#1348,#1349,#1350,#1351,#1352,#1353,#1354),#9231);
#11=CONTEXT_DEPENDENT_OVER_RIDING_STYLED_ITEM('',(#9279),#9254,#1354,(#21));
#12=MAPPED_ITEM('',#13,#5957);
#13=REPRESENTATION_MAP(#5957,#9250);
#14=ITEM_DEFINED_TRANSFORMATION($,$,#5484,#5953);
#15=ITEM_DEFINED_TRANSFORMATION($,$,#5692,#5954);
#16=ITEM_DEFINED_TRANSFORMATION($,$,#5894,#5955);
#17=ITEM_DEFINED_TRANSFORMATION($,$,#5902,#5956);
#18=(
REPRESENTATION_RELATIONSHIP($,$,#9251,#9250)
REPRESENTATION_RELATIONSHIP_WITH_TRANSFORMATION(#14)
SHAPE_REPRESENTATION_RELATIONSHIP()
);
#19=(
REPRESENTATION_RELATIONSHIP($,$,#9252,#9250)
REPRESENTATION_RELATIONSHIP_WITH_TRANSFORMATION(#15)
SHAPE_REPRESENTATION_RELATIONSHIP()
);
#20=(
REPRESENTATION_RELATIONSHIP($,$,#9253,#9250)
REPRESENTATION_RELATIONSHIP_WITH_TRANSFORMATION(#16)
SHAPE_REPRESENTATION_RELATIONSHIP()
);
#21=(
REPRESENTATION_RELATIONSHIP($,$,#9254,#9250)
REPRESENTATION_RELATIONSHIP_WITH_TRANSFORMATION(#17)
SHAPE_REPRESENTATION_RELATIONSHIP()
);
#22=CONTEXT_DEPENDENT_SHAPE_REPRESENTATION(#18,#9246);
#23=CONTEXT_DEPENDENT_SHAPE_REPRESENTATION(#19,#9247);
#24=CONTEXT_DEPENDENT_SHAPE_REPRESENTATION(#20,#9248);
#25=CONTEXT_DEPENDENT_SHAPE_REPRESENTATION(#21,#9249);
#26=NEXT_ASSEMBLY_USAGE_OCCURRENCE('TL1105 RT BODY:1',
'TL1105 RT BODY:1','TL1105 RT BODY:1',#9256,#9257,'TL1105 RT BODY:1');
#27=NEXT_ASSEMBLY_USAGE_OCCURRENCE('TL1105 RT COVER:1',
'TL1105 RT COVER:1','TL1105 RT COVER:1',#9256,#9258,'TL1105 RT COVER:1');
#28=NEXT_ASSEMBLY_USAGE_OCCURRENCE('TL1105CONTACTDOME:1',
'TL1105CONTACTDOME:1','TL1105CONTACTDOME:1',#9256,#9259,
'TL1105CONTACTDOME:1');
#29=NEXT_ASSEMBLY_USAGE_OCCURRENCE('TL1105 ACTUATOR X 5_85:1',
'TL1105 ACTUATOR X 5_85:1','TL1105 ACTUATOR X 5_85:1',#9256,#9260,
'TL1105 ACTUATOR X 5_85:1');
#30=SPHERICAL_SURFACE('',#5900,11.2600286371444);
#31=SPHERICAL_SURFACE('',#5901,11.3);
#32=CONICAL_SURFACE('',#5895,2.50517638090205,0.261799387799155);
#33=CONICAL_SURFACE('',#5907,1.75,0.0284488668075076);
#34=SHAPE_REPRESENTATION_RELATIONSHIP('SRR','None',#9251,#38);
#35=SHAPE_REPRESENTATION_RELATIONSHIP('SRR','None',#9252,#39);
#36=SHAPE_REPRESENTATION_RELATIONSHIP('SRR','None',#9253,#40);
#37=SHAPE_REPRESENTATION_RELATIONSHIP('SRR','None',#9254,#41);
#38=ADVANCED_BREP_SHAPE_REPRESENTATION('',(#42),#9227);
#39=ADVANCED_BREP_SHAPE_REPRESENTATION('',(#43),#9228);
#40=ADVANCED_BREP_SHAPE_REPRESENTATION('',(#44),#9229);
#41=ADVANCED_BREP_SHAPE_REPRESENTATION('',(#45),#9230);
#42=MANIFOLD_SOLID_BREP('Solid1',#5404);
#43=MANIFOLD_SOLID_BREP('Solid1',#5405);
#44=MANIFOLD_SOLID_BREP('Solid1',#5406);
#45=MANIFOLD_SOLID_BREP('Solid1',#5407);
#46=B_SPLINE_CURVE_WITH_KNOTS('',3,(#7716,#7717,#7718,#7719,#7720,#7721,
#7722,#7723,#7724,#7725,#7726,#7727,#7728,#7729),.UNSPECIFIED.,.F.,.F.,
(4,2,2,2,2,2,4),(-9.01063396237641E-5,0.,0.000851352785072437,0.00167716985002023,
0.00274889738264067,0.00361746526361279,0.00440413572619481),
 .UNSPECIFIED.);
#47=B_SPLINE_CURVE_WITH_KNOTS('',3,(#7732,#7733,#7734,#7735,#7736,#7737,
#7738,#7739,#7740,#7741,#7742,#7743,#7744,#7745),.UNSPECIFIED.,.F.,.F.,
(4,2,2,2,2,2,4),(-0.00446345980158504,-0.00437397062434678,-0.00352844898187777,
-0.00270828815856651,-0.00164390117405401,-0.000781282346475712,0.),
 .UNSPECIFIED.);
#48=B_SPLINE_CURVE_WITH_KNOTS('',3,(#7758,#7759,#7760,#7761,#7762,#7763,
#7764,#7765,#7766,#7767,#7768,#7769,#7770,#7771),.UNSPECIFIED.,.F.,.F.,
(4,2,2,2,2,2,4),(-9.01063396237792E-5,0.,0.000851352785072029,0.00167716985001894,
0.00274889738263762,0.00361746526360854,0.00440413572618498),
 .UNSPECIFIED.);
#49=B_SPLINE_CURVE_WITH_KNOTS('',3,(#7774,#7775,#7776,#7777,#7778,#7779,
#7780,#7781,#7782,#7783,#7784,#7785,#7786,#7787),.UNSPECIFIED.,.F.,.F.,
(4,2,2,2,2,2,4),(-0.00446345980155362,-0.0043739706243162,-0.00352844898185435,
-0.0027082881585499,-0.00164390117404537,-0.000781282346473652,0.),
 .UNSPECIFIED.);
#50=B_SPLINE_CURVE_WITH_KNOTS('',3,(#8752,#8753,#8754,#8755),
 .UNSPECIFIED.,.F.,.F.,(4,4),(-0.0397933250334499,-0.038798256134921),
 .UNSPECIFIED.);
#51=B_SPLINE_CURVE_WITH_KNOTS('',3,(#8967,#8968,#8969,#8970),
 .UNSPECIFIED.,.F.,.F.,(4,4),(0.038798256134921,0.0397933250334499),
 .UNSPECIFIED.);
#52=ELLIPSE('',#5524,0.035355339059327,0.025);
#53=ELLIPSE('',#5528,0.0353553390593273,0.025);
#54=ELLIPSE('',#5530,0.0353553390593274,0.025);
#55=ELLIPSE('',#5535,0.035355339059327,0.025);
#56=ELLIPSE('',#5543,0.0353553390593272,0.025);
#57=ELLIPSE('',#5544,0.0353553390593272,0.025);
#58=ELLIPSE('',#5546,0.0353553390593271,0.025);
#59=ELLIPSE('',#5548,0.0353553390593276,0.025);
#60=ELLIPSE('',#5553,0.0353553390593276,0.025);
#61=ELLIPSE('',#5555,0.0353553390593276,0.025);
#62=ELLIPSE('',#5560,0.0353553390593274,0.025);
#63=ELLIPSE('',#5562,0.0353553390593276,0.025);
#64=ELLIPSE('',#5569,0.0353553390593274,0.025);
#65=ELLIPSE('',#5570,0.0353553390593275,0.025);
#66=ELLIPSE('',#5572,0.0353553390593276,0.025);
#67=ELLIPSE('',#5574,0.0353553390593274,0.025);
#68=ELLIPSE('',#5582,0.0353553390593272,0.025);
#69=ELLIPSE('',#5583,0.0353553390593274,0.025);
#70=ELLIPSE('',#5585,0.0353553390593275,0.025);
#71=ELLIPSE('',#5587,0.0353553390593275,0.025);
#72=ELLIPSE('',#5591,0.0353553390593275,0.025);
#73=ELLIPSE('',#5592,0.0353553390593273,0.025);
#74=ELLIPSE('',#5594,0.0353553390593274,0.025);
#75=ELLIPSE('',#5596,0.0353553390593275,0.025);
#76=CYLINDRICAL_SURFACE('',#5523,0.025);
#77=CYLINDRICAL_SURFACE('',#5527,0.025);
#78=CYLINDRICAL_SURFACE('',#5529,0.025);
#79=CYLINDRICAL_SURFACE('',#5531,0.025);
#80=CYLINDRICAL_SURFACE('',#5534,0.025);
#81=CYLINDRICAL_SURFACE('',#5536,0.025);
#82=CYLINDRICAL_SURFACE('',#5537,1.);
#83=CYLINDRICAL_SURFACE('',#5542,0.025);
#84=CYLINDRICAL_SURFACE('',#5545,0.025);
#85=CYLINDRICAL_SURFACE('',#5547,0.025);
#86=CYLINDRICAL_SURFACE('',#5549,0.025);
#87=CYLINDRICAL_SURFACE('',#5551,0.025);
#88=CYLINDRICAL_SURFACE('',#5554,0.025);
#89=CYLINDRICAL_SURFACE('',#5556,0.025);
#90=CYLINDRICAL_SURFACE('',#5558,0.025);
#91=CYLINDRICAL_SURFACE('',#5561,0.025);
#92=CYLINDRICAL_SURFACE('',#5563,0.025);
#93=CYLINDRICAL_SURFACE('',#5568,0.025);
#94=CYLINDRICAL_SURFACE('',#5571,0.025);
#95=CYLINDRICAL_SURFACE('',#5573,0.025);
#96=CYLINDRICAL_SURFACE('',#5575,0.025);
#97=CYLINDRICAL_SURFACE('',#5581,0.025);
#98=CYLINDRICAL_SURFACE('',#5584,0.025);
#99=CYLINDRICAL_SURFACE('',#5586,0.025);
#100=CYLINDRICAL_SURFACE('',#5588,0.025);
#101=CYLINDRICAL_SURFACE('',#5590,0.025);
#102=CYLINDRICAL_SURFACE('',#5593,0.025);
#103=CYLINDRICAL_SURFACE('',#5595,0.025);
#104=CYLINDRICAL_SURFACE('',#5597,0.025);
#105=CYLINDRICAL_SURFACE('',#5605,1.);
#106=CYLINDRICAL_SURFACE('',#5658,0.375);
#107=CYLINDRICAL_SURFACE('',#5660,0.375);
#108=CYLINDRICAL_SURFACE('',#5662,0.375);
#109=CYLINDRICAL_SURFACE('',#5664,0.375);
#110=CYLINDRICAL_SURFACE('',#5667,2.55);
#111=CYLINDRICAL_SURFACE('',#5671,2.55);
#112=CYLINDRICAL_SURFACE('',#5675,2.55);
#113=CYLINDRICAL_SURFACE('',#5679,2.55);
#114=CYLINDRICAL_SURFACE('',#5693,0.4);
#115=CYLINDRICAL_SURFACE('',#5709,0.4);
#116=CYLINDRICAL_SURFACE('',#5711,0.4);
#117=CYLINDRICAL_SURFACE('',#5714,0.4);
#118=CYLINDRICAL_SURFACE('',#5717,0.4);
#119=CYLINDRICAL_SURFACE('',#5719,0.4);
#120=CYLINDRICAL_SURFACE('',#5735,0.4);
#121=CYLINDRICAL_SURFACE('',#5739,0.4);
#122=CYLINDRICAL_SURFACE('',#5742,0.4);
#123=CYLINDRICAL_SURFACE('',#5745,0.4);
#124=CYLINDRICAL_SURFACE('',#5755,0.25);
#125=CYLINDRICAL_SURFACE('',#5759,0.25);
#126=CYLINDRICAL_SURFACE('',#5764,0.25);
#127=CYLINDRICAL_SURFACE('',#5770,0.25);
#128=CYLINDRICAL_SURFACE('',#5776,0.5);
#129=CYLINDRICAL_SURFACE('',#5781,0.0999999999999999);
#130=CYLINDRICAL_SURFACE('',#5784,0.399999999999993);
#131=CYLINDRICAL_SURFACE('',#5787,0.25);
#132=CYLINDRICAL_SURFACE('',#5789,0.45);
#133=CYLINDRICAL_SURFACE('',#5798,0.15);
#134=CYLINDRICAL_SURFACE('',#5801,0.15);
#135=CYLINDRICAL_SURFACE('',#5804,0.15);
#136=CYLINDRICAL_SURFACE('',#5807,0.15);
#137=CYLINDRICAL_SURFACE('',#5810,0.15);
#138=CYLINDRICAL_SURFACE('',#5813,0.15);
#139=CYLINDRICAL_SURFACE('',#5834,0.25);
#140=CYLINDRICAL_SURFACE('',#5840,0.25);
#141=CYLINDRICAL_SURFACE('',#5842,0.5);
#142=CYLINDRICAL_SURFACE('',#5848,0.0999999999999999);
#143=CYLINDRICAL_SURFACE('',#5852,0.399999999999993);
#144=CYLINDRICAL_SURFACE('',#5856,0.25);
#145=CYLINDRICAL_SURFACE('',#5860,0.45);
#146=CYLINDRICAL_SURFACE('',#5868,0.15);
#147=CYLINDRICAL_SURFACE('',#5870,0.15);
#148=CYLINDRICAL_SURFACE('',#5873,0.15);
#149=CYLINDRICAL_SURFACE('',#5875,0.15);
#150=CYLINDRICAL_SURFACE('',#5877,0.15);
#151=CYLINDRICAL_SURFACE('',#5879,0.15);
#152=CYLINDRICAL_SURFACE('',#5883,1.75);
#153=CYLINDRICAL_SURFACE('',#5884,0.375);
#154=CYLINDRICAL_SURFACE('',#5885,0.375);
#155=CYLINDRICAL_SURFACE('',#5886,0.375);
#156=CYLINDRICAL_SURFACE('',#5887,0.375);
#157=CYLINDRICAL_SURFACE('',#5912,1.285);
#158=CYLINDRICAL_SURFACE('',#5916,0.875);
#159=CYLINDRICAL_SURFACE('',#5921,0.875);
#160=CYLINDRICAL_SURFACE('',#5925,1.285);
#161=CYLINDRICAL_SURFACE('',#5930,1.285);
#162=CYLINDRICAL_SURFACE('',#5934,0.875);
#163=CYLINDRICAL_SURFACE('',#5939,0.875);
#164=CYLINDRICAL_SURFACE('',#5943,1.285);
#165=CYLINDRICAL_SURFACE('',#5948,2.5);
#166=TOROIDAL_SURFACE('',#5516,0.525,0.025);
#167=TOROIDAL_SURFACE('',#5525,0.975,0.025);
#168=TOROIDAL_SURFACE('',#5532,0.975,0.025);
#169=TOROIDAL_SURFACE('',#5577,0.475,0.025);
#170=TOROIDAL_SURFACE('',#5903,1.49749572001774,0.15);
#171=LINE('',#7625,#739);
#172=LINE('',#7627,#740);
#173=LINE('',#7629,#741);
#174=LINE('',#7630,#742);
#175=LINE('',#7634,#743);
#176=LINE('',#7636,#744);
#177=LINE('',#7638,#745);
#178=LINE('',#7639,#746);
#179=LINE('',#7643,#747);
#180=LINE('',#7645,#748);
#181=LINE('',#7647,#749);
#182=LINE('',#7648,#750);
#183=LINE('',#7652,#751);
#184=LINE('',#7654,#752);
#185=LINE('',#7656,#753);
#186=LINE('',#7657,#754);
#187=LINE('',#7660,#755);
#188=LINE('',#7662,#756);
#189=LINE('',#7663,#757);
#190=LINE('',#7666,#758);
#191=LINE('',#7668,#759);
#192=LINE('',#7669,#760);
#193=LINE('',#7671,#761);
#194=LINE('',#7673,#762);
#195=LINE('',#7674,#763);
#196=LINE('',#7677,#764);
#197=LINE('',#7678,#765);
#198=LINE('',#7679,#766);
#199=LINE('',#7681,#767);
#200=LINE('',#7683,#768);
#201=LINE('',#7684,#769);
#202=LINE('',#7686,#770);
#203=LINE('',#7697,#771);
#204=LINE('',#7699,#772);
#205=LINE('',#7701,#773);
#206=LINE('',#7705,#774);
#207=LINE('',#7707,#775);
#208=LINE('',#7709,#776);
#209=LINE('',#7714,#777);
#210=LINE('',#7750,#778);
#211=LINE('',#7754,#779);
#212=LINE('',#7757,#780);
#213=LINE('',#7792,#781);
#214=LINE('',#7794,#782);
#215=LINE('',#7797,#783);
#216=LINE('',#7800,#784);
#217=LINE('',#7803,#785);
#218=LINE('',#7804,#786);
#219=LINE('',#7807,#787);
#220=LINE('',#7808,#788);
#221=LINE('',#7811,#789);
#222=LINE('',#7812,#790);
#223=LINE('',#7816,#791);
#224=LINE('',#7820,#792);
#225=LINE('',#7824,#793);
#226=LINE('',#7826,#794);
#227=LINE('',#7830,#795);
#228=LINE('',#7833,#796);
#229=LINE('',#7835,#797);
#230=LINE('',#7836,#798);
#231=LINE('',#7840,#799);
#232=LINE('',#7842,#800);
#233=LINE('',#7844,#801);
#234=LINE('',#7845,#802);
#235=LINE('',#7851,#803);
#236=LINE('',#7855,#804);
#237=LINE('',#7859,#805);
#238=LINE('',#7865,#806);
#239=LINE('',#7868,#807);
#240=LINE('',#7871,#808);
#241=LINE('',#7874,#809);
#242=LINE('',#7877,#810);
#243=LINE('',#7880,#811);
#244=LINE('',#7883,#812);
#245=LINE('',#7885,#813);
#246=LINE('',#7886,#814);
#247=LINE('',#7889,#815);
#248=LINE('',#7890,#816);
#249=LINE('',#7893,#817);
#250=LINE('',#7894,#818);
#251=LINE('',#7898,#819);
#252=LINE('',#7903,#820);
#253=LINE('',#7907,#821);
#254=LINE('',#7910,#822);
#255=LINE('',#7920,#823);
#256=LINE('',#7924,#824);
#257=LINE('',#7928,#825);
#258=LINE('',#7931,#826);
#259=LINE('',#7934,#827);
#260=LINE('',#7937,#828);
#261=LINE('',#7939,#829);
#262=LINE('',#7940,#830);
#263=LINE('',#7946,#831);
#264=LINE('',#7951,#832);
#265=LINE('',#7955,#833);
#266=LINE('',#7957,#834);
#267=LINE('',#7959,#835);
#268=LINE('',#7962,#836);
#269=LINE('',#7964,#837);
#270=LINE('',#7965,#838);
#271=LINE('',#7968,#839);
#272=LINE('',#7969,#840);
#273=LINE('',#7972,#841);
#274=LINE('',#7973,#842);
#275=LINE('',#7975,#843);
#276=LINE('',#7978,#844);
#277=LINE('',#7980,#845);
#278=LINE('',#7981,#846);
#279=LINE('',#7983,#847);
#280=LINE('',#7986,#848);
#281=LINE('',#7989,#849);
#282=LINE('',#7992,#850);
#283=LINE('',#7994,#851);
#284=LINE('',#7998,#852);
#285=LINE('',#8000,#853);
#286=LINE('',#8002,#854);
#287=LINE('',#8006,#855);
#288=LINE('',#8008,#856);
#289=LINE('',#8010,#857);
#290=LINE('',#8014,#858);
#291=LINE('',#8016,#859);
#292=LINE('',#8018,#860);
#293=LINE('',#8022,#861);
#294=LINE('',#8023,#862);
#295=LINE('',#8026,#863);
#296=LINE('',#8027,#864);
#297=LINE('',#8029,#865);
#298=LINE('',#8031,#866);
#299=LINE('',#8035,#867);
#300=LINE('',#8037,#868);
#301=LINE('',#8039,#869);
#302=LINE('',#8040,#870);
#303=LINE('',#8043,#871);
#304=LINE('',#8045,#872);
#305=LINE('',#8046,#873);
#306=LINE('',#8049,#874);
#307=LINE('',#8051,#875);
#308=LINE('',#8052,#876);
#309=LINE('',#8054,#877);
#310=LINE('',#8056,#878);
#311=LINE('',#8060,#879);
#312=LINE('',#8062,#880);
#313=LINE('',#8064,#881);
#314=LINE('',#8065,#882);
#315=LINE('',#8068,#883);
#316=LINE('',#8070,#884);
#317=LINE('',#8071,#885);
#318=LINE('',#8074,#886);
#319=LINE('',#8076,#887);
#320=LINE('',#8077,#888);
#321=LINE('',#8079,#889);
#322=LINE('',#8081,#890);
#323=LINE('',#8085,#891);
#324=LINE('',#8087,#892);
#325=LINE('',#8089,#893);
#326=LINE('',#8090,#894);
#327=LINE('',#8093,#895);
#328=LINE('',#8095,#896);
#329=LINE('',#8096,#897);
#330=LINE('',#8100,#898);
#331=LINE('',#8102,#899);
#332=LINE('',#8104,#900);
#333=LINE('',#8105,#901);
#334=LINE('',#8108,#902);
#335=LINE('',#8110,#903);
#336=LINE('',#8111,#904);
#337=LINE('',#8115,#905);
#338=LINE('',#8117,#906);
#339=LINE('',#8119,#907);
#340=LINE('',#8120,#908);
#341=LINE('',#8124,#909);
#342=LINE('',#8126,#910);
#343=LINE('',#8128,#911);
#344=LINE('',#8129,#912);
#345=LINE('',#8131,#913);
#346=LINE('',#8132,#914);
#347=LINE('',#8134,#915);
#348=LINE('',#8135,#916);
#349=LINE('',#8139,#917);
#350=LINE('',#8141,#918);
#351=LINE('',#8142,#919);
#352=LINE('',#8143,#920);
#353=LINE('',#8145,#921);
#354=LINE('',#8147,#922);
#355=LINE('',#8149,#923);
#356=LINE('',#8150,#924);
#357=LINE('',#8153,#925);
#358=LINE('',#8154,#926);
#359=LINE('',#8157,#927);
#360=LINE('',#8158,#928);
#361=LINE('',#8162,#929);
#362=LINE('',#8164,#930);
#363=LINE('',#8166,#931);
#364=LINE('',#8167,#932);
#365=LINE('',#8168,#933);
#366=LINE('',#8169,#934);
#367=LINE('',#8173,#935);
#368=LINE('',#8175,#936);
#369=LINE('',#8176,#937);
#370=LINE('',#8179,#938);
#371=LINE('',#8181,#939);
#372=LINE('',#8183,#940);
#373=LINE('',#8185,#941);
#374=LINE('',#8187,#942);
#375=LINE('',#8189,#943);
#376=LINE('',#8191,#944);
#377=LINE('',#8193,#945);
#378=LINE('',#8194,#946);
#379=LINE('',#8197,#947);
#380=LINE('',#8198,#948);
#381=LINE('',#8201,#949);
#382=LINE('',#8203,#950);
#383=LINE('',#8204,#951);
#384=LINE('',#8206,#952);
#385=LINE('',#8208,#953);
#386=LINE('',#8212,#954);
#387=LINE('',#8214,#955);
#388=LINE('',#8216,#956);
#389=LINE('',#8217,#957);
#390=LINE('',#8221,#958);
#391=LINE('',#8223,#959);
#392=LINE('',#8225,#960);
#393=LINE('',#8226,#961);
#394=LINE('',#8229,#962);
#395=LINE('',#8230,#963);
#396=LINE('',#8233,#964);
#397=LINE('',#8235,#965);
#398=LINE('',#8236,#966);
#399=LINE('',#8239,#967);
#400=LINE('',#8241,#968);
#401=LINE('',#8242,#969);
#402=LINE('',#8244,#970);
#403=LINE('',#8245,#971);
#404=LINE('',#8246,#972);
#405=LINE('',#8249,#973);
#406=LINE('',#8251,#974);
#407=LINE('',#8252,#975);
#408=LINE('',#8255,#976);
#409=LINE('',#8257,#977);
#410=LINE('',#8258,#978);
#411=LINE('',#8261,#979);
#412=LINE('',#8262,#980);
#413=LINE('',#8265,#981);
#414=LINE('',#8266,#982);
#415=LINE('',#8269,#983);
#416=LINE('',#8270,#984);
#417=LINE('',#8273,#985);
#418=LINE('',#8274,#986);
#419=LINE('',#8277,#987);
#420=LINE('',#8278,#988);
#421=LINE('',#8281,#989);
#422=LINE('',#8285,#990);
#423=LINE('',#8289,#991);
#424=LINE('',#8293,#992);
#425=LINE('',#8297,#993);
#426=LINE('',#8299,#994);
#427=LINE('',#8300,#995);
#428=LINE('',#8303,#996);
#429=LINE('',#8307,#997);
#430=LINE('',#8308,#998);
#431=LINE('',#8311,#999);
#432=LINE('',#8313,#1000);
#433=LINE('',#8314,#1001);
#434=LINE('',#8317,#1002);
#435=LINE('',#8321,#1003);
#436=LINE('',#8322,#1004);
#437=LINE('',#8325,#1005);
#438=LINE('',#8327,#1006);
#439=LINE('',#8328,#1007);
#440=LINE('',#8331,#1008);
#441=LINE('',#8335,#1009);
#442=LINE('',#8336,#1010);
#443=LINE('',#8339,#1011);
#444=LINE('',#8341,#1012);
#445=LINE('',#8342,#1013);
#446=LINE('',#8345,#1014);
#447=LINE('',#8349,#1015);
#448=LINE('',#8350,#1016);
#449=LINE('',#8352,#1017);
#450=LINE('',#8354,#1018);
#451=LINE('',#8356,#1019);
#452=LINE('',#8358,#1020);
#453=LINE('',#8362,#1021);
#454=LINE('',#8363,#1022);
#455=LINE('',#8364,#1023);
#456=LINE('',#8367,#1024);
#457=LINE('',#8369,#1025);
#458=LINE('',#8370,#1026);
#459=LINE('',#8373,#1027);
#460=LINE('',#8374,#1028);
#461=LINE('',#8375,#1029);
#462=LINE('',#8377,#1030);
#463=LINE('',#8386,#1031);
#464=LINE('',#8389,#1032);
#465=LINE('',#8392,#1033);
#466=LINE('',#8396,#1034);
#467=LINE('',#8400,#1035);
#468=LINE('',#8404,#1036);
#469=LINE('',#8408,#1037);
#470=LINE('',#8410,#1038);
#471=LINE('',#8412,#1039);
#472=LINE('',#8414,#1040);
#473=LINE('',#8418,#1041);
#474=LINE('',#8420,#1042);
#475=LINE('',#8422,#1043);
#476=LINE('',#8426,#1044);
#477=LINE('',#8430,#1045);
#478=LINE('',#8434,#1046);
#479=LINE('',#8438,#1047);
#480=LINE('',#8440,#1048);
#481=LINE('',#8442,#1049);
#482=LINE('',#8446,#1050);
#483=LINE('',#8449,#1051);
#484=LINE('',#8452,#1052);
#485=LINE('',#8453,#1053);
#486=LINE('',#8457,#1054);
#487=LINE('',#8462,#1055);
#488=LINE('',#8463,#1056);
#489=LINE('',#8466,#1057);
#490=LINE('',#8467,#1058);
#491=LINE('',#8470,#1059);
#492=LINE('',#8473,#1060);
#493=LINE('',#8476,#1061);
#494=LINE('',#8477,#1062);
#495=LINE('',#8485,#1063);
#496=LINE('',#8488,#1064);
#497=LINE('',#8491,#1065);
#498=LINE('',#8493,#1066);
#499=LINE('',#8494,#1067);
#500=LINE('',#8497,#1068);
#501=LINE('',#8501,#1069);
#502=LINE('',#8505,#1070);
#503=LINE('',#8507,#1071);
#504=LINE('',#8509,#1072);
#505=LINE('',#8513,#1073);
#506=LINE('',#8517,#1074);
#507=LINE('',#8521,#1075);
#508=LINE('',#8525,#1076);
#509=LINE('',#8527,#1077);
#510=LINE('',#8529,#1078);
#511=LINE('',#8533,#1079);
#512=LINE('',#8535,#1080);
#513=LINE('',#8537,#1081);
#514=LINE('',#8539,#1082);
#515=LINE('',#8543,#1083);
#516=LINE('',#8547,#1084);
#517=LINE('',#8551,#1085);
#518=LINE('',#8555,#1086);
#519=LINE('',#8558,#1087);
#520=LINE('',#8563,#1088);
#521=LINE('',#8565,#1089);
#522=LINE('',#8567,#1090);
#523=LINE('',#8568,#1091);
#524=LINE('',#8571,#1092);
#525=LINE('',#8574,#1093);
#526=LINE('',#8576,#1094);
#527=LINE('',#8581,#1095);
#528=LINE('',#8582,#1096);
#529=LINE('',#8584,#1097);
#530=LINE('',#8588,#1098);
#531=LINE('',#8590,#1099);
#532=LINE('',#8592,#1100);
#533=LINE('',#8594,#1101);
#534=LINE('',#8596,#1102);
#535=LINE('',#8600,#1103);
#536=LINE('',#8602,#1104);
#537=LINE('',#8604,#1105);
#538=LINE('',#8608,#1106);
#539=LINE('',#8612,#1107);
#540=LINE('',#8616,#1108);
#541=LINE('',#8620,#1109);
#542=LINE('',#8622,#1110);
#543=LINE('',#8624,#1111);
#544=LINE('',#8628,#1112);
#545=LINE('',#8631,#1113);
#546=LINE('',#8635,#1114);
#547=LINE('',#8640,#1115);
#548=LINE('',#8642,#1116);
#549=LINE('',#8643,#1117);
#550=LINE('',#8645,#1118);
#551=LINE('',#8647,#1119);
#552=LINE('',#8648,#1120);
#553=LINE('',#8653,#1121);
#554=LINE('',#8657,#1122);
#555=LINE('',#8659,#1123);
#556=LINE('',#8661,#1124);
#557=LINE('',#8663,#1125);
#558=LINE('',#8665,#1126);
#559=LINE('',#8667,#1127);
#560=LINE('',#8669,#1128);
#561=LINE('',#8676,#1129);
#562=LINE('',#8679,#1130);
#563=LINE('',#8682,#1131);
#564=LINE('',#8684,#1132);
#565=LINE('',#8685,#1133);
#566=LINE('',#8688,#1134);
#567=LINE('',#8690,#1135);
#568=LINE('',#8692,#1136);
#569=LINE('',#8697,#1137);
#570=LINE('',#8700,#1138);
#571=LINE('',#8703,#1139);
#572=LINE('',#8705,#1140);
#573=LINE('',#8707,#1141);
#574=LINE('',#8711,#1142);
#575=LINE('',#8715,#1143);
#576=LINE('',#8716,#1144);
#577=LINE('',#8721,#1145);
#578=LINE('',#8722,#1146);
#579=LINE('',#8724,#1147);
#580=LINE('',#8727,#1148);
#581=LINE('',#8728,#1149);
#582=LINE('',#8731,#1150);
#583=LINE('',#8732,#1151);
#584=LINE('',#8736,#1152);
#585=LINE('',#8739,#1153);
#586=LINE('',#8740,#1154);
#587=LINE('',#8744,#1155);
#588=LINE('',#8746,#1156);
#589=LINE('',#8749,#1157);
#590=LINE('',#8758,#1158);
#591=LINE('',#8763,#1159);
#592=LINE('',#8767,#1160);
#593=LINE('',#8769,#1161);
#594=LINE('',#8771,#1162);
#595=LINE('',#8772,#1163);
#596=LINE('',#8774,#1164);
#597=LINE('',#8775,#1165);
#598=LINE('',#8778,#1166);
#599=LINE('',#8779,#1167);
#600=LINE('',#8780,#1168);
#601=LINE('',#8782,#1169);
#602=LINE('',#8784,#1170);
#603=LINE('',#8787,#1171);
#604=LINE('',#8788,#1172);
#605=LINE('',#8792,#1173);
#606=LINE('',#8795,#1174);
#607=LINE('',#8796,#1175);
#608=LINE('',#8800,#1176);
#609=LINE('',#8802,#1177);
#610=LINE('',#8806,#1178);
#611=LINE('',#8809,#1179);
#612=LINE('',#8810,#1180);
#613=LINE('',#8814,#1181);
#614=LINE('',#8817,#1182);
#615=LINE('',#8818,#1183);
#616=LINE('',#8822,#1184);
#617=LINE('',#8825,#1185);
#618=LINE('',#8826,#1186);
#619=LINE('',#8830,#1187);
#620=LINE('',#8833,#1188);
#621=LINE('',#8834,#1189);
#622=LINE('',#8837,#1190);
#623=LINE('',#8838,#1191);
#624=LINE('',#8840,#1192);
#625=LINE('',#8842,#1193);
#626=LINE('',#8846,#1194);
#627=LINE('',#8847,#1195);
#628=LINE('',#8850,#1196);
#629=LINE('',#8852,#1197);
#630=LINE('',#8853,#1198);
#631=LINE('',#8855,#1199);
#632=LINE('',#8857,#1200);
#633=LINE('',#8859,#1201);
#634=LINE('',#8860,#1202);
#635=LINE('',#8873,#1203);
#636=LINE('',#8875,#1204);
#637=LINE('',#8876,#1205);
#638=LINE('',#8878,#1206);
#639=LINE('',#8880,#1207);
#640=LINE('',#8882,#1208);
#641=LINE('',#8883,#1209);
#642=LINE('',#8895,#1210);
#643=LINE('',#8901,#1211);
#644=LINE('',#8904,#1212);
#645=LINE('',#8907,#1213);
#646=LINE('',#8911,#1214);
#647=LINE('',#8913,#1215);
#648=LINE('',#8914,#1216);
#649=LINE('',#8917,#1217);
#650=LINE('',#8918,#1218);
#651=LINE('',#8922,#1219);
#652=LINE('',#8928,#1220);
#653=LINE('',#8931,#1221);
#654=LINE('',#8933,#1222);
#655=LINE('',#8934,#1223);
#656=LINE('',#8937,#1224);
#657=LINE('',#8939,#1225);
#658=LINE('',#8940,#1226);
#659=LINE('',#8943,#1227);
#660=LINE('',#8945,#1228);
#661=LINE('',#8946,#1229);
#662=LINE('',#8951,#1230);
#663=LINE('',#8955,#1231);
#664=LINE('',#8957,#1232);
#665=LINE('',#8958,#1233);
#666=LINE('',#8963,#1234);
#667=LINE('',#8964,#1235);
#668=LINE('',#8973,#1236);
#669=LINE('',#8976,#1237);
#670=LINE('',#8978,#1238);
#671=LINE('',#8980,#1239);
#672=LINE('',#8981,#1240);
#673=LINE('',#8984,#1241);
#674=LINE('',#8985,#1242);
#675=LINE('',#8987,#1243);
#676=LINE('',#8991,#1244);
#677=LINE('',#8992,#1245);
#678=LINE('',#8995,#1246);
#679=LINE('',#8996,#1247);
#680=LINE('',#8998,#1248);
#681=LINE('',#9002,#1249);
#682=LINE('',#9004,#1250);
#683=LINE('',#9006,#1251);
#684=LINE('',#9008,#1252);
#685=LINE('',#9011,#1253);
#686=LINE('',#9013,#1254);
#687=LINE('',#9015,#1255);
#688=LINE('',#9017,#1256);
#689=LINE('',#9019,#1257);
#690=LINE('',#9021,#1258);
#691=LINE('',#9023,#1259);
#692=LINE('',#9025,#1260);
#693=LINE('',#9027,#1261);
#694=LINE('',#9029,#1262);
#695=LINE('',#9032,#1263);
#696=LINE('',#9034,#1264);
#697=LINE('',#9036,#1265);
#698=LINE('',#9038,#1266);
#699=LINE('',#9040,#1267);
#700=LINE('',#9042,#1268);
#701=LINE('',#9044,#1269);
#702=LINE('',#9046,#1270);
#703=LINE('',#9049,#1271);
#704=LINE('',#9058,#1272);
#705=LINE('',#9073,#1273);
#706=LINE('',#9112,#1274);
#707=LINE('',#9115,#1275);
#708=LINE('',#9118,#1276);
#709=LINE('',#9120,#1277);
#710=LINE('',#9121,#1278);
#711=LINE('',#9127,#1279);
#712=LINE('',#9129,#1280);
#713=LINE('',#9130,#1281);
#714=LINE('',#9137,#1282);
#715=LINE('',#9140,#1283);
#716=LINE('',#9143,#1284);
#717=LINE('',#9145,#1285);
#718=LINE('',#9146,#1286);
#719=LINE('',#9152,#1287);
#720=LINE('',#9154,#1288);
#721=LINE('',#9155,#1289);
#722=LINE('',#9162,#1290);
#723=LINE('',#9165,#1291);
#724=LINE('',#9168,#1292);
#725=LINE('',#9170,#1293);
#726=LINE('',#9171,#1294);
#727=LINE('',#9177,#1295);
#728=LINE('',#9179,#1296);
#729=LINE('',#9180,#1297);
#730=LINE('',#9187,#1298);
#731=LINE('',#9190,#1299);
#732=LINE('',#9193,#1300);
#733=LINE('',#9195,#1301);
#734=LINE('',#9196,#1302);
#735=LINE('',#9202,#1303);
#736=LINE('',#9204,#1304);
#737=LINE('',#9205,#1305);
#738=LINE('',#9211,#1306);
#739=VECTOR('',#6004,10.);
#740=VECTOR('',#6005,10.);
#741=VECTOR('',#6006,10.);
#742=VECTOR('',#6007,10.);
#743=VECTOR('',#6010,10.);
#744=VECTOR('',#6011,10.);
#745=VECTOR('',#6012,10.);
#746=VECTOR('',#6013,10.);
#747=VECTOR('',#6016,10.);
#748=VECTOR('',#6017,10.);
#749=VECTOR('',#6018,10.);
#750=VECTOR('',#6019,10.);
#751=VECTOR('',#6022,10.);
#752=VECTOR('',#6023,10.);
#753=VECTOR('',#6024,10.);
#754=VECTOR('',#6025,10.);
#755=VECTOR('',#6028,10.);
#756=VECTOR('',#6029,10.);
#757=VECTOR('',#6030,10.);
#758=VECTOR('',#6033,10.);
#759=VECTOR('',#6034,10.);
#760=VECTOR('',#6035,10.);
#761=VECTOR('',#6038,10.);
#762=VECTOR('',#6039,10.);
#763=VECTOR('',#6040,10.);
#764=VECTOR('',#6043,10.);
#765=VECTOR('',#6044,10.);
#766=VECTOR('',#6045,10.);
#767=VECTOR('',#6048,10.);
#768=VECTOR('',#6049,10.);
#769=VECTOR('',#6050,10.);
#770=VECTOR('',#6053,10.);
#771=VECTOR('',#6066,10.);
#772=VECTOR('',#6067,10.);
#773=VECTOR('',#6068,10.);
#774=VECTOR('',#6071,10.);
#775=VECTOR('',#6072,10.);
#776=VECTOR('',#6073,10.);
#777=VECTOR('',#6078,10.);
#778=VECTOR('',#6089,10.);
#779=VECTOR('',#6094,10.);
#780=VECTOR('',#6097,10.);
#781=VECTOR('',#6106,10.);
#782=VECTOR('',#6109,10.);
#783=VECTOR('',#6112,10.);
#784=VECTOR('',#6115,10.);
#785=VECTOR('',#6118,10.);
#786=VECTOR('',#6119,10.);
#787=VECTOR('',#6122,10.);
#788=VECTOR('',#6123,10.);
#789=VECTOR('',#6126,10.);
#790=VECTOR('',#6127,10.);
#791=VECTOR('',#6130,10.);
#792=VECTOR('',#6133,10.);
#793=VECTOR('',#6138,10.);
#794=VECTOR('',#6139,10.);
#795=VECTOR('',#6144,10.);
#796=VECTOR('',#6147,10.);
#797=VECTOR('',#6150,10.);
#798=VECTOR('',#6151,10.);
#799=VECTOR('',#6154,10.);
#800=VECTOR('',#6155,10.);
#801=VECTOR('',#6156,10.);
#802=VECTOR('',#6157,10.);
#803=VECTOR('',#6164,10.);
#804=VECTOR('',#6169,10.);
#805=VECTOR('',#6174,10.);
#806=VECTOR('',#6179,10.);
#807=VECTOR('',#6182,10.);
#808=VECTOR('',#6185,10.);
#809=VECTOR('',#6188,10.);
#810=VECTOR('',#6191,10.);
#811=VECTOR('',#6194,10.);
#812=VECTOR('',#6197,10.);
#813=VECTOR('',#6198,10.);
#814=VECTOR('',#6199,10.);
#815=VECTOR('',#6202,10.);
#816=VECTOR('',#6203,10.);
#817=VECTOR('',#6206,10.);
#818=VECTOR('',#6207,10.);
#819=VECTOR('',#6210,10.);
#820=VECTOR('',#6217,10.);
#821=VECTOR('',#6222,10.);
#822=VECTOR('',#6227,10.);
#823=VECTOR('',#6240,10.);
#824=VECTOR('',#6243,10.);
#825=VECTOR('',#6248,10.);
#826=VECTOR('',#6251,10.);
#827=VECTOR('',#6254,10.);
#828=VECTOR('',#6257,10.);
#829=VECTOR('',#6260,10.);
#830=VECTOR('',#6261,10.);
#831=VECTOR('',#6268,10.);
#832=VECTOR('',#6275,10.);
#833=VECTOR('',#6280,10.);
#834=VECTOR('',#6283,10.);
#835=VECTOR('',#6286,10.);
#836=VECTOR('',#6289,10.);
#837=VECTOR('',#6290,10.);
#838=VECTOR('',#6291,10.);
#839=VECTOR('',#6294,10.);
#840=VECTOR('',#6295,10.);
#841=VECTOR('',#6298,10.);
#842=VECTOR('',#6299,10.);
#843=VECTOR('',#6302,10.);
#844=VECTOR('',#6305,10.);
#845=VECTOR('',#6306,10.);
#846=VECTOR('',#6307,10.);
#847=VECTOR('',#6310,10.);
#848=VECTOR('',#6313,10.);
#849=VECTOR('',#6318,10.);
#850=VECTOR('',#6321,10.);
#851=VECTOR('',#6322,10.);
#852=VECTOR('',#6325,10.);
#853=VECTOR('',#6326,10.);
#854=VECTOR('',#6327,10.);
#855=VECTOR('',#6330,10.);
#856=VECTOR('',#6331,10.);
#857=VECTOR('',#6332,10.);
#858=VECTOR('',#6335,10.);
#859=VECTOR('',#6336,10.);
#860=VECTOR('',#6337,10.);
#861=VECTOR('',#6340,10.);
#862=VECTOR('',#6341,10.);
#863=VECTOR('',#6344,10.);
#864=VECTOR('',#6345,10.);
#865=VECTOR('',#6348,10.);
#866=VECTOR('',#6351,10.);
#867=VECTOR('',#6354,10.);
#868=VECTOR('',#6355,10.);
#869=VECTOR('',#6356,10.);
#870=VECTOR('',#6357,10.);
#871=VECTOR('',#6360,10.);
#872=VECTOR('',#6361,10.);
#873=VECTOR('',#6362,10.);
#874=VECTOR('',#6365,10.);
#875=VECTOR('',#6366,10.);
#876=VECTOR('',#6367,10.);
#877=VECTOR('',#6370,10.);
#878=VECTOR('',#6373,10.);
#879=VECTOR('',#6376,10.);
#880=VECTOR('',#6377,10.);
#881=VECTOR('',#6378,10.);
#882=VECTOR('',#6379,10.);
#883=VECTOR('',#6382,10.);
#884=VECTOR('',#6383,10.);
#885=VECTOR('',#6384,10.);
#886=VECTOR('',#6387,10.);
#887=VECTOR('',#6388,10.);
#888=VECTOR('',#6389,10.);
#889=VECTOR('',#6392,10.);
#890=VECTOR('',#6395,10.);
#891=VECTOR('',#6398,10.);
#892=VECTOR('',#6399,10.);
#893=VECTOR('',#6400,10.);
#894=VECTOR('',#6401,10.);
#895=VECTOR('',#6404,10.);
#896=VECTOR('',#6405,10.);
#897=VECTOR('',#6406,10.);
#898=VECTOR('',#6409,10.);
#899=VECTOR('',#6410,10.);
#900=VECTOR('',#6411,10.);
#901=VECTOR('',#6412,10.);
#902=VECTOR('',#6415,10.);
#903=VECTOR('',#6416,10.);
#904=VECTOR('',#6417,10.);
#905=VECTOR('',#6420,10.);
#906=VECTOR('',#6421,10.);
#907=VECTOR('',#6422,10.);
#908=VECTOR('',#6423,10.);
#909=VECTOR('',#6426,10.);
#910=VECTOR('',#6427,10.);
#911=VECTOR('',#6428,10.);
#912=VECTOR('',#6429,10.);
#913=VECTOR('',#6432,10.);
#914=VECTOR('',#6433,10.);
#915=VECTOR('',#6436,10.);
#916=VECTOR('',#6437,10.);
#917=VECTOR('',#6440,10.);
#918=VECTOR('',#6441,10.);
#919=VECTOR('',#6442,10.);
#920=VECTOR('',#6443,10.);
#921=VECTOR('',#6444,10.);
#922=VECTOR('',#6445,10.);
#923=VECTOR('',#6446,10.);
#924=VECTOR('',#6447,10.);
#925=VECTOR('',#6450,10.);
#926=VECTOR('',#6451,10.);
#927=VECTOR('',#6454,10.);
#928=VECTOR('',#6455,10.);
#929=VECTOR('',#6458,10.);
#930=VECTOR('',#6459,10.);
#931=VECTOR('',#6460,10.);
#932=VECTOR('',#6461,10.);
#933=VECTOR('',#6462,10.);
#934=VECTOR('',#6463,10.);
#935=VECTOR('',#6468,10.);
#936=VECTOR('',#6469,10.);
#937=VECTOR('',#6470,10.);
#938=VECTOR('',#6473,10.);
#939=VECTOR('',#6474,10.);
#940=VECTOR('',#6475,10.);
#941=VECTOR('',#6476,10.);
#942=VECTOR('',#6477,10.);
#943=VECTOR('',#6478,10.);
#944=VECTOR('',#6479,10.);
#945=VECTOR('',#6480,10.);
#946=VECTOR('',#6481,10.);
#947=VECTOR('',#6484,10.);
#948=VECTOR('',#6485,10.);
#949=VECTOR('',#6488,10.);
#950=VECTOR('',#6489,10.);
#951=VECTOR('',#6490,10.);
#952=VECTOR('',#6493,10.);
#953=VECTOR('',#6496,10.);
#954=VECTOR('',#6499,10.);
#955=VECTOR('',#6500,10.);
#956=VECTOR('',#6501,10.);
#957=VECTOR('',#6502,10.);
#958=VECTOR('',#6505,10.);
#959=VECTOR('',#6506,10.);
#960=VECTOR('',#6507,10.);
#961=VECTOR('',#6508,10.);
#962=VECTOR('',#6511,10.);
#963=VECTOR('',#6512,10.);
#964=VECTOR('',#6515,10.);
#965=VECTOR('',#6516,10.);
#966=VECTOR('',#6517,10.);
#967=VECTOR('',#6520,10.);
#968=VECTOR('',#6521,10.);
#969=VECTOR('',#6522,10.);
#970=VECTOR('',#6525,10.);
#971=VECTOR('',#6526,10.);
#972=VECTOR('',#6527,10.);
#973=VECTOR('',#6530,10.);
#974=VECTOR('',#6531,10.);
#975=VECTOR('',#6532,10.);
#976=VECTOR('',#6535,10.);
#977=VECTOR('',#6536,10.);
#978=VECTOR('',#6537,10.);
#979=VECTOR('',#6540,10.);
#980=VECTOR('',#6541,10.);
#981=VECTOR('',#6544,10.);
#982=VECTOR('',#6545,10.);
#983=VECTOR('',#6548,10.);
#984=VECTOR('',#6549,10.);
#985=VECTOR('',#6552,10.);
#986=VECTOR('',#6553,10.);
#987=VECTOR('',#6556,10.);
#988=VECTOR('',#6557,10.);
#989=VECTOR('',#6560,0.375);
#990=VECTOR('',#6565,0.375);
#991=VECTOR('',#6570,0.375);
#992=VECTOR('',#6575,0.375);
#993=VECTOR('',#6580,10.);
#994=VECTOR('',#6581,10.);
#995=VECTOR('',#6582,10.);
#996=VECTOR('',#6585,10.);
#997=VECTOR('',#6590,10.);
#998=VECTOR('',#6591,10.);
#999=VECTOR('',#6594,10.);
#1000=VECTOR('',#6595,10.);
#1001=VECTOR('',#6596,10.);
#1002=VECTOR('',#6599,10.);
#1003=VECTOR('',#6604,10.);
#1004=VECTOR('',#6605,10.);
#1005=VECTOR('',#6608,10.);
#1006=VECTOR('',#6609,10.);
#1007=VECTOR('',#6610,10.);
#1008=VECTOR('',#6613,10.);
#1009=VECTOR('',#6618,10.);
#1010=VECTOR('',#6619,10.);
#1011=VECTOR('',#6622,10.);
#1012=VECTOR('',#6623,10.);
#1013=VECTOR('',#6624,10.);
#1014=VECTOR('',#6627,10.);
#1015=VECTOR('',#6632,10.);
#1016=VECTOR('',#6633,10.);
#1017=VECTOR('',#6636,10.);
#1018=VECTOR('',#6639,10.);
#1019=VECTOR('',#6642,10.);
#1020=VECTOR('',#6645,10.);
#1021=VECTOR('',#6648,10.);
#1022=VECTOR('',#6649,10.);
#1023=VECTOR('',#6650,10.);
#1024=VECTOR('',#6653,10.);
#1025=VECTOR('',#6654,10.);
#1026=VECTOR('',#6655,10.);
#1027=VECTOR('',#6658,10.);
#1028=VECTOR('',#6659,10.);
#1029=VECTOR('',#6660,10.);
#1030=VECTOR('',#6663,10.);
#1031=VECTOR('',#6674,10.);
#1032=VECTOR('',#6677,10.);
#1033=VECTOR('',#6680,10.);
#1034=VECTOR('',#6683,10.);
#1035=VECTOR('',#6686,10.);
#1036=VECTOR('',#6689,10.);
#1037=VECTOR('',#6692,10.);
#1038=VECTOR('',#6693,10.);
#1039=VECTOR('',#6694,10.);
#1040=VECTOR('',#6695,10.);
#1041=VECTOR('',#6698,10.);
#1042=VECTOR('',#6699,10.);
#1043=VECTOR('',#6700,10.);
#1044=VECTOR('',#6703,10.);
#1045=VECTOR('',#6706,10.);
#1046=VECTOR('',#6709,10.);
#1047=VECTOR('',#6712,10.);
#1048=VECTOR('',#6713,10.);
#1049=VECTOR('',#6714,10.);
#1050=VECTOR('',#6717,10.);
#1051=VECTOR('',#6720,10.);
#1052=VECTOR('',#6723,10.);
#1053=VECTOR('',#6724,10.);
#1054=VECTOR('',#6729,10.);
#1055=VECTOR('',#6734,10.);
#1056=VECTOR('',#6735,10.);
#1057=VECTOR('',#6738,10.);
#1058=VECTOR('',#6739,10.);
#1059=VECTOR('',#6742,10.);
#1060=VECTOR('',#6745,10.);
#1061=VECTOR('',#6748,10.);
#1062=VECTOR('',#6749,10.);
#1063=VECTOR('',#6758,10.);
#1064=VECTOR('',#6761,10.);
#1065=VECTOR('',#6764,10.);
#1066=VECTOR('',#6765,10.);
#1067=VECTOR('',#6766,10.);
#1068=VECTOR('',#6769,10.);
#1069=VECTOR('',#6772,10.);
#1070=VECTOR('',#6775,10.);
#1071=VECTOR('',#6776,10.);
#1072=VECTOR('',#6777,10.);
#1073=VECTOR('',#6780,10.);
#1074=VECTOR('',#6783,10.);
#1075=VECTOR('',#6786,10.);
#1076=VECTOR('',#6789,10.);
#1077=VECTOR('',#6790,10.);
#1078=VECTOR('',#6791,10.);
#1079=VECTOR('',#6794,10.);
#1080=VECTOR('',#6795,10.);
#1081=VECTOR('',#6796,10.);
#1082=VECTOR('',#6797,10.);
#1083=VECTOR('',#6800,10.);
#1084=VECTOR('',#6803,10.);
#1085=VECTOR('',#6806,10.);
#1086=VECTOR('',#6811,10.);
#1087=VECTOR('',#6814,10.);
#1088=VECTOR('',#6819,10.);
#1089=VECTOR('',#6820,10.);
#1090=VECTOR('',#6821,10.);
#1091=VECTOR('',#6822,10.);
#1092=VECTOR('',#6825,10.);
#1093=VECTOR('',#6828,10.);
#1094=VECTOR('',#6831,10.);
#1095=VECTOR('',#6836,10.);
#1096=VECTOR('',#6837,10.);
#1097=VECTOR('',#6840,10.);
#1098=VECTOR('',#6845,10.);
#1099=VECTOR('',#6848,10.);
#1100=VECTOR('',#6849,10.);
#1101=VECTOR('',#6850,10.);
#1102=VECTOR('',#6851,10.);
#1103=VECTOR('',#6854,10.);
#1104=VECTOR('',#6855,10.);
#1105=VECTOR('',#6856,10.);
#1106=VECTOR('',#6859,10.);
#1107=VECTOR('',#6862,10.);
#1108=VECTOR('',#6865,10.);
#1109=VECTOR('',#6868,10.);
#1110=VECTOR('',#6869,10.);
#1111=VECTOR('',#6870,10.);
#1112=VECTOR('',#6873,10.);
#1113=VECTOR('',#6876,10.);
#1114=VECTOR('',#6881,10.);
#1115=VECTOR('',#6886,10.);
#1116=VECTOR('',#6887,10.);
#1117=VECTOR('',#6888,10.);
#1118=VECTOR('',#6889,10.);
#1119=VECTOR('',#6890,10.);
#1120=VECTOR('',#6891,10.);
#1121=VECTOR('',#6896,10.);
#1122=VECTOR('',#6901,10.);
#1123=VECTOR('',#6902,10.);
#1124=VECTOR('',#6903,10.);
#1125=VECTOR('',#6904,10.);
#1126=VECTOR('',#6905,10.);
#1127=VECTOR('',#6906,10.);
#1128=VECTOR('',#6907,10.);
#1129=VECTOR('',#6914,10.);
#1130=VECTOR('',#6917,10.);
#1131=VECTOR('',#6920,10.);
#1132=VECTOR('',#6921,10.);
#1133=VECTOR('',#6922,10.);
#1134=VECTOR('',#6925,10.);
#1135=VECTOR('',#6926,10.);
#1136=VECTOR('',#6927,10.);
#1137=VECTOR('',#6934,10.);
#1138=VECTOR('',#6937,10.);
#1139=VECTOR('',#6940,10.);
#1140=VECTOR('',#6941,10.);
#1141=VECTOR('',#6942,10.);
#1142=VECTOR('',#6945,10.);
#1143=VECTOR('',#6948,10.);
#1144=VECTOR('',#6949,10.);
#1145=VECTOR('',#6954,10.);
#1146=VECTOR('',#6955,10.);
#1147=VECTOR('',#6958,10.);
#1148=VECTOR('',#6961,10.);
#1149=VECTOR('',#6962,10.);
#1150=VECTOR('',#6965,10.);
#1151=VECTOR('',#6966,10.);
#1152=VECTOR('',#6971,10.);
#1153=VECTOR('',#6974,10.);
#1154=VECTOR('',#6975,10.);
#1155=VECTOR('',#6980,10.);
#1156=VECTOR('',#6983,10.);
#1157=VECTOR('',#6986,10.);
#1158=VECTOR('',#6991,10.);
#1159=VECTOR('',#6996,10.);
#1160=VECTOR('',#6999,10.);
#1161=VECTOR('',#7000,10.);
#1162=VECTOR('',#7001,10.);
#1163=VECTOR('',#7002,10.);
#1164=VECTOR('',#7005,10.);
#1165=VECTOR('',#7006,10.);
#1166=VECTOR('',#7009,10.);
#1167=VECTOR('',#7010,10.);
#1168=VECTOR('',#7011,10.);
#1169=VECTOR('',#7014,10.);
#1170=VECTOR('',#7017,10.);
#1171=VECTOR('',#7020,10.);
#1172=VECTOR('',#7021,10.);
#1173=VECTOR('',#7026,10.);
#1174=VECTOR('',#7029,10.);
#1175=VECTOR('',#7030,10.);
#1176=VECTOR('',#7035,10.);
#1177=VECTOR('',#7038,10.);
#1178=VECTOR('',#7043,10.);
#1179=VECTOR('',#7046,10.);
#1180=VECTOR('',#7047,10.);
#1181=VECTOR('',#7052,10.);
#1182=VECTOR('',#7055,10.);
#1183=VECTOR('',#7056,10.);
#1184=VECTOR('',#7061,10.);
#1185=VECTOR('',#7064,10.);
#1186=VECTOR('',#7065,10.);
#1187=VECTOR('',#7070,10.);
#1188=VECTOR('',#7073,10.);
#1189=VECTOR('',#7074,10.);
#1190=VECTOR('',#7077,10.);
#1191=VECTOR('',#7078,10.);
#1192=VECTOR('',#7081,10.);
#1193=VECTOR('',#7084,10.);
#1194=VECTOR('',#7089,10.);
#1195=VECTOR('',#7090,10.);
#1196=VECTOR('',#7093,10.);
#1197=VECTOR('',#7094,10.);
#1198=VECTOR('',#7095,10.);
#1199=VECTOR('',#7096,10.);
#1200=VECTOR('',#7097,10.);
#1201=VECTOR('',#7098,10.);
#1202=VECTOR('',#7099,10.);
#1203=VECTOR('',#7112,10.);
#1204=VECTOR('',#7113,10.);
#1205=VECTOR('',#7114,10.);
#1206=VECTOR('',#7115,10.);
#1207=VECTOR('',#7116,10.);
#1208=VECTOR('',#7117,10.);
#1209=VECTOR('',#7118,10.);
#1210=VECTOR('',#7131,10.);
#1211=VECTOR('',#7136,10.);
#1212=VECTOR('',#7139,10.);
#1213=VECTOR('',#7142,10.);
#1214=VECTOR('',#7145,10.);
#1215=VECTOR('',#7146,10.);
#1216=VECTOR('',#7147,10.);
#1217=VECTOR('',#7150,10.);
#1218=VECTOR('',#7151,10.);
#1219=VECTOR('',#7156,10.);
#1220=VECTOR('',#7161,10.);
#1221=VECTOR('',#7164,10.);
#1222=VECTOR('',#7167,10.);
#1223=VECTOR('',#7168,10.);
#1224=VECTOR('',#7171,10.);
#1225=VECTOR('',#7172,10.);
#1226=VECTOR('',#7173,10.);
#1227=VECTOR('',#7176,10.);
#1228=VECTOR('',#7177,10.);
#1229=VECTOR('',#7178,10.);
#1230=VECTOR('',#7183,10.);
#1231=VECTOR('',#7188,10.);
#1232=VECTOR('',#7189,10.);
#1233=VECTOR('',#7190,10.);
#1234=VECTOR('',#7199,10.);
#1235=VECTOR('',#7200,10.);
#1236=VECTOR('',#7205,10.);
#1237=VECTOR('',#7208,10.);
#1238=VECTOR('',#7209,10.);
#1239=VECTOR('',#7210,10.);
#1240=VECTOR('',#7211,10.);
#1241=VECTOR('',#7214,10.);
#1242=VECTOR('',#7215,10.);
#1243=VECTOR('',#7218,10.);
#1244=VECTOR('',#7223,10.);
#1245=VECTOR('',#7224,10.);
#1246=VECTOR('',#7227,10.);
#1247=VECTOR('',#7228,10.);
#1248=VECTOR('',#7231,10.);
#1249=VECTOR('',#7238,10.);
#1250=VECTOR('',#7241,10.);
#1251=VECTOR('',#7244,10.);
#1252=VECTOR('',#7247,10.);
#1253=VECTOR('',#7252,10.);
#1254=VECTOR('',#7255,10.);
#1255=VECTOR('',#7258,10.);
#1256=VECTOR('',#7261,10.);
#1257=VECTOR('',#7264,10.);
#1258=VECTOR('',#7267,10.);
#1259=VECTOR('',#7270,10.);
#1260=VECTOR('',#7273,10.);
#1261=VECTOR('',#7276,10.);
#1262=VECTOR('',#7279,10.);
#1263=VECTOR('',#7284,1.75);
#1264=VECTOR('',#7287,0.375);
#1265=VECTOR('',#7290,0.375);
#1266=VECTOR('',#7293,0.375);
#1267=VECTOR('',#7296,0.375);
#1268=VECTOR('',#7299,10.);
#1269=VECTOR('',#7302,10.);
#1270=VECTOR('',#7305,10.);
#1271=VECTOR('',#7310,10.);
#1272=VECTOR('',#7321,2.50517638090205);
#1273=VECTOR('',#7342,1.75);
#1274=VECTOR('',#7355,10.);
#1275=VECTOR('',#7358,10.);
#1276=VECTOR('',#7361,10.);
#1277=VECTOR('',#7362,10.);
#1278=VECTOR('',#7363,10.);
#1279=VECTOR('',#7370,10.);
#1280=VECTOR('',#7373,10.);
#1281=VECTOR('',#7374,10.);
#1282=VECTOR('',#7381,10.);
#1283=VECTOR('',#7384,10.);
#1284=VECTOR('',#7387,10.);
#1285=VECTOR('',#7388,10.);
#1286=VECTOR('',#7389,10.);
#1287=VECTOR('',#7396,10.);
#1288=VECTOR('',#7399,10.);
#1289=VECTOR('',#7400,10.);
#1290=VECTOR('',#7407,10.);
#1291=VECTOR('',#7410,10.);
#1292=VECTOR('',#7413,10.);
#1293=VECTOR('',#7414,10.);
#1294=VECTOR('',#7415,10.);
#1295=VECTOR('',#7422,10.);
#1296=VECTOR('',#7425,10.);
#1297=VECTOR('',#7426,10.);
#1298=VECTOR('',#7433,10.);
#1299=VECTOR('',#7436,10.);
#1300=VECTOR('',#7439,10.);
#1301=VECTOR('',#7440,10.);
#1302=VECTOR('',#7441,10.);
#1303=VECTOR('',#7448,10.);
#1304=VECTOR('',#7451,10.);
#1305=VECTOR('',#7452,10.);
#1306=VECTOR('',#7459,2.5);
#1307=STYLED_ITEM('',(#9280),#5125);
#1308=STYLED_ITEM('',(#9280),#5126);
#1309=STYLED_ITEM('',(#9280),#5127);
#1310=STYLED_ITEM('',(#9280),#5128);
#1311=STYLED_ITEM('',(#9280),#5129);
#1312=STYLED_ITEM('',(#9280),#5130);
#1313=STYLED_ITEM('',(#9280),#5131);
#1314=STYLED_ITEM('',(#9280),#5132);
#1315=STYLED_ITEM('',(#9280),#5133);
#1316=STYLED_ITEM('',(#9280),#5137);
#1317=STYLED_ITEM('',(#9280),#5146);
#1318=STYLED_ITEM('',(#9280),#5147);
#1319=STYLED_ITEM('',(#9280),#5148);
#1320=STYLED_ITEM('',(#9280),#5149);
#1321=STYLED_ITEM('',(#9280),#5154);
#1322=STYLED_ITEM('',(#9280),#5161);
#1323=STYLED_ITEM('',(#9280),#5162);
#1324=STYLED_ITEM('',(#9280),#5163);
#1325=STYLED_ITEM('',(#9280),#5168);
#1326=STYLED_ITEM('',(#9280),#5170);
#1327=STYLED_ITEM('',(#9280),#5175);
#1328=STYLED_ITEM('',(#9280),#5180);
#1329=STYLED_ITEM('',(#9280),#5181);
#1330=STYLED_ITEM('',(#9280),#5182);
#1331=STYLED_ITEM('',(#9280),#5183);
#1332=STYLED_ITEM('',(#9280),#5184);
#1333=STYLED_ITEM('',(#9280),#5185);
#1334=STYLED_ITEM('',(#9280),#5186);
#1335=STYLED_ITEM('',(#9280),#5187);
#1336=STYLED_ITEM('',(#9280),#5188);
#1337=STYLED_ITEM('',(#9280),#5190);
#1338=STYLED_ITEM('',(#9280),#5191);
#1339=STYLED_ITEM('',(#9280),#5192);
#1340=STYLED_ITEM('',(#9280),#5193);
#1341=STYLED_ITEM('',(#9280),#5194);
#1342=STYLED_ITEM('',(#9280),#5195);
#1343=STYLED_ITEM('',(#9280),#5196);
#1344=STYLED_ITEM('',(#9280),#5197);
#1345=STYLED_ITEM('',(#9280),#5198);
#1346=STYLED_ITEM('',(#9280),#5199);
#1347=STYLED_ITEM('',(#9280),#5200);
#1348=STYLED_ITEM('',(#9280),#5201);
#1349=STYLED_ITEM('',(#9280),#5202);
#1350=STYLED_ITEM('',(#9279),#42);
#1351=STYLED_ITEM('',(#9280),#43);
#1352=STYLED_ITEM('',(#9281),#44);
#1353=STYLED_ITEM('',(#9282),#45);
#1354=STYLED_ITEM('',(#9283),#12);
#1355=(
BOUNDED_SURFACE()
B_SPLINE_SURFACE(2,2,((#7485,#7486,#7487,#7488,#7489,#7490,#7491,#7492,
#7493),(#7494,#7495,#7496,#7497,#7498,#7499,#7500,#7501,#7502),(#7503,#7504,
#7505,#7506,#7507,#7508,#7509,#7510,#7511)),.UNSPECIFIED.,.F.,.T.,.F.)
B_SPLINE_SURFACE_WITH_KNOTS((3,3),(3,2,2,2,3),(0.450132020336162,1.43386806042276),
(-3.14159265358979,-1.5707963267949,0.,1.5707963267949,3.14159265358979),
 .UNSPECIFIED.)
GEOMETRIC_REPRESENTATION_ITEM()
RATIONAL_B_SPLINE_SURFACE(((1.,0.707106781186548,1.,0.707106781186548,1.,
0.707106781186548,1.,0.707106781186548,1.),(0.881452181080106,0.623280814533415,
0.881452181080106,0.623280814533415,0.881452181080106,0.623280814533415,
0.881452181080106,0.623280814533415,0.881452181080106),(1.,0.707106781186548,
1.,0.707106781186548,1.,0.707106781186548,1.,0.707106781186548,1.)))
REPRESENTATION_ITEM('')
SURFACE()
);
#1356=(
BOUNDED_SURFACE()
B_SPLINE_SURFACE(2,2,((#7521,#7522,#7523,#7524,#7525,#7526,#7527,#7528,
#7529),(#7530,#7531,#7532,#7533,#7534,#7535,#7536,#7537,#7538),(#7539,#7540,
#7541,#7542,#7543,#7544,#7545,#7546,#7547)),.UNSPECIFIED.,.F.,.T.,.F.)
B_SPLINE_SURFACE_WITH_KNOTS((3,3),(3,2,2,2,3),(0.450132020336162,1.43386806042276),
(-3.14159265358979,-1.5707963267949,0.,1.5707963267949,3.14159265358979),
 .UNSPECIFIED.)
GEOMETRIC_REPRESENTATION_ITEM()
RATIONAL_B_SPLINE_SURFACE(((1.,0.707106781186548,1.,0.707106781186548,1.,
0.707106781186548,1.,0.707106781186548,1.),(0.881452181080103,0.623280814533414,
0.881452181080103,0.623280814533414,0.881452181080103,0.623280814533414,
0.881452181080103,0.623280814533414,0.881452181080103),(1.,0.707106781186548,
1.,0.707106781186548,1.,0.707106781186548,1.,0.707106781186548,1.)))
REPRESENTATION_ITEM('')
SURFACE()
);
#1357=(
BOUNDED_SURFACE()
B_SPLINE_SURFACE(2,2,((#7557,#7558,#7559,#7560,#7561,#7562,#7563,#7564,
#7565),(#7566,#7567,#7568,#7569,#7570,#7571,#7572,#7573,#7574),(#7575,#7576,
#7577,#7578,#7579,#7580,#7581,#7582,#7583)),.UNSPECIFIED.,.F.,.T.,.F.)
B_SPLINE_SURFACE_WITH_KNOTS((3,3),(3,2,2,2,3),(-1.43386806042276,-0.450132020336162),
(-3.14159265358979,-1.5707963267949,0.,1.5707963267949,3.14159265358979),
 .UNSPECIFIED.)
GEOMETRIC_REPRESENTATION_ITEM()
RATIONAL_B_SPLINE_SURFACE(((1.,0.707106781186548,1.,0.707106781186548,1.,
0.707106781186548,1.,0.707106781186548,1.),(0.881452181080101,0.623280814533412,
0.881452181080101,0.623280814533412,0.881452181080101,0.623280814533412,
0.881452181080101,0.623280814533412,0.881452181080101),(1.,0.707106781186548,
1.,0.707106781186548,1.,0.707106781186548,1.,0.707106781186548,1.)))
REPRESENTATION_ITEM('')
SURFACE()
);
#1358=(
BOUNDED_SURFACE()
B_SPLINE_SURFACE(2,2,((#7593,#7594,#7595,#7596,#7597,#7598,#7599,#7600,
#7601),(#7602,#7603,#7604,#7605,#7606,#7607,#7608,#7609,#7610),(#7611,#7612,
#7613,#7614,#7615,#7616,#7617,#7618,#7619)),.UNSPECIFIED.,.F.,.T.,.F.)
B_SPLINE_SURFACE_WITH_KNOTS((3,3),(3,2,2,2,3),(-1.43386806042276,-0.450132020336162),
(-3.14159265358979,-1.5707963267949,0.,1.5707963267949,3.14159265358979),
 .UNSPECIFIED.)
GEOMETRIC_REPRESENTATION_ITEM()
RATIONAL_B_SPLINE_SURFACE(((1.,0.707106781186548,1.,0.707106781186548,1.,
0.707106781186548,1.,0.707106781186548,1.),(0.881452181080098,0.62328081453341,
0.881452181080098,0.62328081453341,0.881452181080098,0.62328081453341,0.881452181080098,
0.62328081453341,0.881452181080098),(1.,0.707106781186548,1.,0.707106781186548,
1.,0.707106781186548,1.,0.707106781186548,1.)))
REPRESENTATION_ITEM('')
SURFACE()
);
#1359=(
BOUNDED_SURFACE()
B_SPLINE_SURFACE(2,2,((#9076,#9077,#9078,#9079,#9080,#9081,#9082,#9083,
#9084),(#9085,#9086,#9087,#9088,#9089,#9090,#9091,#9092,#9093),(#9094,#9095,
#9096,#9097,#9098,#9099,#9100,#9101,#9102)),.UNSPECIFIED.,.F.,.T.,.F.)
B_SPLINE_SURFACE_WITH_KNOTS((3,3),(3,2,2,2,3),(0.277885846307615,1.51668792221011),
(-3.14159265358979,-1.5707963267949,0.,1.5707963267949,3.14159265358979),
 .UNSPECIFIED.)
GEOMETRIC_REPRESENTATION_ITEM()
RATIONAL_B_SPLINE_SURFACE(((1.,0.707106781186548,1.,0.707106781186548,1.,
0.707106781186548,1.,0.707106781186548,1.),(0.814226328660179,0.575744958416239,
0.814226328660179,0.575744958416239,0.814226328660179,0.575744958416239,
0.814226328660179,0.575744958416239,0.814226328660179),(1.,0.707106781186548,
1.,0.707106781186548,1.,0.707106781186548,1.,0.707106781186548,1.)))
REPRESENTATION_ITEM('')
SURFACE()
);
#1360=FACE_BOUND('',#1682,.T.);
#1361=FACE_BOUND('',#1685,.T.);
#1362=FACE_BOUND('',#1688,.T.);
#1363=FACE_BOUND('',#1691,.T.);
#1364=FACE_BOUND('',#1706,.T.);
#1365=FACE_BOUND('',#1724,.T.);
#1366=FACE_BOUND('',#1751,.T.);
#1367=FACE_BOUND('',#1761,.T.);
#1368=FACE_BOUND('',#1762,.T.);
#1369=FACE_BOUND('',#1829,.T.);
#1370=FACE_BOUND('',#1830,.T.);
#1371=FACE_BOUND('',#1833,.T.);
#1372=FACE_BOUND('',#1834,.T.);
#1373=FACE_BOUND('',#1838,.T.);
#1374=FACE_BOUND('',#1839,.T.);
#1375=FACE_BOUND('',#1840,.T.);
#1376=FACE_BOUND('',#1841,.T.);
#1377=FACE_BOUND('',#1842,.T.);
#1378=FACE_BOUND('',#1906,.T.);
#1379=FACE_BOUND('',#1907,.T.);
#1380=FACE_BOUND('',#1908,.T.);
#1381=FACE_BOUND('',#1909,.T.);
#1382=FACE_BOUND('',#1910,.T.);
#1383=FACE_BOUND('',#1912,.T.);
#1384=FACE_BOUND('',#1913,.T.);
#1385=FACE_BOUND('',#1914,.T.);
#1386=FACE_BOUND('',#1915,.T.);
#1387=FACE_BOUND('',#1916,.T.);
#1388=FACE_BOUND('',#1995,.T.);
#1389=FACE_BOUND('',#1997,.T.);
#1390=FACE_BOUND('',#1998,.T.);
#1391=FACE_BOUND('',#1999,.T.);
#1392=FACE_BOUND('',#2000,.T.);
#1393=FACE_BOUND('',#2001,.T.);
#1394=FACE_OUTER_BOUND('',#1681,.T.);
#1395=FACE_OUTER_BOUND('',#1683,.T.);
#1396=FACE_OUTER_BOUND('',#1684,.T.);
#1397=FACE_OUTER_BOUND('',#1686,.T.);
#1398=FACE_OUTER_BOUND('',#1687,.T.);
#1399=FACE_OUTER_BOUND('',#1689,.T.);
#1400=FACE_OUTER_BOUND('',#1690,.T.);
#1401=FACE_OUTER_BOUND('',#1692,.T.);
#1402=FACE_OUTER_BOUND('',#1693,.T.);
#1403=FACE_OUTER_BOUND('',#1694,.T.);
#1404=FACE_OUTER_BOUND('',#1695,.T.);
#1405=FACE_OUTER_BOUND('',#1696,.T.);
#1406=FACE_OUTER_BOUND('',#1697,.T.);
#1407=FACE_OUTER_BOUND('',#1698,.T.);
#1408=FACE_OUTER_BOUND('',#1699,.T.);
#1409=FACE_OUTER_BOUND('',#1700,.T.);
#1410=FACE_OUTER_BOUND('',#1701,.T.);
#1411=FACE_OUTER_BOUND('',#1702,.T.);
#1412=FACE_OUTER_BOUND('',#1703,.T.);
#1413=FACE_OUTER_BOUND('',#1704,.T.);
#1414=FACE_OUTER_BOUND('',#1705,.T.);
#1415=FACE_OUTER_BOUND('',#1707,.T.);
#1416=FACE_OUTER_BOUND('',#1708,.T.);
#1417=FACE_OUTER_BOUND('',#1709,.T.);
#1418=FACE_OUTER_BOUND('',#1710,.T.);
#1419=FACE_OUTER_BOUND('',#1711,.T.);
#1420=FACE_OUTER_BOUND('',#1712,.T.);
#1421=FACE_OUTER_BOUND('',#1713,.T.);
#1422=FACE_OUTER_BOUND('',#1714,.T.);
#1423=FACE_OUTER_BOUND('',#1715,.T.);
#1424=FACE_OUTER_BOUND('',#1716,.T.);
#1425=FACE_OUTER_BOUND('',#1717,.T.);
#1426=FACE_OUTER_BOUND('',#1718,.T.);
#1427=FACE_OUTER_BOUND('',#1719,.T.);
#1428=FACE_OUTER_BOUND('',#1720,.T.);
#1429=FACE_OUTER_BOUND('',#1721,.T.);
#1430=FACE_OUTER_BOUND('',#1722,.T.);
#1431=FACE_OUTER_BOUND('',#1723,.T.);
#1432=FACE_OUTER_BOUND('',#1725,.T.);
#1433=FACE_OUTER_BOUND('',#1726,.T.);
#1434=FACE_OUTER_BOUND('',#1727,.T.);
#1435=FACE_OUTER_BOUND('',#1728,.T.);
#1436=FACE_OUTER_BOUND('',#1729,.T.);
#1437=FACE_OUTER_BOUND('',#1730,.T.);
#1438=FACE_OUTER_BOUND('',#1731,.T.);
#1439=FACE_OUTER_BOUND('',#1732,.T.);
#1440=FACE_OUTER_BOUND('',#1733,.T.);
#1441=FACE_OUTER_BOUND('',#1734,.T.);
#1442=FACE_OUTER_BOUND('',#1735,.T.);
#1443=FACE_OUTER_BOUND('',#1736,.T.);
#1444=FACE_OUTER_BOUND('',#1737,.T.);
#1445=FACE_OUTER_BOUND('',#1738,.T.);
#1446=FACE_OUTER_BOUND('',#1739,.T.);
#1447=FACE_OUTER_BOUND('',#1740,.T.);
#1448=FACE_OUTER_BOUND('',#1741,.T.);
#1449=FACE_OUTER_BOUND('',#1742,.T.);
#1450=FACE_OUTER_BOUND('',#1743,.T.);
#1451=FACE_OUTER_BOUND('',#1744,.T.);
#1452=FACE_OUTER_BOUND('',#1745,.T.);
#1453=FACE_OUTER_BOUND('',#1746,.T.);
#1454=FACE_OUTER_BOUND('',#1747,.T.);
#1455=FACE_OUTER_BOUND('',#1748,.T.);
#1456=FACE_OUTER_BOUND('',#1749,.T.);
#1457=FACE_OUTER_BOUND('',#1750,.T.);
#1458=FACE_OUTER_BOUND('',#1752,.T.);
#1459=FACE_OUTER_BOUND('',#1753,.T.);
#1460=FACE_OUTER_BOUND('',#1754,.T.);
#1461=FACE_OUTER_BOUND('',#1755,.T.);
#1462=FACE_OUTER_BOUND('',#1756,.T.);
#1463=FACE_OUTER_BOUND('',#1757,.T.);
#1464=FACE_OUTER_BOUND('',#1758,.T.);
#1465=FACE_OUTER_BOUND('',#1759,.T.);
#1466=FACE_OUTER_BOUND('',#1760,.T.);
#1467=FACE_OUTER_BOUND('',#1763,.T.);
#1468=FACE_OUTER_BOUND('',#1764,.T.);
#1469=FACE_OUTER_BOUND('',#1765,.T.);
#1470=FACE_OUTER_BOUND('',#1766,.T.);
#1471=FACE_OUTER_BOUND('',#1767,.T.);
#1472=FACE_OUTER_BOUND('',#1768,.T.);
#1473=FACE_OUTER_BOUND('',#1769,.T.);
#1474=FACE_OUTER_BOUND('',#1770,.T.);
#1475=FACE_OUTER_BOUND('',#1771,.T.);
#1476=FACE_OUTER_BOUND('',#1772,.T.);
#1477=FACE_OUTER_BOUND('',#1773,.T.);
#1478=FACE_OUTER_BOUND('',#1774,.T.);
#1479=FACE_OUTER_BOUND('',#1775,.T.);
#1480=FACE_OUTER_BOUND('',#1776,.T.);
#1481=FACE_OUTER_BOUND('',#1777,.T.);
#1482=FACE_OUTER_BOUND('',#1778,.T.);
#1483=FACE_OUTER_BOUND('',#1779,.T.);
#1484=FACE_OUTER_BOUND('',#1780,.T.);
#1485=FACE_OUTER_BOUND('',#1781,.T.);
#1486=FACE_OUTER_BOUND('',#1782,.T.);
#1487=FACE_OUTER_BOUND('',#1783,.T.);
#1488=FACE_OUTER_BOUND('',#1784,.T.);
#1489=FACE_OUTER_BOUND('',#1785,.T.);
#1490=FACE_OUTER_BOUND('',#1786,.T.);
#1491=FACE_OUTER_BOUND('',#1787,.T.);
#1492=FACE_OUTER_BOUND('',#1788,.T.);
#1493=FACE_OUTER_BOUND('',#1789,.T.);
#1494=FACE_OUTER_BOUND('',#1790,.T.);
#1495=FACE_OUTER_BOUND('',#1791,.T.);
#1496=FACE_OUTER_BOUND('',#1792,.T.);
#1497=FACE_OUTER_BOUND('',#1793,.T.);
#1498=FACE_OUTER_BOUND('',#1794,.T.);
#1499=FACE_OUTER_BOUND('',#1795,.T.);
#1500=FACE_OUTER_BOUND('',#1796,.T.);
#1501=FACE_OUTER_BOUND('',#1797,.T.);
#1502=FACE_OUTER_BOUND('',#1798,.T.);
#1503=FACE_OUTER_BOUND('',#1799,.T.);
#1504=FACE_OUTER_BOUND('',#1800,.T.);
#1505=FACE_OUTER_BOUND('',#1801,.T.);
#1506=FACE_OUTER_BOUND('',#1802,.T.);
#1507=FACE_OUTER_BOUND('',#1803,.T.);
#1508=FACE_OUTER_BOUND('',#1804,.T.);
#1509=FACE_OUTER_BOUND('',#1805,.T.);
#1510=FACE_OUTER_BOUND('',#1806,.T.);
#1511=FACE_OUTER_BOUND('',#1807,.T.);
#1512=FACE_OUTER_BOUND('',#1808,.T.);
#1513=FACE_OUTER_BOUND('',#1809,.T.);
#1514=FACE_OUTER_BOUND('',#1810,.T.);
#1515=FACE_OUTER_BOUND('',#1811,.T.);
#1516=FACE_OUTER_BOUND('',#1812,.T.);
#1517=FACE_OUTER_BOUND('',#1813,.T.);
#1518=FACE_OUTER_BOUND('',#1814,.T.);
#1519=FACE_OUTER_BOUND('',#1815,.T.);
#1520=FACE_OUTER_BOUND('',#1816,.T.);
#1521=FACE_OUTER_BOUND('',#1817,.T.);
#1522=FACE_OUTER_BOUND('',#1818,.T.);
#1523=FACE_OUTER_BOUND('',#1819,.T.);
#1524=FACE_OUTER_BOUND('',#1820,.T.);
#1525=FACE_OUTER_BOUND('',#1821,.T.);
#1526=FACE_OUTER_BOUND('',#1822,.T.);
#1527=FACE_OUTER_BOUND('',#1823,.T.);
#1528=FACE_OUTER_BOUND('',#1824,.T.);
#1529=FACE_OUTER_BOUND('',#1825,.T.);
#1530=FACE_OUTER_BOUND('',#1826,.T.);
#1531=FACE_OUTER_BOUND('',#1827,.T.);
#1532=FACE_OUTER_BOUND('',#1828,.T.);
#1533=FACE_OUTER_BOUND('',#1831,.T.);
#1534=FACE_OUTER_BOUND('',#1832,.T.);
#1535=FACE_OUTER_BOUND('',#1835,.T.);
#1536=FACE_OUTER_BOUND('',#1836,.T.);
#1537=FACE_OUTER_BOUND('',#1837,.T.);
#1538=FACE_OUTER_BOUND('',#1843,.T.);
#1539=FACE_OUTER_BOUND('',#1844,.T.);
#1540=FACE_OUTER_BOUND('',#1845,.T.);
#1541=FACE_OUTER_BOUND('',#1846,.T.);
#1542=FACE_OUTER_BOUND('',#1847,.T.);
#1543=FACE_OUTER_BOUND('',#1848,.T.);
#1544=FACE_OUTER_BOUND('',#1849,.T.);
#1545=FACE_OUTER_BOUND('',#1850,.T.);
#1546=FACE_OUTER_BOUND('',#1851,.T.);
#1547=FACE_OUTER_BOUND('',#1852,.T.);
#1548=FACE_OUTER_BOUND('',#1853,.T.);
#1549=FACE_OUTER_BOUND('',#1854,.T.);
#1550=FACE_OUTER_BOUND('',#1855,.T.);
#1551=FACE_OUTER_BOUND('',#1856,.T.);
#1552=FACE_OUTER_BOUND('',#1857,.T.);
#1553=FACE_OUTER_BOUND('',#1858,.T.);
#1554=FACE_OUTER_BOUND('',#1859,.T.);
#1555=FACE_OUTER_BOUND('',#1860,.T.);
#1556=FACE_OUTER_BOUND('',#1861,.T.);
#1557=FACE_OUTER_BOUND('',#1862,.T.);
#1558=FACE_OUTER_BOUND('',#1863,.T.);
#1559=FACE_OUTER_BOUND('',#1864,.T.);
#1560=FACE_OUTER_BOUND('',#1865,.T.);
#1561=FACE_OUTER_BOUND('',#1866,.T.);
#1562=FACE_OUTER_BOUND('',#1867,.T.);
#1563=FACE_OUTER_BOUND('',#1868,.T.);
#1564=FACE_OUTER_BOUND('',#1869,.T.);
#1565=FACE_OUTER_BOUND('',#1870,.T.);
#1566=FACE_OUTER_BOUND('',#1871,.T.);
#1567=FACE_OUTER_BOUND('',#1872,.T.);
#1568=FACE_OUTER_BOUND('',#1873,.T.);
#1569=FACE_OUTER_BOUND('',#1874,.T.);
#1570=FACE_OUTER_BOUND('',#1875,.T.);
#1571=FACE_OUTER_BOUND('',#1876,.T.);
#1572=FACE_OUTER_BOUND('',#1877,.T.);
#1573=FACE_OUTER_BOUND('',#1878,.T.);
#1574=FACE_OUTER_BOUND('',#1879,.T.);
#1575=FACE_OUTER_BOUND('',#1880,.T.);
#1576=FACE_OUTER_BOUND('',#1881,.T.);
#1577=FACE_OUTER_BOUND('',#1882,.T.);
#1578=FACE_OUTER_BOUND('',#1883,.T.);
#1579=FACE_OUTER_BOUND('',#1884,.T.);
#1580=FACE_OUTER_BOUND('',#1885,.T.);
#1581=FACE_OUTER_BOUND('',#1886,.T.);
#1582=FACE_OUTER_BOUND('',#1887,.T.);
#1583=FACE_OUTER_BOUND('',#1888,.T.);
#1584=FACE_OUTER_BOUND('',#1889,.T.);
#1585=FACE_OUTER_BOUND('',#1890,.T.);
#1586=FACE_OUTER_BOUND('',#1891,.T.);
#1587=FACE_OUTER_BOUND('',#1892,.T.);
#1588=FACE_OUTER_BOUND('',#1893,.T.);
#1589=FACE_OUTER_BOUND('',#1894,.T.);
#1590=FACE_OUTER_BOUND('',#1895,.T.);
#1591=FACE_OUTER_BOUND('',#1896,.T.);
#1592=FACE_OUTER_BOUND('',#1897,.T.);
#1593=FACE_OUTER_BOUND('',#1898,.T.);
#1594=FACE_OUTER_BOUND('',#1899,.T.);
#1595=FACE_OUTER_BOUND('',#1900,.T.);
#1596=FACE_OUTER_BOUND('',#1901,.T.);
#1597=FACE_OUTER_BOUND('',#1902,.T.);
#1598=FACE_OUTER_BOUND('',#1903,.T.);
#1599=FACE_OUTER_BOUND('',#1904,.T.);
#1600=FACE_OUTER_BOUND('',#1905,.T.);
#1601=FACE_OUTER_BOUND('',#1911,.T.);
#1602=FACE_OUTER_BOUND('',#1917,.T.);
#1603=FACE_OUTER_BOUND('',#1918,.T.);
#1604=FACE_OUTER_BOUND('',#1919,.T.);
#1605=FACE_OUTER_BOUND('',#1920,.T.);
#1606=FACE_OUTER_BOUND('',#1921,.T.);
#1607=FACE_OUTER_BOUND('',#1922,.T.);
#1608=FACE_OUTER_BOUND('',#1923,.T.);
#1609=FACE_OUTER_BOUND('',#1924,.T.);
#1610=FACE_OUTER_BOUND('',#1925,.T.);
#1611=FACE_OUTER_BOUND('',#1926,.T.);
#1612=FACE_OUTER_BOUND('',#1927,.T.);
#1613=FACE_OUTER_BOUND('',#1928,.T.);
#1614=FACE_OUTER_BOUND('',#1929,.T.);
#1615=FACE_OUTER_BOUND('',#1930,.T.);
#1616=FACE_OUTER_BOUND('',#1931,.T.);
#1617=FACE_OUTER_BOUND('',#1932,.T.);
#1618=FACE_OUTER_BOUND('',#1933,.T.);
#1619=FACE_OUTER_BOUND('',#1934,.T.);
#1620=FACE_OUTER_BOUND('',#1935,.T.);
#1621=FACE_OUTER_BOUND('',#1936,.T.);
#1622=FACE_OUTER_BOUND('',#1937,.T.);
#1623=FACE_OUTER_BOUND('',#1938,.T.);
#1624=FACE_OUTER_BOUND('',#1939,.T.);
#1625=FACE_OUTER_BOUND('',#1940,.T.);
#1626=FACE_OUTER_BOUND('',#1941,.T.);
#1627=FACE_OUTER_BOUND('',#1942,.T.);
#1628=FACE_OUTER_BOUND('',#1943,.T.);
#1629=FACE_OUTER_BOUND('',#1944,.T.);
#1630=FACE_OUTER_BOUND('',#1945,.T.);
#1631=FACE_OUTER_BOUND('',#1946,.T.);
#1632=FACE_OUTER_BOUND('',#1947,.T.);
#1633=FACE_OUTER_BOUND('',#1948,.T.);
#1634=FACE_OUTER_BOUND('',#1949,.T.);
#1635=FACE_OUTER_BOUND('',#1950,.T.);
#1636=FACE_OUTER_BOUND('',#1951,.T.);
#1637=FACE_OUTER_BOUND('',#1952,.T.);
#1638=FACE_OUTER_BOUND('',#1953,.T.);
#1639=FACE_OUTER_BOUND('',#1954,.T.);
#1640=FACE_OUTER_BOUND('',#1955,.T.);
#1641=FACE_OUTER_BOUND('',#1956,.T.);
#1642=FACE_OUTER_BOUND('',#1957,.T.);
#1643=FACE_OUTER_BOUND('',#1958,.T.);
#1644=FACE_OUTER_BOUND('',#1959,.T.);
#1645=FACE_OUTER_BOUND('',#1960,.T.);
#1646=FACE_OUTER_BOUND('',#1961,.T.);
#1647=FACE_OUTER_BOUND('',#1962,.T.);
#1648=FACE_OUTER_BOUND('',#1963,.T.);
#1649=FACE_OUTER_BOUND('',#1964,.T.);
#1650=FACE_OUTER_BOUND('',#1965,.T.);
#1651=FACE_OUTER_BOUND('',#1966,.T.);
#1652=FACE_OUTER_BOUND('',#1967,.T.);
#1653=FACE_OUTER_BOUND('',#1968,.T.);
#1654=FACE_OUTER_BOUND('',#1969,.T.);
#1655=FACE_OUTER_BOUND('',#1970,.T.);
#1656=FACE_OUTER_BOUND('',#1971,.T.);
#1657=FACE_OUTER_BOUND('',#1972,.T.);
#1658=FACE_OUTER_BOUND('',#1973,.T.);
#1659=FACE_OUTER_BOUND('',#1974,.T.);
#1660=FACE_OUTER_BOUND('',#1975,.T.);
#1661=FACE_OUTER_BOUND('',#1976,.T.);
#1662=FACE_OUTER_BOUND('',#1977,.T.);
#1663=FACE_OUTER_BOUND('',#1978,.T.);
#1664=FACE_OUTER_BOUND('',#1979,.T.);
#1665=FACE_OUTER_BOUND('',#1980,.T.);
#1666=FACE_OUTER_BOUND('',#1981,.T.);
#1667=FACE_OUTER_BOUND('',#1982,.T.);
#1668=FACE_OUTER_BOUND('',#1983,.T.);
#1669=FACE_OUTER_BOUND('',#1984,.T.);
#1670=FACE_OUTER_BOUND('',#1985,.T.);
#1671=FACE_OUTER_BOUND('',#1986,.T.);
#1672=FACE_OUTER_BOUND('',#1987,.T.);
#1673=FACE_OUTER_BOUND('',#1988,.T.);
#1674=FACE_OUTER_BOUND('',#1989,.T.);
#1675=FACE_OUTER_BOUND('',#1990,.T.);
#1676=FACE_OUTER_BOUND('',#1991,.T.);
#1677=FACE_OUTER_BOUND('',#1992,.T.);
#1678=FACE_OUTER_BOUND('',#1993,.T.);
#1679=FACE_OUTER_BOUND('',#1994,.T.);
#1680=FACE_OUTER_BOUND('',#1996,.T.);
#1681=EDGE_LOOP('',(#3420,#3421));
#1682=EDGE_LOOP('',(#3422));
#1683=EDGE_LOOP('',(#3423,#3424,#3425,#3426));
#1684=EDGE_LOOP('',(#3427,#3428));
#1685=EDGE_LOOP('',(#3429));
#1686=EDGE_LOOP('',(#3430,#3431,#3432,#3433));
#1687=EDGE_LOOP('',(#3434,#3435));
#1688=EDGE_LOOP('',(#3436));
#1689=EDGE_LOOP('',(#3437,#3438,#3439,#3440));
#1690=EDGE_LOOP('',(#3441,#3442));
#1691=EDGE_LOOP('',(#3443));
#1692=EDGE_LOOP('',(#3444,#3445,#3446,#3447));
#1693=EDGE_LOOP('',(#3448,#3449,#3450,#3451));
#1694=EDGE_LOOP('',(#3452,#3453,#3454,#3455));
#1695=EDGE_LOOP('',(#3456,#3457,#3458,#3459));
#1696=EDGE_LOOP('',(#3460,#3461,#3462,#3463));
#1697=EDGE_LOOP('',(#3464,#3465,#3466,#3467));
#1698=EDGE_LOOP('',(#3468,#3469,#3470,#3471));
#1699=EDGE_LOOP('',(#3472,#3473,#3474,#3475,#3476,#3477));
#1700=EDGE_LOOP('',(#3478,#3479,#3480,#3481,#3482,#3483));
#1701=EDGE_LOOP('',(#3484,#3485,#3486,#3487,#3488,#3489));
#1702=EDGE_LOOP('',(#3490,#3491,#3492,#3493));
#1703=EDGE_LOOP('',(#3494,#3495,#3496,#3497));
#1704=EDGE_LOOP('',(#3498,#3499,#3500,#3501));
#1705=EDGE_LOOP('',(#3502,#3503,#3504,#3505,#3506,#3507,#3508,#3509));
#1706=EDGE_LOOP('',(#3510));
#1707=EDGE_LOOP('',(#3511,#3512,#3513,#3514));
#1708=EDGE_LOOP('',(#3515,#3516,#3517,#3518));
#1709=EDGE_LOOP('',(#3519,#3520,#3521,#3522));
#1710=EDGE_LOOP('',(#3523,#3524,#3525,#3526));
#1711=EDGE_LOOP('',(#3527,#3528,#3529,#3530));
#1712=EDGE_LOOP('',(#3531,#3532,#3533,#3534));
#1713=EDGE_LOOP('',(#3535,#3536,#3537,#3538));
#1714=EDGE_LOOP('',(#3539,#3540,#3541,#3542));
#1715=EDGE_LOOP('',(#3543,#3544,#3545,#3546));
#1716=EDGE_LOOP('',(#3547,#3548,#3549,#3550));
#1717=EDGE_LOOP('',(#3551,#3552,#3553,#3554));
#1718=EDGE_LOOP('',(#3555,#3556,#3557,#3558));
#1719=EDGE_LOOP('',(#3559,#3560,#3561,#3562));
#1720=EDGE_LOOP('',(#3563,#3564,#3565,#3566));
#1721=EDGE_LOOP('',(#3567,#3568,#3569,#3570));
#1722=EDGE_LOOP('',(#3571,#3572,#3573,#3574));
#1723=EDGE_LOOP('',(#3575,#3576,#3577,#3578));
#1724=EDGE_LOOP('',(#3579,#3580,#3581,#3582));
#1725=EDGE_LOOP('',(#3583,#3584,#3585,#3586));
#1726=EDGE_LOOP('',(#3587,#3588,#3589,#3590));
#1727=EDGE_LOOP('',(#3591,#3592,#3593,#3594));
#1728=EDGE_LOOP('',(#3595,#3596,#3597,#3598));
#1729=EDGE_LOOP('',(#3599,#3600,#3601,#3602));
#1730=EDGE_LOOP('',(#3603,#3604,#3605,#3606));
#1731=EDGE_LOOP('',(#3607,#3608,#3609,#3610));
#1732=EDGE_LOOP('',(#3611,#3612,#3613,#3614));
#1733=EDGE_LOOP('',(#3615,#3616,#3617,#3618));
#1734=EDGE_LOOP('',(#3619,#3620,#3621,#3622));
#1735=EDGE_LOOP('',(#3623,#3624,#3625,#3626));
#1736=EDGE_LOOP('',(#3627,#3628,#3629,#3630));
#1737=EDGE_LOOP('',(#3631,#3632,#3633,#3634));
#1738=EDGE_LOOP('',(#3635,#3636,#3637,#3638));
#1739=EDGE_LOOP('',(#3639,#3640,#3641,#3642));
#1740=EDGE_LOOP('',(#3643));
#1741=EDGE_LOOP('',(#3644,#3645,#3646,#3647));
#1742=EDGE_LOOP('',(#3648,#3649,#3650,#3651));
#1743=EDGE_LOOP('',(#3652,#3653,#3654,#3655));
#1744=EDGE_LOOP('',(#3656,#3657,#3658,#3659));
#1745=EDGE_LOOP('',(#3660,#3661,#3662,#3663));
#1746=EDGE_LOOP('',(#3664,#3665,#3666,#3667));
#1747=EDGE_LOOP('',(#3668,#3669,#3670,#3671));
#1748=EDGE_LOOP('',(#3672,#3673,#3674,#3675));
#1749=EDGE_LOOP('',(#3676,#3677,#3678,#3679));
#1750=EDGE_LOOP('',(#3680,#3681,#3682,#3683));
#1751=EDGE_LOOP('',(#3684,#3685,#3686,#3687));
#1752=EDGE_LOOP('',(#3688,#3689,#3690,#3691));
#1753=EDGE_LOOP('',(#3692,#3693,#3694,#3695));
#1754=EDGE_LOOP('',(#3696,#3697,#3698,#3699,#3700,#3701));
#1755=EDGE_LOOP('',(#3702,#3703,#3704,#3705));
#1756=EDGE_LOOP('',(#3706,#3707,#3708,#3709));
#1757=EDGE_LOOP('',(#3710,#3711,#3712,#3713));
#1758=EDGE_LOOP('',(#3714,#3715,#3716,#3717));
#1759=EDGE_LOOP('',(#3718,#3719,#3720,#3721));
#1760=EDGE_LOOP('',(#3722,#3723,#3724,#3725,#3726,#3727,#3728,#3729,#3730,
#3731,#3732,#3733,#3734,#3735,#3736,#3737,#3738,#3739,#3740,#3741));
#1761=EDGE_LOOP('',(#3742,#3743,#3744,#3745,#3746,#3747,#3748,#3749));
#1762=EDGE_LOOP('',(#3750,#3751,#3752,#3753));
#1763=EDGE_LOOP('',(#3754,#3755,#3756,#3757,#3758,#3759));
#1764=EDGE_LOOP('',(#3760,#3761,#3762,#3763));
#1765=EDGE_LOOP('',(#3764,#3765,#3766,#3767));
#1766=EDGE_LOOP('',(#3768,#3769,#3770,#3771));
#1767=EDGE_LOOP('',(#3772,#3773,#3774,#3775));
#1768=EDGE_LOOP('',(#3776,#3777,#3778,#3779));
#1769=EDGE_LOOP('',(#3780,#3781,#3782,#3783));
#1770=EDGE_LOOP('',(#3784,#3785,#3786,#3787));
#1771=EDGE_LOOP('',(#3788,#3789,#3790,#3791));
#1772=EDGE_LOOP('',(#3792,#3793,#3794,#3795));
#1773=EDGE_LOOP('',(#3796,#3797,#3798,#3799));
#1774=EDGE_LOOP('',(#3800,#3801,#3802,#3803));
#1775=EDGE_LOOP('',(#3804,#3805,#3806,#3807));
#1776=EDGE_LOOP('',(#3808,#3809,#3810,#3811));
#1777=EDGE_LOOP('',(#3812,#3813,#3814,#3815));
#1778=EDGE_LOOP('',(#3816,#3817,#3818,#3819));
#1779=EDGE_LOOP('',(#3820,#3821,#3822,#3823));
#1780=EDGE_LOOP('',(#3824,#3825,#3826,#3827));
#1781=EDGE_LOOP('',(#3828,#3829,#3830,#3831));
#1782=EDGE_LOOP('',(#3832,#3833,#3834,#3835));
#1783=EDGE_LOOP('',(#3836,#3837,#3838,#3839));
#1784=EDGE_LOOP('',(#3840,#3841,#3842,#3843,#3844,#3845,#3846,#3847,#3848,
#3849,#3850,#3851,#3852,#3853,#3854,#3855));
#1785=EDGE_LOOP('',(#3856,#3857,#3858,#3859));
#1786=EDGE_LOOP('',(#3860,#3861,#3862,#3863));
#1787=EDGE_LOOP('',(#3864,#3865,#3866,#3867,#3868,#3869,#3870,#3871,#3872,
#3873,#3874,#3875,#3876,#3877,#3878,#3879));
#1788=EDGE_LOOP('',(#3880,#3881,#3882,#3883));
#1789=EDGE_LOOP('',(#3884,#3885,#3886,#3887));
#1790=EDGE_LOOP('',(#3888,#3889,#3890,#3891,#3892,#3893,#3894,#3895,#3896,
#3897,#3898,#3899));
#1791=EDGE_LOOP('',(#3900,#3901,#3902,#3903));
#1792=EDGE_LOOP('',(#3904,#3905,#3906,#3907));
#1793=EDGE_LOOP('',(#3908,#3909,#3910,#3911));
#1794=EDGE_LOOP('',(#3912,#3913,#3914,#3915));
#1795=EDGE_LOOP('',(#3916,#3917,#3918,#3919));
#1796=EDGE_LOOP('',(#3920,#3921,#3922,#3923));
#1797=EDGE_LOOP('',(#3924,#3925,#3926,#3927));
#1798=EDGE_LOOP('',(#3928,#3929,#3930,#3931));
#1799=EDGE_LOOP('',(#3932,#3933,#3934,#3935));
#1800=EDGE_LOOP('',(#3936,#3937,#3938,#3939,#3940,#3941,#3942,#3943,#3944,
#3945,#3946,#3947));
#1801=EDGE_LOOP('',(#3948,#3949,#3950,#3951));
#1802=EDGE_LOOP('',(#3952,#3953,#3954,#3955));
#1803=EDGE_LOOP('',(#3956,#3957,#3958,#3959));
#1804=EDGE_LOOP('',(#3960,#3961,#3962,#3963));
#1805=EDGE_LOOP('',(#3964,#3965,#3966,#3967));
#1806=EDGE_LOOP('',(#3968,#3969,#3970,#3971));
#1807=EDGE_LOOP('',(#3972,#3973,#3974,#3975));
#1808=EDGE_LOOP('',(#3976,#3977,#3978,#3979));
#1809=EDGE_LOOP('',(#3980,#3981,#3982,#3983));
#1810=EDGE_LOOP('',(#3984,#3985,#3986,#3987));
#1811=EDGE_LOOP('',(#3988,#3989,#3990,#3991));
#1812=EDGE_LOOP('',(#3992,#3993,#3994,#3995));
#1813=EDGE_LOOP('',(#3996,#3997,#3998,#3999));
#1814=EDGE_LOOP('',(#4000,#4001,#4002,#4003));
#1815=EDGE_LOOP('',(#4004,#4005,#4006,#4007));
#1816=EDGE_LOOP('',(#4008,#4009,#4010,#4011));
#1817=EDGE_LOOP('',(#4012,#4013,#4014,#4015));
#1818=EDGE_LOOP('',(#4016,#4017,#4018,#4019));
#1819=EDGE_LOOP('',(#4020,#4021,#4022,#4023));
#1820=EDGE_LOOP('',(#4024,#4025,#4026,#4027));
#1821=EDGE_LOOP('',(#4028,#4029,#4030,#4031));
#1822=EDGE_LOOP('',(#4032,#4033,#4034,#4035));
#1823=EDGE_LOOP('',(#4036,#4037,#4038,#4039));
#1824=EDGE_LOOP('',(#4040,#4041,#4042,#4043));
#1825=EDGE_LOOP('',(#4044,#4045,#4046,#4047));
#1826=EDGE_LOOP('',(#4048,#4049,#4050,#4051));
#1827=EDGE_LOOP('',(#4052,#4053,#4054,#4055,#4056,#4057,#4058,#4059,#4060,
#4061));
#1828=EDGE_LOOP('',(#4062,#4063,#4064,#4065,#4066,#4067,#4068,#4069));
#1829=EDGE_LOOP('',(#4070,#4071,#4072,#4073));
#1830=EDGE_LOOP('',(#4074,#4075,#4076,#4077));
#1831=EDGE_LOOP('',(#4078,#4079,#4080,#4081,#4082,#4083,#4084,#4085,#4086,
#4087,#4088,#4089));
#1832=EDGE_LOOP('',(#4090,#4091,#4092,#4093,#4094,#4095,#4096,#4097));
#1833=EDGE_LOOP('',(#4098,#4099,#4100,#4101));
#1834=EDGE_LOOP('',(#4102,#4103,#4104,#4105));
#1835=EDGE_LOOP('',(#4106,#4107,#4108,#4109,#4110,#4111,#4112,#4113,#4114,
#4115,#4116,#4117));
#1836=EDGE_LOOP('',(#4118,#4119,#4120,#4121));
#1837=EDGE_LOOP('',(#4122,#4123,#4124,#4125));
#1838=EDGE_LOOP('',(#4126));
#1839=EDGE_LOOP('',(#4127));
#1840=EDGE_LOOP('',(#4128));
#1841=EDGE_LOOP('',(#4129));
#1842=EDGE_LOOP('',(#4130,#4131,#4132,#4133,#4134,#4135,#4136,#4137,#4138,
#4139,#4140,#4141,#4142,#4143,#4144,#4145));
#1843=EDGE_LOOP('',(#4146,#4147,#4148,#4149));
#1844=EDGE_LOOP('',(#4150,#4151,#4152,#4153,#4154,#4155,#4156,#4157,#4158,
#4159,#4160,#4161,#4162,#4163,#4164,#4165,#4166,#4167,#4168,#4169,#4170,
#4171,#4172,#4173,#4174,#4175,#4176,#4177,#4178,#4179,#4180));
#1845=EDGE_LOOP('',(#4181,#4182,#4183,#4184));
#1846=EDGE_LOOP('',(#4185,#4186,#4187,#4188));
#1847=EDGE_LOOP('',(#4189,#4190,#4191,#4192));
#1848=EDGE_LOOP('',(#4193,#4194,#4195,#4196));
#1849=EDGE_LOOP('',(#4197,#4198,#4199,#4200));
#1850=EDGE_LOOP('',(#4201,#4202,#4203,#4204));
#1851=EDGE_LOOP('',(#4205,#4206,#4207,#4208));
#1852=EDGE_LOOP('',(#4209,#4210,#4211,#4212));
#1853=EDGE_LOOP('',(#4213,#4214,#4215,#4216));
#1854=EDGE_LOOP('',(#4217,#4218,#4219,#4220,#4221,#4222,#4223,#4224,#4225,
#4226,#4227,#4228,#4229,#4230,#4231,#4232,#4233,#4234,#4235,#4236,#4237,
#4238,#4239,#4240,#4241,#4242,#4243,#4244,#4245,#4246,#4247));
#1855=EDGE_LOOP('',(#4248,#4249,#4250,#4251));
#1856=EDGE_LOOP('',(#4252,#4253,#4254,#4255,#4256,#4257,#4258));
#1857=EDGE_LOOP('',(#4259,#4260,#4261,#4262));
#1858=EDGE_LOOP('',(#4263,#4264,#4265,#4266));
#1859=EDGE_LOOP('',(#4267,#4268,#4269,#4270));
#1860=EDGE_LOOP('',(#4271,#4272,#4273,#4274));
#1861=EDGE_LOOP('',(#4275,#4276,#4277,#4278));
#1862=EDGE_LOOP('',(#4279,#4280,#4281,#4282,#4283,#4284,#4285,#4286,#4287,
#4288,#4289,#4290,#4291,#4292,#4293,#4294,#4295,#4296,#4297,#4298,#4299,
#4300,#4301,#4302,#4303,#4304,#4305,#4306,#4307,#4308,#4309));
#1863=EDGE_LOOP('',(#4310,#4311,#4312,#4313));
#1864=EDGE_LOOP('',(#4314,#4315,#4316,#4317,#4318,#4319,#4320,#4321,#4322,
#4323));
#1865=EDGE_LOOP('',(#4324,#4325,#4326,#4327));
#1866=EDGE_LOOP('',(#4328,#4329,#4330,#4331,#4332,#4333,#4334,#4335,#4336,
#4337));
#1867=EDGE_LOOP('',(#4338,#4339,#4340,#4341));
#1868=EDGE_LOOP('',(#4342,#4343,#4344,#4345));
#1869=EDGE_LOOP('',(#4346,#4347,#4348,#4349,#4350,#4351));
#1870=EDGE_LOOP('',(#4352,#4353,#4354,#4355));
#1871=EDGE_LOOP('',(#4356,#4357,#4358,#4359,#4360,#4361,#4362,#4363,#4364,
#4365,#4366,#4367,#4368));
#1872=EDGE_LOOP('',(#4369,#4370,#4371,#4372));
#1873=EDGE_LOOP('',(#4373,#4374,#4375,#4376));
#1874=EDGE_LOOP('',(#4377,#4378,#4379,#4380,#4381,#4382));
#1875=EDGE_LOOP('',(#4383,#4384,#4385,#4386));
#1876=EDGE_LOOP('',(#4387,#4388,#4389,#4390));
#1877=EDGE_LOOP('',(#4391,#4392,#4393,#4394));
#1878=EDGE_LOOP('',(#4395,#4396,#4397,#4398));
#1879=EDGE_LOOP('',(#4399,#4400,#4401,#4402));
#1880=EDGE_LOOP('',(#4403,#4404,#4405,#4406,#4407));
#1881=EDGE_LOOP('',(#4408,#4409,#4410,#4411,#4412,#4413));
#1882=EDGE_LOOP('',(#4414,#4415,#4416,#4417));
#1883=EDGE_LOOP('',(#4418,#4419,#4420,#4421));
#1884=EDGE_LOOP('',(#4422,#4423,#4424,#4425,#4426));
#1885=EDGE_LOOP('',(#4427,#4428,#4429,#4430,#4431));
#1886=EDGE_LOOP('',(#4432,#4433,#4434,#4435));
#1887=EDGE_LOOP('',(#4436,#4437,#4438,#4439));
#1888=EDGE_LOOP('',(#4440,#4441,#4442,#4443));
#1889=EDGE_LOOP('',(#4444,#4445,#4446,#4447));
#1890=EDGE_LOOP('',(#4448,#4449,#4450,#4451));
#1891=EDGE_LOOP('',(#4452,#4453,#4454,#4455,#4456,#4457,#4458,#4459,#4460,
#4461,#4462,#4463,#4464));
#1892=EDGE_LOOP('',(#4465,#4466,#4467,#4468));
#1893=EDGE_LOOP('',(#4469,#4470,#4471,#4472));
#1894=EDGE_LOOP('',(#4473,#4474,#4475,#4476));
#1895=EDGE_LOOP('',(#4477,#4478,#4479,#4480));
#1896=EDGE_LOOP('',(#4481,#4482,#4483,#4484));
#1897=EDGE_LOOP('',(#4485,#4486,#4487,#4488));
#1898=EDGE_LOOP('',(#4489,#4490,#4491,#4492));
#1899=EDGE_LOOP('',(#4493,#4494,#4495,#4496));
#1900=EDGE_LOOP('',(#4497,#4498,#4499,#4500));
#1901=EDGE_LOOP('',(#4501,#4502,#4503,#4504));
#1902=EDGE_LOOP('',(#4505,#4506,#4507,#4508));
#1903=EDGE_LOOP('',(#4509,#4510,#4511,#4512,#4513,#4514));
#1904=EDGE_LOOP('',(#4515,#4516,#4517,#4518,#4519,#4520,#4521,#4522,#4523,
#4524,#4525,#4526,#4527,#4528,#4529,#4530,#4531,#4532,#4533,#4534,#4535,
#4536,#4537,#4538,#4539,#4540,#4541,#4542,#4543,#4544,#4545));
#1905=EDGE_LOOP('',(#4546,#4547,#4548,#4549,#4550,#4551,#4552,#4553,#4554,
#4555,#4556,#4557));
#1906=EDGE_LOOP('',(#4558));
#1907=EDGE_LOOP('',(#4559));
#1908=EDGE_LOOP('',(#4560));
#1909=EDGE_LOOP('',(#4561));
#1910=EDGE_LOOP('',(#4562));
#1911=EDGE_LOOP('',(#4563,#4564,#4565,#4566,#4567,#4568,#4569,#4570,#4571,
#4572,#4573,#4574));
#1912=EDGE_LOOP('',(#4575));
#1913=EDGE_LOOP('',(#4576));
#1914=EDGE_LOOP('',(#4577));
#1915=EDGE_LOOP('',(#4578));
#1916=EDGE_LOOP('',(#4579));
#1917=EDGE_LOOP('',(#4580,#4581,#4582,#4583,#4584,#4585,#4586));
#1918=EDGE_LOOP('',(#4587,#4588,#4589,#4590));
#1919=EDGE_LOOP('',(#4591,#4592,#4593,#4594,#4595,#4596));
#1920=EDGE_LOOP('',(#4597,#4598,#4599,#4600));
#1921=EDGE_LOOP('',(#4601,#4602,#4603,#4604));
#1922=EDGE_LOOP('',(#4605,#4606,#4607,#4608));
#1923=EDGE_LOOP('',(#4609,#4610,#4611,#4612));
#1924=EDGE_LOOP('',(#4613,#4614,#4615,#4616,#4617,#4618));
#1925=EDGE_LOOP('',(#4619,#4620,#4621,#4622));
#1926=EDGE_LOOP('',(#4623,#4624,#4625,#4626));
#1927=EDGE_LOOP('',(#4627,#4628,#4629,#4630));
#1928=EDGE_LOOP('',(#4631,#4632,#4633,#4634));
#1929=EDGE_LOOP('',(#4635,#4636,#4637,#4638));
#1930=EDGE_LOOP('',(#4639,#4640,#4641,#4642,#4643));
#1931=EDGE_LOOP('',(#4644,#4645,#4646,#4647,#4648,#4649));
#1932=EDGE_LOOP('',(#4650,#4651,#4652,#4653));
#1933=EDGE_LOOP('',(#4654,#4655,#4656,#4657,#4658,#4659));
#1934=EDGE_LOOP('',(#4660,#4661,#4662,#4663,#4664));
#1935=EDGE_LOOP('',(#4665,#4666,#4667,#4668));
#1936=EDGE_LOOP('',(#4669,#4670,#4671,#4672));
#1937=EDGE_LOOP('',(#4673,#4674,#4675,#4676,#4677));
#1938=EDGE_LOOP('',(#4678,#4679,#4680,#4681));
#1939=EDGE_LOOP('',(#4682,#4683,#4684,#4685));
#1940=EDGE_LOOP('',(#4686,#4687,#4688,#4689));
#1941=EDGE_LOOP('',(#4690,#4691,#4692,#4693));
#1942=EDGE_LOOP('',(#4694,#4695,#4696,#4697));
#1943=EDGE_LOOP('',(#4698,#4699,#4700,#4701,#4702,#4703,#4704,#4705,#4706,
#4707,#4708,#4709,#4710));
#1944=EDGE_LOOP('',(#4711,#4712,#4713,#4714,#4715,#4716,#4717,#4718,#4719,
#4720,#4721,#4722,#4723));
#1945=EDGE_LOOP('',(#4724,#4725,#4726,#4727));
#1946=EDGE_LOOP('',(#4728,#4729,#4730,#4731));
#1947=EDGE_LOOP('',(#4732,#4733,#4734,#4735));
#1948=EDGE_LOOP('',(#4736,#4737,#4738,#4739));
#1949=EDGE_LOOP('',(#4740,#4741,#4742,#4743));
#1950=EDGE_LOOP('',(#4744,#4745,#4746,#4747));
#1951=EDGE_LOOP('',(#4748,#4749,#4750,#4751));
#1952=EDGE_LOOP('',(#4752,#4753,#4754,#4755));
#1953=EDGE_LOOP('',(#4756,#4757,#4758,#4759));
#1954=EDGE_LOOP('',(#4760,#4761,#4762,#4763));
#1955=EDGE_LOOP('',(#4764,#4765,#4766,#4767));
#1956=EDGE_LOOP('',(#4768,#4769,#4770,#4771));
#1957=EDGE_LOOP('',(#4772,#4773,#4774,#4775));
#1958=EDGE_LOOP('',(#4776,#4777,#4778,#4779));
#1959=EDGE_LOOP('',(#4780,#4781,#4782,#4783));
#1960=EDGE_LOOP('',(#4784,#4785,#4786,#4787));
#1961=EDGE_LOOP('',(#4788,#4789,#4790,#4791));
#1962=EDGE_LOOP('',(#4792,#4793,#4794,#4795));
#1963=EDGE_LOOP('',(#4796,#4797,#4798,#4799));
#1964=EDGE_LOOP('',(#4800,#4801,#4802,#4803));
#1965=EDGE_LOOP('',(#4804,#4805,#4806,#4807));
#1966=EDGE_LOOP('',(#4808,#4809,#4810,#4811,#4812,#4813));
#1967=EDGE_LOOP('',(#4814,#4815));
#1968=EDGE_LOOP('',(#4816,#4817));
#1969=EDGE_LOOP('',(#4818,#4819,#4820,#4821));
#1970=EDGE_LOOP('',(#4822,#4823,#4824,#4825));
#1971=EDGE_LOOP('',(#4826));
#1972=EDGE_LOOP('',(#4827,#4828,#4829));
#1973=EDGE_LOOP('',(#4830,#4831,#4832,#4833));
#1974=EDGE_LOOP('',(#4834,#4835,#4836,#4837));
#1975=EDGE_LOOP('',(#4838,#4839,#4840,#4841));
#1976=EDGE_LOOP('',(#4842,#4843,#4844,#4845));
#1977=EDGE_LOOP('',(#4846,#4847,#4848,#4849));
#1978=EDGE_LOOP('',(#4850,#4851,#4852,#4853));
#1979=EDGE_LOOP('',(#4854,#4855,#4856,#4857));
#1980=EDGE_LOOP('',(#4858,#4859,#4860,#4861));
#1981=EDGE_LOOP('',(#4862,#4863,#4864,#4865));
#1982=EDGE_LOOP('',(#4866,#4867,#4868,#4869));
#1983=EDGE_LOOP('',(#4870,#4871,#4872,#4873));
#1984=EDGE_LOOP('',(#4874,#4875,#4876,#4877));
#1985=EDGE_LOOP('',(#4878,#4879,#4880,#4881));
#1986=EDGE_LOOP('',(#4882,#4883,#4884,#4885));
#1987=EDGE_LOOP('',(#4886,#4887,#4888,#4889));
#1988=EDGE_LOOP('',(#4890,#4891,#4892,#4893));
#1989=EDGE_LOOP('',(#4894,#4895,#4896,#4897));
#1990=EDGE_LOOP('',(#4898,#4899,#4900,#4901));
#1991=EDGE_LOOP('',(#4902,#4903,#4904,#4905));
#1992=EDGE_LOOP('',(#4906,#4907,#4908,#4909));
#1993=EDGE_LOOP('',(#4910,#4911,#4912,#4913));
#1994=EDGE_LOOP('',(#4914));
#1995=EDGE_LOOP('',(#4915));
#1996=EDGE_LOOP('',(#4916));
#1997=EDGE_LOOP('',(#4917));
#1998=EDGE_LOOP('',(#4918,#4919,#4920,#4921));
#1999=EDGE_LOOP('',(#4922,#4923,#4924,#4925));
#2000=EDGE_LOOP('',(#4926,#4927,#4928,#4929));
#2001=EDGE_LOOP('',(#4930,#4931,#4932,#4933));
#2002=CIRCLE('',#5486,0.55);
#2003=CIRCLE('',#5487,0.55);
#2004=CIRCLE('',#5488,0.375);
#2005=CIRCLE('',#5489,0.72);
#2006=CIRCLE('',#5491,0.55);
#2007=CIRCLE('',#5492,0.55);
#2008=CIRCLE('',#5493,0.375);
#2009=CIRCLE('',#5494,0.72);
#2010=CIRCLE('',#5496,0.55);
#2011=CIRCLE('',#5497,0.55);
#2012=CIRCLE('',#5498,0.375);
#2013=CIRCLE('',#5499,0.72);
#2014=CIRCLE('',#5501,0.55);
#2015=CIRCLE('',#5502,0.55);
#2016=CIRCLE('',#5503,0.375);
#2017=CIRCLE('',#5504,0.72);
#2018=CIRCLE('',#5517,0.5);
#2019=CIRCLE('',#5518,0.025);
#2020=CIRCLE('',#5519,0.525);
#2021=CIRCLE('',#5521,0.975);
#2022=CIRCLE('',#5522,0.975);
#2023=CIRCLE('',#5526,1.);
#2024=CIRCLE('',#5533,1.);
#2025=CIRCLE('',#5538,1.);
#2026=CIRCLE('',#5552,0.025);
#2027=CIRCLE('',#5557,0.025);
#2028=CIRCLE('',#5559,0.025);
#2029=CIRCLE('',#5564,0.025);
#2030=CIRCLE('',#5578,0.025);
#2031=CIRCLE('',#5579,0.475);
#2032=CIRCLE('',#5606,1.);
#2033=CIRCLE('',#5609,2.55);
#2034=CIRCLE('',#5610,2.55);
#2035=CIRCLE('',#5611,2.55);
#2036=CIRCLE('',#5612,2.55);
#2037=CIRCLE('',#5659,0.375);
#2038=CIRCLE('',#5661,0.375);
#2039=CIRCLE('',#5663,0.375);
#2040=CIRCLE('',#5665,0.375);
#2041=CIRCLE('',#5668,2.55);
#2042=CIRCLE('',#5672,2.55);
#2043=CIRCLE('',#5676,2.55);
#2044=CIRCLE('',#5680,2.55);
#2045=CIRCLE('',#5694,0.4);
#2046=CIRCLE('',#5695,0.4);
#2047=CIRCLE('',#5697,0.4);
#2048=CIRCLE('',#5698,0.4);
#2049=CIRCLE('',#5699,0.4);
#2050=CIRCLE('',#5700,0.4);
#2051=CIRCLE('',#5701,0.45);
#2052=CIRCLE('',#5702,0.15);
#2053=CIRCLE('',#5703,0.15);
#2054=CIRCLE('',#5704,0.15);
#2055=CIRCLE('',#5705,0.15);
#2056=CIRCLE('',#5706,0.15);
#2057=CIRCLE('',#5707,0.15);
#2058=CIRCLE('',#5710,0.4);
#2059=CIRCLE('',#5712,0.4);
#2060=CIRCLE('',#5715,0.4);
#2061=CIRCLE('',#5718,0.4);
#2062=CIRCLE('',#5720,0.4);
#2063=CIRCLE('',#5721,0.4);
#2064=CIRCLE('',#5724,0.15);
#2065=CIRCLE('',#5725,0.15);
#2066=CIRCLE('',#5726,0.15);
#2067=CIRCLE('',#5727,0.15);
#2068=CIRCLE('',#5728,0.15);
#2069=CIRCLE('',#5729,0.15);
#2070=CIRCLE('',#5730,0.45);
#2071=CIRCLE('',#5731,0.4);
#2072=CIRCLE('',#5732,0.4);
#2073=CIRCLE('',#5733,0.4);
#2074=CIRCLE('',#5734,0.4);
#2075=CIRCLE('',#5736,0.4);
#2076=CIRCLE('',#5738,0.25);
#2077=CIRCLE('',#5740,0.4);
#2078=CIRCLE('',#5743,0.4);
#2079=CIRCLE('',#5746,0.4);
#2080=CIRCLE('',#5748,0.45);
#2081=CIRCLE('',#5749,0.15);
#2082=CIRCLE('',#5750,0.15);
#2083=CIRCLE('',#5751,0.15);
#2084=CIRCLE('',#5752,0.15);
#2085=CIRCLE('',#5753,0.15);
#2086=CIRCLE('',#5754,0.15);
#2087=CIRCLE('',#5756,0.25);
#2088=CIRCLE('',#5758,0.25);
#2089=CIRCLE('',#5760,0.25);
#2090=CIRCLE('',#5761,0.25);
#2091=CIRCLE('',#5763,0.25);
#2092=CIRCLE('',#5765,0.25);
#2093=CIRCLE('',#5766,0.25);
#2094=CIRCLE('',#5769,0.25);
#2095=CIRCLE('',#5771,0.25);
#2096=CIRCLE('',#5773,0.5);
#2097=CIRCLE('',#5774,0.399999999999993);
#2098=CIRCLE('',#5775,0.0999999999999999);
#2099=CIRCLE('',#5777,0.5);
#2100=CIRCLE('',#5782,0.0999999999999999);
#2101=CIRCLE('',#5785,0.399999999999993);
#2102=CIRCLE('',#5788,0.25);
#2103=CIRCLE('',#5790,0.45);
#2104=CIRCLE('',#5791,0.45);
#2105=CIRCLE('',#5799,0.15);
#2106=CIRCLE('',#5802,0.15);
#2107=CIRCLE('',#5805,0.15);
#2108=CIRCLE('',#5808,0.15);
#2109=CIRCLE('',#5811,0.15);
#2110=CIRCLE('',#5814,0.15);
#2111=CIRCLE('',#5822,0.375);
#2112=CIRCLE('',#5823,0.375);
#2113=CIRCLE('',#5824,0.375);
#2114=CIRCLE('',#5825,0.375);
#2115=CIRCLE('',#5826,1.75);
#2116=CIRCLE('',#5828,1.75);
#2117=CIRCLE('',#5829,0.375);
#2118=CIRCLE('',#5830,0.375);
#2119=CIRCLE('',#5831,0.375);
#2120=CIRCLE('',#5832,0.375);
#2121=CIRCLE('',#5835,0.25);
#2122=CIRCLE('',#5836,0.25);
#2123=CIRCLE('',#5838,0.25);
#2124=CIRCLE('',#5841,0.25);
#2125=CIRCLE('',#5843,0.5);
#2126=CIRCLE('',#5844,0.5);
#2127=CIRCLE('',#5849,0.0999999999999999);
#2128=CIRCLE('',#5850,0.0999999999999999);
#2129=CIRCLE('',#5853,0.399999999999993);
#2130=CIRCLE('',#5854,0.399999999999993);
#2131=CIRCLE('',#5857,0.25);
#2132=CIRCLE('',#5861,0.45);
#2133=CIRCLE('',#5896,2.5);
#2134=CIRCLE('',#5897,2.5);
#2135=CIRCLE('',#5898,2.5103527618041);
#2136=CIRCLE('',#5899,2.5103527618041);
#2137=CIRCLE('',#5904,1.64743502375986);
#2138=CIRCLE('',#5905,0.15);
#2139=CIRCLE('',#5906,1.49749572001774);
#2140=CIRCLE('',#5908,1.75);
#2141=CIRCLE('',#5910,0.911333739306657);
#2142=CIRCLE('',#5911,0.827085986014956);
#2143=CIRCLE('',#5913,1.285);
#2144=CIRCLE('',#5914,1.285);
#2145=CIRCLE('',#5917,0.875);
#2146=CIRCLE('',#5918,0.875);
#2147=CIRCLE('',#5922,0.875);
#2148=CIRCLE('',#5923,0.875);
#2149=CIRCLE('',#5926,1.285);
#2150=CIRCLE('',#5927,1.285);
#2151=CIRCLE('',#5931,1.285);
#2152=CIRCLE('',#5932,1.285);
#2153=CIRCLE('',#5935,0.875);
#2154=CIRCLE('',#5936,0.875);
#2155=CIRCLE('',#5940,0.875);
#2156=CIRCLE('',#5941,0.875);
#2157=CIRCLE('',#5944,1.285);
#2158=CIRCLE('',#5945,1.285);
#2159=CIRCLE('',#5949,2.5);
#2160=CIRCLE('',#5950,2.5);
#2161=VERTEX_POINT('',#7479);
#2162=VERTEX_POINT('',#7480);
#2163=VERTEX_POINT('',#7483);
#2164=VERTEX_POINT('',#7512);
#2165=VERTEX_POINT('',#7515);
#2166=VERTEX_POINT('',#7516);
#2167=VERTEX_POINT('',#7519);
#2168=VERTEX_POINT('',#7548);
#2169=VERTEX_POINT('',#7551);
#2170=VERTEX_POINT('',#7552);
#2171=VERTEX_POINT('',#7555);
#2172=VERTEX_POINT('',#7584);
#2173=VERTEX_POINT('',#7587);
#2174=VERTEX_POINT('',#7588);
#2175=VERTEX_POINT('',#7591);
#2176=VERTEX_POINT('',#7620);
#2177=VERTEX_POINT('',#7623);
#2178=VERTEX_POINT('',#7624);
#2179=VERTEX_POINT('',#7626);
#2180=VERTEX_POINT('',#7628);
#2181=VERTEX_POINT('',#7632);
#2182=VERTEX_POINT('',#7633);
#2183=VERTEX_POINT('',#7635);
#2184=VERTEX_POINT('',#7637);
#2185=VERTEX_POINT('',#7641);
#2186=VERTEX_POINT('',#7642);
#2187=VERTEX_POINT('',#7644);
#2188=VERTEX_POINT('',#7646);
#2189=VERTEX_POINT('',#7650);
#2190=VERTEX_POINT('',#7651);
#2191=VERTEX_POINT('',#7653);
#2192=VERTEX_POINT('',#7655);
#2193=VERTEX_POINT('',#7659);
#2194=VERTEX_POINT('',#7661);
#2195=VERTEX_POINT('',#7665);
#2196=VERTEX_POINT('',#7667);
#2197=VERTEX_POINT('',#7672);
#2198=VERTEX_POINT('',#7676);
#2199=VERTEX_POINT('',#7682);
#2200=VERTEX_POINT('',#7689);
#2201=VERTEX_POINT('',#7691);
#2202=VERTEX_POINT('',#7695);
#2203=VERTEX_POINT('',#7696);
#2204=VERTEX_POINT('',#7698);
#2205=VERTEX_POINT('',#7700);
#2206=VERTEX_POINT('',#7702);
#2207=VERTEX_POINT('',#7704);
#2208=VERTEX_POINT('',#7706);
#2209=VERTEX_POINT('',#7708);
#2210=VERTEX_POINT('',#7712);
#2211=VERTEX_POINT('',#7713);
#2212=VERTEX_POINT('',#7731);
#2213=VERTEX_POINT('',#7748);
#2214=VERTEX_POINT('',#7752);
#2215=VERTEX_POINT('',#7756);
#2216=VERTEX_POINT('',#7773);
#2217=VERTEX_POINT('',#7790);
#2218=VERTEX_POINT('',#7796);
#2219=VERTEX_POINT('',#7798);
#2220=VERTEX_POINT('',#7802);
#2221=VERTEX_POINT('',#7806);
#2222=VERTEX_POINT('',#7810);
#2223=VERTEX_POINT('',#7814);
#2224=VERTEX_POINT('',#7815);
#2225=VERTEX_POINT('',#7817);
#2226=VERTEX_POINT('',#7819);
#2227=VERTEX_POINT('',#7823);
#2228=VERTEX_POINT('',#7825);
#2229=VERTEX_POINT('',#7829);
#2230=VERTEX_POINT('',#7831);
#2231=VERTEX_POINT('',#7838);
#2232=VERTEX_POINT('',#7839);
#2233=VERTEX_POINT('',#7841);
#2234=VERTEX_POINT('',#7843);
#2235=VERTEX_POINT('',#7847);
#2236=VERTEX_POINT('',#7849);
#2237=VERTEX_POINT('',#7853);
#2238=VERTEX_POINT('',#7857);
#2239=VERTEX_POINT('',#7861);
#2240=VERTEX_POINT('',#7862);
#2241=VERTEX_POINT('',#7864);
#2242=VERTEX_POINT('',#7866);
#2243=VERTEX_POINT('',#7870);
#2244=VERTEX_POINT('',#7872);
#2245=VERTEX_POINT('',#7876);
#2246=VERTEX_POINT('',#7878);
#2247=VERTEX_POINT('',#7882);
#2248=VERTEX_POINT('',#7884);
#2249=VERTEX_POINT('',#7888);
#2250=VERTEX_POINT('',#7892);
#2251=VERTEX_POINT('',#7896);
#2252=VERTEX_POINT('',#7897);
#2253=VERTEX_POINT('',#7902);
#2254=VERTEX_POINT('',#7906);
#2255=VERTEX_POINT('',#7913);
#2256=VERTEX_POINT('',#7918);
#2257=VERTEX_POINT('',#7919);
#2258=VERTEX_POINT('',#7921);
#2259=VERTEX_POINT('',#7923);
#2260=VERTEX_POINT('',#7927);
#2261=VERTEX_POINT('',#7929);
#2262=VERTEX_POINT('',#7933);
#2263=VERTEX_POINT('',#7935);
#2264=VERTEX_POINT('',#7943);
#2265=VERTEX_POINT('',#7945);
#2266=VERTEX_POINT('',#7949);
#2267=VERTEX_POINT('',#7953);
#2268=VERTEX_POINT('',#7961);
#2269=VERTEX_POINT('',#7963);
#2270=VERTEX_POINT('',#7967);
#2271=VERTEX_POINT('',#7971);
#2272=VERTEX_POINT('',#7977);
#2273=VERTEX_POINT('',#7979);
#2274=VERTEX_POINT('',#7985);
#2275=VERTEX_POINT('',#7991);
#2276=VERTEX_POINT('',#7993);
#2277=VERTEX_POINT('',#7995);
#2278=VERTEX_POINT('',#7997);
#2279=VERTEX_POINT('',#7999);
#2280=VERTEX_POINT('',#8001);
#2281=VERTEX_POINT('',#8003);
#2282=VERTEX_POINT('',#8005);
#2283=VERTEX_POINT('',#8007);
#2284=VERTEX_POINT('',#8009);
#2285=VERTEX_POINT('',#8011);
#2286=VERTEX_POINT('',#8013);
#2287=VERTEX_POINT('',#8015);
#2288=VERTEX_POINT('',#8017);
#2289=VERTEX_POINT('',#8019);
#2290=VERTEX_POINT('',#8021);
#2291=VERTEX_POINT('',#8025);
#2292=VERTEX_POINT('',#8033);
#2293=VERTEX_POINT('',#8034);
#2294=VERTEX_POINT('',#8036);
#2295=VERTEX_POINT('',#8038);
#2296=VERTEX_POINT('',#8042);
#2297=VERTEX_POINT('',#8044);
#2298=VERTEX_POINT('',#8048);
#2299=VERTEX_POINT('',#8050);
#2300=VERTEX_POINT('',#8058);
#2301=VERTEX_POINT('',#8059);
#2302=VERTEX_POINT('',#8061);
#2303=VERTEX_POINT('',#8063);
#2304=VERTEX_POINT('',#8067);
#2305=VERTEX_POINT('',#8069);
#2306=VERTEX_POINT('',#8073);
#2307=VERTEX_POINT('',#8075);
#2308=VERTEX_POINT('',#8083);
#2309=VERTEX_POINT('',#8084);
#2310=VERTEX_POINT('',#8086);
#2311=VERTEX_POINT('',#8088);
#2312=VERTEX_POINT('',#8092);
#2313=VERTEX_POINT('',#8094);
#2314=VERTEX_POINT('',#8098);
#2315=VERTEX_POINT('',#8099);
#2316=VERTEX_POINT('',#8101);
#2317=VERTEX_POINT('',#8103);
#2318=VERTEX_POINT('',#8107);
#2319=VERTEX_POINT('',#8109);
#2320=VERTEX_POINT('',#8113);
#2321=VERTEX_POINT('',#8114);
#2322=VERTEX_POINT('',#8116);
#2323=VERTEX_POINT('',#8118);
#2324=VERTEX_POINT('',#8122);
#2325=VERTEX_POINT('',#8123);
#2326=VERTEX_POINT('',#8125);
#2327=VERTEX_POINT('',#8127);
#2328=VERTEX_POINT('',#8137);
#2329=VERTEX_POINT('',#8138);
#2330=VERTEX_POINT('',#8140);
#2331=VERTEX_POINT('',#8144);
#2332=VERTEX_POINT('',#8146);
#2333=VERTEX_POINT('',#8148);
#2334=VERTEX_POINT('',#8152);
#2335=VERTEX_POINT('',#8156);
#2336=VERTEX_POINT('',#8160);
#2337=VERTEX_POINT('',#8161);
#2338=VERTEX_POINT('',#8163);
#2339=VERTEX_POINT('',#8165);
#2340=VERTEX_POINT('',#8172);
#2341=VERTEX_POINT('',#8174);
#2342=VERTEX_POINT('',#8178);
#2343=VERTEX_POINT('',#8180);
#2344=VERTEX_POINT('',#8182);
#2345=VERTEX_POINT('',#8184);
#2346=VERTEX_POINT('',#8186);
#2347=VERTEX_POINT('',#8188);
#2348=VERTEX_POINT('',#8190);
#2349=VERTEX_POINT('',#8192);
#2350=VERTEX_POINT('',#8196);
#2351=VERTEX_POINT('',#8200);
#2352=VERTEX_POINT('',#8202);
#2353=VERTEX_POINT('',#8210);
#2354=VERTEX_POINT('',#8211);
#2355=VERTEX_POINT('',#8213);
#2356=VERTEX_POINT('',#8215);
#2357=VERTEX_POINT('',#8219);
#2358=VERTEX_POINT('',#8220);
#2359=VERTEX_POINT('',#8222);
#2360=VERTEX_POINT('',#8224);
#2361=VERTEX_POINT('',#8228);
#2362=VERTEX_POINT('',#8232);
#2363=VERTEX_POINT('',#8234);
#2364=VERTEX_POINT('',#8238);
#2365=VERTEX_POINT('',#8240);
#2366=VERTEX_POINT('',#8248);
#2367=VERTEX_POINT('',#8250);
#2368=VERTEX_POINT('',#8254);
#2369=VERTEX_POINT('',#8256);
#2370=VERTEX_POINT('',#8260);
#2371=VERTEX_POINT('',#8264);
#2372=VERTEX_POINT('',#8268);
#2373=VERTEX_POINT('',#8272);
#2374=VERTEX_POINT('',#8276);
#2375=VERTEX_POINT('',#8280);
#2376=VERTEX_POINT('',#8284);
#2377=VERTEX_POINT('',#8288);
#2378=VERTEX_POINT('',#8292);
#2379=VERTEX_POINT('',#8296);
#2380=VERTEX_POINT('',#8298);
#2381=VERTEX_POINT('',#8302);
#2382=VERTEX_POINT('',#8306);
#2383=VERTEX_POINT('',#8310);
#2384=VERTEX_POINT('',#8312);
#2385=VERTEX_POINT('',#8316);
#2386=VERTEX_POINT('',#8320);
#2387=VERTEX_POINT('',#8324);
#2388=VERTEX_POINT('',#8326);
#2389=VERTEX_POINT('',#8330);
#2390=VERTEX_POINT('',#8334);
#2391=VERTEX_POINT('',#8338);
#2392=VERTEX_POINT('',#8340);
#2393=VERTEX_POINT('',#8344);
#2394=VERTEX_POINT('',#8348);
#2395=VERTEX_POINT('',#8360);
#2396=VERTEX_POINT('',#8361);
#2397=VERTEX_POINT('',#8366);
#2398=VERTEX_POINT('',#8368);
#2399=VERTEX_POINT('',#8372);
#2400=VERTEX_POINT('',#8382);
#2401=VERTEX_POINT('',#8383);
#2402=VERTEX_POINT('',#8385);
#2403=VERTEX_POINT('',#8387);
#2404=VERTEX_POINT('',#8391);
#2405=VERTEX_POINT('',#8393);
#2406=VERTEX_POINT('',#8395);
#2407=VERTEX_POINT('',#8397);
#2408=VERTEX_POINT('',#8399);
#2409=VERTEX_POINT('',#8401);
#2410=VERTEX_POINT('',#8403);
#2411=VERTEX_POINT('',#8405);
#2412=VERTEX_POINT('',#8407);
#2413=VERTEX_POINT('',#8409);
#2414=VERTEX_POINT('',#8411);
#2415=VERTEX_POINT('',#8413);
#2416=VERTEX_POINT('',#8415);
#2417=VERTEX_POINT('',#8417);
#2418=VERTEX_POINT('',#8419);
#2419=VERTEX_POINT('',#8421);
#2420=VERTEX_POINT('',#8423);
#2421=VERTEX_POINT('',#8425);
#2422=VERTEX_POINT('',#8427);
#2423=VERTEX_POINT('',#8429);
#2424=VERTEX_POINT('',#8431);
#2425=VERTEX_POINT('',#8433);
#2426=VERTEX_POINT('',#8435);
#2427=VERTEX_POINT('',#8437);
#2428=VERTEX_POINT('',#8439);
#2429=VERTEX_POINT('',#8441);
#2430=VERTEX_POINT('',#8443);
#2431=VERTEX_POINT('',#8445);
#2432=VERTEX_POINT('',#8447);
#2433=VERTEX_POINT('',#8451);
#2434=VERTEX_POINT('',#8455);
#2435=VERTEX_POINT('',#8459);
#2436=VERTEX_POINT('',#8460);
#2437=VERTEX_POINT('',#8465);
#2438=VERTEX_POINT('',#8469);
#2439=VERTEX_POINT('',#8471);
#2440=VERTEX_POINT('',#8475);
#2441=VERTEX_POINT('',#8481);
#2442=VERTEX_POINT('',#8482);
#2443=VERTEX_POINT('',#8484);
#2444=VERTEX_POINT('',#8486);
#2445=VERTEX_POINT('',#8490);
#2446=VERTEX_POINT('',#8492);
#2447=VERTEX_POINT('',#8496);
#2448=VERTEX_POINT('',#8498);
#2449=VERTEX_POINT('',#8500);
#2450=VERTEX_POINT('',#8502);
#2451=VERTEX_POINT('',#8504);
#2452=VERTEX_POINT('',#8506);
#2453=VERTEX_POINT('',#8508);
#2454=VERTEX_POINT('',#8510);
#2455=VERTEX_POINT('',#8512);
#2456=VERTEX_POINT('',#8514);
#2457=VERTEX_POINT('',#8516);
#2458=VERTEX_POINT('',#8518);
#2459=VERTEX_POINT('',#8520);
#2460=VERTEX_POINT('',#8522);
#2461=VERTEX_POINT('',#8524);
#2462=VERTEX_POINT('',#8526);
#2463=VERTEX_POINT('',#8528);
#2464=VERTEX_POINT('',#8530);
#2465=VERTEX_POINT('',#8532);
#2466=VERTEX_POINT('',#8534);
#2467=VERTEX_POINT('',#8536);
#2468=VERTEX_POINT('',#8538);
#2469=VERTEX_POINT('',#8540);
#2470=VERTEX_POINT('',#8542);
#2471=VERTEX_POINT('',#8544);
#2472=VERTEX_POINT('',#8546);
#2473=VERTEX_POINT('',#8548);
#2474=VERTEX_POINT('',#8550);
#2475=VERTEX_POINT('',#8554);
#2476=VERTEX_POINT('',#8556);
#2477=VERTEX_POINT('',#8560);
#2478=VERTEX_POINT('',#8562);
#2479=VERTEX_POINT('',#8564);
#2480=VERTEX_POINT('',#8566);
#2481=VERTEX_POINT('',#8570);
#2482=VERTEX_POINT('',#8572);
#2483=VERTEX_POINT('',#8578);
#2484=VERTEX_POINT('',#8579);
#2485=VERTEX_POINT('',#8586);
#2486=VERTEX_POINT('',#8591);
#2487=VERTEX_POINT('',#8593);
#2488=VERTEX_POINT('',#8595);
#2489=VERTEX_POINT('',#8597);
#2490=VERTEX_POINT('',#8599);
#2491=VERTEX_POINT('',#8601);
#2492=VERTEX_POINT('',#8603);
#2493=VERTEX_POINT('',#8605);
#2494=VERTEX_POINT('',#8607);
#2495=VERTEX_POINT('',#8609);
#2496=VERTEX_POINT('',#8611);
#2497=VERTEX_POINT('',#8613);
#2498=VERTEX_POINT('',#8615);
#2499=VERTEX_POINT('',#8617);
#2500=VERTEX_POINT('',#8619);
#2501=VERTEX_POINT('',#8621);
#2502=VERTEX_POINT('',#8623);
#2503=VERTEX_POINT('',#8625);
#2504=VERTEX_POINT('',#8627);
#2505=VERTEX_POINT('',#8629);
#2506=VERTEX_POINT('',#8633);
#2507=VERTEX_POINT('',#8637);
#2508=VERTEX_POINT('',#8639);
#2509=VERTEX_POINT('',#8641);
#2510=VERTEX_POINT('',#8644);
#2511=VERTEX_POINT('',#8646);
#2512=VERTEX_POINT('',#8650);
#2513=VERTEX_POINT('',#8652);
#2514=VERTEX_POINT('',#8656);
#2515=VERTEX_POINT('',#8658);
#2516=VERTEX_POINT('',#8660);
#2517=VERTEX_POINT('',#8662);
#2518=VERTEX_POINT('',#8664);
#2519=VERTEX_POINT('',#8666);
#2520=VERTEX_POINT('',#8668);
#2521=VERTEX_POINT('',#8672);
#2522=VERTEX_POINT('',#8673);
#2523=VERTEX_POINT('',#8675);
#2524=VERTEX_POINT('',#8677);
#2525=VERTEX_POINT('',#8681);
#2526=VERTEX_POINT('',#8683);
#2527=VERTEX_POINT('',#8687);
#2528=VERTEX_POINT('',#8689);
#2529=VERTEX_POINT('',#8691);
#2530=VERTEX_POINT('',#8695);
#2531=VERTEX_POINT('',#8699);
#2532=VERTEX_POINT('',#8701);
#2533=VERTEX_POINT('',#8704);
#2534=VERTEX_POINT('',#8706);
#2535=VERTEX_POINT('',#8708);
#2536=VERTEX_POINT('',#8710);
#2537=VERTEX_POINT('',#8712);
#2538=VERTEX_POINT('',#8714);
#2539=VERTEX_POINT('',#8718);
#2540=VERTEX_POINT('',#8719);
#2541=VERTEX_POINT('',#8726);
#2542=VERTEX_POINT('',#8730);
#2543=VERTEX_POINT('',#8734);
#2544=VERTEX_POINT('',#8738);
#2545=VERTEX_POINT('',#8742);
#2546=VERTEX_POINT('',#8748);
#2547=VERTEX_POINT('',#8750);
#2548=VERTEX_POINT('',#8757);
#2549=VERTEX_POINT('',#8759);
#2550=VERTEX_POINT('',#8761);
#2551=VERTEX_POINT('',#8765);
#2552=VERTEX_POINT('',#8766);
#2553=VERTEX_POINT('',#8768);
#2554=VERTEX_POINT('',#8770);
#2555=VERTEX_POINT('',#8777);
#2556=VERTEX_POINT('',#8786);
#2557=VERTEX_POINT('',#8790);
#2558=VERTEX_POINT('',#8794);
#2559=VERTEX_POINT('',#8798);
#2560=VERTEX_POINT('',#8804);
#2561=VERTEX_POINT('',#8808);
#2562=VERTEX_POINT('',#8812);
#2563=VERTEX_POINT('',#8816);
#2564=VERTEX_POINT('',#8820);
#2565=VERTEX_POINT('',#8824);
#2566=VERTEX_POINT('',#8828);
#2567=VERTEX_POINT('',#8832);
#2568=VERTEX_POINT('',#8836);
#2569=VERTEX_POINT('',#8845);
#2570=VERTEX_POINT('',#8849);
#2571=VERTEX_POINT('',#8851);
#2572=VERTEX_POINT('',#8854);
#2573=VERTEX_POINT('',#8856);
#2574=VERTEX_POINT('',#8858);
#2575=VERTEX_POINT('',#8861);
#2576=VERTEX_POINT('',#8863);
#2577=VERTEX_POINT('',#8865);
#2578=VERTEX_POINT('',#8867);
#2579=VERTEX_POINT('',#8869);
#2580=VERTEX_POINT('',#8872);
#2581=VERTEX_POINT('',#8874);
#2582=VERTEX_POINT('',#8877);
#2583=VERTEX_POINT('',#8879);
#2584=VERTEX_POINT('',#8881);
#2585=VERTEX_POINT('',#8884);
#2586=VERTEX_POINT('',#8886);
#2587=VERTEX_POINT('',#8888);
#2588=VERTEX_POINT('',#8890);
#2589=VERTEX_POINT('',#8892);
#2590=VERTEX_POINT('',#8897);
#2591=VERTEX_POINT('',#8898);
#2592=VERTEX_POINT('',#8900);
#2593=VERTEX_POINT('',#8902);
#2594=VERTEX_POINT('',#8906);
#2595=VERTEX_POINT('',#8908);
#2596=VERTEX_POINT('',#8910);
#2597=VERTEX_POINT('',#8912);
#2598=VERTEX_POINT('',#8916);
#2599=VERTEX_POINT('',#8920);
#2600=VERTEX_POINT('',#8924);
#2601=VERTEX_POINT('',#8925);
#2602=VERTEX_POINT('',#8927);
#2603=VERTEX_POINT('',#8929);
#2604=VERTEX_POINT('',#8936);
#2605=VERTEX_POINT('',#8938);
#2606=VERTEX_POINT('',#8942);
#2607=VERTEX_POINT('',#8944);
#2608=VERTEX_POINT('',#8948);
#2609=VERTEX_POINT('',#8950);
#2610=VERTEX_POINT('',#8954);
#2611=VERTEX_POINT('',#8956);
#2612=VERTEX_POINT('',#8966);
#2613=VERTEX_POINT('',#8971);
#2614=VERTEX_POINT('',#8975);
#2615=VERTEX_POINT('',#8977);
#2616=VERTEX_POINT('',#8979);
#2617=VERTEX_POINT('',#8983);
#2618=VERTEX_POINT('',#8990);
#2619=VERTEX_POINT('',#8994);
#2620=VERTEX_POINT('',#9053);
#2621=VERTEX_POINT('',#9054);
#2622=VERTEX_POINT('',#9057);
#2623=VERTEX_POINT('',#9059);
#2624=VERTEX_POINT('',#9066);
#2625=VERTEX_POINT('',#9068);
#2626=VERTEX_POINT('',#9072);
#2627=VERTEX_POINT('',#9103);
#2628=VERTEX_POINT('',#9104);
#2629=VERTEX_POINT('',#9108);
#2630=VERTEX_POINT('',#9109);
#2631=VERTEX_POINT('',#9111);
#2632=VERTEX_POINT('',#9113);
#2633=VERTEX_POINT('',#9117);
#2634=VERTEX_POINT('',#9119);
#2635=VERTEX_POINT('',#9123);
#2636=VERTEX_POINT('',#9125);
#2637=VERTEX_POINT('',#9133);
#2638=VERTEX_POINT('',#9134);
#2639=VERTEX_POINT('',#9136);
#2640=VERTEX_POINT('',#9138);
#2641=VERTEX_POINT('',#9142);
#2642=VERTEX_POINT('',#9144);
#2643=VERTEX_POINT('',#9148);
#2644=VERTEX_POINT('',#9150);
#2645=VERTEX_POINT('',#9158);
#2646=VERTEX_POINT('',#9159);
#2647=VERTEX_POINT('',#9161);
#2648=VERTEX_POINT('',#9163);
#2649=VERTEX_POINT('',#9167);
#2650=VERTEX_POINT('',#9169);
#2651=VERTEX_POINT('',#9173);
#2652=VERTEX_POINT('',#9175);
#2653=VERTEX_POINT('',#9183);
#2654=VERTEX_POINT('',#9184);
#2655=VERTEX_POINT('',#9186);
#2656=VERTEX_POINT('',#9188);
#2657=VERTEX_POINT('',#9192);
#2658=VERTEX_POINT('',#9194);
#2659=VERTEX_POINT('',#9198);
#2660=VERTEX_POINT('',#9200);
#2661=VERTEX_POINT('',#9208);
#2662=VERTEX_POINT('',#9210);
#2663=EDGE_CURVE('',#2161,#2162,#2002,.T.);
#2664=EDGE_CURVE('',#2162,#2161,#2003,.T.);
#2665=EDGE_CURVE('',#2163,#2163,#2004,.T.);
#2666=EDGE_CURVE('',#2164,#2162,#2005,.T.);
#2667=EDGE_CURVE('',#2165,#2166,#2006,.T.);
#2668=EDGE_CURVE('',#2166,#2165,#2007,.T.);
#2669=EDGE_CURVE('',#2167,#2167,#2008,.T.);
#2670=EDGE_CURVE('',#2168,#2166,#2009,.T.);
#2671=EDGE_CURVE('',#2169,#2170,#2010,.T.);
#2672=EDGE_CURVE('',#2170,#2169,#2011,.T.);
#2673=EDGE_CURVE('',#2171,#2171,#2012,.T.);
#2674=EDGE_CURVE('',#2170,#2172,#2013,.T.);
#2675=EDGE_CURVE('',#2173,#2174,#2014,.T.);
#2676=EDGE_CURVE('',#2174,#2173,#2015,.T.);
#2677=EDGE_CURVE('',#2175,#2175,#2016,.T.);
#2678=EDGE_CURVE('',#2174,#2176,#2017,.T.);
#2679=EDGE_CURVE('',#2177,#2178,#171,.T.);
#2680=EDGE_CURVE('',#2179,#2177,#172,.T.);
#2681=EDGE_CURVE('',#2180,#2179,#173,.T.);
#2682=EDGE_CURVE('',#2178,#2180,#174,.T.);
#2683=EDGE_CURVE('',#2181,#2182,#175,.T.);
#2684=EDGE_CURVE('',#2183,#2181,#176,.T.);
#2685=EDGE_CURVE('',#2184,#2183,#177,.T.);
#2686=EDGE_CURVE('',#2182,#2184,#178,.T.);
#2687=EDGE_CURVE('',#2185,#2186,#179,.T.);
#2688=EDGE_CURVE('',#2187,#2185,#180,.T.);
#2689=EDGE_CURVE('',#2188,#2187,#181,.T.);
#2690=EDGE_CURVE('',#2186,#2188,#182,.T.);
#2691=EDGE_CURVE('',#2189,#2190,#183,.T.);
#2692=EDGE_CURVE('',#2191,#2189,#184,.T.);
#2693=EDGE_CURVE('',#2192,#2191,#185,.T.);
#2694=EDGE_CURVE('',#2190,#2192,#186,.T.);
#2695=EDGE_CURVE('',#2193,#2181,#187,.T.);
#2696=EDGE_CURVE('',#2194,#2193,#188,.T.);
#2697=EDGE_CURVE('',#2183,#2194,#189,.T.);
#2698=EDGE_CURVE('',#2185,#2195,#190,.T.);
#2699=EDGE_CURVE('',#2196,#2195,#191,.T.);
#2700=EDGE_CURVE('',#2196,#2187,#192,.T.);
#2701=EDGE_CURVE('',#2179,#2188,#193,.T.);
#2702=EDGE_CURVE('',#2197,#2196,#194,.T.);
#2703=EDGE_CURVE('',#2197,#2180,#195,.T.);
#2704=EDGE_CURVE('',#2198,#2178,#196,.T.);
#2705=EDGE_CURVE('',#2195,#2198,#197,.T.);
#2706=EDGE_CURVE('',#2186,#2177,#198,.T.);
#2707=EDGE_CURVE('',#2182,#2189,#199,.T.);
#2708=EDGE_CURVE('',#2199,#2190,#200,.T.);
#2709=EDGE_CURVE('',#2193,#2199,#201,.T.);
#2710=EDGE_CURVE('',#2191,#2184,#202,.T.);
#2711=EDGE_CURVE('',#2200,#2200,#2018,.T.);
#2712=EDGE_CURVE('',#2200,#2201,#2019,.T.);
#2713=EDGE_CURVE('',#2201,#2201,#2020,.T.);
#2714=EDGE_CURVE('',#2202,#2203,#203,.T.);
#2715=EDGE_CURVE('',#2204,#2202,#204,.T.);
#2716=EDGE_CURVE('',#2205,#2204,#205,.T.);
#2717=EDGE_CURVE('',#2206,#2205,#2021,.T.);
#2718=EDGE_CURVE('',#2207,#2206,#206,.T.);
#2719=EDGE_CURVE('',#2208,#2207,#207,.T.);
#2720=EDGE_CURVE('',#2209,#2208,#208,.T.);
#2721=EDGE_CURVE('',#2203,#2209,#2022,.T.);
#2722=EDGE_CURVE('',#2210,#2211,#209,.T.);
#2723=EDGE_CURVE('',#2202,#2211,#52,.T.);
#2724=EDGE_CURVE('',#2203,#2210,#46,.T.);
#2725=EDGE_CURVE('',#2209,#2212,#47,.T.);
#2726=EDGE_CURVE('',#2212,#2210,#2023,.T.);
#2727=EDGE_CURVE('',#2208,#2213,#53,.T.);
#2728=EDGE_CURVE('',#2213,#2212,#210,.T.);
#2729=EDGE_CURVE('',#2207,#2214,#54,.T.);
#2730=EDGE_CURVE('',#2214,#2213,#211,.T.);
#2731=EDGE_CURVE('',#2215,#2214,#212,.T.);
#2732=EDGE_CURVE('',#2206,#2215,#48,.T.);
#2733=EDGE_CURVE('',#2205,#2216,#49,.T.);
#2734=EDGE_CURVE('',#2216,#2215,#2024,.T.);
#2735=EDGE_CURVE('',#2204,#2217,#55,.T.);
#2736=EDGE_CURVE('',#2217,#2216,#213,.T.);
#2737=EDGE_CURVE('',#2211,#2217,#214,.T.);
#2738=EDGE_CURVE('',#2218,#2216,#215,.T.);
#2739=EDGE_CURVE('',#2219,#2218,#2025,.T.);
#2740=EDGE_CURVE('',#2219,#2215,#216,.T.);
#2741=EDGE_CURVE('',#2220,#2217,#217,.T.);
#2742=EDGE_CURVE('',#2218,#2220,#218,.T.);
#2743=EDGE_CURVE('',#2221,#2211,#219,.T.);
#2744=EDGE_CURVE('',#2220,#2221,#220,.T.);
#2745=EDGE_CURVE('',#2222,#2210,#221,.T.);
#2746=EDGE_CURVE('',#2221,#2222,#222,.T.);
#2747=EDGE_CURVE('',#2223,#2224,#223,.T.);
#2748=EDGE_CURVE('',#2223,#2225,#56,.T.);
#2749=EDGE_CURVE('',#2225,#2226,#224,.T.);
#2750=EDGE_CURVE('',#2226,#2224,#57,.T.);
#2751=EDGE_CURVE('',#2224,#2227,#225,.T.);
#2752=EDGE_CURVE('',#2226,#2228,#226,.T.);
#2753=EDGE_CURVE('',#2227,#2228,#58,.T.);
#2754=EDGE_CURVE('',#2229,#2223,#227,.T.);
#2755=EDGE_CURVE('',#2229,#2230,#59,.T.);
#2756=EDGE_CURVE('',#2230,#2225,#228,.T.);
#2757=EDGE_CURVE('',#2227,#2229,#229,.T.);
#2758=EDGE_CURVE('',#2228,#2230,#230,.T.);
#2759=EDGE_CURVE('',#2231,#2232,#231,.T.);
#2760=EDGE_CURVE('',#2233,#2231,#232,.T.);
#2761=EDGE_CURVE('',#2234,#2233,#233,.T.);
#2762=EDGE_CURVE('',#2232,#2234,#234,.T.);
#2763=EDGE_CURVE('',#2235,#2234,#2026,.T.);
#2764=EDGE_CURVE('',#2233,#2236,#60,.T.);
#2765=EDGE_CURVE('',#2236,#2235,#235,.T.);
#2766=EDGE_CURVE('',#2231,#2237,#61,.T.);
#2767=EDGE_CURVE('',#2237,#2236,#236,.T.);
#2768=EDGE_CURVE('',#2232,#2238,#2027,.T.);
#2769=EDGE_CURVE('',#2238,#2237,#237,.T.);
#2770=EDGE_CURVE('',#2239,#2240,#2028,.F.);
#2771=EDGE_CURVE('',#2240,#2241,#238,.T.);
#2772=EDGE_CURVE('',#2241,#2242,#62,.T.);
#2773=EDGE_CURVE('',#2242,#2239,#239,.T.);
#2774=EDGE_CURVE('',#2241,#2243,#240,.T.);
#2775=EDGE_CURVE('',#2243,#2244,#63,.T.);
#2776=EDGE_CURVE('',#2244,#2242,#241,.T.);
#2777=EDGE_CURVE('',#2243,#2245,#242,.T.);
#2778=EDGE_CURVE('',#2245,#2246,#2029,.F.);
#2779=EDGE_CURVE('',#2246,#2244,#243,.T.);
#2780=EDGE_CURVE('',#2247,#2242,#244,.T.);
#2781=EDGE_CURVE('',#2248,#2247,#245,.T.);
#2782=EDGE_CURVE('',#2239,#2248,#246,.T.);
#2783=EDGE_CURVE('',#2249,#2244,#247,.T.);
#2784=EDGE_CURVE('',#2247,#2249,#248,.T.);
#2785=EDGE_CURVE('',#2250,#2246,#249,.T.);
#2786=EDGE_CURVE('',#2249,#2250,#250,.T.);
#2787=EDGE_CURVE('',#2251,#2252,#251,.T.);
#2788=EDGE_CURVE('',#2252,#2224,#64,.T.);
#2789=EDGE_CURVE('',#2251,#2227,#65,.T.);
#2790=EDGE_CURVE('',#2252,#2253,#252,.T.);
#2791=EDGE_CURVE('',#2253,#2223,#66,.T.);
#2792=EDGE_CURVE('',#2253,#2254,#253,.T.);
#2793=EDGE_CURVE('',#2254,#2229,#67,.T.);
#2794=EDGE_CURVE('',#2254,#2251,#254,.T.);
#2795=EDGE_CURVE('',#2200,#2255,#2030,.T.);
#2796=EDGE_CURVE('',#2255,#2255,#2031,.T.);
#2797=EDGE_CURVE('',#2256,#2257,#255,.T.);
#2798=EDGE_CURVE('',#2257,#2258,#68,.T.);
#2799=EDGE_CURVE('',#2259,#2258,#256,.T.);
#2800=EDGE_CURVE('',#2256,#2259,#69,.T.);
#2801=EDGE_CURVE('',#2257,#2260,#257,.T.);
#2802=EDGE_CURVE('',#2260,#2261,#70,.T.);
#2803=EDGE_CURVE('',#2258,#2261,#258,.T.);
#2804=EDGE_CURVE('',#2260,#2262,#259,.T.);
#2805=EDGE_CURVE('',#2262,#2263,#71,.T.);
#2806=EDGE_CURVE('',#2261,#2263,#260,.T.);
#2807=EDGE_CURVE('',#2262,#2256,#261,.T.);
#2808=EDGE_CURVE('',#2263,#2259,#262,.T.);
#2809=EDGE_CURVE('',#2258,#2264,#72,.T.);
#2810=EDGE_CURVE('',#2264,#2265,#263,.T.);
#2811=EDGE_CURVE('',#2265,#2259,#73,.T.);
#2812=EDGE_CURVE('',#2261,#2266,#74,.T.);
#2813=EDGE_CURVE('',#2266,#2264,#264,.T.);
#2814=EDGE_CURVE('',#2263,#2267,#75,.T.);
#2815=EDGE_CURVE('',#2267,#2266,#265,.T.);
#2816=EDGE_CURVE('',#2265,#2267,#266,.T.);
#2817=EDGE_CURVE('',#2245,#2240,#267,.T.);
#2818=EDGE_CURVE('',#2268,#2237,#268,.T.);
#2819=EDGE_CURVE('',#2269,#2268,#269,.T.);
#2820=EDGE_CURVE('',#2269,#2236,#270,.T.);
#2821=EDGE_CURVE('',#2270,#2238,#271,.T.);
#2822=EDGE_CURVE('',#2268,#2270,#272,.T.);
#2823=EDGE_CURVE('',#2271,#2235,#273,.T.);
#2824=EDGE_CURVE('',#2270,#2271,#274,.T.);
#2825=EDGE_CURVE('',#2271,#2269,#275,.T.);
#2826=EDGE_CURVE('',#2272,#2214,#276,.T.);
#2827=EDGE_CURVE('',#2273,#2272,#277,.T.);
#2828=EDGE_CURVE('',#2273,#2213,#278,.T.);
#2829=EDGE_CURVE('',#2272,#2219,#279,.T.);
#2830=EDGE_CURVE('',#2274,#2212,#280,.T.);
#2831=EDGE_CURVE('',#2222,#2274,#2032,.T.);
#2832=EDGE_CURVE('',#2274,#2273,#281,.T.);
#2833=EDGE_CURVE('',#2250,#2275,#282,.F.);
#2834=EDGE_CURVE('',#2275,#2276,#283,.T.);
#2835=EDGE_CURVE('',#2276,#2277,#2033,.T.);
#2836=EDGE_CURVE('',#2277,#2278,#284,.T.);
#2837=EDGE_CURVE('',#2278,#2279,#285,.F.);
#2838=EDGE_CURVE('',#2279,#2280,#286,.T.);
#2839=EDGE_CURVE('',#2280,#2281,#2034,.T.);
#2840=EDGE_CURVE('',#2281,#2282,#287,.T.);
#2841=EDGE_CURVE('',#2282,#2283,#288,.F.);
#2842=EDGE_CURVE('',#2283,#2284,#289,.T.);
#2843=EDGE_CURVE('',#2284,#2285,#2035,.T.);
#2844=EDGE_CURVE('',#2285,#2286,#290,.T.);
#2845=EDGE_CURVE('',#2286,#2287,#291,.F.);
#2846=EDGE_CURVE('',#2287,#2288,#292,.T.);
#2847=EDGE_CURVE('',#2288,#2289,#2036,.T.);
#2848=EDGE_CURVE('',#2289,#2290,#293,.T.);
#2849=EDGE_CURVE('',#2290,#2248,#294,.F.);
#2850=EDGE_CURVE('',#2291,#2194,#295,.T.);
#2851=EDGE_CURVE('',#2291,#2192,#296,.T.);
#2852=EDGE_CURVE('',#2199,#2291,#297,.T.);
#2853=EDGE_CURVE('',#2198,#2197,#298,.T.);
#2854=EDGE_CURVE('',#2292,#2293,#299,.T.);
#2855=EDGE_CURVE('',#2294,#2292,#300,.T.);
#2856=EDGE_CURVE('',#2295,#2294,#301,.T.);
#2857=EDGE_CURVE('',#2295,#2293,#302,.T.);
#2858=EDGE_CURVE('',#2293,#2296,#303,.T.);
#2859=EDGE_CURVE('',#2297,#2295,#304,.T.);
#2860=EDGE_CURVE('',#2297,#2296,#305,.T.);
#2861=EDGE_CURVE('',#2296,#2298,#306,.T.);
#2862=EDGE_CURVE('',#2299,#2297,#307,.T.);
#2863=EDGE_CURVE('',#2298,#2299,#308,.T.);
#2864=EDGE_CURVE('',#2299,#2294,#309,.T.);
#2865=EDGE_CURVE('',#2292,#2298,#310,.T.);
#2866=EDGE_CURVE('',#2300,#2301,#311,.T.);
#2867=EDGE_CURVE('',#2302,#2301,#312,.T.);
#2868=EDGE_CURVE('',#2302,#2303,#313,.T.);
#2869=EDGE_CURVE('',#2300,#2303,#314,.T.);
#2870=EDGE_CURVE('',#2301,#2304,#315,.T.);
#2871=EDGE_CURVE('',#2305,#2304,#316,.T.);
#2872=EDGE_CURVE('',#2305,#2302,#317,.T.);
#2873=EDGE_CURVE('',#2304,#2306,#318,.T.);
#2874=EDGE_CURVE('',#2307,#2306,#319,.T.);
#2875=EDGE_CURVE('',#2307,#2305,#320,.T.);
#2876=EDGE_CURVE('',#2303,#2307,#321,.T.);
#2877=EDGE_CURVE('',#2306,#2300,#322,.T.);
#2878=EDGE_CURVE('',#2308,#2309,#323,.T.);
#2879=EDGE_CURVE('',#2310,#2308,#324,.T.);
#2880=EDGE_CURVE('',#2311,#2310,#325,.T.);
#2881=EDGE_CURVE('',#2311,#2309,#326,.T.);
#2882=EDGE_CURVE('',#2309,#2312,#327,.T.);
#2883=EDGE_CURVE('',#2312,#2313,#328,.T.);
#2884=EDGE_CURVE('',#2313,#2308,#329,.T.);
#2885=EDGE_CURVE('',#2314,#2315,#330,.T.);
#2886=EDGE_CURVE('',#2316,#2314,#331,.T.);
#2887=EDGE_CURVE('',#2317,#2316,#332,.T.);
#2888=EDGE_CURVE('',#2317,#2315,#333,.T.);
#2889=EDGE_CURVE('',#2315,#2318,#334,.T.);
#2890=EDGE_CURVE('',#2318,#2319,#335,.T.);
#2891=EDGE_CURVE('',#2319,#2314,#336,.T.);
#2892=EDGE_CURVE('',#2320,#2321,#337,.T.);
#2893=EDGE_CURVE('',#2322,#2320,#338,.T.);
#2894=EDGE_CURVE('',#2323,#2322,#339,.T.);
#2895=EDGE_CURVE('',#2323,#2321,#340,.T.);
#2896=EDGE_CURVE('',#2324,#2325,#341,.T.);
#2897=EDGE_CURVE('',#2326,#2324,#342,.T.);
#2898=EDGE_CURVE('',#2327,#2326,#343,.T.);
#2899=EDGE_CURVE('',#2327,#2325,#344,.T.);
#2900=EDGE_CURVE('',#2321,#2324,#345,.T.);
#2901=EDGE_CURVE('',#2325,#2320,#346,.T.);
#2902=EDGE_CURVE('',#2316,#2327,#347,.T.);
#2903=EDGE_CURVE('',#2326,#2317,#348,.T.);
#2904=EDGE_CURVE('',#2328,#2329,#349,.T.);
#2905=EDGE_CURVE('',#2330,#2328,#350,.T.);
#2906=EDGE_CURVE('',#2330,#2312,#351,.T.);
#2907=EDGE_CURVE('',#2322,#2311,#352,.T.);
#2908=EDGE_CURVE('',#2331,#2319,#353,.T.);
#2909=EDGE_CURVE('',#2332,#2331,#354,.T.);
#2910=EDGE_CURVE('',#2333,#2332,#355,.T.);
#2911=EDGE_CURVE('',#2329,#2333,#356,.T.);
#2912=EDGE_CURVE('',#2334,#2318,#357,.T.);
#2913=EDGE_CURVE('',#2331,#2334,#358,.T.);
#2914=EDGE_CURVE('',#2335,#2330,#359,.T.);
#2915=EDGE_CURVE('',#2335,#2313,#360,.T.);
#2916=EDGE_CURVE('',#2336,#2337,#361,.T.);
#2917=EDGE_CURVE('',#2338,#2336,#362,.T.);
#2918=EDGE_CURVE('',#2339,#2338,#363,.T.);
#2919=EDGE_CURVE('',#2334,#2339,#364,.T.);
#2920=EDGE_CURVE('',#2310,#2323,#365,.T.);
#2921=EDGE_CURVE('',#2337,#2335,#366,.T.);
#2922=EDGE_CURVE('',#2337,#2340,#367,.T.);
#2923=EDGE_CURVE('',#2341,#2340,#368,.T.);
#2924=EDGE_CURVE('',#2336,#2341,#369,.T.);
#2925=EDGE_CURVE('',#2342,#2339,#370,.T.);
#2926=EDGE_CURVE('',#2343,#2342,#371,.T.);
#2927=EDGE_CURVE('',#2344,#2343,#372,.T.);
#2928=EDGE_CURVE('',#2345,#2344,#373,.T.);
#2929=EDGE_CURVE('',#2346,#2345,#374,.T.);
#2930=EDGE_CURVE('',#2347,#2346,#375,.T.);
#2931=EDGE_CURVE('',#2348,#2347,#376,.T.);
#2932=EDGE_CURVE('',#2349,#2348,#377,.T.);
#2933=EDGE_CURVE('',#2332,#2349,#378,.T.);
#2934=EDGE_CURVE('',#2350,#2341,#379,.T.);
#2935=EDGE_CURVE('',#2350,#2338,#380,.T.);
#2936=EDGE_CURVE('',#2333,#2351,#381,.T.);
#2937=EDGE_CURVE('',#2352,#2351,#382,.T.);
#2938=EDGE_CURVE('',#2352,#2329,#383,.T.);
#2939=EDGE_CURVE('',#2350,#2342,#384,.T.);
#2940=EDGE_CURVE('',#2351,#2349,#385,.T.);
#2941=EDGE_CURVE('',#2353,#2354,#386,.T.);
#2942=EDGE_CURVE('',#2354,#2355,#387,.T.);
#2943=EDGE_CURVE('',#2356,#2355,#388,.T.);
#2944=EDGE_CURVE('',#2353,#2356,#389,.T.);
#2945=EDGE_CURVE('',#2357,#2358,#390,.T.);
#2946=EDGE_CURVE('',#2359,#2357,#391,.T.);
#2947=EDGE_CURVE('',#2359,#2360,#392,.T.);
#2948=EDGE_CURVE('',#2360,#2358,#393,.T.);
#2949=EDGE_CURVE('',#2352,#2361,#394,.T.);
#2950=EDGE_CURVE('',#2361,#2328,#395,.T.);
#2951=EDGE_CURVE('',#2358,#2362,#396,.T.);
#2952=EDGE_CURVE('',#2363,#2362,#397,.T.);
#2953=EDGE_CURVE('',#2357,#2363,#398,.T.);
#2954=EDGE_CURVE('',#2364,#2354,#399,.T.);
#2955=EDGE_CURVE('',#2365,#2353,#400,.T.);
#2956=EDGE_CURVE('',#2365,#2364,#401,.T.);
#2957=EDGE_CURVE('',#2355,#2361,#402,.T.);
#2958=EDGE_CURVE('',#2362,#2364,#403,.T.);
#2959=EDGE_CURVE('',#2340,#2360,#404,.T.);
#2960=EDGE_CURVE('',#2366,#2344,#405,.T.);
#2961=EDGE_CURVE('',#2367,#2343,#406,.T.);
#2962=EDGE_CURVE('',#2366,#2367,#407,.T.);
#2963=EDGE_CURVE('',#2368,#2347,#408,.T.);
#2964=EDGE_CURVE('',#2369,#2368,#409,.T.);
#2965=EDGE_CURVE('',#2369,#2348,#410,.T.);
#2966=EDGE_CURVE('',#2370,#2346,#411,.T.);
#2967=EDGE_CURVE('',#2368,#2370,#412,.T.);
#2968=EDGE_CURVE('',#2371,#2366,#413,.T.);
#2969=EDGE_CURVE('',#2371,#2345,#414,.T.);
#2970=EDGE_CURVE('',#2372,#2367,#415,.T.);
#2971=EDGE_CURVE('',#2371,#2372,#416,.T.);
#2972=EDGE_CURVE('',#2373,#2370,#417,.T.);
#2973=EDGE_CURVE('',#2369,#2373,#418,.T.);
#2974=EDGE_CURVE('',#2374,#2363,#419,.T.);
#2975=EDGE_CURVE('',#2359,#2374,#420,.T.);
#2976=EDGE_CURVE('',#2175,#2375,#421,.T.);
#2977=EDGE_CURVE('',#2375,#2375,#2037,.T.);
#2978=EDGE_CURVE('',#2171,#2376,#422,.T.);
#2979=EDGE_CURVE('',#2376,#2376,#2038,.T.);
#2980=EDGE_CURVE('',#2163,#2377,#423,.T.);
#2981=EDGE_CURVE('',#2377,#2377,#2039,.T.);
#2982=EDGE_CURVE('',#2167,#2378,#424,.T.);
#2983=EDGE_CURVE('',#2378,#2378,#2040,.T.);
#2984=EDGE_CURVE('',#2379,#2281,#425,.T.);
#2985=EDGE_CURVE('',#2380,#2379,#426,.T.);
#2986=EDGE_CURVE('',#2282,#2380,#427,.T.);
#2987=EDGE_CURVE('',#2381,#2280,#428,.T.);
#2988=EDGE_CURVE('',#2379,#2381,#2041,.T.);
#2989=EDGE_CURVE('',#2382,#2279,#429,.T.);
#2990=EDGE_CURVE('',#2381,#2382,#430,.T.);
#2991=EDGE_CURVE('',#2383,#2289,#431,.T.);
#2992=EDGE_CURVE('',#2384,#2383,#432,.T.);
#2993=EDGE_CURVE('',#2290,#2384,#433,.T.);
#2994=EDGE_CURVE('',#2385,#2288,#434,.T.);
#2995=EDGE_CURVE('',#2383,#2385,#2042,.T.);
#2996=EDGE_CURVE('',#2386,#2287,#435,.T.);
#2997=EDGE_CURVE('',#2385,#2386,#436,.T.);
#2998=EDGE_CURVE('',#2387,#2285,#437,.T.);
#2999=EDGE_CURVE('',#2388,#2387,#438,.T.);
#3000=EDGE_CURVE('',#2286,#2388,#439,.T.);
#3001=EDGE_CURVE('',#2389,#2284,#440,.T.);
#3002=EDGE_CURVE('',#2387,#2389,#2043,.T.);
#3003=EDGE_CURVE('',#2390,#2283,#441,.T.);
#3004=EDGE_CURVE('',#2389,#2390,#442,.T.);
#3005=EDGE_CURVE('',#2391,#2277,#443,.T.);
#3006=EDGE_CURVE('',#2392,#2391,#444,.T.);
#3007=EDGE_CURVE('',#2278,#2392,#445,.T.);
#3008=EDGE_CURVE('',#2393,#2276,#446,.T.);
#3009=EDGE_CURVE('',#2391,#2393,#2044,.T.);
#3010=EDGE_CURVE('',#2394,#2275,#447,.T.);
#3011=EDGE_CURVE('',#2393,#2394,#448,.T.);
#3012=EDGE_CURVE('',#2386,#2388,#449,.T.);
#3013=EDGE_CURVE('',#2382,#2392,#450,.T.);
#3014=EDGE_CURVE('',#2390,#2380,#451,.T.);
#3015=EDGE_CURVE('',#2394,#2384,#452,.T.);
#3016=EDGE_CURVE('',#2395,#2396,#453,.T.);
#3017=EDGE_CURVE('',#2373,#2396,#454,.T.);
#3018=EDGE_CURVE('',#2372,#2395,#455,.T.);
#3019=EDGE_CURVE('',#2396,#2397,#456,.T.);
#3020=EDGE_CURVE('',#2398,#2397,#457,.T.);
#3021=EDGE_CURVE('',#2398,#2356,#458,.T.);
#3022=EDGE_CURVE('',#2397,#2399,#459,.T.);
#3023=EDGE_CURVE('',#2374,#2399,#460,.T.);
#3024=EDGE_CURVE('',#2365,#2398,#461,.T.);
#3025=EDGE_CURVE('',#2399,#2395,#462,.T.);
#3026=EDGE_CURVE('',#2400,#2401,#2045,.T.);
#3027=EDGE_CURVE('',#2401,#2402,#463,.T.);
#3028=EDGE_CURVE('',#2402,#2403,#2046,.T.);
#3029=EDGE_CURVE('',#2403,#2400,#464,.T.);
#3030=EDGE_CURVE('',#2402,#2404,#465,.T.);
#3031=EDGE_CURVE('',#2405,#2404,#2047,.T.);
#3032=EDGE_CURVE('',#2405,#2406,#466,.T.);
#3033=EDGE_CURVE('',#2407,#2406,#2048,.T.);
#3034=EDGE_CURVE('',#2407,#2408,#467,.T.);
#3035=EDGE_CURVE('',#2409,#2408,#2049,.T.);
#3036=EDGE_CURVE('',#2409,#2410,#468,.T.);
#3037=EDGE_CURVE('',#2411,#2410,#2050,.T.);
#3038=EDGE_CURVE('',#2411,#2412,#469,.T.);
#3039=EDGE_CURVE('',#2413,#2412,#470,.T.);
#3040=EDGE_CURVE('',#2413,#2414,#471,.T.);
#3041=EDGE_CURVE('',#2415,#2414,#472,.T.);
#3042=EDGE_CURVE('',#2415,#2416,#2051,.T.);
#3043=EDGE_CURVE('',#2416,#2417,#473,.T.);
#3044=EDGE_CURVE('',#2417,#2418,#474,.T.);
#3045=EDGE_CURVE('',#2418,#2419,#475,.T.);
#3046=EDGE_CURVE('',#2419,#2420,#2052,.T.);
#3047=EDGE_CURVE('',#2420,#2421,#476,.T.);
#3048=EDGE_CURVE('',#2421,#2422,#2053,.T.);
#3049=EDGE_CURVE('',#2422,#2423,#477,.T.);
#3050=EDGE_CURVE('',#2423,#2424,#2054,.T.);
#3051=EDGE_CURVE('',#2424,#2425,#478,.T.);
#3052=EDGE_CURVE('',#2425,#2426,#2055,.T.);
#3053=EDGE_CURVE('',#2426,#2427,#479,.T.);
#3054=EDGE_CURVE('',#2427,#2428,#480,.T.);
#3055=EDGE_CURVE('',#2428,#2429,#481,.T.);
#3056=EDGE_CURVE('',#2429,#2430,#2056,.T.);
#3057=EDGE_CURVE('',#2430,#2431,#482,.T.);
#3058=EDGE_CURVE('',#2431,#2432,#2057,.T.);
#3059=EDGE_CURVE('',#2432,#2403,#483,.T.);
#3060=EDGE_CURVE('',#2433,#2401,#484,.T.);
#3061=EDGE_CURVE('',#2404,#2433,#485,.T.);
#3062=EDGE_CURVE('',#2433,#2434,#2058,.T.);
#3063=EDGE_CURVE('',#2434,#2405,#486,.T.);
#3064=EDGE_CURVE('',#2435,#2436,#2059,.T.);
#3065=EDGE_CURVE('',#2436,#2407,#487,.T.);
#3066=EDGE_CURVE('',#2406,#2435,#488,.T.);
#3067=EDGE_CURVE('',#2437,#2436,#489,.T.);
#3068=EDGE_CURVE('',#2408,#2437,#490,.T.);
#3069=EDGE_CURVE('',#2410,#2438,#491,.T.);
#3070=EDGE_CURVE('',#2438,#2439,#2060,.T.);
#3071=EDGE_CURVE('',#2439,#2411,#492,.T.);
#3072=EDGE_CURVE('',#2440,#2409,#493,.T.);
#3073=EDGE_CURVE('',#2438,#2440,#494,.T.);
#3074=EDGE_CURVE('',#2437,#2440,#2061,.T.);
#3075=EDGE_CURVE('',#2441,#2442,#2062,.T.);
#3076=EDGE_CURVE('',#2442,#2443,#495,.T.);
#3077=EDGE_CURVE('',#2443,#2444,#2063,.T.);
#3078=EDGE_CURVE('',#2444,#2441,#496,.T.);
#3079=EDGE_CURVE('',#2444,#2445,#497,.T.);
#3080=EDGE_CURVE('',#2446,#2445,#498,.T.);
#3081=EDGE_CURVE('',#2446,#2441,#499,.T.);
#3082=EDGE_CURVE('',#2447,#2443,#500,.T.);
#3083=EDGE_CURVE('',#2448,#2447,#2064,.T.);
#3084=EDGE_CURVE('',#2449,#2448,#501,.T.);
#3085=EDGE_CURVE('',#2450,#2449,#2065,.T.);
#3086=EDGE_CURVE('',#2451,#2450,#502,.T.);
#3087=EDGE_CURVE('',#2452,#2451,#503,.T.);
#3088=EDGE_CURVE('',#2453,#2452,#504,.T.);
#3089=EDGE_CURVE('',#2454,#2453,#2066,.T.);
#3090=EDGE_CURVE('',#2455,#2454,#505,.T.);
#3091=EDGE_CURVE('',#2456,#2455,#2067,.T.);
#3092=EDGE_CURVE('',#2457,#2456,#506,.T.);
#3093=EDGE_CURVE('',#2458,#2457,#2068,.T.);
#3094=EDGE_CURVE('',#2459,#2458,#507,.T.);
#3095=EDGE_CURVE('',#2460,#2459,#2069,.T.);
#3096=EDGE_CURVE('',#2461,#2460,#508,.T.);
#3097=EDGE_CURVE('',#2462,#2461,#509,.T.);
#3098=EDGE_CURVE('',#2463,#2462,#510,.T.);
#3099=EDGE_CURVE('',#2464,#2463,#2070,.T.);
#3100=EDGE_CURVE('',#2465,#2464,#511,.T.);
#3101=EDGE_CURVE('',#2466,#2465,#512,.T.);
#3102=EDGE_CURVE('',#2467,#2466,#513,.T.);
#3103=EDGE_CURVE('',#2468,#2467,#514,.T.);
#3104=EDGE_CURVE('',#2469,#2468,#2071,.T.);
#3105=EDGE_CURVE('',#2470,#2469,#515,.T.);
#3106=EDGE_CURVE('',#2471,#2470,#2072,.T.);
#3107=EDGE_CURVE('',#2472,#2471,#516,.T.);
#3108=EDGE_CURVE('',#2473,#2472,#2073,.T.);
#3109=EDGE_CURVE('',#2474,#2473,#517,.T.);
#3110=EDGE_CURVE('',#2445,#2474,#2074,.T.);
#3111=EDGE_CURVE('',#2468,#2475,#518,.T.);
#3112=EDGE_CURVE('',#2475,#2476,#2075,.T.);
#3113=EDGE_CURVE('',#2476,#2469,#519,.T.);
#3114=EDGE_CURVE('',#2477,#2467,#2076,.T.);
#3115=EDGE_CURVE('',#2477,#2478,#520,.T.);
#3116=EDGE_CURVE('',#2479,#2478,#521,.T.);
#3117=EDGE_CURVE('',#2480,#2479,#522,.T.);
#3118=EDGE_CURVE('',#2480,#2475,#523,.T.);
#3119=EDGE_CURVE('',#2470,#2481,#524,.T.);
#3120=EDGE_CURVE('',#2481,#2482,#2077,.T.);
#3121=EDGE_CURVE('',#2482,#2471,#525,.T.);
#3122=EDGE_CURVE('',#2476,#2481,#526,.T.);
#3123=EDGE_CURVE('',#2483,#2484,#2078,.T.);
#3124=EDGE_CURVE('',#2484,#2473,#527,.T.);
#3125=EDGE_CURVE('',#2472,#2483,#528,.T.);
#3126=EDGE_CURVE('',#2482,#2483,#529,.T.);
#3127=EDGE_CURVE('',#2485,#2446,#2079,.T.);
#3128=EDGE_CURVE('',#2474,#2485,#530,.T.);
#3129=EDGE_CURVE('',#2484,#2485,#531,.T.);
#3130=EDGE_CURVE('',#2486,#2480,#532,.T.);
#3131=EDGE_CURVE('',#2487,#2486,#533,.T.);
#3132=EDGE_CURVE('',#2487,#2488,#534,.T.);
#3133=EDGE_CURVE('',#2489,#2488,#2080,.T.);
#3134=EDGE_CURVE('',#2490,#2489,#535,.T.);
#3135=EDGE_CURVE('',#2491,#2490,#536,.T.);
#3136=EDGE_CURVE('',#2492,#2491,#537,.T.);
#3137=EDGE_CURVE('',#2493,#2492,#2081,.T.);
#3138=EDGE_CURVE('',#2494,#2493,#538,.T.);
#3139=EDGE_CURVE('',#2495,#2494,#2082,.T.);
#3140=EDGE_CURVE('',#2496,#2495,#539,.T.);
#3141=EDGE_CURVE('',#2497,#2496,#2083,.T.);
#3142=EDGE_CURVE('',#2498,#2497,#540,.T.);
#3143=EDGE_CURVE('',#2499,#2498,#2084,.T.);
#3144=EDGE_CURVE('',#2500,#2499,#541,.T.);
#3145=EDGE_CURVE('',#2501,#2500,#542,.T.);
#3146=EDGE_CURVE('',#2502,#2501,#543,.T.);
#3147=EDGE_CURVE('',#2503,#2502,#2085,.T.);
#3148=EDGE_CURVE('',#2504,#2503,#544,.T.);
#3149=EDGE_CURVE('',#2505,#2504,#2086,.T.);
#3150=EDGE_CURVE('',#2442,#2505,#545,.T.);
#3151=EDGE_CURVE('',#2466,#2506,#2087,.T.);
#3152=EDGE_CURVE('',#2506,#2477,#546,.T.);
#3153=EDGE_CURVE('',#2507,#2465,#2088,.T.);
#3154=EDGE_CURVE('',#2507,#2508,#547,.T.);
#3155=EDGE_CURVE('',#2508,#2509,#548,.T.);
#3156=EDGE_CURVE('',#2509,#2487,#549,.T.);
#3157=EDGE_CURVE('',#2510,#2486,#550,.T.);
#3158=EDGE_CURVE('',#2510,#2511,#551,.T.);
#3159=EDGE_CURVE('',#2511,#2506,#552,.T.);
#3160=EDGE_CURVE('',#2412,#2512,#2089,.T.);
#3161=EDGE_CURVE('',#2512,#2513,#553,.T.);
#3162=EDGE_CURVE('',#2513,#2413,#2090,.T.);
#3163=EDGE_CURVE('',#2513,#2514,#554,.T.);
#3164=EDGE_CURVE('',#2515,#2514,#555,.T.);
#3165=EDGE_CURVE('',#2516,#2515,#556,.T.);
#3166=EDGE_CURVE('',#2517,#2516,#557,.T.);
#3167=EDGE_CURVE('',#2518,#2517,#558,.T.);
#3168=EDGE_CURVE('',#2519,#2518,#559,.T.);
#3169=EDGE_CURVE('',#2520,#2519,#560,.T.);
#3170=EDGE_CURVE('',#2414,#2520,#2091,.T.);
#3171=EDGE_CURVE('',#2521,#2522,#2092,.T.);
#3172=EDGE_CURVE('',#2522,#2523,#561,.T.);
#3173=EDGE_CURVE('',#2523,#2524,#2093,.T.);
#3174=EDGE_CURVE('',#2524,#2521,#562,.T.);
#3175=EDGE_CURVE('',#2525,#2524,#563,.T.);
#3176=EDGE_CURVE('',#2526,#2525,#564,.T.);
#3177=EDGE_CURVE('',#2526,#2521,#565,.T.);
#3178=EDGE_CURVE('',#2527,#2523,#566,.T.);
#3179=EDGE_CURVE('',#2528,#2527,#567,.T.);
#3180=EDGE_CURVE('',#2528,#2529,#568,.T.);
#3181=EDGE_CURVE('',#2525,#2529,#2094,.T.);
#3182=EDGE_CURVE('',#2530,#2526,#2095,.T.);
#3183=EDGE_CURVE('',#2529,#2530,#569,.T.);
#3184=EDGE_CURVE('',#2531,#2528,#570,.T.);
#3185=EDGE_CURVE('',#2532,#2531,#2096,.T.);
#3186=EDGE_CURVE('',#2427,#2532,#571,.T.);
#3187=EDGE_CURVE('',#2426,#2533,#572,.T.);
#3188=EDGE_CURVE('',#2534,#2533,#573,.T.);
#3189=EDGE_CURVE('',#2535,#2534,#2097,.T.);
#3190=EDGE_CURVE('',#2536,#2535,#574,.T.);
#3191=EDGE_CURVE('',#2537,#2536,#2098,.T.);
#3192=EDGE_CURVE('',#2538,#2537,#575,.T.);
#3193=EDGE_CURVE('',#2530,#2538,#576,.T.);
#3194=EDGE_CURVE('',#2539,#2540,#2099,.T.);
#3195=EDGE_CURVE('',#2532,#2539,#577,.T.);
#3196=EDGE_CURVE('',#2531,#2540,#578,.T.);
#3197=EDGE_CURVE('',#2540,#2527,#579,.T.);
#3198=EDGE_CURVE('',#2538,#2541,#580,.T.);
#3199=EDGE_CURVE('',#2522,#2541,#581,.T.);
#3200=EDGE_CURVE('',#2541,#2542,#582,.T.);
#3201=EDGE_CURVE('',#2537,#2542,#583,.T.);
#3202=EDGE_CURVE('',#2542,#2543,#2100,.T.);
#3203=EDGE_CURVE('',#2536,#2543,#584,.T.);
#3204=EDGE_CURVE('',#2543,#2544,#585,.T.);
#3205=EDGE_CURVE('',#2535,#2544,#586,.T.);
#3206=EDGE_CURVE('',#2544,#2545,#2101,.T.);
#3207=EDGE_CURVE('',#2545,#2534,#587,.T.);
#3208=EDGE_CURVE('',#2428,#2539,#588,.T.);
#3209=EDGE_CURVE('',#2520,#2546,#589,.T.);
#3210=EDGE_CURVE('',#2546,#2547,#2102,.T.);
#3211=EDGE_CURVE('',#2547,#2415,#50,.T.);
#3212=EDGE_CURVE('',#2547,#2548,#590,.T.);
#3213=EDGE_CURVE('',#2549,#2548,#2103,.T.);
#3214=EDGE_CURVE('',#2550,#2549,#2104,.T.);
#3215=EDGE_CURVE('',#2416,#2550,#591,.T.);
#3216=EDGE_CURVE('',#2551,#2552,#592,.T.);
#3217=EDGE_CURVE('',#2553,#2551,#593,.T.);
#3218=EDGE_CURVE('',#2553,#2554,#594,.T.);
#3219=EDGE_CURVE('',#2554,#2552,#595,.T.);
#3220=EDGE_CURVE('',#2552,#2518,#596,.T.);
#3221=EDGE_CURVE('',#2554,#2519,#597,.T.);
#3222=EDGE_CURVE('',#2548,#2555,#598,.T.);
#3223=EDGE_CURVE('',#2555,#2553,#599,.T.);
#3224=EDGE_CURVE('',#2549,#2551,#600,.T.);
#3225=EDGE_CURVE('',#2549,#2517,#601,.T.);
#3226=EDGE_CURVE('',#2435,#2434,#602,.T.);
#3227=EDGE_CURVE('',#2432,#2556,#603,.T.);
#3228=EDGE_CURVE('',#2400,#2556,#604,.T.);
#3229=EDGE_CURVE('',#2556,#2557,#2105,.T.);
#3230=EDGE_CURVE('',#2431,#2557,#605,.T.);
#3231=EDGE_CURVE('',#2557,#2558,#606,.T.);
#3232=EDGE_CURVE('',#2430,#2558,#607,.T.);
#3233=EDGE_CURVE('',#2558,#2559,#2106,.T.);
#3234=EDGE_CURVE('',#2429,#2559,#608,.T.);
#3235=EDGE_CURVE('',#2559,#2545,#609,.T.);
#3236=EDGE_CURVE('',#2533,#2560,#2107,.T.);
#3237=EDGE_CURVE('',#2425,#2560,#610,.T.);
#3238=EDGE_CURVE('',#2560,#2561,#611,.T.);
#3239=EDGE_CURVE('',#2424,#2561,#612,.T.);
#3240=EDGE_CURVE('',#2561,#2562,#2108,.T.);
#3241=EDGE_CURVE('',#2423,#2562,#613,.T.);
#3242=EDGE_CURVE('',#2562,#2563,#614,.T.);
#3243=EDGE_CURVE('',#2422,#2563,#615,.T.);
#3244=EDGE_CURVE('',#2563,#2564,#2109,.T.);
#3245=EDGE_CURVE('',#2421,#2564,#616,.T.);
#3246=EDGE_CURVE('',#2564,#2565,#617,.T.);
#3247=EDGE_CURVE('',#2420,#2565,#618,.T.);
#3248=EDGE_CURVE('',#2565,#2566,#2110,.T.);
#3249=EDGE_CURVE('',#2419,#2566,#619,.T.);
#3250=EDGE_CURVE('',#2566,#2567,#620,.T.);
#3251=EDGE_CURVE('',#2418,#2567,#621,.T.);
#3252=EDGE_CURVE('',#2567,#2568,#622,.T.);
#3253=EDGE_CURVE('',#2417,#2568,#623,.T.);
#3254=EDGE_CURVE('',#2568,#2550,#624,.T.);
#3255=EDGE_CURVE('',#2546,#2555,#625,.T.);
#3256=EDGE_CURVE('',#2569,#2516,#626,.T.);
#3257=EDGE_CURVE('',#2569,#2439,#627,.T.);
#3258=EDGE_CURVE('',#2515,#2570,#628,.T.);
#3259=EDGE_CURVE('',#2570,#2571,#629,.T.);
#3260=EDGE_CURVE('',#2571,#2510,#630,.T.);
#3261=EDGE_CURVE('',#2479,#2572,#631,.T.);
#3262=EDGE_CURVE('',#2572,#2573,#632,.T.);
#3263=EDGE_CURVE('',#2573,#2574,#633,.T.);
#3264=EDGE_CURVE('',#2574,#2569,#634,.T.);
#3265=EDGE_CURVE('',#2575,#2575,#2111,.T.);
#3266=EDGE_CURVE('',#2576,#2576,#2112,.T.);
#3267=EDGE_CURVE('',#2577,#2577,#2113,.T.);
#3268=EDGE_CURVE('',#2578,#2578,#2114,.T.);
#3269=EDGE_CURVE('',#2579,#2579,#2115,.T.);
#3270=EDGE_CURVE('',#2580,#2511,#635,.T.);
#3271=EDGE_CURVE('',#2581,#2580,#636,.T.);
#3272=EDGE_CURVE('',#2514,#2581,#637,.T.);
#3273=EDGE_CURVE('',#2512,#2582,#638,.T.);
#3274=EDGE_CURVE('',#2583,#2582,#639,.T.);
#3275=EDGE_CURVE('',#2584,#2583,#640,.T.);
#3276=EDGE_CURVE('',#2478,#2584,#641,.T.);
#3277=EDGE_CURVE('',#2585,#2585,#2116,.T.);
#3278=EDGE_CURVE('',#2586,#2586,#2117,.T.);
#3279=EDGE_CURVE('',#2587,#2587,#2118,.T.);
#3280=EDGE_CURVE('',#2588,#2588,#2119,.T.);
#3281=EDGE_CURVE('',#2589,#2589,#2120,.T.);
#3282=EDGE_CURVE('',#2574,#2582,#642,.T.);
#3283=EDGE_CURVE('',#2590,#2591,#2121,.T.);
#3284=EDGE_CURVE('',#2591,#2592,#643,.T.);
#3285=EDGE_CURVE('',#2592,#2593,#2122,.T.);
#3286=EDGE_CURVE('',#2593,#2590,#644,.T.);
#3287=EDGE_CURVE('',#2594,#2592,#645,.T.);
#3288=EDGE_CURVE('',#2595,#2594,#2123,.T.);
#3289=EDGE_CURVE('',#2596,#2595,#646,.T.);
#3290=EDGE_CURVE('',#2596,#2597,#647,.T.);
#3291=EDGE_CURVE('',#2597,#2593,#648,.T.);
#3292=EDGE_CURVE('',#2598,#2591,#649,.T.);
#3293=EDGE_CURVE('',#2594,#2598,#650,.T.);
#3294=EDGE_CURVE('',#2598,#2599,#2124,.T.);
#3295=EDGE_CURVE('',#2599,#2595,#651,.T.);
#3296=EDGE_CURVE('',#2600,#2601,#2125,.T.);
#3297=EDGE_CURVE('',#2602,#2601,#652,.T.);
#3298=EDGE_CURVE('',#2603,#2602,#2126,.T.);
#3299=EDGE_CURVE('',#2603,#2600,#653,.T.);
#3300=EDGE_CURVE('',#2601,#2597,#654,.T.);
#3301=EDGE_CURVE('',#2602,#2596,#655,.T.);
#3302=EDGE_CURVE('',#2590,#2604,#656,.T.);
#3303=EDGE_CURVE('',#2605,#2604,#657,.T.);
#3304=EDGE_CURVE('',#2599,#2605,#658,.T.);
#3305=EDGE_CURVE('',#2604,#2606,#659,.T.);
#3306=EDGE_CURVE('',#2607,#2606,#660,.T.);
#3307=EDGE_CURVE('',#2605,#2607,#661,.T.);
#3308=EDGE_CURVE('',#2606,#2608,#2127,.T.);
#3309=EDGE_CURVE('',#2609,#2608,#662,.T.);
#3310=EDGE_CURVE('',#2607,#2609,#2128,.T.);
#3311=EDGE_CURVE('',#2608,#2610,#663,.T.);
#3312=EDGE_CURVE('',#2611,#2610,#664,.T.);
#3313=EDGE_CURVE('',#2609,#2611,#665,.T.);
#3314=EDGE_CURVE('',#2610,#2501,#2129,.T.);
#3315=EDGE_CURVE('',#2611,#2500,#2130,.T.);
#3316=EDGE_CURVE('',#2451,#2600,#666,.T.);
#3317=EDGE_CURVE('',#2452,#2603,#667,.T.);
#3318=EDGE_CURVE('',#2464,#2612,#51,.T.);
#3319=EDGE_CURVE('',#2612,#2613,#2131,.T.);
#3320=EDGE_CURVE('',#2613,#2507,#668,.T.);
#3321=EDGE_CURVE('',#2613,#2614,#669,.T.);
#3322=EDGE_CURVE('',#2614,#2615,#670,.T.);
#3323=EDGE_CURVE('',#2615,#2616,#671,.T.);
#3324=EDGE_CURVE('',#2616,#2508,#672,.T.);
#3325=EDGE_CURVE('',#2612,#2617,#673,.T.);
#3326=EDGE_CURVE('',#2617,#2614,#674,.T.);
#3327=EDGE_CURVE('',#2463,#2489,#675,.T.);
#3328=EDGE_CURVE('',#2488,#2617,#2132,.T.);
#3329=EDGE_CURVE('',#2488,#2618,#676,.T.);
#3330=EDGE_CURVE('',#2615,#2618,#677,.T.);
#3331=EDGE_CURVE('',#2618,#2619,#678,.T.);
#3332=EDGE_CURVE('',#2616,#2619,#679,.T.);
#3333=EDGE_CURVE('',#2619,#2509,#680,.T.);
#3334=EDGE_CURVE('',#2447,#2505,#681,.T.);
#3335=EDGE_CURVE('',#2448,#2504,#682,.T.);
#3336=EDGE_CURVE('',#2449,#2503,#683,.T.);
#3337=EDGE_CURVE('',#2450,#2502,#684,.T.);
#3338=EDGE_CURVE('',#2453,#2499,#685,.T.);
#3339=EDGE_CURVE('',#2454,#2498,#686,.T.);
#3340=EDGE_CURVE('',#2455,#2497,#687,.T.);
#3341=EDGE_CURVE('',#2456,#2496,#688,.T.);
#3342=EDGE_CURVE('',#2457,#2495,#689,.T.);
#3343=EDGE_CURVE('',#2458,#2494,#690,.T.);
#3344=EDGE_CURVE('',#2459,#2493,#691,.T.);
#3345=EDGE_CURVE('',#2460,#2492,#692,.T.);
#3346=EDGE_CURVE('',#2461,#2491,#693,.T.);
#3347=EDGE_CURVE('',#2462,#2490,#694,.T.);
#3348=EDGE_CURVE('',#2579,#2585,#695,.T.);
#3349=EDGE_CURVE('',#2578,#2586,#696,.T.);
#3350=EDGE_CURVE('',#2577,#2587,#697,.T.);
#3351=EDGE_CURVE('',#2576,#2588,#698,.T.);
#3352=EDGE_CURVE('',#2575,#2589,#699,.T.);
#3353=EDGE_CURVE('',#2573,#2583,#700,.T.);
#3354=EDGE_CURVE('',#2570,#2581,#701,.T.);
#3355=EDGE_CURVE('',#2571,#2580,#702,.T.);
#3356=EDGE_CURVE('',#2572,#2584,#703,.T.);
#3357=EDGE_CURVE('',#2620,#2621,#2133,.T.);
#3358=EDGE_CURVE('',#2621,#2620,#2134,.T.);
#3359=EDGE_CURVE('',#2621,#2622,#704,.T.);
#3360=EDGE_CURVE('',#2622,#2623,#2135,.T.);
#3361=EDGE_CURVE('',#2623,#2622,#2136,.T.);
#3362=EDGE_CURVE('',#2624,#2624,#2137,.T.);
#3363=EDGE_CURVE('',#2624,#2625,#2138,.T.);
#3364=EDGE_CURVE('',#2625,#2625,#2139,.T.);
#3365=EDGE_CURVE('',#2624,#2626,#705,.T.);
#3366=EDGE_CURVE('',#2626,#2626,#2140,.T.);
#3367=EDGE_CURVE('',#2627,#2628,#2141,.T.);
#3368=EDGE_CURVE('',#2628,#2628,#2142,.T.);
#3369=EDGE_CURVE('',#2629,#2630,#2143,.T.);
#3370=EDGE_CURVE('',#2631,#2629,#706,.T.);
#3371=EDGE_CURVE('',#2632,#2631,#2144,.T.);
#3372=EDGE_CURVE('',#2632,#2630,#707,.T.);
#3373=EDGE_CURVE('',#2630,#2633,#708,.T.);
#3374=EDGE_CURVE('',#2634,#2632,#709,.T.);
#3375=EDGE_CURVE('',#2634,#2633,#710,.T.);
#3376=EDGE_CURVE('',#2633,#2635,#2145,.T.);
#3377=EDGE_CURVE('',#2636,#2634,#2146,.T.);
#3378=EDGE_CURVE('',#2636,#2635,#711,.T.);
#3379=EDGE_CURVE('',#2635,#2629,#712,.T.);
#3380=EDGE_CURVE('',#2631,#2636,#713,.T.);
#3381=EDGE_CURVE('',#2637,#2638,#2147,.T.);
#3382=EDGE_CURVE('',#2639,#2637,#714,.T.);
#3383=EDGE_CURVE('',#2640,#2639,#2148,.T.);
#3384=EDGE_CURVE('',#2640,#2638,#715,.T.);
#3385=EDGE_CURVE('',#2638,#2641,#716,.T.);
#3386=EDGE_CURVE('',#2642,#2640,#717,.T.);
#3387=EDGE_CURVE('',#2642,#2641,#718,.T.);
#3388=EDGE_CURVE('',#2641,#2643,#2149,.T.);
#3389=EDGE_CURVE('',#2644,#2642,#2150,.T.);
#3390=EDGE_CURVE('',#2644,#2643,#719,.T.);
#3391=EDGE_CURVE('',#2643,#2637,#720,.T.);
#3392=EDGE_CURVE('',#2639,#2644,#721,.T.);
#3393=EDGE_CURVE('',#2645,#2646,#2151,.T.);
#3394=EDGE_CURVE('',#2647,#2645,#722,.T.);
#3395=EDGE_CURVE('',#2648,#2647,#2152,.T.);
#3396=EDGE_CURVE('',#2648,#2646,#723,.T.);
#3397=EDGE_CURVE('',#2646,#2649,#724,.T.);
#3398=EDGE_CURVE('',#2650,#2648,#725,.T.);
#3399=EDGE_CURVE('',#2650,#2649,#726,.T.);
#3400=EDGE_CURVE('',#2649,#2651,#2153,.T.);
#3401=EDGE_CURVE('',#2652,#2650,#2154,.T.);
#3402=EDGE_CURVE('',#2652,#2651,#727,.T.);
#3403=EDGE_CURVE('',#2651,#2645,#728,.T.);
#3404=EDGE_CURVE('',#2647,#2652,#729,.T.);
#3405=EDGE_CURVE('',#2653,#2654,#2155,.T.);
#3406=EDGE_CURVE('',#2655,#2653,#730,.T.);
#3407=EDGE_CURVE('',#2656,#2655,#2156,.T.);
#3408=EDGE_CURVE('',#2656,#2654,#731,.T.);
#3409=EDGE_CURVE('',#2654,#2657,#732,.T.);
#3410=EDGE_CURVE('',#2658,#2656,#733,.T.);
#3411=EDGE_CURVE('',#2658,#2657,#734,.T.);
#3412=EDGE_CURVE('',#2657,#2659,#2157,.T.);
#3413=EDGE_CURVE('',#2660,#2658,#2158,.T.);
#3414=EDGE_CURVE('',#2660,#2659,#735,.T.);
#3415=EDGE_CURVE('',#2659,#2653,#736,.T.);
#3416=EDGE_CURVE('',#2655,#2660,#737,.T.);
#3417=EDGE_CURVE('',#2661,#2661,#2159,.T.);
#3418=EDGE_CURVE('',#2661,#2662,#738,.T.);
#3419=EDGE_CURVE('',#2662,#2662,#2160,.T.);
#3420=ORIENTED_EDGE('',*,*,#2663,.F.);
#3421=ORIENTED_EDGE('',*,*,#2664,.F.);
#3422=ORIENTED_EDGE('',*,*,#2665,.F.);
#3423=ORIENTED_EDGE('',*,*,#2666,.T.);
#3424=ORIENTED_EDGE('',*,*,#2664,.T.);
#3425=ORIENTED_EDGE('',*,*,#2663,.T.);
#3426=ORIENTED_EDGE('',*,*,#2666,.F.);
#3427=ORIENTED_EDGE('',*,*,#2667,.F.);
#3428=ORIENTED_EDGE('',*,*,#2668,.F.);
#3429=ORIENTED_EDGE('',*,*,#2669,.F.);
#3430=ORIENTED_EDGE('',*,*,#2670,.T.);
#3431=ORIENTED_EDGE('',*,*,#2668,.T.);
#3432=ORIENTED_EDGE('',*,*,#2667,.T.);
#3433=ORIENTED_EDGE('',*,*,#2670,.F.);
#3434=ORIENTED_EDGE('',*,*,#2671,.T.);
#3435=ORIENTED_EDGE('',*,*,#2672,.T.);
#3436=ORIENTED_EDGE('',*,*,#2673,.F.);
#3437=ORIENTED_EDGE('',*,*,#2671,.F.);
#3438=ORIENTED_EDGE('',*,*,#2672,.F.);
#3439=ORIENTED_EDGE('',*,*,#2674,.T.);
#3440=ORIENTED_EDGE('',*,*,#2674,.F.);
#3441=ORIENTED_EDGE('',*,*,#2675,.T.);
#3442=ORIENTED_EDGE('',*,*,#2676,.T.);
#3443=ORIENTED_EDGE('',*,*,#2677,.F.);
#3444=ORIENTED_EDGE('',*,*,#2675,.F.);
#3445=ORIENTED_EDGE('',*,*,#2676,.F.);
#3446=ORIENTED_EDGE('',*,*,#2678,.T.);
#3447=ORIENTED_EDGE('',*,*,#2678,.F.);
#3448=ORIENTED_EDGE('',*,*,#2679,.F.);
#3449=ORIENTED_EDGE('',*,*,#2680,.F.);
#3450=ORIENTED_EDGE('',*,*,#2681,.F.);
#3451=ORIENTED_EDGE('',*,*,#2682,.F.);
#3452=ORIENTED_EDGE('',*,*,#2683,.F.);
#3453=ORIENTED_EDGE('',*,*,#2684,.F.);
#3454=ORIENTED_EDGE('',*,*,#2685,.F.);
#3455=ORIENTED_EDGE('',*,*,#2686,.F.);
#3456=ORIENTED_EDGE('',*,*,#2687,.F.);
#3457=ORIENTED_EDGE('',*,*,#2688,.F.);
#3458=ORIENTED_EDGE('',*,*,#2689,.F.);
#3459=ORIENTED_EDGE('',*,*,#2690,.F.);
#3460=ORIENTED_EDGE('',*,*,#2691,.F.);
#3461=ORIENTED_EDGE('',*,*,#2692,.F.);
#3462=ORIENTED_EDGE('',*,*,#2693,.F.);
#3463=ORIENTED_EDGE('',*,*,#2694,.F.);
#3464=ORIENTED_EDGE('',*,*,#2684,.T.);
#3465=ORIENTED_EDGE('',*,*,#2695,.F.);
#3466=ORIENTED_EDGE('',*,*,#2696,.F.);
#3467=ORIENTED_EDGE('',*,*,#2697,.F.);
#3468=ORIENTED_EDGE('',*,*,#2688,.T.);
#3469=ORIENTED_EDGE('',*,*,#2698,.T.);
#3470=ORIENTED_EDGE('',*,*,#2699,.F.);
#3471=ORIENTED_EDGE('',*,*,#2700,.T.);
#3472=ORIENTED_EDGE('',*,*,#2681,.T.);
#3473=ORIENTED_EDGE('',*,*,#2701,.T.);
#3474=ORIENTED_EDGE('',*,*,#2689,.T.);
#3475=ORIENTED_EDGE('',*,*,#2700,.F.);
#3476=ORIENTED_EDGE('',*,*,#2702,.F.);
#3477=ORIENTED_EDGE('',*,*,#2703,.T.);
#3478=ORIENTED_EDGE('',*,*,#2679,.T.);
#3479=ORIENTED_EDGE('',*,*,#2704,.F.);
#3480=ORIENTED_EDGE('',*,*,#2705,.F.);
#3481=ORIENTED_EDGE('',*,*,#2698,.F.);
#3482=ORIENTED_EDGE('',*,*,#2687,.T.);
#3483=ORIENTED_EDGE('',*,*,#2706,.T.);
#3484=ORIENTED_EDGE('',*,*,#2683,.T.);
#3485=ORIENTED_EDGE('',*,*,#2707,.T.);
#3486=ORIENTED_EDGE('',*,*,#2691,.T.);
#3487=ORIENTED_EDGE('',*,*,#2708,.F.);
#3488=ORIENTED_EDGE('',*,*,#2709,.F.);
#3489=ORIENTED_EDGE('',*,*,#2695,.T.);
#3490=ORIENTED_EDGE('',*,*,#2686,.T.);
#3491=ORIENTED_EDGE('',*,*,#2710,.F.);
#3492=ORIENTED_EDGE('',*,*,#2692,.T.);
#3493=ORIENTED_EDGE('',*,*,#2707,.F.);
#3494=ORIENTED_EDGE('',*,*,#2680,.T.);
#3495=ORIENTED_EDGE('',*,*,#2706,.F.);
#3496=ORIENTED_EDGE('',*,*,#2690,.T.);
#3497=ORIENTED_EDGE('',*,*,#2701,.F.);
#3498=ORIENTED_EDGE('',*,*,#2711,.F.);
#3499=ORIENTED_EDGE('',*,*,#2712,.T.);
#3500=ORIENTED_EDGE('',*,*,#2713,.T.);
#3501=ORIENTED_EDGE('',*,*,#2712,.F.);
#3502=ORIENTED_EDGE('',*,*,#2714,.F.);
#3503=ORIENTED_EDGE('',*,*,#2715,.F.);
#3504=ORIENTED_EDGE('',*,*,#2716,.F.);
#3505=ORIENTED_EDGE('',*,*,#2717,.F.);
#3506=ORIENTED_EDGE('',*,*,#2718,.F.);
#3507=ORIENTED_EDGE('',*,*,#2719,.F.);
#3508=ORIENTED_EDGE('',*,*,#2720,.F.);
#3509=ORIENTED_EDGE('',*,*,#2721,.F.);
#3510=ORIENTED_EDGE('',*,*,#2713,.F.);
#3511=ORIENTED_EDGE('',*,*,#2722,.T.);
#3512=ORIENTED_EDGE('',*,*,#2723,.F.);
#3513=ORIENTED_EDGE('',*,*,#2714,.T.);
#3514=ORIENTED_EDGE('',*,*,#2724,.T.);
#3515=ORIENTED_EDGE('',*,*,#2721,.T.);
#3516=ORIENTED_EDGE('',*,*,#2725,.T.);
#3517=ORIENTED_EDGE('',*,*,#2726,.T.);
#3518=ORIENTED_EDGE('',*,*,#2724,.F.);
#3519=ORIENTED_EDGE('',*,*,#2720,.T.);
#3520=ORIENTED_EDGE('',*,*,#2727,.T.);
#3521=ORIENTED_EDGE('',*,*,#2728,.T.);
#3522=ORIENTED_EDGE('',*,*,#2725,.F.);
#3523=ORIENTED_EDGE('',*,*,#2719,.T.);
#3524=ORIENTED_EDGE('',*,*,#2729,.T.);
#3525=ORIENTED_EDGE('',*,*,#2730,.T.);
#3526=ORIENTED_EDGE('',*,*,#2727,.F.);
#3527=ORIENTED_EDGE('',*,*,#2731,.T.);
#3528=ORIENTED_EDGE('',*,*,#2729,.F.);
#3529=ORIENTED_EDGE('',*,*,#2718,.T.);
#3530=ORIENTED_EDGE('',*,*,#2732,.T.);
#3531=ORIENTED_EDGE('',*,*,#2717,.T.);
#3532=ORIENTED_EDGE('',*,*,#2733,.T.);
#3533=ORIENTED_EDGE('',*,*,#2734,.T.);
#3534=ORIENTED_EDGE('',*,*,#2732,.F.);
#3535=ORIENTED_EDGE('',*,*,#2716,.T.);
#3536=ORIENTED_EDGE('',*,*,#2735,.T.);
#3537=ORIENTED_EDGE('',*,*,#2736,.T.);
#3538=ORIENTED_EDGE('',*,*,#2733,.F.);
#3539=ORIENTED_EDGE('',*,*,#2715,.T.);
#3540=ORIENTED_EDGE('',*,*,#2723,.T.);
#3541=ORIENTED_EDGE('',*,*,#2737,.T.);
#3542=ORIENTED_EDGE('',*,*,#2735,.F.);
#3543=ORIENTED_EDGE('',*,*,#2734,.F.);
#3544=ORIENTED_EDGE('',*,*,#2738,.F.);
#3545=ORIENTED_EDGE('',*,*,#2739,.F.);
#3546=ORIENTED_EDGE('',*,*,#2740,.T.);
#3547=ORIENTED_EDGE('',*,*,#2736,.F.);
#3548=ORIENTED_EDGE('',*,*,#2741,.F.);
#3549=ORIENTED_EDGE('',*,*,#2742,.F.);
#3550=ORIENTED_EDGE('',*,*,#2738,.T.);
#3551=ORIENTED_EDGE('',*,*,#2737,.F.);
#3552=ORIENTED_EDGE('',*,*,#2743,.F.);
#3553=ORIENTED_EDGE('',*,*,#2744,.F.);
#3554=ORIENTED_EDGE('',*,*,#2741,.T.);
#3555=ORIENTED_EDGE('',*,*,#2722,.F.);
#3556=ORIENTED_EDGE('',*,*,#2745,.F.);
#3557=ORIENTED_EDGE('',*,*,#2746,.F.);
#3558=ORIENTED_EDGE('',*,*,#2743,.T.);
#3559=ORIENTED_EDGE('',*,*,#2747,.F.);
#3560=ORIENTED_EDGE('',*,*,#2748,.T.);
#3561=ORIENTED_EDGE('',*,*,#2749,.T.);
#3562=ORIENTED_EDGE('',*,*,#2750,.T.);
#3563=ORIENTED_EDGE('',*,*,#2751,.F.);
#3564=ORIENTED_EDGE('',*,*,#2750,.F.);
#3565=ORIENTED_EDGE('',*,*,#2752,.T.);
#3566=ORIENTED_EDGE('',*,*,#2753,.F.);
#3567=ORIENTED_EDGE('',*,*,#2754,.F.);
#3568=ORIENTED_EDGE('',*,*,#2755,.T.);
#3569=ORIENTED_EDGE('',*,*,#2756,.T.);
#3570=ORIENTED_EDGE('',*,*,#2748,.F.);
#3571=ORIENTED_EDGE('',*,*,#2757,.F.);
#3572=ORIENTED_EDGE('',*,*,#2753,.T.);
#3573=ORIENTED_EDGE('',*,*,#2758,.T.);
#3574=ORIENTED_EDGE('',*,*,#2755,.F.);
#3575=ORIENTED_EDGE('',*,*,#2759,.F.);
#3576=ORIENTED_EDGE('',*,*,#2760,.F.);
#3577=ORIENTED_EDGE('',*,*,#2761,.F.);
#3578=ORIENTED_EDGE('',*,*,#2762,.F.);
#3579=ORIENTED_EDGE('',*,*,#2749,.F.);
#3580=ORIENTED_EDGE('',*,*,#2756,.F.);
#3581=ORIENTED_EDGE('',*,*,#2758,.F.);
#3582=ORIENTED_EDGE('',*,*,#2752,.F.);
#3583=ORIENTED_EDGE('',*,*,#2763,.T.);
#3584=ORIENTED_EDGE('',*,*,#2761,.T.);
#3585=ORIENTED_EDGE('',*,*,#2764,.T.);
#3586=ORIENTED_EDGE('',*,*,#2765,.T.);
#3587=ORIENTED_EDGE('',*,*,#2760,.T.);
#3588=ORIENTED_EDGE('',*,*,#2766,.T.);
#3589=ORIENTED_EDGE('',*,*,#2767,.T.);
#3590=ORIENTED_EDGE('',*,*,#2764,.F.);
#3591=ORIENTED_EDGE('',*,*,#2768,.T.);
#3592=ORIENTED_EDGE('',*,*,#2769,.T.);
#3593=ORIENTED_EDGE('',*,*,#2766,.F.);
#3594=ORIENTED_EDGE('',*,*,#2759,.T.);
#3595=ORIENTED_EDGE('',*,*,#2770,.T.);
#3596=ORIENTED_EDGE('',*,*,#2771,.T.);
#3597=ORIENTED_EDGE('',*,*,#2772,.T.);
#3598=ORIENTED_EDGE('',*,*,#2773,.T.);
#3599=ORIENTED_EDGE('',*,*,#2774,.T.);
#3600=ORIENTED_EDGE('',*,*,#2775,.T.);
#3601=ORIENTED_EDGE('',*,*,#2776,.T.);
#3602=ORIENTED_EDGE('',*,*,#2772,.F.);
#3603=ORIENTED_EDGE('',*,*,#2777,.T.);
#3604=ORIENTED_EDGE('',*,*,#2778,.T.);
#3605=ORIENTED_EDGE('',*,*,#2779,.T.);
#3606=ORIENTED_EDGE('',*,*,#2775,.F.);
#3607=ORIENTED_EDGE('',*,*,#2773,.F.);
#3608=ORIENTED_EDGE('',*,*,#2780,.F.);
#3609=ORIENTED_EDGE('',*,*,#2781,.F.);
#3610=ORIENTED_EDGE('',*,*,#2782,.F.);
#3611=ORIENTED_EDGE('',*,*,#2776,.F.);
#3612=ORIENTED_EDGE('',*,*,#2783,.F.);
#3613=ORIENTED_EDGE('',*,*,#2784,.F.);
#3614=ORIENTED_EDGE('',*,*,#2780,.T.);
#3615=ORIENTED_EDGE('',*,*,#2779,.F.);
#3616=ORIENTED_EDGE('',*,*,#2785,.F.);
#3617=ORIENTED_EDGE('',*,*,#2786,.F.);
#3618=ORIENTED_EDGE('',*,*,#2783,.T.);
#3619=ORIENTED_EDGE('',*,*,#2787,.T.);
#3620=ORIENTED_EDGE('',*,*,#2788,.T.);
#3621=ORIENTED_EDGE('',*,*,#2751,.T.);
#3622=ORIENTED_EDGE('',*,*,#2789,.F.);
#3623=ORIENTED_EDGE('',*,*,#2790,.T.);
#3624=ORIENTED_EDGE('',*,*,#2791,.T.);
#3625=ORIENTED_EDGE('',*,*,#2747,.T.);
#3626=ORIENTED_EDGE('',*,*,#2788,.F.);
#3627=ORIENTED_EDGE('',*,*,#2792,.T.);
#3628=ORIENTED_EDGE('',*,*,#2793,.T.);
#3629=ORIENTED_EDGE('',*,*,#2754,.T.);
#3630=ORIENTED_EDGE('',*,*,#2791,.F.);
#3631=ORIENTED_EDGE('',*,*,#2794,.T.);
#3632=ORIENTED_EDGE('',*,*,#2789,.T.);
#3633=ORIENTED_EDGE('',*,*,#2757,.T.);
#3634=ORIENTED_EDGE('',*,*,#2793,.F.);
#3635=ORIENTED_EDGE('',*,*,#2787,.F.);
#3636=ORIENTED_EDGE('',*,*,#2794,.F.);
#3637=ORIENTED_EDGE('',*,*,#2792,.F.);
#3638=ORIENTED_EDGE('',*,*,#2790,.F.);
#3639=ORIENTED_EDGE('',*,*,#2711,.T.);
#3640=ORIENTED_EDGE('',*,*,#2795,.T.);
#3641=ORIENTED_EDGE('',*,*,#2796,.T.);
#3642=ORIENTED_EDGE('',*,*,#2795,.F.);
#3643=ORIENTED_EDGE('',*,*,#2796,.F.);
#3644=ORIENTED_EDGE('',*,*,#2797,.T.);
#3645=ORIENTED_EDGE('',*,*,#2798,.T.);
#3646=ORIENTED_EDGE('',*,*,#2799,.F.);
#3647=ORIENTED_EDGE('',*,*,#2800,.F.);
#3648=ORIENTED_EDGE('',*,*,#2801,.T.);
#3649=ORIENTED_EDGE('',*,*,#2802,.T.);
#3650=ORIENTED_EDGE('',*,*,#2803,.F.);
#3651=ORIENTED_EDGE('',*,*,#2798,.F.);
#3652=ORIENTED_EDGE('',*,*,#2804,.T.);
#3653=ORIENTED_EDGE('',*,*,#2805,.T.);
#3654=ORIENTED_EDGE('',*,*,#2806,.F.);
#3655=ORIENTED_EDGE('',*,*,#2802,.F.);
#3656=ORIENTED_EDGE('',*,*,#2807,.T.);
#3657=ORIENTED_EDGE('',*,*,#2800,.T.);
#3658=ORIENTED_EDGE('',*,*,#2808,.F.);
#3659=ORIENTED_EDGE('',*,*,#2805,.F.);
#3660=ORIENTED_EDGE('',*,*,#2797,.F.);
#3661=ORIENTED_EDGE('',*,*,#2807,.F.);
#3662=ORIENTED_EDGE('',*,*,#2804,.F.);
#3663=ORIENTED_EDGE('',*,*,#2801,.F.);
#3664=ORIENTED_EDGE('',*,*,#2799,.T.);
#3665=ORIENTED_EDGE('',*,*,#2809,.T.);
#3666=ORIENTED_EDGE('',*,*,#2810,.T.);
#3667=ORIENTED_EDGE('',*,*,#2811,.T.);
#3668=ORIENTED_EDGE('',*,*,#2803,.T.);
#3669=ORIENTED_EDGE('',*,*,#2812,.T.);
#3670=ORIENTED_EDGE('',*,*,#2813,.T.);
#3671=ORIENTED_EDGE('',*,*,#2809,.F.);
#3672=ORIENTED_EDGE('',*,*,#2806,.T.);
#3673=ORIENTED_EDGE('',*,*,#2814,.T.);
#3674=ORIENTED_EDGE('',*,*,#2815,.T.);
#3675=ORIENTED_EDGE('',*,*,#2812,.F.);
#3676=ORIENTED_EDGE('',*,*,#2808,.T.);
#3677=ORIENTED_EDGE('',*,*,#2811,.F.);
#3678=ORIENTED_EDGE('',*,*,#2816,.T.);
#3679=ORIENTED_EDGE('',*,*,#2814,.F.);
#3680=ORIENTED_EDGE('',*,*,#2771,.F.);
#3681=ORIENTED_EDGE('',*,*,#2817,.F.);
#3682=ORIENTED_EDGE('',*,*,#2777,.F.);
#3683=ORIENTED_EDGE('',*,*,#2774,.F.);
#3684=ORIENTED_EDGE('',*,*,#2810,.F.);
#3685=ORIENTED_EDGE('',*,*,#2813,.F.);
#3686=ORIENTED_EDGE('',*,*,#2815,.F.);
#3687=ORIENTED_EDGE('',*,*,#2816,.F.);
#3688=ORIENTED_EDGE('',*,*,#2767,.F.);
#3689=ORIENTED_EDGE('',*,*,#2818,.F.);
#3690=ORIENTED_EDGE('',*,*,#2819,.F.);
#3691=ORIENTED_EDGE('',*,*,#2820,.T.);
#3692=ORIENTED_EDGE('',*,*,#2769,.F.);
#3693=ORIENTED_EDGE('',*,*,#2821,.F.);
#3694=ORIENTED_EDGE('',*,*,#2822,.F.);
#3695=ORIENTED_EDGE('',*,*,#2818,.T.);
#3696=ORIENTED_EDGE('',*,*,#2768,.F.);
#3697=ORIENTED_EDGE('',*,*,#2762,.T.);
#3698=ORIENTED_EDGE('',*,*,#2763,.F.);
#3699=ORIENTED_EDGE('',*,*,#2823,.F.);
#3700=ORIENTED_EDGE('',*,*,#2824,.F.);
#3701=ORIENTED_EDGE('',*,*,#2821,.T.);
#3702=ORIENTED_EDGE('',*,*,#2765,.F.);
#3703=ORIENTED_EDGE('',*,*,#2820,.F.);
#3704=ORIENTED_EDGE('',*,*,#2825,.F.);
#3705=ORIENTED_EDGE('',*,*,#2823,.T.);
#3706=ORIENTED_EDGE('',*,*,#2730,.F.);
#3707=ORIENTED_EDGE('',*,*,#2826,.F.);
#3708=ORIENTED_EDGE('',*,*,#2827,.F.);
#3709=ORIENTED_EDGE('',*,*,#2828,.T.);
#3710=ORIENTED_EDGE('',*,*,#2731,.F.);
#3711=ORIENTED_EDGE('',*,*,#2740,.F.);
#3712=ORIENTED_EDGE('',*,*,#2829,.F.);
#3713=ORIENTED_EDGE('',*,*,#2826,.T.);
#3714=ORIENTED_EDGE('',*,*,#2726,.F.);
#3715=ORIENTED_EDGE('',*,*,#2830,.F.);
#3716=ORIENTED_EDGE('',*,*,#2831,.F.);
#3717=ORIENTED_EDGE('',*,*,#2745,.T.);
#3718=ORIENTED_EDGE('',*,*,#2728,.F.);
#3719=ORIENTED_EDGE('',*,*,#2828,.F.);
#3720=ORIENTED_EDGE('',*,*,#2832,.F.);
#3721=ORIENTED_EDGE('',*,*,#2830,.T.);
#3722=ORIENTED_EDGE('',*,*,#2781,.T.);
#3723=ORIENTED_EDGE('',*,*,#2784,.T.);
#3724=ORIENTED_EDGE('',*,*,#2786,.T.);
#3725=ORIENTED_EDGE('',*,*,#2833,.T.);
#3726=ORIENTED_EDGE('',*,*,#2834,.T.);
#3727=ORIENTED_EDGE('',*,*,#2835,.T.);
#3728=ORIENTED_EDGE('',*,*,#2836,.T.);
#3729=ORIENTED_EDGE('',*,*,#2837,.T.);
#3730=ORIENTED_EDGE('',*,*,#2838,.T.);
#3731=ORIENTED_EDGE('',*,*,#2839,.T.);
#3732=ORIENTED_EDGE('',*,*,#2840,.T.);
#3733=ORIENTED_EDGE('',*,*,#2841,.T.);
#3734=ORIENTED_EDGE('',*,*,#2842,.T.);
#3735=ORIENTED_EDGE('',*,*,#2843,.T.);
#3736=ORIENTED_EDGE('',*,*,#2844,.T.);
#3737=ORIENTED_EDGE('',*,*,#2845,.T.);
#3738=ORIENTED_EDGE('',*,*,#2846,.T.);
#3739=ORIENTED_EDGE('',*,*,#2847,.T.);
#3740=ORIENTED_EDGE('',*,*,#2848,.T.);
#3741=ORIENTED_EDGE('',*,*,#2849,.T.);
#3742=ORIENTED_EDGE('',*,*,#2827,.T.);
#3743=ORIENTED_EDGE('',*,*,#2829,.T.);
#3744=ORIENTED_EDGE('',*,*,#2739,.T.);
#3745=ORIENTED_EDGE('',*,*,#2742,.T.);
#3746=ORIENTED_EDGE('',*,*,#2744,.T.);
#3747=ORIENTED_EDGE('',*,*,#2746,.T.);
#3748=ORIENTED_EDGE('',*,*,#2831,.T.);
#3749=ORIENTED_EDGE('',*,*,#2832,.T.);
#3750=ORIENTED_EDGE('',*,*,#2819,.T.);
#3751=ORIENTED_EDGE('',*,*,#2822,.T.);
#3752=ORIENTED_EDGE('',*,*,#2824,.T.);
#3753=ORIENTED_EDGE('',*,*,#2825,.T.);
#3754=ORIENTED_EDGE('',*,*,#2685,.T.);
#3755=ORIENTED_EDGE('',*,*,#2697,.T.);
#3756=ORIENTED_EDGE('',*,*,#2850,.F.);
#3757=ORIENTED_EDGE('',*,*,#2851,.T.);
#3758=ORIENTED_EDGE('',*,*,#2693,.T.);
#3759=ORIENTED_EDGE('',*,*,#2710,.T.);
#3760=ORIENTED_EDGE('',*,*,#2694,.T.);
#3761=ORIENTED_EDGE('',*,*,#2851,.F.);
#3762=ORIENTED_EDGE('',*,*,#2852,.F.);
#3763=ORIENTED_EDGE('',*,*,#2708,.T.);
#3764=ORIENTED_EDGE('',*,*,#2682,.T.);
#3765=ORIENTED_EDGE('',*,*,#2703,.F.);
#3766=ORIENTED_EDGE('',*,*,#2853,.F.);
#3767=ORIENTED_EDGE('',*,*,#2704,.T.);
#3768=ORIENTED_EDGE('',*,*,#2854,.F.);
#3769=ORIENTED_EDGE('',*,*,#2855,.F.);
#3770=ORIENTED_EDGE('',*,*,#2856,.F.);
#3771=ORIENTED_EDGE('',*,*,#2857,.T.);
#3772=ORIENTED_EDGE('',*,*,#2858,.F.);
#3773=ORIENTED_EDGE('',*,*,#2857,.F.);
#3774=ORIENTED_EDGE('',*,*,#2859,.F.);
#3775=ORIENTED_EDGE('',*,*,#2860,.T.);
#3776=ORIENTED_EDGE('',*,*,#2861,.F.);
#3777=ORIENTED_EDGE('',*,*,#2860,.F.);
#3778=ORIENTED_EDGE('',*,*,#2862,.F.);
#3779=ORIENTED_EDGE('',*,*,#2863,.F.);
#3780=ORIENTED_EDGE('',*,*,#2864,.F.);
#3781=ORIENTED_EDGE('',*,*,#2862,.T.);
#3782=ORIENTED_EDGE('',*,*,#2859,.T.);
#3783=ORIENTED_EDGE('',*,*,#2856,.T.);
#3784=ORIENTED_EDGE('',*,*,#2854,.T.);
#3785=ORIENTED_EDGE('',*,*,#2858,.T.);
#3786=ORIENTED_EDGE('',*,*,#2861,.T.);
#3787=ORIENTED_EDGE('',*,*,#2865,.F.);
#3788=ORIENTED_EDGE('',*,*,#2866,.T.);
#3789=ORIENTED_EDGE('',*,*,#2867,.F.);
#3790=ORIENTED_EDGE('',*,*,#2868,.T.);
#3791=ORIENTED_EDGE('',*,*,#2869,.F.);
#3792=ORIENTED_EDGE('',*,*,#2870,.T.);
#3793=ORIENTED_EDGE('',*,*,#2871,.F.);
#3794=ORIENTED_EDGE('',*,*,#2872,.T.);
#3795=ORIENTED_EDGE('',*,*,#2867,.T.);
#3796=ORIENTED_EDGE('',*,*,#2873,.T.);
#3797=ORIENTED_EDGE('',*,*,#2874,.F.);
#3798=ORIENTED_EDGE('',*,*,#2875,.T.);
#3799=ORIENTED_EDGE('',*,*,#2871,.T.);
#3800=ORIENTED_EDGE('',*,*,#2876,.F.);
#3801=ORIENTED_EDGE('',*,*,#2868,.F.);
#3802=ORIENTED_EDGE('',*,*,#2872,.F.);
#3803=ORIENTED_EDGE('',*,*,#2875,.F.);
#3804=ORIENTED_EDGE('',*,*,#2866,.F.);
#3805=ORIENTED_EDGE('',*,*,#2877,.F.);
#3806=ORIENTED_EDGE('',*,*,#2873,.F.);
#3807=ORIENTED_EDGE('',*,*,#2870,.F.);
#3808=ORIENTED_EDGE('',*,*,#2878,.F.);
#3809=ORIENTED_EDGE('',*,*,#2879,.F.);
#3810=ORIENTED_EDGE('',*,*,#2880,.F.);
#3811=ORIENTED_EDGE('',*,*,#2881,.T.);
#3812=ORIENTED_EDGE('',*,*,#2878,.T.);
#3813=ORIENTED_EDGE('',*,*,#2882,.T.);
#3814=ORIENTED_EDGE('',*,*,#2883,.T.);
#3815=ORIENTED_EDGE('',*,*,#2884,.T.);
#3816=ORIENTED_EDGE('',*,*,#2885,.F.);
#3817=ORIENTED_EDGE('',*,*,#2886,.F.);
#3818=ORIENTED_EDGE('',*,*,#2887,.F.);
#3819=ORIENTED_EDGE('',*,*,#2888,.T.);
#3820=ORIENTED_EDGE('',*,*,#2885,.T.);
#3821=ORIENTED_EDGE('',*,*,#2889,.T.);
#3822=ORIENTED_EDGE('',*,*,#2890,.T.);
#3823=ORIENTED_EDGE('',*,*,#2891,.T.);
#3824=ORIENTED_EDGE('',*,*,#2892,.F.);
#3825=ORIENTED_EDGE('',*,*,#2893,.F.);
#3826=ORIENTED_EDGE('',*,*,#2894,.F.);
#3827=ORIENTED_EDGE('',*,*,#2895,.T.);
#3828=ORIENTED_EDGE('',*,*,#2896,.F.);
#3829=ORIENTED_EDGE('',*,*,#2897,.F.);
#3830=ORIENTED_EDGE('',*,*,#2898,.F.);
#3831=ORIENTED_EDGE('',*,*,#2899,.T.);
#3832=ORIENTED_EDGE('',*,*,#2892,.T.);
#3833=ORIENTED_EDGE('',*,*,#2900,.T.);
#3834=ORIENTED_EDGE('',*,*,#2896,.T.);
#3835=ORIENTED_EDGE('',*,*,#2901,.T.);
#3836=ORIENTED_EDGE('',*,*,#2887,.T.);
#3837=ORIENTED_EDGE('',*,*,#2902,.T.);
#3838=ORIENTED_EDGE('',*,*,#2898,.T.);
#3839=ORIENTED_EDGE('',*,*,#2903,.T.);
#3840=ORIENTED_EDGE('',*,*,#2904,.F.);
#3841=ORIENTED_EDGE('',*,*,#2905,.F.);
#3842=ORIENTED_EDGE('',*,*,#2906,.T.);
#3843=ORIENTED_EDGE('',*,*,#2882,.F.);
#3844=ORIENTED_EDGE('',*,*,#2881,.F.);
#3845=ORIENTED_EDGE('',*,*,#2907,.F.);
#3846=ORIENTED_EDGE('',*,*,#2893,.T.);
#3847=ORIENTED_EDGE('',*,*,#2901,.F.);
#3848=ORIENTED_EDGE('',*,*,#2899,.F.);
#3849=ORIENTED_EDGE('',*,*,#2902,.F.);
#3850=ORIENTED_EDGE('',*,*,#2886,.T.);
#3851=ORIENTED_EDGE('',*,*,#2891,.F.);
#3852=ORIENTED_EDGE('',*,*,#2908,.F.);
#3853=ORIENTED_EDGE('',*,*,#2909,.F.);
#3854=ORIENTED_EDGE('',*,*,#2910,.F.);
#3855=ORIENTED_EDGE('',*,*,#2911,.F.);
#3856=ORIENTED_EDGE('',*,*,#2912,.F.);
#3857=ORIENTED_EDGE('',*,*,#2913,.F.);
#3858=ORIENTED_EDGE('',*,*,#2908,.T.);
#3859=ORIENTED_EDGE('',*,*,#2890,.F.);
#3860=ORIENTED_EDGE('',*,*,#2906,.F.);
#3861=ORIENTED_EDGE('',*,*,#2914,.F.);
#3862=ORIENTED_EDGE('',*,*,#2915,.T.);
#3863=ORIENTED_EDGE('',*,*,#2883,.F.);
#3864=ORIENTED_EDGE('',*,*,#2916,.F.);
#3865=ORIENTED_EDGE('',*,*,#2917,.F.);
#3866=ORIENTED_EDGE('',*,*,#2918,.F.);
#3867=ORIENTED_EDGE('',*,*,#2919,.F.);
#3868=ORIENTED_EDGE('',*,*,#2912,.T.);
#3869=ORIENTED_EDGE('',*,*,#2889,.F.);
#3870=ORIENTED_EDGE('',*,*,#2888,.F.);
#3871=ORIENTED_EDGE('',*,*,#2903,.F.);
#3872=ORIENTED_EDGE('',*,*,#2897,.T.);
#3873=ORIENTED_EDGE('',*,*,#2900,.F.);
#3874=ORIENTED_EDGE('',*,*,#2895,.F.);
#3875=ORIENTED_EDGE('',*,*,#2920,.F.);
#3876=ORIENTED_EDGE('',*,*,#2879,.T.);
#3877=ORIENTED_EDGE('',*,*,#2884,.F.);
#3878=ORIENTED_EDGE('',*,*,#2915,.F.);
#3879=ORIENTED_EDGE('',*,*,#2921,.F.);
#3880=ORIENTED_EDGE('',*,*,#2880,.T.);
#3881=ORIENTED_EDGE('',*,*,#2920,.T.);
#3882=ORIENTED_EDGE('',*,*,#2894,.T.);
#3883=ORIENTED_EDGE('',*,*,#2907,.T.);
#3884=ORIENTED_EDGE('',*,*,#2916,.T.);
#3885=ORIENTED_EDGE('',*,*,#2922,.T.);
#3886=ORIENTED_EDGE('',*,*,#2923,.F.);
#3887=ORIENTED_EDGE('',*,*,#2924,.F.);
#3888=ORIENTED_EDGE('',*,*,#2909,.T.);
#3889=ORIENTED_EDGE('',*,*,#2913,.T.);
#3890=ORIENTED_EDGE('',*,*,#2919,.T.);
#3891=ORIENTED_EDGE('',*,*,#2925,.F.);
#3892=ORIENTED_EDGE('',*,*,#2926,.F.);
#3893=ORIENTED_EDGE('',*,*,#2927,.F.);
#3894=ORIENTED_EDGE('',*,*,#2928,.F.);
#3895=ORIENTED_EDGE('',*,*,#2929,.F.);
#3896=ORIENTED_EDGE('',*,*,#2930,.F.);
#3897=ORIENTED_EDGE('',*,*,#2931,.F.);
#3898=ORIENTED_EDGE('',*,*,#2932,.F.);
#3899=ORIENTED_EDGE('',*,*,#2933,.F.);
#3900=ORIENTED_EDGE('',*,*,#2917,.T.);
#3901=ORIENTED_EDGE('',*,*,#2924,.T.);
#3902=ORIENTED_EDGE('',*,*,#2934,.F.);
#3903=ORIENTED_EDGE('',*,*,#2935,.T.);
#3904=ORIENTED_EDGE('',*,*,#2911,.T.);
#3905=ORIENTED_EDGE('',*,*,#2936,.T.);
#3906=ORIENTED_EDGE('',*,*,#2937,.F.);
#3907=ORIENTED_EDGE('',*,*,#2938,.T.);
#3908=ORIENTED_EDGE('',*,*,#2918,.T.);
#3909=ORIENTED_EDGE('',*,*,#2935,.F.);
#3910=ORIENTED_EDGE('',*,*,#2939,.T.);
#3911=ORIENTED_EDGE('',*,*,#2925,.T.);
#3912=ORIENTED_EDGE('',*,*,#2910,.T.);
#3913=ORIENTED_EDGE('',*,*,#2933,.T.);
#3914=ORIENTED_EDGE('',*,*,#2940,.F.);
#3915=ORIENTED_EDGE('',*,*,#2936,.F.);
#3916=ORIENTED_EDGE('',*,*,#2941,.T.);
#3917=ORIENTED_EDGE('',*,*,#2942,.T.);
#3918=ORIENTED_EDGE('',*,*,#2943,.F.);
#3919=ORIENTED_EDGE('',*,*,#2944,.F.);
#3920=ORIENTED_EDGE('',*,*,#2945,.F.);
#3921=ORIENTED_EDGE('',*,*,#2946,.F.);
#3922=ORIENTED_EDGE('',*,*,#2947,.T.);
#3923=ORIENTED_EDGE('',*,*,#2948,.T.);
#3924=ORIENTED_EDGE('',*,*,#2904,.T.);
#3925=ORIENTED_EDGE('',*,*,#2938,.F.);
#3926=ORIENTED_EDGE('',*,*,#2949,.T.);
#3927=ORIENTED_EDGE('',*,*,#2950,.T.);
#3928=ORIENTED_EDGE('',*,*,#2951,.T.);
#3929=ORIENTED_EDGE('',*,*,#2952,.F.);
#3930=ORIENTED_EDGE('',*,*,#2953,.F.);
#3931=ORIENTED_EDGE('',*,*,#2945,.T.);
#3932=ORIENTED_EDGE('',*,*,#2954,.T.);
#3933=ORIENTED_EDGE('',*,*,#2941,.F.);
#3934=ORIENTED_EDGE('',*,*,#2955,.F.);
#3935=ORIENTED_EDGE('',*,*,#2956,.T.);
#3936=ORIENTED_EDGE('',*,*,#2905,.T.);
#3937=ORIENTED_EDGE('',*,*,#2950,.F.);
#3938=ORIENTED_EDGE('',*,*,#2957,.F.);
#3939=ORIENTED_EDGE('',*,*,#2942,.F.);
#3940=ORIENTED_EDGE('',*,*,#2954,.F.);
#3941=ORIENTED_EDGE('',*,*,#2958,.F.);
#3942=ORIENTED_EDGE('',*,*,#2951,.F.);
#3943=ORIENTED_EDGE('',*,*,#2948,.F.);
#3944=ORIENTED_EDGE('',*,*,#2959,.F.);
#3945=ORIENTED_EDGE('',*,*,#2922,.F.);
#3946=ORIENTED_EDGE('',*,*,#2921,.T.);
#3947=ORIENTED_EDGE('',*,*,#2914,.T.);
#3948=ORIENTED_EDGE('',*,*,#2960,.T.);
#3949=ORIENTED_EDGE('',*,*,#2927,.T.);
#3950=ORIENTED_EDGE('',*,*,#2961,.F.);
#3951=ORIENTED_EDGE('',*,*,#2962,.F.);
#3952=ORIENTED_EDGE('',*,*,#2963,.F.);
#3953=ORIENTED_EDGE('',*,*,#2964,.F.);
#3954=ORIENTED_EDGE('',*,*,#2965,.T.);
#3955=ORIENTED_EDGE('',*,*,#2931,.T.);
#3956=ORIENTED_EDGE('',*,*,#2930,.T.);
#3957=ORIENTED_EDGE('',*,*,#2966,.F.);
#3958=ORIENTED_EDGE('',*,*,#2967,.F.);
#3959=ORIENTED_EDGE('',*,*,#2963,.T.);
#3960=ORIENTED_EDGE('',*,*,#2928,.T.);
#3961=ORIENTED_EDGE('',*,*,#2960,.F.);
#3962=ORIENTED_EDGE('',*,*,#2968,.F.);
#3963=ORIENTED_EDGE('',*,*,#2969,.T.);
#3964=ORIENTED_EDGE('',*,*,#2968,.T.);
#3965=ORIENTED_EDGE('',*,*,#2962,.T.);
#3966=ORIENTED_EDGE('',*,*,#2970,.F.);
#3967=ORIENTED_EDGE('',*,*,#2971,.F.);
#3968=ORIENTED_EDGE('',*,*,#2967,.T.);
#3969=ORIENTED_EDGE('',*,*,#2972,.F.);
#3970=ORIENTED_EDGE('',*,*,#2973,.F.);
#3971=ORIENTED_EDGE('',*,*,#2964,.T.);
#3972=ORIENTED_EDGE('',*,*,#2953,.T.);
#3973=ORIENTED_EDGE('',*,*,#2974,.F.);
#3974=ORIENTED_EDGE('',*,*,#2975,.F.);
#3975=ORIENTED_EDGE('',*,*,#2946,.T.);
#3976=ORIENTED_EDGE('',*,*,#2677,.T.);
#3977=ORIENTED_EDGE('',*,*,#2976,.T.);
#3978=ORIENTED_EDGE('',*,*,#2977,.F.);
#3979=ORIENTED_EDGE('',*,*,#2976,.F.);
#3980=ORIENTED_EDGE('',*,*,#2673,.T.);
#3981=ORIENTED_EDGE('',*,*,#2978,.T.);
#3982=ORIENTED_EDGE('',*,*,#2979,.F.);
#3983=ORIENTED_EDGE('',*,*,#2978,.F.);
#3984=ORIENTED_EDGE('',*,*,#2665,.T.);
#3985=ORIENTED_EDGE('',*,*,#2980,.T.);
#3986=ORIENTED_EDGE('',*,*,#2981,.F.);
#3987=ORIENTED_EDGE('',*,*,#2980,.F.);
#3988=ORIENTED_EDGE('',*,*,#2669,.T.);
#3989=ORIENTED_EDGE('',*,*,#2982,.T.);
#3990=ORIENTED_EDGE('',*,*,#2983,.F.);
#3991=ORIENTED_EDGE('',*,*,#2982,.F.);
#3992=ORIENTED_EDGE('',*,*,#2840,.F.);
#3993=ORIENTED_EDGE('',*,*,#2984,.F.);
#3994=ORIENTED_EDGE('',*,*,#2985,.F.);
#3995=ORIENTED_EDGE('',*,*,#2986,.F.);
#3996=ORIENTED_EDGE('',*,*,#2839,.F.);
#3997=ORIENTED_EDGE('',*,*,#2987,.F.);
#3998=ORIENTED_EDGE('',*,*,#2988,.F.);
#3999=ORIENTED_EDGE('',*,*,#2984,.T.);
#4000=ORIENTED_EDGE('',*,*,#2838,.F.);
#4001=ORIENTED_EDGE('',*,*,#2989,.F.);
#4002=ORIENTED_EDGE('',*,*,#2990,.F.);
#4003=ORIENTED_EDGE('',*,*,#2987,.T.);
#4004=ORIENTED_EDGE('',*,*,#2848,.F.);
#4005=ORIENTED_EDGE('',*,*,#2991,.F.);
#4006=ORIENTED_EDGE('',*,*,#2992,.F.);
#4007=ORIENTED_EDGE('',*,*,#2993,.F.);
#4008=ORIENTED_EDGE('',*,*,#2847,.F.);
#4009=ORIENTED_EDGE('',*,*,#2994,.F.);
#4010=ORIENTED_EDGE('',*,*,#2995,.F.);
#4011=ORIENTED_EDGE('',*,*,#2991,.T.);
#4012=ORIENTED_EDGE('',*,*,#2846,.F.);
#4013=ORIENTED_EDGE('',*,*,#2996,.F.);
#4014=ORIENTED_EDGE('',*,*,#2997,.F.);
#4015=ORIENTED_EDGE('',*,*,#2994,.T.);
#4016=ORIENTED_EDGE('',*,*,#2844,.F.);
#4017=ORIENTED_EDGE('',*,*,#2998,.F.);
#4018=ORIENTED_EDGE('',*,*,#2999,.F.);
#4019=ORIENTED_EDGE('',*,*,#3000,.F.);
#4020=ORIENTED_EDGE('',*,*,#2843,.F.);
#4021=ORIENTED_EDGE('',*,*,#3001,.F.);
#4022=ORIENTED_EDGE('',*,*,#3002,.F.);
#4023=ORIENTED_EDGE('',*,*,#2998,.T.);
#4024=ORIENTED_EDGE('',*,*,#2842,.F.);
#4025=ORIENTED_EDGE('',*,*,#3003,.F.);
#4026=ORIENTED_EDGE('',*,*,#3004,.F.);
#4027=ORIENTED_EDGE('',*,*,#3001,.T.);
#4028=ORIENTED_EDGE('',*,*,#2836,.F.);
#4029=ORIENTED_EDGE('',*,*,#3005,.F.);
#4030=ORIENTED_EDGE('',*,*,#3006,.F.);
#4031=ORIENTED_EDGE('',*,*,#3007,.F.);
#4032=ORIENTED_EDGE('',*,*,#2835,.F.);
#4033=ORIENTED_EDGE('',*,*,#3008,.F.);
#4034=ORIENTED_EDGE('',*,*,#3009,.F.);
#4035=ORIENTED_EDGE('',*,*,#3005,.T.);
#4036=ORIENTED_EDGE('',*,*,#2834,.F.);
#4037=ORIENTED_EDGE('',*,*,#3010,.F.);
#4038=ORIENTED_EDGE('',*,*,#3011,.F.);
#4039=ORIENTED_EDGE('',*,*,#3008,.T.);
#4040=ORIENTED_EDGE('',*,*,#2996,.T.);
#4041=ORIENTED_EDGE('',*,*,#2845,.F.);
#4042=ORIENTED_EDGE('',*,*,#3000,.T.);
#4043=ORIENTED_EDGE('',*,*,#3012,.F.);
#4044=ORIENTED_EDGE('',*,*,#2989,.T.);
#4045=ORIENTED_EDGE('',*,*,#2837,.F.);
#4046=ORIENTED_EDGE('',*,*,#3007,.T.);
#4047=ORIENTED_EDGE('',*,*,#3013,.F.);
#4048=ORIENTED_EDGE('',*,*,#2986,.T.);
#4049=ORIENTED_EDGE('',*,*,#3014,.F.);
#4050=ORIENTED_EDGE('',*,*,#3003,.T.);
#4051=ORIENTED_EDGE('',*,*,#2841,.F.);
#4052=ORIENTED_EDGE('',*,*,#2782,.T.);
#4053=ORIENTED_EDGE('',*,*,#2849,.F.);
#4054=ORIENTED_EDGE('',*,*,#2993,.T.);
#4055=ORIENTED_EDGE('',*,*,#3015,.F.);
#4056=ORIENTED_EDGE('',*,*,#3010,.T.);
#4057=ORIENTED_EDGE('',*,*,#2833,.F.);
#4058=ORIENTED_EDGE('',*,*,#2785,.T.);
#4059=ORIENTED_EDGE('',*,*,#2778,.F.);
#4060=ORIENTED_EDGE('',*,*,#2817,.T.);
#4061=ORIENTED_EDGE('',*,*,#2770,.F.);
#4062=ORIENTED_EDGE('',*,*,#3016,.T.);
#4063=ORIENTED_EDGE('',*,*,#3017,.F.);
#4064=ORIENTED_EDGE('',*,*,#2972,.T.);
#4065=ORIENTED_EDGE('',*,*,#2966,.T.);
#4066=ORIENTED_EDGE('',*,*,#2929,.T.);
#4067=ORIENTED_EDGE('',*,*,#2969,.F.);
#4068=ORIENTED_EDGE('',*,*,#2971,.T.);
#4069=ORIENTED_EDGE('',*,*,#3018,.T.);
#4070=ORIENTED_EDGE('',*,*,#2850,.T.);
#4071=ORIENTED_EDGE('',*,*,#2696,.T.);
#4072=ORIENTED_EDGE('',*,*,#2709,.T.);
#4073=ORIENTED_EDGE('',*,*,#2852,.T.);
#4074=ORIENTED_EDGE('',*,*,#2702,.T.);
#4075=ORIENTED_EDGE('',*,*,#2699,.T.);
#4076=ORIENTED_EDGE('',*,*,#2705,.T.);
#4077=ORIENTED_EDGE('',*,*,#2853,.T.);
#4078=ORIENTED_EDGE('',*,*,#3019,.T.);
#4079=ORIENTED_EDGE('',*,*,#3020,.F.);
#4080=ORIENTED_EDGE('',*,*,#3021,.T.);
#4081=ORIENTED_EDGE('',*,*,#2943,.T.);
#4082=ORIENTED_EDGE('',*,*,#2957,.T.);
#4083=ORIENTED_EDGE('',*,*,#2949,.F.);
#4084=ORIENTED_EDGE('',*,*,#2937,.T.);
#4085=ORIENTED_EDGE('',*,*,#2940,.T.);
#4086=ORIENTED_EDGE('',*,*,#2932,.T.);
#4087=ORIENTED_EDGE('',*,*,#2965,.F.);
#4088=ORIENTED_EDGE('',*,*,#2973,.T.);
#4089=ORIENTED_EDGE('',*,*,#3017,.T.);
#4090=ORIENTED_EDGE('',*,*,#3022,.T.);
#4091=ORIENTED_EDGE('',*,*,#3023,.F.);
#4092=ORIENTED_EDGE('',*,*,#2974,.T.);
#4093=ORIENTED_EDGE('',*,*,#2952,.T.);
#4094=ORIENTED_EDGE('',*,*,#2958,.T.);
#4095=ORIENTED_EDGE('',*,*,#2956,.F.);
#4096=ORIENTED_EDGE('',*,*,#3024,.T.);
#4097=ORIENTED_EDGE('',*,*,#3020,.T.);
#4098=ORIENTED_EDGE('',*,*,#2863,.T.);
#4099=ORIENTED_EDGE('',*,*,#2864,.T.);
#4100=ORIENTED_EDGE('',*,*,#2855,.T.);
#4101=ORIENTED_EDGE('',*,*,#2865,.T.);
#4102=ORIENTED_EDGE('',*,*,#2874,.T.);
#4103=ORIENTED_EDGE('',*,*,#2877,.T.);
#4104=ORIENTED_EDGE('',*,*,#2869,.T.);
#4105=ORIENTED_EDGE('',*,*,#2876,.T.);
#4106=ORIENTED_EDGE('',*,*,#3025,.T.);
#4107=ORIENTED_EDGE('',*,*,#3018,.F.);
#4108=ORIENTED_EDGE('',*,*,#2970,.T.);
#4109=ORIENTED_EDGE('',*,*,#2961,.T.);
#4110=ORIENTED_EDGE('',*,*,#2926,.T.);
#4111=ORIENTED_EDGE('',*,*,#2939,.F.);
#4112=ORIENTED_EDGE('',*,*,#2934,.T.);
#4113=ORIENTED_EDGE('',*,*,#2923,.T.);
#4114=ORIENTED_EDGE('',*,*,#2959,.T.);
#4115=ORIENTED_EDGE('',*,*,#2947,.F.);
#4116=ORIENTED_EDGE('',*,*,#2975,.T.);
#4117=ORIENTED_EDGE('',*,*,#3023,.T.);
#4118=ORIENTED_EDGE('',*,*,#2944,.T.);
#4119=ORIENTED_EDGE('',*,*,#3021,.F.);
#4120=ORIENTED_EDGE('',*,*,#3024,.F.);
#4121=ORIENTED_EDGE('',*,*,#2955,.T.);
#4122=ORIENTED_EDGE('',*,*,#3016,.F.);
#4123=ORIENTED_EDGE('',*,*,#3025,.F.);
#4124=ORIENTED_EDGE('',*,*,#3022,.F.);
#4125=ORIENTED_EDGE('',*,*,#3019,.F.);
#4126=ORIENTED_EDGE('',*,*,#2977,.T.);
#4127=ORIENTED_EDGE('',*,*,#2979,.T.);
#4128=ORIENTED_EDGE('',*,*,#2981,.T.);
#4129=ORIENTED_EDGE('',*,*,#2983,.T.);
#4130=ORIENTED_EDGE('',*,*,#3015,.T.);
#4131=ORIENTED_EDGE('',*,*,#2992,.T.);
#4132=ORIENTED_EDGE('',*,*,#2995,.T.);
#4133=ORIENTED_EDGE('',*,*,#2997,.T.);
#4134=ORIENTED_EDGE('',*,*,#3012,.T.);
#4135=ORIENTED_EDGE('',*,*,#2999,.T.);
#4136=ORIENTED_EDGE('',*,*,#3002,.T.);
#4137=ORIENTED_EDGE('',*,*,#3004,.T.);
#4138=ORIENTED_EDGE('',*,*,#3014,.T.);
#4139=ORIENTED_EDGE('',*,*,#2985,.T.);
#4140=ORIENTED_EDGE('',*,*,#2988,.T.);
#4141=ORIENTED_EDGE('',*,*,#2990,.T.);
#4142=ORIENTED_EDGE('',*,*,#3013,.T.);
#4143=ORIENTED_EDGE('',*,*,#3006,.T.);
#4144=ORIENTED_EDGE('',*,*,#3009,.T.);
#4145=ORIENTED_EDGE('',*,*,#3011,.T.);
#4146=ORIENTED_EDGE('',*,*,#3026,.T.);
#4147=ORIENTED_EDGE('',*,*,#3027,.T.);
#4148=ORIENTED_EDGE('',*,*,#3028,.T.);
#4149=ORIENTED_EDGE('',*,*,#3029,.T.);
#4150=ORIENTED_EDGE('',*,*,#3028,.F.);
#4151=ORIENTED_EDGE('',*,*,#3030,.T.);
#4152=ORIENTED_EDGE('',*,*,#3031,.F.);
#4153=ORIENTED_EDGE('',*,*,#3032,.T.);
#4154=ORIENTED_EDGE('',*,*,#3033,.F.);
#4155=ORIENTED_EDGE('',*,*,#3034,.T.);
#4156=ORIENTED_EDGE('',*,*,#3035,.F.);
#4157=ORIENTED_EDGE('',*,*,#3036,.T.);
#4158=ORIENTED_EDGE('',*,*,#3037,.F.);
#4159=ORIENTED_EDGE('',*,*,#3038,.T.);
#4160=ORIENTED_EDGE('',*,*,#3039,.F.);
#4161=ORIENTED_EDGE('',*,*,#3040,.T.);
#4162=ORIENTED_EDGE('',*,*,#3041,.F.);
#4163=ORIENTED_EDGE('',*,*,#3042,.T.);
#4164=ORIENTED_EDGE('',*,*,#3043,.T.);
#4165=ORIENTED_EDGE('',*,*,#3044,.T.);
#4166=ORIENTED_EDGE('',*,*,#3045,.T.);
#4167=ORIENTED_EDGE('',*,*,#3046,.T.);
#4168=ORIENTED_EDGE('',*,*,#3047,.T.);
#4169=ORIENTED_EDGE('',*,*,#3048,.T.);
#4170=ORIENTED_EDGE('',*,*,#3049,.T.);
#4171=ORIENTED_EDGE('',*,*,#3050,.T.);
#4172=ORIENTED_EDGE('',*,*,#3051,.T.);
#4173=ORIENTED_EDGE('',*,*,#3052,.T.);
#4174=ORIENTED_EDGE('',*,*,#3053,.T.);
#4175=ORIENTED_EDGE('',*,*,#3054,.T.);
#4176=ORIENTED_EDGE('',*,*,#3055,.T.);
#4177=ORIENTED_EDGE('',*,*,#3056,.T.);
#4178=ORIENTED_EDGE('',*,*,#3057,.T.);
#4179=ORIENTED_EDGE('',*,*,#3058,.T.);
#4180=ORIENTED_EDGE('',*,*,#3059,.T.);
#4181=ORIENTED_EDGE('',*,*,#3027,.F.);
#4182=ORIENTED_EDGE('',*,*,#3060,.F.);
#4183=ORIENTED_EDGE('',*,*,#3061,.F.);
#4184=ORIENTED_EDGE('',*,*,#3030,.F.);
#4185=ORIENTED_EDGE('',*,*,#3062,.T.);
#4186=ORIENTED_EDGE('',*,*,#3063,.T.);
#4187=ORIENTED_EDGE('',*,*,#3031,.T.);
#4188=ORIENTED_EDGE('',*,*,#3061,.T.);
#4189=ORIENTED_EDGE('',*,*,#3064,.T.);
#4190=ORIENTED_EDGE('',*,*,#3065,.T.);
#4191=ORIENTED_EDGE('',*,*,#3033,.T.);
#4192=ORIENTED_EDGE('',*,*,#3066,.T.);
#4193=ORIENTED_EDGE('',*,*,#3065,.F.);
#4194=ORIENTED_EDGE('',*,*,#3067,.F.);
#4195=ORIENTED_EDGE('',*,*,#3068,.F.);
#4196=ORIENTED_EDGE('',*,*,#3034,.F.);
#4197=ORIENTED_EDGE('',*,*,#3037,.T.);
#4198=ORIENTED_EDGE('',*,*,#3069,.T.);
#4199=ORIENTED_EDGE('',*,*,#3070,.T.);
#4200=ORIENTED_EDGE('',*,*,#3071,.T.);
#4201=ORIENTED_EDGE('',*,*,#3069,.F.);
#4202=ORIENTED_EDGE('',*,*,#3036,.F.);
#4203=ORIENTED_EDGE('',*,*,#3072,.F.);
#4204=ORIENTED_EDGE('',*,*,#3073,.F.);
#4205=ORIENTED_EDGE('',*,*,#3035,.T.);
#4206=ORIENTED_EDGE('',*,*,#3068,.T.);
#4207=ORIENTED_EDGE('',*,*,#3074,.T.);
#4208=ORIENTED_EDGE('',*,*,#3072,.T.);
#4209=ORIENTED_EDGE('',*,*,#3075,.T.);
#4210=ORIENTED_EDGE('',*,*,#3076,.T.);
#4211=ORIENTED_EDGE('',*,*,#3077,.T.);
#4212=ORIENTED_EDGE('',*,*,#3078,.T.);
#4213=ORIENTED_EDGE('',*,*,#3078,.F.);
#4214=ORIENTED_EDGE('',*,*,#3079,.T.);
#4215=ORIENTED_EDGE('',*,*,#3080,.F.);
#4216=ORIENTED_EDGE('',*,*,#3081,.T.);
#4217=ORIENTED_EDGE('',*,*,#3077,.F.);
#4218=ORIENTED_EDGE('',*,*,#3082,.F.);
#4219=ORIENTED_EDGE('',*,*,#3083,.F.);
#4220=ORIENTED_EDGE('',*,*,#3084,.F.);
#4221=ORIENTED_EDGE('',*,*,#3085,.F.);
#4222=ORIENTED_EDGE('',*,*,#3086,.F.);
#4223=ORIENTED_EDGE('',*,*,#3087,.F.);
#4224=ORIENTED_EDGE('',*,*,#3088,.F.);
#4225=ORIENTED_EDGE('',*,*,#3089,.F.);
#4226=ORIENTED_EDGE('',*,*,#3090,.F.);
#4227=ORIENTED_EDGE('',*,*,#3091,.F.);
#4228=ORIENTED_EDGE('',*,*,#3092,.F.);
#4229=ORIENTED_EDGE('',*,*,#3093,.F.);
#4230=ORIENTED_EDGE('',*,*,#3094,.F.);
#4231=ORIENTED_EDGE('',*,*,#3095,.F.);
#4232=ORIENTED_EDGE('',*,*,#3096,.F.);
#4233=ORIENTED_EDGE('',*,*,#3097,.F.);
#4234=ORIENTED_EDGE('',*,*,#3098,.F.);
#4235=ORIENTED_EDGE('',*,*,#3099,.F.);
#4236=ORIENTED_EDGE('',*,*,#3100,.F.);
#4237=ORIENTED_EDGE('',*,*,#3101,.F.);
#4238=ORIENTED_EDGE('',*,*,#3102,.F.);
#4239=ORIENTED_EDGE('',*,*,#3103,.F.);
#4240=ORIENTED_EDGE('',*,*,#3104,.F.);
#4241=ORIENTED_EDGE('',*,*,#3105,.F.);
#4242=ORIENTED_EDGE('',*,*,#3106,.F.);
#4243=ORIENTED_EDGE('',*,*,#3107,.F.);
#4244=ORIENTED_EDGE('',*,*,#3108,.F.);
#4245=ORIENTED_EDGE('',*,*,#3109,.F.);
#4246=ORIENTED_EDGE('',*,*,#3110,.F.);
#4247=ORIENTED_EDGE('',*,*,#3079,.F.);
#4248=ORIENTED_EDGE('',*,*,#3104,.T.);
#4249=ORIENTED_EDGE('',*,*,#3111,.T.);
#4250=ORIENTED_EDGE('',*,*,#3112,.T.);
#4251=ORIENTED_EDGE('',*,*,#3113,.T.);
#4252=ORIENTED_EDGE('',*,*,#3111,.F.);
#4253=ORIENTED_EDGE('',*,*,#3103,.T.);
#4254=ORIENTED_EDGE('',*,*,#3114,.F.);
#4255=ORIENTED_EDGE('',*,*,#3115,.T.);
#4256=ORIENTED_EDGE('',*,*,#3116,.F.);
#4257=ORIENTED_EDGE('',*,*,#3117,.F.);
#4258=ORIENTED_EDGE('',*,*,#3118,.T.);
#4259=ORIENTED_EDGE('',*,*,#3106,.T.);
#4260=ORIENTED_EDGE('',*,*,#3119,.T.);
#4261=ORIENTED_EDGE('',*,*,#3120,.T.);
#4262=ORIENTED_EDGE('',*,*,#3121,.T.);
#4263=ORIENTED_EDGE('',*,*,#3113,.F.);
#4264=ORIENTED_EDGE('',*,*,#3122,.T.);
#4265=ORIENTED_EDGE('',*,*,#3119,.F.);
#4266=ORIENTED_EDGE('',*,*,#3105,.T.);
#4267=ORIENTED_EDGE('',*,*,#3123,.T.);
#4268=ORIENTED_EDGE('',*,*,#3124,.T.);
#4269=ORIENTED_EDGE('',*,*,#3108,.T.);
#4270=ORIENTED_EDGE('',*,*,#3125,.T.);
#4271=ORIENTED_EDGE('',*,*,#3121,.F.);
#4272=ORIENTED_EDGE('',*,*,#3126,.T.);
#4273=ORIENTED_EDGE('',*,*,#3125,.F.);
#4274=ORIENTED_EDGE('',*,*,#3107,.T.);
#4275=ORIENTED_EDGE('',*,*,#3127,.T.);
#4276=ORIENTED_EDGE('',*,*,#3080,.T.);
#4277=ORIENTED_EDGE('',*,*,#3110,.T.);
#4278=ORIENTED_EDGE('',*,*,#3128,.T.);
#4279=ORIENTED_EDGE('',*,*,#3075,.F.);
#4280=ORIENTED_EDGE('',*,*,#3081,.F.);
#4281=ORIENTED_EDGE('',*,*,#3127,.F.);
#4282=ORIENTED_EDGE('',*,*,#3129,.F.);
#4283=ORIENTED_EDGE('',*,*,#3123,.F.);
#4284=ORIENTED_EDGE('',*,*,#3126,.F.);
#4285=ORIENTED_EDGE('',*,*,#3120,.F.);
#4286=ORIENTED_EDGE('',*,*,#3122,.F.);
#4287=ORIENTED_EDGE('',*,*,#3112,.F.);
#4288=ORIENTED_EDGE('',*,*,#3118,.F.);
#4289=ORIENTED_EDGE('',*,*,#3130,.F.);
#4290=ORIENTED_EDGE('',*,*,#3131,.F.);
#4291=ORIENTED_EDGE('',*,*,#3132,.T.);
#4292=ORIENTED_EDGE('',*,*,#3133,.F.);
#4293=ORIENTED_EDGE('',*,*,#3134,.F.);
#4294=ORIENTED_EDGE('',*,*,#3135,.F.);
#4295=ORIENTED_EDGE('',*,*,#3136,.F.);
#4296=ORIENTED_EDGE('',*,*,#3137,.F.);
#4297=ORIENTED_EDGE('',*,*,#3138,.F.);
#4298=ORIENTED_EDGE('',*,*,#3139,.F.);
#4299=ORIENTED_EDGE('',*,*,#3140,.F.);
#4300=ORIENTED_EDGE('',*,*,#3141,.F.);
#4301=ORIENTED_EDGE('',*,*,#3142,.F.);
#4302=ORIENTED_EDGE('',*,*,#3143,.F.);
#4303=ORIENTED_EDGE('',*,*,#3144,.F.);
#4304=ORIENTED_EDGE('',*,*,#3145,.F.);
#4305=ORIENTED_EDGE('',*,*,#3146,.F.);
#4306=ORIENTED_EDGE('',*,*,#3147,.F.);
#4307=ORIENTED_EDGE('',*,*,#3148,.F.);
#4308=ORIENTED_EDGE('',*,*,#3149,.F.);
#4309=ORIENTED_EDGE('',*,*,#3150,.F.);
#4310=ORIENTED_EDGE('',*,*,#3151,.T.);
#4311=ORIENTED_EDGE('',*,*,#3152,.T.);
#4312=ORIENTED_EDGE('',*,*,#3114,.T.);
#4313=ORIENTED_EDGE('',*,*,#3102,.T.);
#4314=ORIENTED_EDGE('',*,*,#3151,.F.);
#4315=ORIENTED_EDGE('',*,*,#3101,.T.);
#4316=ORIENTED_EDGE('',*,*,#3153,.F.);
#4317=ORIENTED_EDGE('',*,*,#3154,.T.);
#4318=ORIENTED_EDGE('',*,*,#3155,.T.);
#4319=ORIENTED_EDGE('',*,*,#3156,.T.);
#4320=ORIENTED_EDGE('',*,*,#3131,.T.);
#4321=ORIENTED_EDGE('',*,*,#3157,.F.);
#4322=ORIENTED_EDGE('',*,*,#3158,.T.);
#4323=ORIENTED_EDGE('',*,*,#3159,.T.);
#4324=ORIENTED_EDGE('',*,*,#3160,.T.);
#4325=ORIENTED_EDGE('',*,*,#3161,.T.);
#4326=ORIENTED_EDGE('',*,*,#3162,.T.);
#4327=ORIENTED_EDGE('',*,*,#3039,.T.);
#4328=ORIENTED_EDGE('',*,*,#3162,.F.);
#4329=ORIENTED_EDGE('',*,*,#3163,.T.);
#4330=ORIENTED_EDGE('',*,*,#3164,.F.);
#4331=ORIENTED_EDGE('',*,*,#3165,.F.);
#4332=ORIENTED_EDGE('',*,*,#3166,.F.);
#4333=ORIENTED_EDGE('',*,*,#3167,.F.);
#4334=ORIENTED_EDGE('',*,*,#3168,.F.);
#4335=ORIENTED_EDGE('',*,*,#3169,.F.);
#4336=ORIENTED_EDGE('',*,*,#3170,.F.);
#4337=ORIENTED_EDGE('',*,*,#3040,.F.);
#4338=ORIENTED_EDGE('',*,*,#3171,.T.);
#4339=ORIENTED_EDGE('',*,*,#3172,.T.);
#4340=ORIENTED_EDGE('',*,*,#3173,.T.);
#4341=ORIENTED_EDGE('',*,*,#3174,.T.);
#4342=ORIENTED_EDGE('',*,*,#3174,.F.);
#4343=ORIENTED_EDGE('',*,*,#3175,.F.);
#4344=ORIENTED_EDGE('',*,*,#3176,.F.);
#4345=ORIENTED_EDGE('',*,*,#3177,.T.);
#4346=ORIENTED_EDGE('',*,*,#3173,.F.);
#4347=ORIENTED_EDGE('',*,*,#3178,.F.);
#4348=ORIENTED_EDGE('',*,*,#3179,.F.);
#4349=ORIENTED_EDGE('',*,*,#3180,.T.);
#4350=ORIENTED_EDGE('',*,*,#3181,.F.);
#4351=ORIENTED_EDGE('',*,*,#3175,.T.);
#4352=ORIENTED_EDGE('',*,*,#3182,.T.);
#4353=ORIENTED_EDGE('',*,*,#3176,.T.);
#4354=ORIENTED_EDGE('',*,*,#3181,.T.);
#4355=ORIENTED_EDGE('',*,*,#3183,.T.);
#4356=ORIENTED_EDGE('',*,*,#3183,.F.);
#4357=ORIENTED_EDGE('',*,*,#3180,.F.);
#4358=ORIENTED_EDGE('',*,*,#3184,.F.);
#4359=ORIENTED_EDGE('',*,*,#3185,.F.);
#4360=ORIENTED_EDGE('',*,*,#3186,.F.);
#4361=ORIENTED_EDGE('',*,*,#3053,.F.);
#4362=ORIENTED_EDGE('',*,*,#3187,.T.);
#4363=ORIENTED_EDGE('',*,*,#3188,.F.);
#4364=ORIENTED_EDGE('',*,*,#3189,.F.);
#4365=ORIENTED_EDGE('',*,*,#3190,.F.);
#4366=ORIENTED_EDGE('',*,*,#3191,.F.);
#4367=ORIENTED_EDGE('',*,*,#3192,.F.);
#4368=ORIENTED_EDGE('',*,*,#3193,.F.);
#4369=ORIENTED_EDGE('',*,*,#3194,.F.);
#4370=ORIENTED_EDGE('',*,*,#3195,.F.);
#4371=ORIENTED_EDGE('',*,*,#3185,.T.);
#4372=ORIENTED_EDGE('',*,*,#3196,.T.);
#4373=ORIENTED_EDGE('',*,*,#3197,.F.);
#4374=ORIENTED_EDGE('',*,*,#3196,.F.);
#4375=ORIENTED_EDGE('',*,*,#3184,.T.);
#4376=ORIENTED_EDGE('',*,*,#3179,.T.);
#4377=ORIENTED_EDGE('',*,*,#3171,.F.);
#4378=ORIENTED_EDGE('',*,*,#3177,.F.);
#4379=ORIENTED_EDGE('',*,*,#3182,.F.);
#4380=ORIENTED_EDGE('',*,*,#3193,.T.);
#4381=ORIENTED_EDGE('',*,*,#3198,.T.);
#4382=ORIENTED_EDGE('',*,*,#3199,.F.);
#4383=ORIENTED_EDGE('',*,*,#3200,.F.);
#4384=ORIENTED_EDGE('',*,*,#3198,.F.);
#4385=ORIENTED_EDGE('',*,*,#3192,.T.);
#4386=ORIENTED_EDGE('',*,*,#3201,.T.);
#4387=ORIENTED_EDGE('',*,*,#3202,.F.);
#4388=ORIENTED_EDGE('',*,*,#3201,.F.);
#4389=ORIENTED_EDGE('',*,*,#3191,.T.);
#4390=ORIENTED_EDGE('',*,*,#3203,.T.);
#4391=ORIENTED_EDGE('',*,*,#3204,.F.);
#4392=ORIENTED_EDGE('',*,*,#3203,.F.);
#4393=ORIENTED_EDGE('',*,*,#3190,.T.);
#4394=ORIENTED_EDGE('',*,*,#3205,.T.);
#4395=ORIENTED_EDGE('',*,*,#3206,.F.);
#4396=ORIENTED_EDGE('',*,*,#3205,.F.);
#4397=ORIENTED_EDGE('',*,*,#3189,.T.);
#4398=ORIENTED_EDGE('',*,*,#3207,.F.);
#4399=ORIENTED_EDGE('',*,*,#3208,.F.);
#4400=ORIENTED_EDGE('',*,*,#3054,.F.);
#4401=ORIENTED_EDGE('',*,*,#3186,.T.);
#4402=ORIENTED_EDGE('',*,*,#3195,.T.);
#4403=ORIENTED_EDGE('',*,*,#3170,.T.);
#4404=ORIENTED_EDGE('',*,*,#3209,.T.);
#4405=ORIENTED_EDGE('',*,*,#3210,.T.);
#4406=ORIENTED_EDGE('',*,*,#3211,.T.);
#4407=ORIENTED_EDGE('',*,*,#3041,.T.);
#4408=ORIENTED_EDGE('',*,*,#3211,.F.);
#4409=ORIENTED_EDGE('',*,*,#3212,.T.);
#4410=ORIENTED_EDGE('',*,*,#3213,.F.);
#4411=ORIENTED_EDGE('',*,*,#3214,.F.);
#4412=ORIENTED_EDGE('',*,*,#3215,.F.);
#4413=ORIENTED_EDGE('',*,*,#3042,.F.);
#4414=ORIENTED_EDGE('',*,*,#3216,.F.);
#4415=ORIENTED_EDGE('',*,*,#3217,.F.);
#4416=ORIENTED_EDGE('',*,*,#3218,.T.);
#4417=ORIENTED_EDGE('',*,*,#3219,.T.);
#4418=ORIENTED_EDGE('',*,*,#3220,.F.);
#4419=ORIENTED_EDGE('',*,*,#3219,.F.);
#4420=ORIENTED_EDGE('',*,*,#3221,.T.);
#4421=ORIENTED_EDGE('',*,*,#3168,.T.);
#4422=ORIENTED_EDGE('',*,*,#3222,.T.);
#4423=ORIENTED_EDGE('',*,*,#3223,.T.);
#4424=ORIENTED_EDGE('',*,*,#3217,.T.);
#4425=ORIENTED_EDGE('',*,*,#3224,.F.);
#4426=ORIENTED_EDGE('',*,*,#3213,.T.);
#4427=ORIENTED_EDGE('',*,*,#3216,.T.);
#4428=ORIENTED_EDGE('',*,*,#3220,.T.);
#4429=ORIENTED_EDGE('',*,*,#3167,.T.);
#4430=ORIENTED_EDGE('',*,*,#3225,.F.);
#4431=ORIENTED_EDGE('',*,*,#3224,.T.);
#4432=ORIENTED_EDGE('',*,*,#3063,.F.);
#4433=ORIENTED_EDGE('',*,*,#3226,.F.);
#4434=ORIENTED_EDGE('',*,*,#3066,.F.);
#4435=ORIENTED_EDGE('',*,*,#3032,.F.);
#4436=ORIENTED_EDGE('',*,*,#3029,.F.);
#4437=ORIENTED_EDGE('',*,*,#3059,.F.);
#4438=ORIENTED_EDGE('',*,*,#3227,.T.);
#4439=ORIENTED_EDGE('',*,*,#3228,.F.);
#4440=ORIENTED_EDGE('',*,*,#3229,.F.);
#4441=ORIENTED_EDGE('',*,*,#3227,.F.);
#4442=ORIENTED_EDGE('',*,*,#3058,.F.);
#4443=ORIENTED_EDGE('',*,*,#3230,.T.);
#4444=ORIENTED_EDGE('',*,*,#3231,.F.);
#4445=ORIENTED_EDGE('',*,*,#3230,.F.);
#4446=ORIENTED_EDGE('',*,*,#3057,.F.);
#4447=ORIENTED_EDGE('',*,*,#3232,.T.);
#4448=ORIENTED_EDGE('',*,*,#3233,.F.);
#4449=ORIENTED_EDGE('',*,*,#3232,.F.);
#4450=ORIENTED_EDGE('',*,*,#3056,.F.);
#4451=ORIENTED_EDGE('',*,*,#3234,.T.);
#4452=ORIENTED_EDGE('',*,*,#3172,.F.);
#4453=ORIENTED_EDGE('',*,*,#3199,.T.);
#4454=ORIENTED_EDGE('',*,*,#3200,.T.);
#4455=ORIENTED_EDGE('',*,*,#3202,.T.);
#4456=ORIENTED_EDGE('',*,*,#3204,.T.);
#4457=ORIENTED_EDGE('',*,*,#3206,.T.);
#4458=ORIENTED_EDGE('',*,*,#3235,.F.);
#4459=ORIENTED_EDGE('',*,*,#3234,.F.);
#4460=ORIENTED_EDGE('',*,*,#3055,.F.);
#4461=ORIENTED_EDGE('',*,*,#3208,.T.);
#4462=ORIENTED_EDGE('',*,*,#3194,.T.);
#4463=ORIENTED_EDGE('',*,*,#3197,.T.);
#4464=ORIENTED_EDGE('',*,*,#3178,.T.);
#4465=ORIENTED_EDGE('',*,*,#3236,.F.);
#4466=ORIENTED_EDGE('',*,*,#3187,.F.);
#4467=ORIENTED_EDGE('',*,*,#3052,.F.);
#4468=ORIENTED_EDGE('',*,*,#3237,.T.);
#4469=ORIENTED_EDGE('',*,*,#3238,.F.);
#4470=ORIENTED_EDGE('',*,*,#3237,.F.);
#4471=ORIENTED_EDGE('',*,*,#3051,.F.);
#4472=ORIENTED_EDGE('',*,*,#3239,.T.);
#4473=ORIENTED_EDGE('',*,*,#3240,.F.);
#4474=ORIENTED_EDGE('',*,*,#3239,.F.);
#4475=ORIENTED_EDGE('',*,*,#3050,.F.);
#4476=ORIENTED_EDGE('',*,*,#3241,.T.);
#4477=ORIENTED_EDGE('',*,*,#3242,.F.);
#4478=ORIENTED_EDGE('',*,*,#3241,.F.);
#4479=ORIENTED_EDGE('',*,*,#3049,.F.);
#4480=ORIENTED_EDGE('',*,*,#3243,.T.);
#4481=ORIENTED_EDGE('',*,*,#3244,.F.);
#4482=ORIENTED_EDGE('',*,*,#3243,.F.);
#4483=ORIENTED_EDGE('',*,*,#3048,.F.);
#4484=ORIENTED_EDGE('',*,*,#3245,.T.);
#4485=ORIENTED_EDGE('',*,*,#3246,.F.);
#4486=ORIENTED_EDGE('',*,*,#3245,.F.);
#4487=ORIENTED_EDGE('',*,*,#3047,.F.);
#4488=ORIENTED_EDGE('',*,*,#3247,.T.);
#4489=ORIENTED_EDGE('',*,*,#3248,.F.);
#4490=ORIENTED_EDGE('',*,*,#3247,.F.);
#4491=ORIENTED_EDGE('',*,*,#3046,.F.);
#4492=ORIENTED_EDGE('',*,*,#3249,.T.);
#4493=ORIENTED_EDGE('',*,*,#3250,.F.);
#4494=ORIENTED_EDGE('',*,*,#3249,.F.);
#4495=ORIENTED_EDGE('',*,*,#3045,.F.);
#4496=ORIENTED_EDGE('',*,*,#3251,.T.);
#4497=ORIENTED_EDGE('',*,*,#3252,.F.);
#4498=ORIENTED_EDGE('',*,*,#3251,.F.);
#4499=ORIENTED_EDGE('',*,*,#3044,.F.);
#4500=ORIENTED_EDGE('',*,*,#3253,.T.);
#4501=ORIENTED_EDGE('',*,*,#3254,.F.);
#4502=ORIENTED_EDGE('',*,*,#3253,.F.);
#4503=ORIENTED_EDGE('',*,*,#3043,.F.);
#4504=ORIENTED_EDGE('',*,*,#3215,.T.);
#4505=ORIENTED_EDGE('',*,*,#3210,.F.);
#4506=ORIENTED_EDGE('',*,*,#3255,.T.);
#4507=ORIENTED_EDGE('',*,*,#3222,.F.);
#4508=ORIENTED_EDGE('',*,*,#3212,.F.);
#4509=ORIENTED_EDGE('',*,*,#3209,.F.);
#4510=ORIENTED_EDGE('',*,*,#3169,.T.);
#4511=ORIENTED_EDGE('',*,*,#3221,.F.);
#4512=ORIENTED_EDGE('',*,*,#3218,.F.);
#4513=ORIENTED_EDGE('',*,*,#3223,.F.);
#4514=ORIENTED_EDGE('',*,*,#3255,.F.);
#4515=ORIENTED_EDGE('',*,*,#3026,.F.);
#4516=ORIENTED_EDGE('',*,*,#3228,.T.);
#4517=ORIENTED_EDGE('',*,*,#3229,.T.);
#4518=ORIENTED_EDGE('',*,*,#3231,.T.);
#4519=ORIENTED_EDGE('',*,*,#3233,.T.);
#4520=ORIENTED_EDGE('',*,*,#3235,.T.);
#4521=ORIENTED_EDGE('',*,*,#3207,.T.);
#4522=ORIENTED_EDGE('',*,*,#3188,.T.);
#4523=ORIENTED_EDGE('',*,*,#3236,.T.);
#4524=ORIENTED_EDGE('',*,*,#3238,.T.);
#4525=ORIENTED_EDGE('',*,*,#3240,.T.);
#4526=ORIENTED_EDGE('',*,*,#3242,.T.);
#4527=ORIENTED_EDGE('',*,*,#3244,.T.);
#4528=ORIENTED_EDGE('',*,*,#3246,.T.);
#4529=ORIENTED_EDGE('',*,*,#3248,.T.);
#4530=ORIENTED_EDGE('',*,*,#3250,.T.);
#4531=ORIENTED_EDGE('',*,*,#3252,.T.);
#4532=ORIENTED_EDGE('',*,*,#3254,.T.);
#4533=ORIENTED_EDGE('',*,*,#3214,.T.);
#4534=ORIENTED_EDGE('',*,*,#3225,.T.);
#4535=ORIENTED_EDGE('',*,*,#3166,.T.);
#4536=ORIENTED_EDGE('',*,*,#3256,.F.);
#4537=ORIENTED_EDGE('',*,*,#3257,.T.);
#4538=ORIENTED_EDGE('',*,*,#3070,.F.);
#4539=ORIENTED_EDGE('',*,*,#3073,.T.);
#4540=ORIENTED_EDGE('',*,*,#3074,.F.);
#4541=ORIENTED_EDGE('',*,*,#3067,.T.);
#4542=ORIENTED_EDGE('',*,*,#3064,.F.);
#4543=ORIENTED_EDGE('',*,*,#3226,.T.);
#4544=ORIENTED_EDGE('',*,*,#3062,.F.);
#4545=ORIENTED_EDGE('',*,*,#3060,.T.);
#4546=ORIENTED_EDGE('',*,*,#3256,.T.);
#4547=ORIENTED_EDGE('',*,*,#3165,.T.);
#4548=ORIENTED_EDGE('',*,*,#3258,.T.);
#4549=ORIENTED_EDGE('',*,*,#3259,.T.);
#4550=ORIENTED_EDGE('',*,*,#3260,.T.);
#4551=ORIENTED_EDGE('',*,*,#3157,.T.);
#4552=ORIENTED_EDGE('',*,*,#3130,.T.);
#4553=ORIENTED_EDGE('',*,*,#3117,.T.);
#4554=ORIENTED_EDGE('',*,*,#3261,.T.);
#4555=ORIENTED_EDGE('',*,*,#3262,.T.);
#4556=ORIENTED_EDGE('',*,*,#3263,.T.);
#4557=ORIENTED_EDGE('',*,*,#3264,.T.);
#4558=ORIENTED_EDGE('',*,*,#3265,.T.);
#4559=ORIENTED_EDGE('',*,*,#3266,.T.);
#4560=ORIENTED_EDGE('',*,*,#3267,.T.);
#4561=ORIENTED_EDGE('',*,*,#3268,.T.);
#4562=ORIENTED_EDGE('',*,*,#3269,.T.);
#4563=ORIENTED_EDGE('',*,*,#3152,.F.);
#4564=ORIENTED_EDGE('',*,*,#3159,.F.);
#4565=ORIENTED_EDGE('',*,*,#3270,.F.);
#4566=ORIENTED_EDGE('',*,*,#3271,.F.);
#4567=ORIENTED_EDGE('',*,*,#3272,.F.);
#4568=ORIENTED_EDGE('',*,*,#3163,.F.);
#4569=ORIENTED_EDGE('',*,*,#3161,.F.);
#4570=ORIENTED_EDGE('',*,*,#3273,.T.);
#4571=ORIENTED_EDGE('',*,*,#3274,.F.);
#4572=ORIENTED_EDGE('',*,*,#3275,.F.);
#4573=ORIENTED_EDGE('',*,*,#3276,.F.);
#4574=ORIENTED_EDGE('',*,*,#3115,.F.);
#4575=ORIENTED_EDGE('',*,*,#3277,.T.);
#4576=ORIENTED_EDGE('',*,*,#3278,.T.);
#4577=ORIENTED_EDGE('',*,*,#3279,.T.);
#4578=ORIENTED_EDGE('',*,*,#3280,.T.);
#4579=ORIENTED_EDGE('',*,*,#3281,.T.);
#4580=ORIENTED_EDGE('',*,*,#3071,.F.);
#4581=ORIENTED_EDGE('',*,*,#3257,.F.);
#4582=ORIENTED_EDGE('',*,*,#3264,.F.);
#4583=ORIENTED_EDGE('',*,*,#3282,.T.);
#4584=ORIENTED_EDGE('',*,*,#3273,.F.);
#4585=ORIENTED_EDGE('',*,*,#3160,.F.);
#4586=ORIENTED_EDGE('',*,*,#3038,.F.);
#4587=ORIENTED_EDGE('',*,*,#3283,.T.);
#4588=ORIENTED_EDGE('',*,*,#3284,.T.);
#4589=ORIENTED_EDGE('',*,*,#3285,.T.);
#4590=ORIENTED_EDGE('',*,*,#3286,.T.);
#4591=ORIENTED_EDGE('',*,*,#3285,.F.);
#4592=ORIENTED_EDGE('',*,*,#3287,.F.);
#4593=ORIENTED_EDGE('',*,*,#3288,.F.);
#4594=ORIENTED_EDGE('',*,*,#3289,.F.);
#4595=ORIENTED_EDGE('',*,*,#3290,.T.);
#4596=ORIENTED_EDGE('',*,*,#3291,.T.);
#4597=ORIENTED_EDGE('',*,*,#3284,.F.);
#4598=ORIENTED_EDGE('',*,*,#3292,.F.);
#4599=ORIENTED_EDGE('',*,*,#3293,.F.);
#4600=ORIENTED_EDGE('',*,*,#3287,.T.);
#4601=ORIENTED_EDGE('',*,*,#3294,.T.);
#4602=ORIENTED_EDGE('',*,*,#3295,.T.);
#4603=ORIENTED_EDGE('',*,*,#3288,.T.);
#4604=ORIENTED_EDGE('',*,*,#3293,.T.);
#4605=ORIENTED_EDGE('',*,*,#3296,.T.);
#4606=ORIENTED_EDGE('',*,*,#3297,.F.);
#4607=ORIENTED_EDGE('',*,*,#3298,.F.);
#4608=ORIENTED_EDGE('',*,*,#3299,.T.);
#4609=ORIENTED_EDGE('',*,*,#3300,.T.);
#4610=ORIENTED_EDGE('',*,*,#3290,.F.);
#4611=ORIENTED_EDGE('',*,*,#3301,.F.);
#4612=ORIENTED_EDGE('',*,*,#3297,.T.);
#4613=ORIENTED_EDGE('',*,*,#3283,.F.);
#4614=ORIENTED_EDGE('',*,*,#3302,.T.);
#4615=ORIENTED_EDGE('',*,*,#3303,.F.);
#4616=ORIENTED_EDGE('',*,*,#3304,.F.);
#4617=ORIENTED_EDGE('',*,*,#3294,.F.);
#4618=ORIENTED_EDGE('',*,*,#3292,.T.);
#4619=ORIENTED_EDGE('',*,*,#3305,.T.);
#4620=ORIENTED_EDGE('',*,*,#3306,.F.);
#4621=ORIENTED_EDGE('',*,*,#3307,.F.);
#4622=ORIENTED_EDGE('',*,*,#3303,.T.);
#4623=ORIENTED_EDGE('',*,*,#3308,.T.);
#4624=ORIENTED_EDGE('',*,*,#3309,.F.);
#4625=ORIENTED_EDGE('',*,*,#3310,.F.);
#4626=ORIENTED_EDGE('',*,*,#3306,.T.);
#4627=ORIENTED_EDGE('',*,*,#3311,.T.);
#4628=ORIENTED_EDGE('',*,*,#3312,.F.);
#4629=ORIENTED_EDGE('',*,*,#3313,.F.);
#4630=ORIENTED_EDGE('',*,*,#3309,.T.);
#4631=ORIENTED_EDGE('',*,*,#3314,.T.);
#4632=ORIENTED_EDGE('',*,*,#3145,.T.);
#4633=ORIENTED_EDGE('',*,*,#3315,.F.);
#4634=ORIENTED_EDGE('',*,*,#3312,.T.);
#4635=ORIENTED_EDGE('',*,*,#3316,.T.);
#4636=ORIENTED_EDGE('',*,*,#3299,.F.);
#4637=ORIENTED_EDGE('',*,*,#3317,.F.);
#4638=ORIENTED_EDGE('',*,*,#3087,.T.);
#4639=ORIENTED_EDGE('',*,*,#3153,.T.);
#4640=ORIENTED_EDGE('',*,*,#3100,.T.);
#4641=ORIENTED_EDGE('',*,*,#3318,.T.);
#4642=ORIENTED_EDGE('',*,*,#3319,.T.);
#4643=ORIENTED_EDGE('',*,*,#3320,.T.);
#4644=ORIENTED_EDGE('',*,*,#3320,.F.);
#4645=ORIENTED_EDGE('',*,*,#3321,.T.);
#4646=ORIENTED_EDGE('',*,*,#3322,.T.);
#4647=ORIENTED_EDGE('',*,*,#3323,.T.);
#4648=ORIENTED_EDGE('',*,*,#3324,.T.);
#4649=ORIENTED_EDGE('',*,*,#3154,.F.);
#4650=ORIENTED_EDGE('',*,*,#3319,.F.);
#4651=ORIENTED_EDGE('',*,*,#3325,.T.);
#4652=ORIENTED_EDGE('',*,*,#3326,.T.);
#4653=ORIENTED_EDGE('',*,*,#3321,.F.);
#4654=ORIENTED_EDGE('',*,*,#3318,.F.);
#4655=ORIENTED_EDGE('',*,*,#3099,.T.);
#4656=ORIENTED_EDGE('',*,*,#3327,.T.);
#4657=ORIENTED_EDGE('',*,*,#3133,.T.);
#4658=ORIENTED_EDGE('',*,*,#3328,.T.);
#4659=ORIENTED_EDGE('',*,*,#3325,.F.);
#4660=ORIENTED_EDGE('',*,*,#3326,.F.);
#4661=ORIENTED_EDGE('',*,*,#3328,.F.);
#4662=ORIENTED_EDGE('',*,*,#3329,.T.);
#4663=ORIENTED_EDGE('',*,*,#3330,.F.);
#4664=ORIENTED_EDGE('',*,*,#3322,.F.);
#4665=ORIENTED_EDGE('',*,*,#3331,.T.);
#4666=ORIENTED_EDGE('',*,*,#3332,.F.);
#4667=ORIENTED_EDGE('',*,*,#3323,.F.);
#4668=ORIENTED_EDGE('',*,*,#3330,.T.);
#4669=ORIENTED_EDGE('',*,*,#3333,.T.);
#4670=ORIENTED_EDGE('',*,*,#3155,.F.);
#4671=ORIENTED_EDGE('',*,*,#3324,.F.);
#4672=ORIENTED_EDGE('',*,*,#3332,.T.);
#4673=ORIENTED_EDGE('',*,*,#3331,.F.);
#4674=ORIENTED_EDGE('',*,*,#3329,.F.);
#4675=ORIENTED_EDGE('',*,*,#3132,.F.);
#4676=ORIENTED_EDGE('',*,*,#3156,.F.);
#4677=ORIENTED_EDGE('',*,*,#3333,.F.);
#4678=ORIENTED_EDGE('',*,*,#3124,.F.);
#4679=ORIENTED_EDGE('',*,*,#3129,.T.);
#4680=ORIENTED_EDGE('',*,*,#3128,.F.);
#4681=ORIENTED_EDGE('',*,*,#3109,.T.);
#4682=ORIENTED_EDGE('',*,*,#3076,.F.);
#4683=ORIENTED_EDGE('',*,*,#3150,.T.);
#4684=ORIENTED_EDGE('',*,*,#3334,.F.);
#4685=ORIENTED_EDGE('',*,*,#3082,.T.);
#4686=ORIENTED_EDGE('',*,*,#3149,.T.);
#4687=ORIENTED_EDGE('',*,*,#3335,.F.);
#4688=ORIENTED_EDGE('',*,*,#3083,.T.);
#4689=ORIENTED_EDGE('',*,*,#3334,.T.);
#4690=ORIENTED_EDGE('',*,*,#3148,.T.);
#4691=ORIENTED_EDGE('',*,*,#3336,.F.);
#4692=ORIENTED_EDGE('',*,*,#3084,.T.);
#4693=ORIENTED_EDGE('',*,*,#3335,.T.);
#4694=ORIENTED_EDGE('',*,*,#3147,.T.);
#4695=ORIENTED_EDGE('',*,*,#3337,.F.);
#4696=ORIENTED_EDGE('',*,*,#3085,.T.);
#4697=ORIENTED_EDGE('',*,*,#3336,.T.);
#4698=ORIENTED_EDGE('',*,*,#3286,.F.);
#4699=ORIENTED_EDGE('',*,*,#3291,.F.);
#4700=ORIENTED_EDGE('',*,*,#3300,.F.);
#4701=ORIENTED_EDGE('',*,*,#3296,.F.);
#4702=ORIENTED_EDGE('',*,*,#3316,.F.);
#4703=ORIENTED_EDGE('',*,*,#3086,.T.);
#4704=ORIENTED_EDGE('',*,*,#3337,.T.);
#4705=ORIENTED_EDGE('',*,*,#3146,.T.);
#4706=ORIENTED_EDGE('',*,*,#3314,.F.);
#4707=ORIENTED_EDGE('',*,*,#3311,.F.);
#4708=ORIENTED_EDGE('',*,*,#3308,.F.);
#4709=ORIENTED_EDGE('',*,*,#3305,.F.);
#4710=ORIENTED_EDGE('',*,*,#3302,.F.);
#4711=ORIENTED_EDGE('',*,*,#3295,.F.);
#4712=ORIENTED_EDGE('',*,*,#3304,.T.);
#4713=ORIENTED_EDGE('',*,*,#3307,.T.);
#4714=ORIENTED_EDGE('',*,*,#3310,.T.);
#4715=ORIENTED_EDGE('',*,*,#3313,.T.);
#4716=ORIENTED_EDGE('',*,*,#3315,.T.);
#4717=ORIENTED_EDGE('',*,*,#3144,.T.);
#4718=ORIENTED_EDGE('',*,*,#3338,.F.);
#4719=ORIENTED_EDGE('',*,*,#3088,.T.);
#4720=ORIENTED_EDGE('',*,*,#3317,.T.);
#4721=ORIENTED_EDGE('',*,*,#3298,.T.);
#4722=ORIENTED_EDGE('',*,*,#3301,.T.);
#4723=ORIENTED_EDGE('',*,*,#3289,.T.);
#4724=ORIENTED_EDGE('',*,*,#3143,.T.);
#4725=ORIENTED_EDGE('',*,*,#3339,.F.);
#4726=ORIENTED_EDGE('',*,*,#3089,.T.);
#4727=ORIENTED_EDGE('',*,*,#3338,.T.);
#4728=ORIENTED_EDGE('',*,*,#3142,.T.);
#4729=ORIENTED_EDGE('',*,*,#3340,.F.);
#4730=ORIENTED_EDGE('',*,*,#3090,.T.);
#4731=ORIENTED_EDGE('',*,*,#3339,.T.);
#4732=ORIENTED_EDGE('',*,*,#3141,.T.);
#4733=ORIENTED_EDGE('',*,*,#3341,.F.);
#4734=ORIENTED_EDGE('',*,*,#3091,.T.);
#4735=ORIENTED_EDGE('',*,*,#3340,.T.);
#4736=ORIENTED_EDGE('',*,*,#3140,.T.);
#4737=ORIENTED_EDGE('',*,*,#3342,.F.);
#4738=ORIENTED_EDGE('',*,*,#3092,.T.);
#4739=ORIENTED_EDGE('',*,*,#3341,.T.);
#4740=ORIENTED_EDGE('',*,*,#3139,.T.);
#4741=ORIENTED_EDGE('',*,*,#3343,.F.);
#4742=ORIENTED_EDGE('',*,*,#3093,.T.);
#4743=ORIENTED_EDGE('',*,*,#3342,.T.);
#4744=ORIENTED_EDGE('',*,*,#3138,.T.);
#4745=ORIENTED_EDGE('',*,*,#3344,.F.);
#4746=ORIENTED_EDGE('',*,*,#3094,.T.);
#4747=ORIENTED_EDGE('',*,*,#3343,.T.);
#4748=ORIENTED_EDGE('',*,*,#3137,.T.);
#4749=ORIENTED_EDGE('',*,*,#3345,.F.);
#4750=ORIENTED_EDGE('',*,*,#3095,.T.);
#4751=ORIENTED_EDGE('',*,*,#3344,.T.);
#4752=ORIENTED_EDGE('',*,*,#3136,.T.);
#4753=ORIENTED_EDGE('',*,*,#3346,.F.);
#4754=ORIENTED_EDGE('',*,*,#3096,.T.);
#4755=ORIENTED_EDGE('',*,*,#3345,.T.);
#4756=ORIENTED_EDGE('',*,*,#3135,.T.);
#4757=ORIENTED_EDGE('',*,*,#3347,.F.);
#4758=ORIENTED_EDGE('',*,*,#3097,.T.);
#4759=ORIENTED_EDGE('',*,*,#3346,.T.);
#4760=ORIENTED_EDGE('',*,*,#3134,.T.);
#4761=ORIENTED_EDGE('',*,*,#3327,.F.);
#4762=ORIENTED_EDGE('',*,*,#3098,.T.);
#4763=ORIENTED_EDGE('',*,*,#3347,.T.);
#4764=ORIENTED_EDGE('',*,*,#3269,.F.);
#4765=ORIENTED_EDGE('',*,*,#3348,.T.);
#4766=ORIENTED_EDGE('',*,*,#3277,.F.);
#4767=ORIENTED_EDGE('',*,*,#3348,.F.);
#4768=ORIENTED_EDGE('',*,*,#3268,.F.);
#4769=ORIENTED_EDGE('',*,*,#3349,.T.);
#4770=ORIENTED_EDGE('',*,*,#3278,.F.);
#4771=ORIENTED_EDGE('',*,*,#3349,.F.);
#4772=ORIENTED_EDGE('',*,*,#3267,.F.);
#4773=ORIENTED_EDGE('',*,*,#3350,.T.);
#4774=ORIENTED_EDGE('',*,*,#3279,.F.);
#4775=ORIENTED_EDGE('',*,*,#3350,.F.);
#4776=ORIENTED_EDGE('',*,*,#3266,.F.);
#4777=ORIENTED_EDGE('',*,*,#3351,.T.);
#4778=ORIENTED_EDGE('',*,*,#3280,.F.);
#4779=ORIENTED_EDGE('',*,*,#3351,.F.);
#4780=ORIENTED_EDGE('',*,*,#3265,.F.);
#4781=ORIENTED_EDGE('',*,*,#3352,.T.);
#4782=ORIENTED_EDGE('',*,*,#3281,.F.);
#4783=ORIENTED_EDGE('',*,*,#3352,.F.);
#4784=ORIENTED_EDGE('',*,*,#3274,.T.);
#4785=ORIENTED_EDGE('',*,*,#3282,.F.);
#4786=ORIENTED_EDGE('',*,*,#3263,.F.);
#4787=ORIENTED_EDGE('',*,*,#3353,.T.);
#4788=ORIENTED_EDGE('',*,*,#3272,.T.);
#4789=ORIENTED_EDGE('',*,*,#3354,.F.);
#4790=ORIENTED_EDGE('',*,*,#3258,.F.);
#4791=ORIENTED_EDGE('',*,*,#3164,.T.);
#4792=ORIENTED_EDGE('',*,*,#3271,.T.);
#4793=ORIENTED_EDGE('',*,*,#3355,.F.);
#4794=ORIENTED_EDGE('',*,*,#3259,.F.);
#4795=ORIENTED_EDGE('',*,*,#3354,.T.);
#4796=ORIENTED_EDGE('',*,*,#3270,.T.);
#4797=ORIENTED_EDGE('',*,*,#3158,.F.);
#4798=ORIENTED_EDGE('',*,*,#3260,.F.);
#4799=ORIENTED_EDGE('',*,*,#3355,.T.);
#4800=ORIENTED_EDGE('',*,*,#3276,.T.);
#4801=ORIENTED_EDGE('',*,*,#3356,.F.);
#4802=ORIENTED_EDGE('',*,*,#3261,.F.);
#4803=ORIENTED_EDGE('',*,*,#3116,.T.);
#4804=ORIENTED_EDGE('',*,*,#3275,.T.);
#4805=ORIENTED_EDGE('',*,*,#3353,.F.);
#4806=ORIENTED_EDGE('',*,*,#3262,.F.);
#4807=ORIENTED_EDGE('',*,*,#3356,.T.);
#4808=ORIENTED_EDGE('',*,*,#3357,.F.);
#4809=ORIENTED_EDGE('',*,*,#3358,.F.);
#4810=ORIENTED_EDGE('',*,*,#3359,.T.);
#4811=ORIENTED_EDGE('',*,*,#3360,.T.);
#4812=ORIENTED_EDGE('',*,*,#3361,.T.);
#4813=ORIENTED_EDGE('',*,*,#3359,.F.);
#4814=ORIENTED_EDGE('',*,*,#3357,.T.);
#4815=ORIENTED_EDGE('',*,*,#3358,.T.);
#4816=ORIENTED_EDGE('',*,*,#3361,.F.);
#4817=ORIENTED_EDGE('',*,*,#3360,.F.);
#4818=ORIENTED_EDGE('',*,*,#3362,.T.);
#4819=ORIENTED_EDGE('',*,*,#3363,.T.);
#4820=ORIENTED_EDGE('',*,*,#3364,.T.);
#4821=ORIENTED_EDGE('',*,*,#3363,.F.);
#4822=ORIENTED_EDGE('',*,*,#3362,.F.);
#4823=ORIENTED_EDGE('',*,*,#3365,.T.);
#4824=ORIENTED_EDGE('',*,*,#3366,.F.);
#4825=ORIENTED_EDGE('',*,*,#3365,.F.);
#4826=ORIENTED_EDGE('',*,*,#3364,.F.);
#4827=ORIENTED_EDGE('',*,*,#3367,.T.);
#4828=ORIENTED_EDGE('',*,*,#3368,.F.);
#4829=ORIENTED_EDGE('',*,*,#3367,.F.);
#4830=ORIENTED_EDGE('',*,*,#3369,.F.);
#4831=ORIENTED_EDGE('',*,*,#3370,.F.);
#4832=ORIENTED_EDGE('',*,*,#3371,.F.);
#4833=ORIENTED_EDGE('',*,*,#3372,.T.);
#4834=ORIENTED_EDGE('',*,*,#3373,.F.);
#4835=ORIENTED_EDGE('',*,*,#3372,.F.);
#4836=ORIENTED_EDGE('',*,*,#3374,.F.);
#4837=ORIENTED_EDGE('',*,*,#3375,.T.);
#4838=ORIENTED_EDGE('',*,*,#3376,.F.);
#4839=ORIENTED_EDGE('',*,*,#3375,.F.);
#4840=ORIENTED_EDGE('',*,*,#3377,.F.);
#4841=ORIENTED_EDGE('',*,*,#3378,.T.);
#4842=ORIENTED_EDGE('',*,*,#3379,.F.);
#4843=ORIENTED_EDGE('',*,*,#3378,.F.);
#4844=ORIENTED_EDGE('',*,*,#3380,.F.);
#4845=ORIENTED_EDGE('',*,*,#3370,.T.);
#4846=ORIENTED_EDGE('',*,*,#3369,.T.);
#4847=ORIENTED_EDGE('',*,*,#3373,.T.);
#4848=ORIENTED_EDGE('',*,*,#3376,.T.);
#4849=ORIENTED_EDGE('',*,*,#3379,.T.);
#4850=ORIENTED_EDGE('',*,*,#3381,.F.);
#4851=ORIENTED_EDGE('',*,*,#3382,.F.);
#4852=ORIENTED_EDGE('',*,*,#3383,.F.);
#4853=ORIENTED_EDGE('',*,*,#3384,.T.);
#4854=ORIENTED_EDGE('',*,*,#3385,.F.);
#4855=ORIENTED_EDGE('',*,*,#3384,.F.);
#4856=ORIENTED_EDGE('',*,*,#3386,.F.);
#4857=ORIENTED_EDGE('',*,*,#3387,.T.);
#4858=ORIENTED_EDGE('',*,*,#3388,.F.);
#4859=ORIENTED_EDGE('',*,*,#3387,.F.);
#4860=ORIENTED_EDGE('',*,*,#3389,.F.);
#4861=ORIENTED_EDGE('',*,*,#3390,.T.);
#4862=ORIENTED_EDGE('',*,*,#3391,.F.);
#4863=ORIENTED_EDGE('',*,*,#3390,.F.);
#4864=ORIENTED_EDGE('',*,*,#3392,.F.);
#4865=ORIENTED_EDGE('',*,*,#3382,.T.);
#4866=ORIENTED_EDGE('',*,*,#3381,.T.);
#4867=ORIENTED_EDGE('',*,*,#3385,.T.);
#4868=ORIENTED_EDGE('',*,*,#3388,.T.);
#4869=ORIENTED_EDGE('',*,*,#3391,.T.);
#4870=ORIENTED_EDGE('',*,*,#3393,.F.);
#4871=ORIENTED_EDGE('',*,*,#3394,.F.);
#4872=ORIENTED_EDGE('',*,*,#3395,.F.);
#4873=ORIENTED_EDGE('',*,*,#3396,.T.);
#4874=ORIENTED_EDGE('',*,*,#3397,.F.);
#4875=ORIENTED_EDGE('',*,*,#3396,.F.);
#4876=ORIENTED_EDGE('',*,*,#3398,.F.);
#4877=ORIENTED_EDGE('',*,*,#3399,.T.);
#4878=ORIENTED_EDGE('',*,*,#3400,.F.);
#4879=ORIENTED_EDGE('',*,*,#3399,.F.);
#4880=ORIENTED_EDGE('',*,*,#3401,.F.);
#4881=ORIENTED_EDGE('',*,*,#3402,.T.);
#4882=ORIENTED_EDGE('',*,*,#3403,.F.);
#4883=ORIENTED_EDGE('',*,*,#3402,.F.);
#4884=ORIENTED_EDGE('',*,*,#3404,.F.);
#4885=ORIENTED_EDGE('',*,*,#3394,.T.);
#4886=ORIENTED_EDGE('',*,*,#3393,.T.);
#4887=ORIENTED_EDGE('',*,*,#3397,.T.);
#4888=ORIENTED_EDGE('',*,*,#3400,.T.);
#4889=ORIENTED_EDGE('',*,*,#3403,.T.);
#4890=ORIENTED_EDGE('',*,*,#3405,.F.);
#4891=ORIENTED_EDGE('',*,*,#3406,.F.);
#4892=ORIENTED_EDGE('',*,*,#3407,.F.);
#4893=ORIENTED_EDGE('',*,*,#3408,.T.);
#4894=ORIENTED_EDGE('',*,*,#3409,.F.);
#4895=ORIENTED_EDGE('',*,*,#3408,.F.);
#4896=ORIENTED_EDGE('',*,*,#3410,.F.);
#4897=ORIENTED_EDGE('',*,*,#3411,.T.);
#4898=ORIENTED_EDGE('',*,*,#3412,.F.);
#4899=ORIENTED_EDGE('',*,*,#3411,.F.);
#4900=ORIENTED_EDGE('',*,*,#3413,.F.);
#4901=ORIENTED_EDGE('',*,*,#3414,.T.);
#4902=ORIENTED_EDGE('',*,*,#3415,.F.);
#4903=ORIENTED_EDGE('',*,*,#3414,.F.);
#4904=ORIENTED_EDGE('',*,*,#3416,.F.);
#4905=ORIENTED_EDGE('',*,*,#3406,.T.);
#4906=ORIENTED_EDGE('',*,*,#3405,.T.);
#4907=ORIENTED_EDGE('',*,*,#3409,.T.);
#4908=ORIENTED_EDGE('',*,*,#3412,.T.);
#4909=ORIENTED_EDGE('',*,*,#3415,.T.);
#4910=ORIENTED_EDGE('',*,*,#3417,.T.);
#4911=ORIENTED_EDGE('',*,*,#3418,.T.);
#4912=ORIENTED_EDGE('',*,*,#3419,.F.);
#4913=ORIENTED_EDGE('',*,*,#3418,.F.);
#4914=ORIENTED_EDGE('',*,*,#3417,.F.);
#4915=ORIENTED_EDGE('',*,*,#3366,.T.);
#4916=ORIENTED_EDGE('',*,*,#3419,.T.);
#4917=ORIENTED_EDGE('',*,*,#3368,.T.);
#4918=ORIENTED_EDGE('',*,*,#3371,.T.);
#4919=ORIENTED_EDGE('',*,*,#3380,.T.);
#4920=ORIENTED_EDGE('',*,*,#3377,.T.);
#4921=ORIENTED_EDGE('',*,*,#3374,.T.);
#4922=ORIENTED_EDGE('',*,*,#3383,.T.);
#4923=ORIENTED_EDGE('',*,*,#3392,.T.);
#4924=ORIENTED_EDGE('',*,*,#3389,.T.);
#4925=ORIENTED_EDGE('',*,*,#3386,.T.);
#4926=ORIENTED_EDGE('',*,*,#3395,.T.);
#4927=ORIENTED_EDGE('',*,*,#3404,.T.);
#4928=ORIENTED_EDGE('',*,*,#3401,.T.);
#4929=ORIENTED_EDGE('',*,*,#3398,.T.);
#4930=ORIENTED_EDGE('',*,*,#3407,.T.);
#4931=ORIENTED_EDGE('',*,*,#3416,.T.);
#4932=ORIENTED_EDGE('',*,*,#3413,.T.);
#4933=ORIENTED_EDGE('',*,*,#3410,.T.);
#4934=PLANE('',#5485);
#4935=PLANE('',#5490);
#4936=PLANE('',#5495);
#4937=PLANE('',#5500);
#4938=PLANE('',#5505);
#4939=PLANE('',#5506);
#4940=PLANE('',#5507);
#4941=PLANE('',#5508);
#4942=PLANE('',#5509);
#4943=PLANE('',#5510);
#4944=PLANE('',#5511);
#4945=PLANE('',#5512);
#4946=PLANE('',#5513);
#4947=PLANE('',#5514);
#4948=PLANE('',#5515);
#4949=PLANE('',#5520);
#4950=PLANE('',#5539);
#4951=PLANE('',#5540);
#4952=PLANE('',#5541);
#4953=PLANE('',#5550);
#4954=PLANE('',#5565);
#4955=PLANE('',#5566);
#4956=PLANE('',#5567);
#4957=PLANE('',#5576);
#4958=PLANE('',#5580);
#4959=PLANE('',#5589);
#4960=PLANE('',#5598);
#4961=PLANE('',#5599);
#4962=PLANE('',#5600);
#4963=PLANE('',#5601);
#4964=PLANE('',#5602);
#4965=PLANE('',#5603);
#4966=PLANE('',#5604);
#4967=PLANE('',#5607);
#4968=PLANE('',#5608);
#4969=PLANE('',#5613);
#4970=PLANE('',#5614);
#4971=PLANE('',#5615);
#4972=PLANE('',#5616);
#4973=PLANE('',#5617);
#4974=PLANE('',#5618);
#4975=PLANE('',#5619);
#4976=PLANE('',#5620);
#4977=PLANE('',#5621);
#4978=PLANE('',#5622);
#4979=PLANE('',#5623);
#4980=PLANE('',#5624);
#4981=PLANE('',#5625);
#4982=PLANE('',#5626);
#4983=PLANE('',#5627);
#4984=PLANE('',#5628);
#4985=PLANE('',#5629);
#4986=PLANE('',#5630);
#4987=PLANE('',#5631);
#4988=PLANE('',#5632);
#4989=PLANE('',#5633);
#4990=PLANE('',#5634);
#4991=PLANE('',#5635);
#4992=PLANE('',#5636);
#4993=PLANE('',#5637);
#4994=PLANE('',#5638);
#4995=PLANE('',#5639);
#4996=PLANE('',#5640);
#4997=PLANE('',#5641);
#4998=PLANE('',#5642);
#4999=PLANE('',#5643);
#5000=PLANE('',#5644);
#5001=PLANE('',#5645);
#5002=PLANE('',#5646);
#5003=PLANE('',#5647);
#5004=PLANE('',#5648);
#5005=PLANE('',#5649);
#5006=PLANE('',#5650);
#5007=PLANE('',#5651);
#5008=PLANE('',#5652);
#5009=PLANE('',#5653);
#5010=PLANE('',#5654);
#5011=PLANE('',#5655);
#5012=PLANE('',#5656);
#5013=PLANE('',#5657);
#5014=PLANE('',#5666);
#5015=PLANE('',#5669);
#5016=PLANE('',#5670);
#5017=PLANE('',#5673);
#5018=PLANE('',#5674);
#5019=PLANE('',#5677);
#5020=PLANE('',#5678);
#5021=PLANE('',#5681);
#5022=PLANE('',#5682);
#5023=PLANE('',#5683);
#5024=PLANE('',#5684);
#5025=PLANE('',#5685);
#5026=PLANE('',#5686);
#5027=PLANE('',#5687);
#5028=PLANE('',#5688);
#5029=PLANE('',#5689);
#5030=PLANE('',#5690);
#5031=PLANE('',#5691);
#5032=PLANE('',#5696);
#5033=PLANE('',#5708);
#5034=PLANE('',#5713);
#5035=PLANE('',#5716);
#5036=PLANE('',#5722);
#5037=PLANE('',#5723);
#5038=PLANE('',#5737);
#5039=PLANE('',#5741);
#5040=PLANE('',#5744);
#5041=PLANE('',#5747);
#5042=PLANE('',#5757);
#5043=PLANE('',#5762);
#5044=PLANE('',#5767);
#5045=PLANE('',#5768);
#5046=PLANE('',#5772);
#5047=PLANE('',#5778);
#5048=PLANE('',#5779);
#5049=PLANE('',#5780);
#5050=PLANE('',#5783);
#5051=PLANE('',#5786);
#5052=PLANE('',#5792);
#5053=PLANE('',#5793);
#5054=PLANE('',#5794);
#5055=PLANE('',#5795);
#5056=PLANE('',#5796);
#5057=PLANE('',#5797);
#5058=PLANE('',#5800);
#5059=PLANE('',#5803);
#5060=PLANE('',#5806);
#5061=PLANE('',#5809);
#5062=PLANE('',#5812);
#5063=PLANE('',#5815);
#5064=PLANE('',#5816);
#5065=PLANE('',#5817);
#5066=PLANE('',#5818);
#5067=PLANE('',#5819);
#5068=PLANE('',#5820);
#5069=PLANE('',#5821);
#5070=PLANE('',#5827);
#5071=PLANE('',#5833);
#5072=PLANE('',#5837);
#5073=PLANE('',#5839);
#5074=PLANE('',#5845);
#5075=PLANE('',#5846);
#5076=PLANE('',#5847);
#5077=PLANE('',#5851);
#5078=PLANE('',#5855);
#5079=PLANE('',#5858);
#5080=PLANE('',#5859);
#5081=PLANE('',#5862);
#5082=PLANE('',#5863);
#5083=PLANE('',#5864);
#5084=PLANE('',#5865);
#5085=PLANE('',#5866);
#5086=PLANE('',#5867);
#5087=PLANE('',#5869);
#5088=PLANE('',#5871);
#5089=PLANE('',#5872);
#5090=PLANE('',#5874);
#5091=PLANE('',#5876);
#5092=PLANE('',#5878);
#5093=PLANE('',#5880);
#5094=PLANE('',#5881);
#5095=PLANE('',#5882);
#5096=PLANE('',#5888);
#5097=PLANE('',#5889);
#5098=PLANE('',#5890);
#5099=PLANE('',#5891);
#5100=PLANE('',#5892);
#5101=PLANE('',#5893);
#5102=PLANE('',#5909);
#5103=PLANE('',#5915);
#5104=PLANE('',#5919);
#5105=PLANE('',#5920);
#5106=PLANE('',#5924);
#5107=PLANE('',#5928);
#5108=PLANE('',#5929);
#5109=PLANE('',#5933);
#5110=PLANE('',#5937);
#5111=PLANE('',#5938);
#5112=PLANE('',#5942);
#5113=PLANE('',#5946);
#5114=PLANE('',#5947);
#5115=PLANE('',#5951);
#5116=PLANE('',#5952);
#5117=ADVANCED_FACE('',(#1394,#1360),#4934,.T.);
#5118=ADVANCED_FACE('',(#1395),#1355,.F.);
#5119=ADVANCED_FACE('',(#1396,#1361),#4935,.T.);
#5120=ADVANCED_FACE('',(#1397),#1356,.F.);
#5121=ADVANCED_FACE('',(#1398,#1362),#4936,.T.);
#5122=ADVANCED_FACE('',(#1399),#1357,.F.);
#5123=ADVANCED_FACE('',(#1400,#1363),#4937,.T.);
#5124=ADVANCED_FACE('',(#1401),#1358,.F.);
#5125=ADVANCED_FACE('',(#1402),#4938,.F.);
#5126=ADVANCED_FACE('',(#1403),#4939,.F.);
#5127=ADVANCED_FACE('',(#1404),#4940,.F.);
#5128=ADVANCED_FACE('',(#1405),#4941,.F.);
#5129=ADVANCED_FACE('',(#1406),#4942,.T.);
#5130=ADVANCED_FACE('',(#1407),#4943,.T.);
#5131=ADVANCED_FACE('',(#1408),#4944,.F.);
#5132=ADVANCED_FACE('',(#1409),#4945,.F.);
#5133=ADVANCED_FACE('',(#1410),#4946,.T.);
#5134=ADVANCED_FACE('',(#1411),#4947,.F.);
#5135=ADVANCED_FACE('',(#1412),#4948,.F.);
#5136=ADVANCED_FACE('',(#1413),#166,.F.);
#5137=ADVANCED_FACE('',(#1414,#1364),#4949,.T.);
#5138=ADVANCED_FACE('',(#1415),#76,.T.);
#5139=ADVANCED_FACE('',(#1416),#167,.T.);
#5140=ADVANCED_FACE('',(#1417),#77,.T.);
#5141=ADVANCED_FACE('',(#1418),#78,.T.);
#5142=ADVANCED_FACE('',(#1419),#79,.T.);
#5143=ADVANCED_FACE('',(#1420),#168,.T.);
#5144=ADVANCED_FACE('',(#1421),#80,.T.);
#5145=ADVANCED_FACE('',(#1422),#81,.T.);
#5146=ADVANCED_FACE('',(#1423),#82,.T.);
#5147=ADVANCED_FACE('',(#1424),#4950,.T.);
#5148=ADVANCED_FACE('',(#1425),#4951,.T.);
#5149=ADVANCED_FACE('',(#1426),#4952,.T.);
#5150=ADVANCED_FACE('',(#1427),#83,.F.);
#5151=ADVANCED_FACE('',(#1428),#84,.F.);
#5152=ADVANCED_FACE('',(#1429),#85,.F.);
#5153=ADVANCED_FACE('',(#1430),#86,.F.);
#5154=ADVANCED_FACE('',(#1431,#1365),#4953,.T.);
#5155=ADVANCED_FACE('',(#1432),#87,.T.);
#5156=ADVANCED_FACE('',(#1433),#88,.T.);
#5157=ADVANCED_FACE('',(#1434),#89,.T.);
#5158=ADVANCED_FACE('',(#1435),#90,.T.);
#5159=ADVANCED_FACE('',(#1436),#91,.T.);
#5160=ADVANCED_FACE('',(#1437),#92,.T.);
#5161=ADVANCED_FACE('',(#1438),#4954,.T.);
#5162=ADVANCED_FACE('',(#1439),#4955,.T.);
#5163=ADVANCED_FACE('',(#1440),#4956,.T.);
#5164=ADVANCED_FACE('',(#1441),#93,.T.);
#5165=ADVANCED_FACE('',(#1442),#94,.T.);
#5166=ADVANCED_FACE('',(#1443),#95,.T.);
#5167=ADVANCED_FACE('',(#1444),#96,.T.);
#5168=ADVANCED_FACE('',(#1445),#4957,.T.);
#5169=ADVANCED_FACE('',(#1446),#169,.T.);
#5170=ADVANCED_FACE('',(#1447),#4958,.F.);
#5171=ADVANCED_FACE('',(#1448),#97,.T.);
#5172=ADVANCED_FACE('',(#1449),#98,.T.);
#5173=ADVANCED_FACE('',(#1450),#99,.T.);
#5174=ADVANCED_FACE('',(#1451),#100,.T.);
#5175=ADVANCED_FACE('',(#1452),#4959,.T.);
#5176=ADVANCED_FACE('',(#1453),#101,.F.);
#5177=ADVANCED_FACE('',(#1454),#102,.F.);
#5178=ADVANCED_FACE('',(#1455),#103,.F.);
#5179=ADVANCED_FACE('',(#1456),#104,.F.);
#5180=ADVANCED_FACE('',(#1457,#1366),#4960,.T.);
#5181=ADVANCED_FACE('',(#1458),#4961,.T.);
#5182=ADVANCED_FACE('',(#1459),#4962,.T.);
#5183=ADVANCED_FACE('',(#1460),#4963,.T.);
#5184=ADVANCED_FACE('',(#1461),#4964,.T.);
#5185=ADVANCED_FACE('',(#1462),#4965,.T.);
#5186=ADVANCED_FACE('',(#1463),#4966,.T.);
#5187=ADVANCED_FACE('',(#1464),#105,.T.);
#5188=ADVANCED_FACE('',(#1465),#4967,.T.);
#5189=ADVANCED_FACE('',(#1466,#1367,#1368),#4968,.T.);
#5190=ADVANCED_FACE('',(#1467),#4969,.T.);
#5191=ADVANCED_FACE('',(#1468),#4970,.F.);
#5192=ADVANCED_FACE('',(#1469),#4971,.F.);
#5193=ADVANCED_FACE('',(#1470),#4972,.F.);
#5194=ADVANCED_FACE('',(#1471),#4973,.F.);
#5195=ADVANCED_FACE('',(#1472),#4974,.F.);
#5196=ADVANCED_FACE('',(#1473),#4975,.T.);
#5197=ADVANCED_FACE('',(#1474),#4976,.F.);
#5198=ADVANCED_FACE('',(#1475),#4977,.T.);
#5199=ADVANCED_FACE('',(#1476),#4978,.T.);
#5200=ADVANCED_FACE('',(#1477),#4979,.T.);
#5201=ADVANCED_FACE('',(#1478),#4980,.F.);
#5202=ADVANCED_FACE('',(#1479),#4981,.T.);
#5203=ADVANCED_FACE('',(#1480),#4982,.F.);
#5204=ADVANCED_FACE('',(#1481),#4983,.F.);
#5205=ADVANCED_FACE('',(#1482),#4984,.F.);
#5206=ADVANCED_FACE('',(#1483),#4985,.F.);
#5207=ADVANCED_FACE('',(#1484),#4986,.F.);
#5208=ADVANCED_FACE('',(#1485),#4987,.F.);
#5209=ADVANCED_FACE('',(#1486),#4988,.F.);
#5210=ADVANCED_FACE('',(#1487),#4989,.F.);
#5211=ADVANCED_FACE('',(#1488),#4990,.F.);
#5212=ADVANCED_FACE('',(#1489),#4991,.F.);
#5213=ADVANCED_FACE('',(#1490),#4992,.F.);
#5214=ADVANCED_FACE('',(#1491),#4993,.F.);
#5215=ADVANCED_FACE('',(#1492),#4994,.F.);
#5216=ADVANCED_FACE('',(#1493),#4995,.T.);
#5217=ADVANCED_FACE('',(#1494),#4996,.F.);
#5218=ADVANCED_FACE('',(#1495),#4997,.F.);
#5219=ADVANCED_FACE('',(#1496),#4998,.F.);
#5220=ADVANCED_FACE('',(#1497),#4999,.T.);
#5221=ADVANCED_FACE('',(#1498),#5000,.T.);
#5222=ADVANCED_FACE('',(#1499),#5001,.T.);
#5223=ADVANCED_FACE('',(#1500),#5002,.T.);
#5224=ADVANCED_FACE('',(#1501),#5003,.T.);
#5225=ADVANCED_FACE('',(#1502),#5004,.T.);
#5226=ADVANCED_FACE('',(#1503),#5005,.T.);
#5227=ADVANCED_FACE('',(#1504),#5006,.F.);
#5228=ADVANCED_FACE('',(#1505),#5007,.T.);
#5229=ADVANCED_FACE('',(#1506),#5008,.T.);
#5230=ADVANCED_FACE('',(#1507),#5009,.T.);
#5231=ADVANCED_FACE('',(#1508),#5010,.T.);
#5232=ADVANCED_FACE('',(#1509),#5011,.F.);
#5233=ADVANCED_FACE('',(#1510),#5012,.F.);
#5234=ADVANCED_FACE('',(#1511),#5013,.F.);
#5235=ADVANCED_FACE('',(#1512),#106,.T.);
#5236=ADVANCED_FACE('',(#1513),#107,.T.);
#5237=ADVANCED_FACE('',(#1514),#108,.T.);
#5238=ADVANCED_FACE('',(#1515),#109,.T.);
#5239=ADVANCED_FACE('',(#1516),#5014,.T.);
#5240=ADVANCED_FACE('',(#1517),#110,.F.);
#5241=ADVANCED_FACE('',(#1518),#5015,.T.);
#5242=ADVANCED_FACE('',(#1519),#5016,.T.);
#5243=ADVANCED_FACE('',(#1520),#111,.F.);
#5244=ADVANCED_FACE('',(#1521),#5017,.T.);
#5245=ADVANCED_FACE('',(#1522),#5018,.T.);
#5246=ADVANCED_FACE('',(#1523),#112,.F.);
#5247=ADVANCED_FACE('',(#1524),#5019,.T.);
#5248=ADVANCED_FACE('',(#1525),#5020,.T.);
#5249=ADVANCED_FACE('',(#1526),#113,.F.);
#5250=ADVANCED_FACE('',(#1527),#5021,.T.);
#5251=ADVANCED_FACE('',(#1528),#5022,.F.);
#5252=ADVANCED_FACE('',(#1529),#5023,.F.);
#5253=ADVANCED_FACE('',(#1530),#5024,.F.);
#5254=ADVANCED_FACE('',(#1531),#5025,.F.);
#5255=ADVANCED_FACE('',(#1532,#1369,#1370),#5026,.T.);
#5256=ADVANCED_FACE('',(#1533),#5027,.T.);
#5257=ADVANCED_FACE('',(#1534,#1371,#1372),#5028,.T.);
#5258=ADVANCED_FACE('',(#1535),#5029,.T.);
#5259=ADVANCED_FACE('',(#1536),#5030,.F.);
#5260=ADVANCED_FACE('',(#1537,#1373,#1374,#1375,#1376,#1377),#5031,.T.);
#5261=ADVANCED_FACE('',(#1538),#114,.T.);
#5262=ADVANCED_FACE('',(#1539),#5032,.T.);
#5263=ADVANCED_FACE('',(#1540),#5033,.F.);
#5264=ADVANCED_FACE('',(#1541),#115,.T.);
#5265=ADVANCED_FACE('',(#1542),#116,.T.);
#5266=ADVANCED_FACE('',(#1543),#5034,.F.);
#5267=ADVANCED_FACE('',(#1544),#117,.F.);
#5268=ADVANCED_FACE('',(#1545),#5035,.F.);
#5269=ADVANCED_FACE('',(#1546),#118,.F.);
#5270=ADVANCED_FACE('',(#1547),#119,.T.);
#5271=ADVANCED_FACE('',(#1548),#5036,.T.);
#5272=ADVANCED_FACE('',(#1549),#5037,.T.);
#5273=ADVANCED_FACE('',(#1550),#120,.F.);
#5274=ADVANCED_FACE('',(#1551),#5038,.T.);
#5275=ADVANCED_FACE('',(#1552),#121,.F.);
#5276=ADVANCED_FACE('',(#1553),#5039,.T.);
#5277=ADVANCED_FACE('',(#1554),#122,.T.);
#5278=ADVANCED_FACE('',(#1555),#5040,.T.);
#5279=ADVANCED_FACE('',(#1556),#123,.T.);
#5280=ADVANCED_FACE('',(#1557),#5041,.T.);
#5281=ADVANCED_FACE('',(#1558),#124,.T.);
#5282=ADVANCED_FACE('',(#1559),#5042,.T.);
#5283=ADVANCED_FACE('',(#1560),#125,.T.);
#5284=ADVANCED_FACE('',(#1561),#5043,.T.);
#5285=ADVANCED_FACE('',(#1562),#126,.T.);
#5286=ADVANCED_FACE('',(#1563),#5044,.F.);
#5287=ADVANCED_FACE('',(#1564),#5045,.F.);
#5288=ADVANCED_FACE('',(#1565),#127,.T.);
#5289=ADVANCED_FACE('',(#1566),#5046,.F.);
#5290=ADVANCED_FACE('',(#1567),#128,.T.);
#5291=ADVANCED_FACE('',(#1568),#5047,.F.);
#5292=ADVANCED_FACE('',(#1569),#5048,.F.);
#5293=ADVANCED_FACE('',(#1570),#5049,.F.);
#5294=ADVANCED_FACE('',(#1571),#129,.F.);
#5295=ADVANCED_FACE('',(#1572),#5050,.F.);
#5296=ADVANCED_FACE('',(#1573),#130,.T.);
#5297=ADVANCED_FACE('',(#1574),#5051,.F.);
#5298=ADVANCED_FACE('',(#1575),#131,.T.);
#5299=ADVANCED_FACE('',(#1576),#132,.F.);
#5300=ADVANCED_FACE('',(#1577),#5052,.F.);
#5301=ADVANCED_FACE('',(#1578),#5053,.F.);
#5302=ADVANCED_FACE('',(#1579),#5054,.F.);
#5303=ADVANCED_FACE('',(#1580),#5055,.F.);
#5304=ADVANCED_FACE('',(#1581),#5056,.F.);
#5305=ADVANCED_FACE('',(#1582),#5057,.F.);
#5306=ADVANCED_FACE('',(#1583),#133,.F.);
#5307=ADVANCED_FACE('',(#1584),#5058,.F.);
#5308=ADVANCED_FACE('',(#1585),#134,.F.);
#5309=ADVANCED_FACE('',(#1586),#5059,.F.);
#5310=ADVANCED_FACE('',(#1587),#135,.F.);
#5311=ADVANCED_FACE('',(#1588),#5060,.F.);
#5312=ADVANCED_FACE('',(#1589),#136,.F.);
#5313=ADVANCED_FACE('',(#1590),#5061,.F.);
#5314=ADVANCED_FACE('',(#1591),#137,.T.);
#5315=ADVANCED_FACE('',(#1592),#5062,.F.);
#5316=ADVANCED_FACE('',(#1593),#138,.T.);
#5317=ADVANCED_FACE('',(#1594),#5063,.F.);
#5318=ADVANCED_FACE('',(#1595),#5064,.F.);
#5319=ADVANCED_FACE('',(#1596),#5065,.F.);
#5320=ADVANCED_FACE('',(#1597),#5066,.F.);
#5321=ADVANCED_FACE('',(#1598),#5067,.F.);
#5322=ADVANCED_FACE('',(#1599),#5068,.F.);
#5323=ADVANCED_FACE('',(#1600,#1378,#1379,#1380,#1381,#1382),#5069,.F.);
#5324=ADVANCED_FACE('',(#1601,#1383,#1384,#1385,#1386,#1387),#5070,.T.);
#5325=ADVANCED_FACE('',(#1602),#5071,.T.);
#5326=ADVANCED_FACE('',(#1603),#139,.T.);
#5327=ADVANCED_FACE('',(#1604),#5072,.T.);
#5328=ADVANCED_FACE('',(#1605),#5073,.T.);
#5329=ADVANCED_FACE('',(#1606),#140,.T.);
#5330=ADVANCED_FACE('',(#1607),#141,.T.);
#5331=ADVANCED_FACE('',(#1608),#5074,.T.);
#5332=ADVANCED_FACE('',(#1609),#5075,.T.);
#5333=ADVANCED_FACE('',(#1610),#5076,.T.);
#5334=ADVANCED_FACE('',(#1611),#142,.F.);
#5335=ADVANCED_FACE('',(#1612),#5077,.T.);
#5336=ADVANCED_FACE('',(#1613),#143,.T.);
#5337=ADVANCED_FACE('',(#1614),#5078,.T.);
#5338=ADVANCED_FACE('',(#1615),#144,.T.);
#5339=ADVANCED_FACE('',(#1616),#5079,.T.);
#5340=ADVANCED_FACE('',(#1617),#5080,.T.);
#5341=ADVANCED_FACE('',(#1618),#145,.F.);
#5342=ADVANCED_FACE('',(#1619),#5081,.T.);
#5343=ADVANCED_FACE('',(#1620),#5082,.T.);
#5344=ADVANCED_FACE('',(#1621),#5083,.T.);
#5345=ADVANCED_FACE('',(#1622),#5084,.T.);
#5346=ADVANCED_FACE('',(#1623),#5085,.T.);
#5347=ADVANCED_FACE('',(#1624),#5086,.T.);
#5348=ADVANCED_FACE('',(#1625),#146,.F.);
#5349=ADVANCED_FACE('',(#1626),#5087,.T.);
#5350=ADVANCED_FACE('',(#1627),#147,.F.);
#5351=ADVANCED_FACE('',(#1628),#5088,.T.);
#5352=ADVANCED_FACE('',(#1629),#5089,.T.);
#5353=ADVANCED_FACE('',(#1630),#148,.F.);
#5354=ADVANCED_FACE('',(#1631),#5090,.T.);
#5355=ADVANCED_FACE('',(#1632),#149,.F.);
#5356=ADVANCED_FACE('',(#1633),#5091,.T.);
#5357=ADVANCED_FACE('',(#1634),#150,.T.);
#5358=ADVANCED_FACE('',(#1635),#5092,.T.);
#5359=ADVANCED_FACE('',(#1636),#151,.T.);
#5360=ADVANCED_FACE('',(#1637),#5093,.T.);
#5361=ADVANCED_FACE('',(#1638),#5094,.T.);
#5362=ADVANCED_FACE('',(#1639),#5095,.T.);
#5363=ADVANCED_FACE('',(#1640),#152,.F.);
#5364=ADVANCED_FACE('',(#1641),#153,.F.);
#5365=ADVANCED_FACE('',(#1642),#154,.F.);
#5366=ADVANCED_FACE('',(#1643),#155,.F.);
#5367=ADVANCED_FACE('',(#1644),#156,.F.);
#5368=ADVANCED_FACE('',(#1645),#5096,.T.);
#5369=ADVANCED_FACE('',(#1646),#5097,.T.);
#5370=ADVANCED_FACE('',(#1647),#5098,.T.);
#5371=ADVANCED_FACE('',(#1648),#5099,.T.);
#5372=ADVANCED_FACE('',(#1649),#5100,.T.);
#5373=ADVANCED_FACE('',(#1650),#5101,.T.);
#5374=ADVANCED_FACE('',(#1651),#32,.T.);
#5375=ADVANCED_FACE('',(#1652),#30,.F.);
#5376=ADVANCED_FACE('',(#1653),#31,.T.);
#5377=ADVANCED_FACE('',(#1654),#170,.T.);
#5378=ADVANCED_FACE('',(#1655),#33,.T.);
#5379=ADVANCED_FACE('',(#1656),#5102,.F.);
#5380=ADVANCED_FACE('',(#1657),#1359,.F.);
#5381=ADVANCED_FACE('',(#1658),#157,.F.);
#5382=ADVANCED_FACE('',(#1659),#5103,.F.);
#5383=ADVANCED_FACE('',(#1660),#158,.T.);
#5384=ADVANCED_FACE('',(#1661),#5104,.F.);
#5385=ADVANCED_FACE('',(#1662),#5105,.F.);
#5386=ADVANCED_FACE('',(#1663),#159,.T.);
#5387=ADVANCED_FACE('',(#1664),#5106,.F.);
#5388=ADVANCED_FACE('',(#1665),#160,.F.);
#5389=ADVANCED_FACE('',(#1666),#5107,.F.);
#5390=ADVANCED_FACE('',(#1667),#5108,.F.);
#5391=ADVANCED_FACE('',(#1668),#161,.F.);
#5392=ADVANCED_FACE('',(#1669),#5109,.F.);
#5393=ADVANCED_FACE('',(#1670),#162,.T.);
#5394=ADVANCED_FACE('',(#1671),#5110,.F.);
#5395=ADVANCED_FACE('',(#1672),#5111,.F.);
#5396=ADVANCED_FACE('',(#1673),#163,.T.);
#5397=ADVANCED_FACE('',(#1674),#5112,.F.);
#5398=ADVANCED_FACE('',(#1675),#164,.F.);
#5399=ADVANCED_FACE('',(#1676),#5113,.F.);
#5400=ADVANCED_FACE('',(#1677),#5114,.F.);
#5401=ADVANCED_FACE('',(#1678),#165,.T.);
#5402=ADVANCED_FACE('',(#1679,#1388),#5115,.F.);
#5403=ADVANCED_FACE('',(#1680,#1389,#1390,#1391,#1392,#1393),#5116,.T.);
#5404=CLOSED_SHELL('',(#5117,#5118,#5119,#5120,#5121,#5122,#5123,#5124,
#5125,#5126,#5127,#5128,#5129,#5130,#5131,#5132,#5133,#5134,#5135,#5136,
#5137,#5138,#5139,#5140,#5141,#5142,#5143,#5144,#5145,#5146,#5147,#5148,
#5149,#5150,#5151,#5152,#5153,#5154,#5155,#5156,#5157,#5158,#5159,#5160,
#5161,#5162,#5163,#5164,#5165,#5166,#5167,#5168,#5169,#5170,#5171,#5172,
#5173,#5174,#5175,#5176,#5177,#5178,#5179,#5180,#5181,#5182,#5183,#5184,
#5185,#5186,#5187,#5188,#5189,#5190,#5191,#5192,#5193,#5194,#5195,#5196,
#5197,#5198,#5199,#5200,#5201,#5202,#5203,#5204,#5205,#5206,#5207,#5208,
#5209,#5210,#5211,#5212,#5213,#5214,#5215,#5216,#5217,#5218,#5219,#5220,
#5221,#5222,#5223,#5224,#5225,#5226,#5227,#5228,#5229,#5230,#5231,#5232,
#5233,#5234,#5235,#5236,#5237,#5238,#5239,#5240,#5241,#5242,#5243,#5244,
#5245,#5246,#5247,#5248,#5249,#5250,#5251,#5252,#5253,#5254,#5255,#5256,
#5257,#5258,#5259,#5260));
#5405=CLOSED_SHELL('',(#5261,#5262,#5263,#5264,#5265,#5266,#5267,#5268,
#5269,#5270,#5271,#5272,#5273,#5274,#5275,#5276,#5277,#5278,#5279,#5280,
#5281,#5282,#5283,#5284,#5285,#5286,#5287,#5288,#5289,#5290,#5291,#5292,
#5293,#5294,#5295,#5296,#5297,#5298,#5299,#5300,#5301,#5302,#5303,#5304,
#5305,#5306,#5307,#5308,#5309,#5310,#5311,#5312,#5313,#5314,#5315,#5316,
#5317,#5318,#5319,#5320,#5321,#5322,#5323,#5324,#5325,#5326,#5327,#5328,
#5329,#5330,#5331,#5332,#5333,#5334,#5335,#5336,#5337,#5338,#5339,#5340,
#5341,#5342,#5343,#5344,#5345,#5346,#5347,#5348,#5349,#5350,#5351,#5352,
#5353,#5354,#5355,#5356,#5357,#5358,#5359,#5360,#5361,#5362,#5363,#5364,
#5365,#5366,#5367,#5368,#5369,#5370,#5371,#5372,#5373));
#5406=CLOSED_SHELL('',(#5374,#5375,#5376));
#5407=CLOSED_SHELL('',(#5377,#5378,#5379,#5380,#5381,#5382,#5383,#5384,
#5385,#5386,#5387,#5388,#5389,#5390,#5391,#5392,#5393,#5394,#5395,#5396,
#5397,#5398,#5399,#5400,#5401,#5402,#5403));
#5408=DERIVED_UNIT_ELEMENT(#5416,1.);
#5409=DERIVED_UNIT_ELEMENT(#9233,3.);
#5410=DERIVED_UNIT_ELEMENT(#5416,1.);
#5411=DERIVED_UNIT_ELEMENT(#9233,3.);
#5412=DERIVED_UNIT_ELEMENT(#5416,1.);
#5413=DERIVED_UNIT_ELEMENT(#9233,3.);
#5414=DERIVED_UNIT_ELEMENT(#5416,1.);
#5415=DERIVED_UNIT_ELEMENT(#9233,3.);
#5416=(
MASS_UNIT()
NAMED_UNIT(*)
SI_UNIT($,.GRAM.)
);
#5417=DERIVED_UNIT((#5408,#5409));
#5418=DERIVED_UNIT((#5410,#5411));
#5419=DERIVED_UNIT((#5412,#5413));
#5420=DERIVED_UNIT((#5414,#5415));
#5421=MEASURE_REPRESENTATION_ITEM('density measure',
POSITIVE_RATIO_MEASURE(1.),#5417);
#5422=MEASURE_REPRESENTATION_ITEM('density measure',
POSITIVE_RATIO_MEASURE(1.),#5418);
#5423=MEASURE_REPRESENTATION_ITEM('density measure',
POSITIVE_RATIO_MEASURE(1.),#5419);
#5424=MEASURE_REPRESENTATION_ITEM('density measure',
POSITIVE_RATIO_MEASURE(1.),#5420);
#5425=PROPERTY_DEFINITION_REPRESENTATION(#5445,#5433);
#5426=PROPERTY_DEFINITION_REPRESENTATION(#5446,#5434);
#5427=PROPERTY_DEFINITION_REPRESENTATION(#5447,#5435);
#5428=PROPERTY_DEFINITION_REPRESENTATION(#5448,#5436);
#5429=PROPERTY_DEFINITION_REPRESENTATION(#5449,#5437);
#5430=PROPERTY_DEFINITION_REPRESENTATION(#5450,#5438);
#5431=PROPERTY_DEFINITION_REPRESENTATION(#5451,#5439);
#5432=PROPERTY_DEFINITION_REPRESENTATION(#5452,#5440);
#5433=REPRESENTATION('material name',(#5441),#9227);
#5434=REPRESENTATION('density',(#5421),#9227);
#5435=REPRESENTATION('material name',(#5442),#9228);
#5436=REPRESENTATION('density',(#5422),#9228);
#5437=REPRESENTATION('material name',(#5443),#9229);
#5438=REPRESENTATION('density',(#5423),#9229);
#5439=REPRESENTATION('material name',(#5444),#9230);
#5440=REPRESENTATION('density',(#5424),#9230);
#5441=DESCRIPTIVE_REPRESENTATION_ITEM('Generic','Generic');
#5442=DESCRIPTIVE_REPRESENTATION_ITEM('Generic','Generic');
#5443=DESCRIPTIVE_REPRESENTATION_ITEM('Generic','Generic');
#5444=DESCRIPTIVE_REPRESENTATION_ITEM('Generic','Generic');
#5445=PROPERTY_DEFINITION('material property','material name',#9257);
#5446=PROPERTY_DEFINITION('material property','density of part',#9257);
#5447=PROPERTY_DEFINITION('material property','material name',#9258);
#5448=PROPERTY_DEFINITION('material property','density of part',#9258);
#5449=PROPERTY_DEFINITION('material property','material name',#9259);
#5450=PROPERTY_DEFINITION('material property','density of part',#9259);
#5451=PROPERTY_DEFINITION('material property','material name',#9260);
#5452=PROPERTY_DEFINITION('material property','density of part',#9260);
#5453=DATE_TIME_ROLE('creation_date');
#5454=DATE_TIME_ROLE('creation_date');
#5455=DATE_TIME_ROLE('creation_date');
#5456=DATE_TIME_ROLE('creation_date');
#5457=DATE_TIME_ROLE('creation_date');
#5458=APPLIED_DATE_AND_TIME_ASSIGNMENT(#5463,#5453,(#9256));
#5459=APPLIED_DATE_AND_TIME_ASSIGNMENT(#5464,#5454,(#9257));
#5460=APPLIED_DATE_AND_TIME_ASSIGNMENT(#5465,#5455,(#9258));
#5461=APPLIED_DATE_AND_TIME_ASSIGNMENT(#5466,#5456,(#9259));
#5462=APPLIED_DATE_AND_TIME_ASSIGNMENT(#5467,#5457,(#9260));
#5463=DATE_AND_TIME(#5468,#5473);
#5464=DATE_AND_TIME(#5469,#5474);
#5465=DATE_AND_TIME(#5470,#5475);
#5466=DATE_AND_TIME(#5471,#5476);
#5467=DATE_AND_TIME(#5472,#5477);
#5468=CALENDAR_DATE(2004,27,7);
#5469=CALENDAR_DATE(2003,16,7);
#5470=CALENDAR_DATE(2003,16,7);
#5471=CALENDAR_DATE(2003,16,7);
#5472=CALENDAR_DATE(2003,16,7);
#5473=LOCAL_TIME(19,33,39.,#5478);
#5474=LOCAL_TIME(14,16,27.,#5479);
#5475=LOCAL_TIME(16,38,16.,#5480);
#5476=LOCAL_TIME(16,8,59.,#5481);
#5477=LOCAL_TIME(16,47,22.,#5482);
#5478=COORDINATED_UNIVERSAL_TIME_OFFSET(0,0,.BEHIND.);
#5479=COORDINATED_UNIVERSAL_TIME_OFFSET(0,0,.BEHIND.);
#5480=COORDINATED_UNIVERSAL_TIME_OFFSET(0,0,.BEHIND.);
#5481=COORDINATED_UNIVERSAL_TIME_OFFSET(0,0,.BEHIND.);
#5482=COORDINATED_UNIVERSAL_TIME_OFFSET(0,0,.BEHIND.);
#5483=AXIS2_PLACEMENT_3D('placement',#7476,#5958,#5959);
#5484=AXIS2_PLACEMENT_3D('placement',#7477,#5960,#5961);
#5485=AXIS2_PLACEMENT_3D('',#7478,#5962,#5963);
#5486=AXIS2_PLACEMENT_3D('',#7481,#5964,#5965);
#5487=AXIS2_PLACEMENT_3D('',#7482,#5966,#5967);
#5488=AXIS2_PLACEMENT_3D('',#7484,#5968,#5969);
#5489=AXIS2_PLACEMENT_3D('',#7513,#5970,#5971);
#5490=AXIS2_PLACEMENT_3D('',#7514,#5972,#5973);
#5491=AXIS2_PLACEMENT_3D('',#7517,#5974,#5975);
#5492=AXIS2_PLACEMENT_3D('',#7518,#5976,#5977);
#5493=AXIS2_PLACEMENT_3D('',#7520,#5978,#5979);
#5494=AXIS2_PLACEMENT_3D('',#7549,#5980,#5981);
#5495=AXIS2_PLACEMENT_3D('',#7550,#5982,#5983);
#5496=AXIS2_PLACEMENT_3D('',#7553,#5984,#5985);
#5497=AXIS2_PLACEMENT_3D('',#7554,#5986,#5987);
#5498=AXIS2_PLACEMENT_3D('',#7556,#5988,#5989);
#5499=AXIS2_PLACEMENT_3D('',#7585,#5990,#5991);
#5500=AXIS2_PLACEMENT_3D('',#7586,#5992,#5993);
#5501=AXIS2_PLACEMENT_3D('',#7589,#5994,#5995);
#5502=AXIS2_PLACEMENT_3D('',#7590,#5996,#5997);
#5503=AXIS2_PLACEMENT_3D('',#7592,#5998,#5999);
#5504=AXIS2_PLACEMENT_3D('',#7621,#6000,#6001);
#5505=AXIS2_PLACEMENT_3D('',#7622,#6002,#6003);
#5506=AXIS2_PLACEMENT_3D('',#7631,#6008,#6009);
#5507=AXIS2_PLACEMENT_3D('',#7640,#6014,#6015);
#5508=AXIS2_PLACEMENT_3D('',#7649,#6020,#6021);
#5509=AXIS2_PLACEMENT_3D('',#7658,#6026,#6027);
#5510=AXIS2_PLACEMENT_3D('',#7664,#6031,#6032);
#5511=AXIS2_PLACEMENT_3D('',#7670,#6036,#6037);
#5512=AXIS2_PLACEMENT_3D('',#7675,#6041,#6042);
#5513=AXIS2_PLACEMENT_3D('',#7680,#6046,#6047);
#5514=AXIS2_PLACEMENT_3D('',#7685,#6051,#6052);
#5515=AXIS2_PLACEMENT_3D('',#7687,#6054,#6055);
#5516=AXIS2_PLACEMENT_3D('',#7688,#6056,#6057);
#5517=AXIS2_PLACEMENT_3D('',#7690,#6058,#6059);
#5518=AXIS2_PLACEMENT_3D('',#7692,#6060,#6061);
#5519=AXIS2_PLACEMENT_3D('',#7693,#6062,#6063);
#5520=AXIS2_PLACEMENT_3D('',#7694,#6064,#6065);
#5521=AXIS2_PLACEMENT_3D('',#7703,#6069,#6070);
#5522=AXIS2_PLACEMENT_3D('',#7710,#6074,#6075);
#5523=AXIS2_PLACEMENT_3D('',#7711,#6076,#6077);
#5524=AXIS2_PLACEMENT_3D('',#7715,#6079,#6080);
#5525=AXIS2_PLACEMENT_3D('',#7730,#6081,#6082);
#5526=AXIS2_PLACEMENT_3D('',#7746,#6083,#6084);
#5527=AXIS2_PLACEMENT_3D('',#7747,#6085,#6086);
#5528=AXIS2_PLACEMENT_3D('',#7749,#6087,#6088);
#5529=AXIS2_PLACEMENT_3D('',#7751,#6090,#6091);
#5530=AXIS2_PLACEMENT_3D('',#7753,#6092,#6093);
#5531=AXIS2_PLACEMENT_3D('',#7755,#6095,#6096);
#5532=AXIS2_PLACEMENT_3D('',#7772,#6098,#6099);
#5533=AXIS2_PLACEMENT_3D('',#7788,#6100,#6101);
#5534=AXIS2_PLACEMENT_3D('',#7789,#6102,#6103);
#5535=AXIS2_PLACEMENT_3D('',#7791,#6104,#6105);
#5536=AXIS2_PLACEMENT_3D('',#7793,#6107,#6108);
#5537=AXIS2_PLACEMENT_3D('',#7795,#6110,#6111);
#5538=AXIS2_PLACEMENT_3D('',#7799,#6113,#6114);
#5539=AXIS2_PLACEMENT_3D('',#7801,#6116,#6117);
#5540=AXIS2_PLACEMENT_3D('',#7805,#6120,#6121);
#5541=AXIS2_PLACEMENT_3D('',#7809,#6124,#6125);
#5542=AXIS2_PLACEMENT_3D('',#7813,#6128,#6129);
#5543=AXIS2_PLACEMENT_3D('',#7818,#6131,#6132);
#5544=AXIS2_PLACEMENT_3D('',#7821,#6134,#6135);
#5545=AXIS2_PLACEMENT_3D('',#7822,#6136,#6137);
#5546=AXIS2_PLACEMENT_3D('',#7827,#6140,#6141);
#5547=AXIS2_PLACEMENT_3D('',#7828,#6142,#6143);
#5548=AXIS2_PLACEMENT_3D('',#7832,#6145,#6146);
#5549=AXIS2_PLACEMENT_3D('',#7834,#6148,#6149);
#5550=AXIS2_PLACEMENT_3D('',#7837,#6152,#6153);
#5551=AXIS2_PLACEMENT_3D('',#7846,#6158,#6159);
#5552=AXIS2_PLACEMENT_3D('',#7848,#6160,#6161);
#5553=AXIS2_PLACEMENT_3D('',#7850,#6162,#6163);
#5554=AXIS2_PLACEMENT_3D('',#7852,#6165,#6166);
#5555=AXIS2_PLACEMENT_3D('',#7854,#6167,#6168);
#5556=AXIS2_PLACEMENT_3D('',#7856,#6170,#6171);
#5557=AXIS2_PLACEMENT_3D('',#7858,#6172,#6173);
#5558=AXIS2_PLACEMENT_3D('',#7860,#6175,#6176);
#5559=AXIS2_PLACEMENT_3D('',#7863,#6177,#6178);
#5560=AXIS2_PLACEMENT_3D('',#7867,#6180,#6181);
#5561=AXIS2_PLACEMENT_3D('',#7869,#6183,#6184);
#5562=AXIS2_PLACEMENT_3D('',#7873,#6186,#6187);
#5563=AXIS2_PLACEMENT_3D('',#7875,#6189,#6190);
#5564=AXIS2_PLACEMENT_3D('',#7879,#6192,#6193);
#5565=AXIS2_PLACEMENT_3D('',#7881,#6195,#6196);
#5566=AXIS2_PLACEMENT_3D('',#7887,#6200,#6201);
#5567=AXIS2_PLACEMENT_3D('',#7891,#6204,#6205);
#5568=AXIS2_PLACEMENT_3D('',#7895,#6208,#6209);
#5569=AXIS2_PLACEMENT_3D('',#7899,#6211,#6212);
#5570=AXIS2_PLACEMENT_3D('',#7900,#6213,#6214);
#5571=AXIS2_PLACEMENT_3D('',#7901,#6215,#6216);
#5572=AXIS2_PLACEMENT_3D('',#7904,#6218,#6219);
#5573=AXIS2_PLACEMENT_3D('',#7905,#6220,#6221);
#5574=AXIS2_PLACEMENT_3D('',#7908,#6223,#6224);
#5575=AXIS2_PLACEMENT_3D('',#7909,#6225,#6226);
#5576=AXIS2_PLACEMENT_3D('',#7911,#6228,#6229);
#5577=AXIS2_PLACEMENT_3D('',#7912,#6230,#6231);
#5578=AXIS2_PLACEMENT_3D('',#7914,#6232,#6233);
#5579=AXIS2_PLACEMENT_3D('',#7915,#6234,#6235);
#5580=AXIS2_PLACEMENT_3D('',#7916,#6236,#6237);
#5581=AXIS2_PLACEMENT_3D('',#7917,#6238,#6239);
#5582=AXIS2_PLACEMENT_3D('',#7922,#6241,#6242);
#5583=AXIS2_PLACEMENT_3D('',#7925,#6244,#6245);
#5584=AXIS2_PLACEMENT_3D('',#7926,#6246,#6247);
#5585=AXIS2_PLACEMENT_3D('',#7930,#6249,#6250);
#5586=AXIS2_PLACEMENT_3D('',#7932,#6252,#6253);
#5587=AXIS2_PLACEMENT_3D('',#7936,#6255,#6256);
#5588=AXIS2_PLACEMENT_3D('',#7938,#6258,#6259);
#5589=AXIS2_PLACEMENT_3D('',#7941,#6262,#6263);
#5590=AXIS2_PLACEMENT_3D('',#7942,#6264,#6265);
#5591=AXIS2_PLACEMENT_3D('',#7944,#6266,#6267);
#5592=AXIS2_PLACEMENT_3D('',#7947,#6269,#6270);
#5593=AXIS2_PLACEMENT_3D('',#7948,#6271,#6272);
#5594=AXIS2_PLACEMENT_3D('',#7950,#6273,#6274);
#5595=AXIS2_PLACEMENT_3D('',#7952,#6276,#6277);
#5596=AXIS2_PLACEMENT_3D('',#7954,#6278,#6279);
#5597=AXIS2_PLACEMENT_3D('',#7956,#6281,#6282);
#5598=AXIS2_PLACEMENT_3D('',#7958,#6284,#6285);
#5599=AXIS2_PLACEMENT_3D('',#7960,#6287,#6288);
#5600=AXIS2_PLACEMENT_3D('',#7966,#6292,#6293);
#5601=AXIS2_PLACEMENT_3D('',#7970,#6296,#6297);
#5602=AXIS2_PLACEMENT_3D('',#7974,#6300,#6301);
#5603=AXIS2_PLACEMENT_3D('',#7976,#6303,#6304);
#5604=AXIS2_PLACEMENT_3D('',#7982,#6308,#6309);
#5605=AXIS2_PLACEMENT_3D('',#7984,#6311,#6312);
#5606=AXIS2_PLACEMENT_3D('',#7987,#6314,#6315);
#5607=AXIS2_PLACEMENT_3D('',#7988,#6316,#6317);
#5608=AXIS2_PLACEMENT_3D('',#7990,#6319,#6320);
#5609=AXIS2_PLACEMENT_3D('',#7996,#6323,#6324);
#5610=AXIS2_PLACEMENT_3D('',#8004,#6328,#6329);
#5611=AXIS2_PLACEMENT_3D('',#8012,#6333,#6334);
#5612=AXIS2_PLACEMENT_3D('',#8020,#6338,#6339);
#5613=AXIS2_PLACEMENT_3D('',#8024,#6342,#6343);
#5614=AXIS2_PLACEMENT_3D('',#8028,#6346,#6347);
#5615=AXIS2_PLACEMENT_3D('',#8030,#6349,#6350);
#5616=AXIS2_PLACEMENT_3D('',#8032,#6352,#6353);
#5617=AXIS2_PLACEMENT_3D('',#8041,#6358,#6359);
#5618=AXIS2_PLACEMENT_3D('',#8047,#6363,#6364);
#5619=AXIS2_PLACEMENT_3D('',#8053,#6368,#6369);
#5620=AXIS2_PLACEMENT_3D('',#8055,#6371,#6372);
#5621=AXIS2_PLACEMENT_3D('',#8057,#6374,#6375);
#5622=AXIS2_PLACEMENT_3D('',#8066,#6380,#6381);
#5623=AXIS2_PLACEMENT_3D('',#8072,#6385,#6386);
#5624=AXIS2_PLACEMENT_3D('',#8078,#6390,#6391);
#5625=AXIS2_PLACEMENT_3D('',#8080,#6393,#6394);
#5626=AXIS2_PLACEMENT_3D('',#8082,#6396,#6397);
#5627=AXIS2_PLACEMENT_3D('',#8091,#6402,#6403);
#5628=AXIS2_PLACEMENT_3D('',#8097,#6407,#6408);
#5629=AXIS2_PLACEMENT_3D('',#8106,#6413,#6414);
#5630=AXIS2_PLACEMENT_3D('',#8112,#6418,#6419);
#5631=AXIS2_PLACEMENT_3D('',#8121,#6424,#6425);
#5632=AXIS2_PLACEMENT_3D('',#8130,#6430,#6431);
#5633=AXIS2_PLACEMENT_3D('',#8133,#6434,#6435);
#5634=AXIS2_PLACEMENT_3D('',#8136,#6438,#6439);
#5635=AXIS2_PLACEMENT_3D('',#8151,#6448,#6449);
#5636=AXIS2_PLACEMENT_3D('',#8155,#6452,#6453);
#5637=AXIS2_PLACEMENT_3D('',#8159,#6456,#6457);
#5638=AXIS2_PLACEMENT_3D('',#8170,#6464,#6465);
#5639=AXIS2_PLACEMENT_3D('',#8171,#6466,#6467);
#5640=AXIS2_PLACEMENT_3D('',#8177,#6471,#6472);
#5641=AXIS2_PLACEMENT_3D('',#8195,#6482,#6483);
#5642=AXIS2_PLACEMENT_3D('',#8199,#6486,#6487);
#5643=AXIS2_PLACEMENT_3D('',#8205,#6491,#6492);
#5644=AXIS2_PLACEMENT_3D('',#8207,#6494,#6495);
#5645=AXIS2_PLACEMENT_3D('',#8209,#6497,#6498);
#5646=AXIS2_PLACEMENT_3D('',#8218,#6503,#6504);
#5647=AXIS2_PLACEMENT_3D('',#8227,#6509,#6510);
#5648=AXIS2_PLACEMENT_3D('',#8231,#6513,#6514);
#5649=AXIS2_PLACEMENT_3D('',#8237,#6518,#6519);
#5650=AXIS2_PLACEMENT_3D('',#8243,#6523,#6524);
#5651=AXIS2_PLACEMENT_3D('',#8247,#6528,#6529);
#5652=AXIS2_PLACEMENT_3D('',#8253,#6533,#6534);
#5653=AXIS2_PLACEMENT_3D('',#8259,#6538,#6539);
#5654=AXIS2_PLACEMENT_3D('',#8263,#6542,#6543);
#5655=AXIS2_PLACEMENT_3D('',#8267,#6546,#6547);
#5656=AXIS2_PLACEMENT_3D('',#8271,#6550,#6551);
#5657=AXIS2_PLACEMENT_3D('',#8275,#6554,#6555);
#5658=AXIS2_PLACEMENT_3D('',#8279,#6558,#6559);
#5659=AXIS2_PLACEMENT_3D('',#8282,#6561,#6562);
#5660=AXIS2_PLACEMENT_3D('',#8283,#6563,#6564);
#5661=AXIS2_PLACEMENT_3D('',#8286,#6566,#6567);
#5662=AXIS2_PLACEMENT_3D('',#8287,#6568,#6569);
#5663=AXIS2_PLACEMENT_3D('',#8290,#6571,#6572);
#5664=AXIS2_PLACEMENT_3D('',#8291,#6573,#6574);
#5665=AXIS2_PLACEMENT_3D('',#8294,#6576,#6577);
#5666=AXIS2_PLACEMENT_3D('',#8295,#6578,#6579);
#5667=AXIS2_PLACEMENT_3D('',#8301,#6583,#6584);
#5668=AXIS2_PLACEMENT_3D('',#8304,#6586,#6587);
#5669=AXIS2_PLACEMENT_3D('',#8305,#6588,#6589);
#5670=AXIS2_PLACEMENT_3D('',#8309,#6592,#6593);
#5671=AXIS2_PLACEMENT_3D('',#8315,#6597,#6598);
#5672=AXIS2_PLACEMENT_3D('',#8318,#6600,#6601);
#5673=AXIS2_PLACEMENT_3D('',#8319,#6602,#6603);
#5674=AXIS2_PLACEMENT_3D('',#8323,#6606,#6607);
#5675=AXIS2_PLACEMENT_3D('',#8329,#6611,#6612);
#5676=AXIS2_PLACEMENT_3D('',#8332,#6614,#6615);
#5677=AXIS2_PLACEMENT_3D('',#8333,#6616,#6617);
#5678=AXIS2_PLACEMENT_3D('',#8337,#6620,#6621);
#5679=AXIS2_PLACEMENT_3D('',#8343,#6625,#6626);
#5680=AXIS2_PLACEMENT_3D('',#8346,#6628,#6629);
#5681=AXIS2_PLACEMENT_3D('',#8347,#6630,#6631);
#5682=AXIS2_PLACEMENT_3D('',#8351,#6634,#6635);
#5683=AXIS2_PLACEMENT_3D('',#8353,#6637,#6638);
#5684=AXIS2_PLACEMENT_3D('',#8355,#6640,#6641);
#5685=AXIS2_PLACEMENT_3D('',#8357,#6643,#6644);
#5686=AXIS2_PLACEMENT_3D('',#8359,#6646,#6647);
#5687=AXIS2_PLACEMENT_3D('',#8365,#6651,#6652);
#5688=AXIS2_PLACEMENT_3D('',#8371,#6656,#6657);
#5689=AXIS2_PLACEMENT_3D('',#8376,#6661,#6662);
#5690=AXIS2_PLACEMENT_3D('',#8378,#6664,#6665);
#5691=AXIS2_PLACEMENT_3D('',#8379,#6666,#6667);
#5692=AXIS2_PLACEMENT_3D('placement',#8380,#6668,#6669);
#5693=AXIS2_PLACEMENT_3D('',#8381,#6670,#6671);
#5694=AXIS2_PLACEMENT_3D('',#8384,#6672,#6673);
#5695=AXIS2_PLACEMENT_3D('',#8388,#6675,#6676);
#5696=AXIS2_PLACEMENT_3D('',#8390,#6678,#6679);
#5697=AXIS2_PLACEMENT_3D('',#8394,#6681,#6682);
#5698=AXIS2_PLACEMENT_3D('',#8398,#6684,#6685);
#5699=AXIS2_PLACEMENT_3D('',#8402,#6687,#6688);
#5700=AXIS2_PLACEMENT_3D('',#8406,#6690,#6691);
#5701=AXIS2_PLACEMENT_3D('',#8416,#6696,#6697);
#5702=AXIS2_PLACEMENT_3D('',#8424,#6701,#6702);
#5703=AXIS2_PLACEMENT_3D('',#8428,#6704,#6705);
#5704=AXIS2_PLACEMENT_3D('',#8432,#6707,#6708);
#5705=AXIS2_PLACEMENT_3D('',#8436,#6710,#6711);
#5706=AXIS2_PLACEMENT_3D('',#8444,#6715,#6716);
#5707=AXIS2_PLACEMENT_3D('',#8448,#6718,#6719);
#5708=AXIS2_PLACEMENT_3D('',#8450,#6721,#6722);
#5709=AXIS2_PLACEMENT_3D('',#8454,#6725,#6726);
#5710=AXIS2_PLACEMENT_3D('',#8456,#6727,#6728);
#5711=AXIS2_PLACEMENT_3D('',#8458,#6730,#6731);
#5712=AXIS2_PLACEMENT_3D('',#8461,#6732,#6733);
#5713=AXIS2_PLACEMENT_3D('',#8464,#6736,#6737);
#5714=AXIS2_PLACEMENT_3D('',#8468,#6740,#6741);
#5715=AXIS2_PLACEMENT_3D('',#8472,#6743,#6744);
#5716=AXIS2_PLACEMENT_3D('',#8474,#6746,#6747);
#5717=AXIS2_PLACEMENT_3D('',#8478,#6750,#6751);
#5718=AXIS2_PLACEMENT_3D('',#8479,#6752,#6753);
#5719=AXIS2_PLACEMENT_3D('',#8480,#6754,#6755);
#5720=AXIS2_PLACEMENT_3D('',#8483,#6756,#6757);
#5721=AXIS2_PLACEMENT_3D('',#8487,#6759,#6760);
#5722=AXIS2_PLACEMENT_3D('',#8489,#6762,#6763);
#5723=AXIS2_PLACEMENT_3D('',#8495,#6767,#6768);
#5724=AXIS2_PLACEMENT_3D('',#8499,#6770,#6771);
#5725=AXIS2_PLACEMENT_3D('',#8503,#6773,#6774);
#5726=AXIS2_PLACEMENT_3D('',#8511,#6778,#6779);
#5727=AXIS2_PLACEMENT_3D('',#8515,#6781,#6782);
#5728=AXIS2_PLACEMENT_3D('',#8519,#6784,#6785);
#5729=AXIS2_PLACEMENT_3D('',#8523,#6787,#6788);
#5730=AXIS2_PLACEMENT_3D('',#8531,#6792,#6793);
#5731=AXIS2_PLACEMENT_3D('',#8541,#6798,#6799);
#5732=AXIS2_PLACEMENT_3D('',#8545,#6801,#6802);
#5733=AXIS2_PLACEMENT_3D('',#8549,#6804,#6805);
#5734=AXIS2_PLACEMENT_3D('',#8552,#6807,#6808);
#5735=AXIS2_PLACEMENT_3D('',#8553,#6809,#6810);
#5736=AXIS2_PLACEMENT_3D('',#8557,#6812,#6813);
#5737=AXIS2_PLACEMENT_3D('',#8559,#6815,#6816);
#5738=AXIS2_PLACEMENT_3D('',#8561,#6817,#6818);
#5739=AXIS2_PLACEMENT_3D('',#8569,#6823,#6824);
#5740=AXIS2_PLACEMENT_3D('',#8573,#6826,#6827);
#5741=AXIS2_PLACEMENT_3D('',#8575,#6829,#6830);
#5742=AXIS2_PLACEMENT_3D('',#8577,#6832,#6833);
#5743=AXIS2_PLACEMENT_3D('',#8580,#6834,#6835);
#5744=AXIS2_PLACEMENT_3D('',#8583,#6838,#6839);
#5745=AXIS2_PLACEMENT_3D('',#8585,#6841,#6842);
#5746=AXIS2_PLACEMENT_3D('',#8587,#6843,#6844);
#5747=AXIS2_PLACEMENT_3D('',#8589,#6846,#6847);
#5748=AXIS2_PLACEMENT_3D('',#8598,#6852,#6853);
#5749=AXIS2_PLACEMENT_3D('',#8606,#6857,#6858);
#5750=AXIS2_PLACEMENT_3D('',#8610,#6860,#6861);
#5751=AXIS2_PLACEMENT_3D('',#8614,#6863,#6864);
#5752=AXIS2_PLACEMENT_3D('',#8618,#6866,#6867);
#5753=AXIS2_PLACEMENT_3D('',#8626,#6871,#6872);
#5754=AXIS2_PLACEMENT_3D('',#8630,#6874,#6875);
#5755=AXIS2_PLACEMENT_3D('',#8632,#6877,#6878);
#5756=AXIS2_PLACEMENT_3D('',#8634,#6879,#6880);
#5757=AXIS2_PLACEMENT_3D('',#8636,#6882,#6883);
#5758=AXIS2_PLACEMENT_3D('',#8638,#6884,#6885);
#5759=AXIS2_PLACEMENT_3D('',#8649,#6892,#6893);
#5760=AXIS2_PLACEMENT_3D('',#8651,#6894,#6895);
#5761=AXIS2_PLACEMENT_3D('',#8654,#6897,#6898);
#5762=AXIS2_PLACEMENT_3D('',#8655,#6899,#6900);
#5763=AXIS2_PLACEMENT_3D('',#8670,#6908,#6909);
#5764=AXIS2_PLACEMENT_3D('',#8671,#6910,#6911);
#5765=AXIS2_PLACEMENT_3D('',#8674,#6912,#6913);
#5766=AXIS2_PLACEMENT_3D('',#8678,#6915,#6916);
#5767=AXIS2_PLACEMENT_3D('',#8680,#6918,#6919);
#5768=AXIS2_PLACEMENT_3D('',#8686,#6923,#6924);
#5769=AXIS2_PLACEMENT_3D('',#8693,#6928,#6929);
#5770=AXIS2_PLACEMENT_3D('',#8694,#6930,#6931);
#5771=AXIS2_PLACEMENT_3D('',#8696,#6932,#6933);
#5772=AXIS2_PLACEMENT_3D('',#8698,#6935,#6936);
#5773=AXIS2_PLACEMENT_3D('',#8702,#6938,#6939);
#5774=AXIS2_PLACEMENT_3D('',#8709,#6943,#6944);
#5775=AXIS2_PLACEMENT_3D('',#8713,#6946,#6947);
#5776=AXIS2_PLACEMENT_3D('',#8717,#6950,#6951);
#5777=AXIS2_PLACEMENT_3D('',#8720,#6952,#6953);
#5778=AXIS2_PLACEMENT_3D('',#8723,#6956,#6957);
#5779=AXIS2_PLACEMENT_3D('',#8725,#6959,#6960);
#5780=AXIS2_PLACEMENT_3D('',#8729,#6963,#6964);
#5781=AXIS2_PLACEMENT_3D('',#8733,#6967,#6968);
#5782=AXIS2_PLACEMENT_3D('',#8735,#6969,#6970);
#5783=AXIS2_PLACEMENT_3D('',#8737,#6972,#6973);
#5784=AXIS2_PLACEMENT_3D('',#8741,#6976,#6977);
#5785=AXIS2_PLACEMENT_3D('',#8743,#6978,#6979);
#5786=AXIS2_PLACEMENT_3D('',#8745,#6981,#6982);
#5787=AXIS2_PLACEMENT_3D('',#8747,#6984,#6985);
#5788=AXIS2_PLACEMENT_3D('',#8751,#6987,#6988);
#5789=AXIS2_PLACEMENT_3D('',#8756,#6989,#6990);
#5790=AXIS2_PLACEMENT_3D('',#8760,#6992,#6993);
#5791=AXIS2_PLACEMENT_3D('',#8762,#6994,#6995);
#5792=AXIS2_PLACEMENT_3D('',#8764,#6997,#6998);
#5793=AXIS2_PLACEMENT_3D('',#8773,#7003,#7004);
#5794=AXIS2_PLACEMENT_3D('',#8776,#7007,#7008);
#5795=AXIS2_PLACEMENT_3D('',#8781,#7012,#7013);
#5796=AXIS2_PLACEMENT_3D('',#8783,#7015,#7016);
#5797=AXIS2_PLACEMENT_3D('',#8785,#7018,#7019);
#5798=AXIS2_PLACEMENT_3D('',#8789,#7022,#7023);
#5799=AXIS2_PLACEMENT_3D('',#8791,#7024,#7025);
#5800=AXIS2_PLACEMENT_3D('',#8793,#7027,#7028);
#5801=AXIS2_PLACEMENT_3D('',#8797,#7031,#7032);
#5802=AXIS2_PLACEMENT_3D('',#8799,#7033,#7034);
#5803=AXIS2_PLACEMENT_3D('',#8801,#7036,#7037);
#5804=AXIS2_PLACEMENT_3D('',#8803,#7039,#7040);
#5805=AXIS2_PLACEMENT_3D('',#8805,#7041,#7042);
#5806=AXIS2_PLACEMENT_3D('',#8807,#7044,#7045);
#5807=AXIS2_PLACEMENT_3D('',#8811,#7048,#7049);
#5808=AXIS2_PLACEMENT_3D('',#8813,#7050,#7051);
#5809=AXIS2_PLACEMENT_3D('',#8815,#7053,#7054);
#5810=AXIS2_PLACEMENT_3D('',#8819,#7057,#7058);
#5811=AXIS2_PLACEMENT_3D('',#8821,#7059,#7060);
#5812=AXIS2_PLACEMENT_3D('',#8823,#7062,#7063);
#5813=AXIS2_PLACEMENT_3D('',#8827,#7066,#7067);
#5814=AXIS2_PLACEMENT_3D('',#8829,#7068,#7069);
#5815=AXIS2_PLACEMENT_3D('',#8831,#7071,#7072);
#5816=AXIS2_PLACEMENT_3D('',#8835,#7075,#7076);
#5817=AXIS2_PLACEMENT_3D('',#8839,#7079,#7080);
#5818=AXIS2_PLACEMENT_3D('',#8841,#7082,#7083);
#5819=AXIS2_PLACEMENT_3D('',#8843,#7085,#7086);
#5820=AXIS2_PLACEMENT_3D('',#8844,#7087,#7088);
#5821=AXIS2_PLACEMENT_3D('',#8848,#7091,#7092);
#5822=AXIS2_PLACEMENT_3D('',#8862,#7100,#7101);
#5823=AXIS2_PLACEMENT_3D('',#8864,#7102,#7103);
#5824=AXIS2_PLACEMENT_3D('',#8866,#7104,#7105);
#5825=AXIS2_PLACEMENT_3D('',#8868,#7106,#7107);
#5826=AXIS2_PLACEMENT_3D('',#8870,#7108,#7109);
#5827=AXIS2_PLACEMENT_3D('',#8871,#7110,#7111);
#5828=AXIS2_PLACEMENT_3D('',#8885,#7119,#7120);
#5829=AXIS2_PLACEMENT_3D('',#8887,#7121,#7122);
#5830=AXIS2_PLACEMENT_3D('',#8889,#7123,#7124);
#5831=AXIS2_PLACEMENT_3D('',#8891,#7125,#7126);
#5832=AXIS2_PLACEMENT_3D('',#8893,#7127,#7128);
#5833=AXIS2_PLACEMENT_3D('',#8894,#7129,#7130);
#5834=AXIS2_PLACEMENT_3D('',#8896,#7132,#7133);
#5835=AXIS2_PLACEMENT_3D('',#8899,#7134,#7135);
#5836=AXIS2_PLACEMENT_3D('',#8903,#7137,#7138);
#5837=AXIS2_PLACEMENT_3D('',#8905,#7140,#7141);
#5838=AXIS2_PLACEMENT_3D('',#8909,#7143,#7144);
#5839=AXIS2_PLACEMENT_3D('',#8915,#7148,#7149);
#5840=AXIS2_PLACEMENT_3D('',#8919,#7152,#7153);
#5841=AXIS2_PLACEMENT_3D('',#8921,#7154,#7155);
#5842=AXIS2_PLACEMENT_3D('',#8923,#7157,#7158);
#5843=AXIS2_PLACEMENT_3D('',#8926,#7159,#7160);
#5844=AXIS2_PLACEMENT_3D('',#8930,#7162,#7163);
#5845=AXIS2_PLACEMENT_3D('',#8932,#7165,#7166);
#5846=AXIS2_PLACEMENT_3D('',#8935,#7169,#7170);
#5847=AXIS2_PLACEMENT_3D('',#8941,#7174,#7175);
#5848=AXIS2_PLACEMENT_3D('',#8947,#7179,#7180);
#5849=AXIS2_PLACEMENT_3D('',#8949,#7181,#7182);
#5850=AXIS2_PLACEMENT_3D('',#8952,#7184,#7185);
#5851=AXIS2_PLACEMENT_3D('',#8953,#7186,#7187);
#5852=AXIS2_PLACEMENT_3D('',#8959,#7191,#7192);
#5853=AXIS2_PLACEMENT_3D('',#8960,#7193,#7194);
#5854=AXIS2_PLACEMENT_3D('',#8961,#7195,#7196);
#5855=AXIS2_PLACEMENT_3D('',#8962,#7197,#7198);
#5856=AXIS2_PLACEMENT_3D('',#8965,#7201,#7202);
#5857=AXIS2_PLACEMENT_3D('',#8972,#7203,#7204);
#5858=AXIS2_PLACEMENT_3D('',#8974,#7206,#7207);
#5859=AXIS2_PLACEMENT_3D('',#8982,#7212,#7213);
#5860=AXIS2_PLACEMENT_3D('',#8986,#7216,#7217);
#5861=AXIS2_PLACEMENT_3D('',#8988,#7219,#7220);
#5862=AXIS2_PLACEMENT_3D('',#8989,#7221,#7222);
#5863=AXIS2_PLACEMENT_3D('',#8993,#7225,#7226);
#5864=AXIS2_PLACEMENT_3D('',#8997,#7229,#7230);
#5865=AXIS2_PLACEMENT_3D('',#8999,#7232,#7233);
#5866=AXIS2_PLACEMENT_3D('',#9000,#7234,#7235);
#5867=AXIS2_PLACEMENT_3D('',#9001,#7236,#7237);
#5868=AXIS2_PLACEMENT_3D('',#9003,#7239,#7240);
#5869=AXIS2_PLACEMENT_3D('',#9005,#7242,#7243);
#5870=AXIS2_PLACEMENT_3D('',#9007,#7245,#7246);
#5871=AXIS2_PLACEMENT_3D('',#9009,#7248,#7249);
#5872=AXIS2_PLACEMENT_3D('',#9010,#7250,#7251);
#5873=AXIS2_PLACEMENT_3D('',#9012,#7253,#7254);
#5874=AXIS2_PLACEMENT_3D('',#9014,#7256,#7257);
#5875=AXIS2_PLACEMENT_3D('',#9016,#7259,#7260);
#5876=AXIS2_PLACEMENT_3D('',#9018,#7262,#7263);
#5877=AXIS2_PLACEMENT_3D('',#9020,#7265,#7266);
#5878=AXIS2_PLACEMENT_3D('',#9022,#7268,#7269);
#5879=AXIS2_PLACEMENT_3D('',#9024,#7271,#7272);
#5880=AXIS2_PLACEMENT_3D('',#9026,#7274,#7275);
#5881=AXIS2_PLACEMENT_3D('',#9028,#7277,#7278);
#5882=AXIS2_PLACEMENT_3D('',#9030,#7280,#7281);
#5883=AXIS2_PLACEMENT_3D('',#9031,#7282,#7283);
#5884=AXIS2_PLACEMENT_3D('',#9033,#7285,#7286);
#5885=AXIS2_PLACEMENT_3D('',#9035,#7288,#7289);
#5886=AXIS2_PLACEMENT_3D('',#9037,#7291,#7292);
#5887=AXIS2_PLACEMENT_3D('',#9039,#7294,#7295);
#5888=AXIS2_PLACEMENT_3D('',#9041,#7297,#7298);
#5889=AXIS2_PLACEMENT_3D('',#9043,#7300,#7301);
#5890=AXIS2_PLACEMENT_3D('',#9045,#7303,#7304);
#5891=AXIS2_PLACEMENT_3D('',#9047,#7306,#7307);
#5892=AXIS2_PLACEMENT_3D('',#9048,#7308,#7309);
#5893=AXIS2_PLACEMENT_3D('',#9050,#7311,#7312);
#5894=AXIS2_PLACEMENT_3D('placement',#9051,#7313,#7314);
#5895=AXIS2_PLACEMENT_3D('',#9052,#7315,#7316);
#5896=AXIS2_PLACEMENT_3D('',#9055,#7317,#7318);
#5897=AXIS2_PLACEMENT_3D('',#9056,#7319,#7320);
#5898=AXIS2_PLACEMENT_3D('',#9060,#7322,#7323);
#5899=AXIS2_PLACEMENT_3D('',#9061,#7324,#7325);
#5900=AXIS2_PLACEMENT_3D('',#9062,#7326,#7327);
#5901=AXIS2_PLACEMENT_3D('',#9063,#7328,#7329);
#5902=AXIS2_PLACEMENT_3D('placement',#9064,#7330,#7331);
#5903=AXIS2_PLACEMENT_3D('',#9065,#7332,#7333);
#5904=AXIS2_PLACEMENT_3D('',#9067,#7334,#7335);
#5905=AXIS2_PLACEMENT_3D('',#9069,#7336,#7337);
#5906=AXIS2_PLACEMENT_3D('',#9070,#7338,#7339);
#5907=AXIS2_PLACEMENT_3D('',#9071,#7340,#7341);
#5908=AXIS2_PLACEMENT_3D('',#9074,#7343,#7344);
#5909=AXIS2_PLACEMENT_3D('',#9075,#7345,#7346);
#5910=AXIS2_PLACEMENT_3D('',#9105,#7347,#7348);
#5911=AXIS2_PLACEMENT_3D('',#9106,#7349,#7350);
#5912=AXIS2_PLACEMENT_3D('',#9107,#7351,#7352);
#5913=AXIS2_PLACEMENT_3D('',#9110,#7353,#7354);
#5914=AXIS2_PLACEMENT_3D('',#9114,#7356,#7357);
#5915=AXIS2_PLACEMENT_3D('',#9116,#7359,#7360);
#5916=AXIS2_PLACEMENT_3D('',#9122,#7364,#7365);
#5917=AXIS2_PLACEMENT_3D('',#9124,#7366,#7367);
#5918=AXIS2_PLACEMENT_3D('',#9126,#7368,#7369);
#5919=AXIS2_PLACEMENT_3D('',#9128,#7371,#7372);
#5920=AXIS2_PLACEMENT_3D('',#9131,#7375,#7376);
#5921=AXIS2_PLACEMENT_3D('',#9132,#7377,#7378);
#5922=AXIS2_PLACEMENT_3D('',#9135,#7379,#7380);
#5923=AXIS2_PLACEMENT_3D('',#9139,#7382,#7383);
#5924=AXIS2_PLACEMENT_3D('',#9141,#7385,#7386);
#5925=AXIS2_PLACEMENT_3D('',#9147,#7390,#7391);
#5926=AXIS2_PLACEMENT_3D('',#9149,#7392,#7393);
#5927=AXIS2_PLACEMENT_3D('',#9151,#7394,#7395);
#5928=AXIS2_PLACEMENT_3D('',#9153,#7397,#7398);
#5929=AXIS2_PLACEMENT_3D('',#9156,#7401,#7402);
#5930=AXIS2_PLACEMENT_3D('',#9157,#7403,#7404);
#5931=AXIS2_PLACEMENT_3D('',#9160,#7405,#7406);
#5932=AXIS2_PLACEMENT_3D('',#9164,#7408,#7409);
#5933=AXIS2_PLACEMENT_3D('',#9166,#7411,#7412);
#5934=AXIS2_PLACEMENT_3D('',#9172,#7416,#7417);
#5935=AXIS2_PLACEMENT_3D('',#9174,#7418,#7419);
#5936=AXIS2_PLACEMENT_3D('',#9176,#7420,#7421);
#5937=AXIS2_PLACEMENT_3D('',#9178,#7423,#7424);
#5938=AXIS2_PLACEMENT_3D('',#9181,#7427,#7428);
#5939=AXIS2_PLACEMENT_3D('',#9182,#7429,#7430);
#5940=AXIS2_PLACEMENT_3D('',#9185,#7431,#7432);
#5941=AXIS2_PLACEMENT_3D('',#9189,#7434,#7435);
#5942=AXIS2_PLACEMENT_3D('',#9191,#7437,#7438);
#5943=AXIS2_PLACEMENT_3D('',#9197,#7442,#7443);
#5944=AXIS2_PLACEMENT_3D('',#9199,#7444,#7445);
#5945=AXIS2_PLACEMENT_3D('',#9201,#7446,#7447);
#5946=AXIS2_PLACEMENT_3D('',#9203,#7449,#7450);
#5947=AXIS2_PLACEMENT_3D('',#9206,#7453,#7454);
#5948=AXIS2_PLACEMENT_3D('',#9207,#7455,#7456);
#5949=AXIS2_PLACEMENT_3D('',#9209,#7457,#7458);
#5950=AXIS2_PLACEMENT_3D('',#9212,#7460,#7461);
#5951=AXIS2_PLACEMENT_3D('',#9213,#7462,#7463);
#5952=AXIS2_PLACEMENT_3D('',#9214,#7464,#7465);
#5953=AXIS2_PLACEMENT_3D('',#9215,#7466,#7467);
#5954=AXIS2_PLACEMENT_3D('',#9216,#7468,#7469);
#5955=AXIS2_PLACEMENT_3D('',#9217,#7470,#7471);
#5956=AXIS2_PLACEMENT_3D('',#9218,#7472,#7473);
#5957=AXIS2_PLACEMENT_3D('',#9219,#7474,#7475);
#5958=DIRECTION('axis',(0.,0.,1.));
#5959=DIRECTION('refdir',(1.,0.,0.));
#5960=DIRECTION('axis',(0.,0.,1.));
#5961=DIRECTION('refdir',(1.,0.,0.));
#5962=DIRECTION('center_axis',(0.,0.,-1.));
#5963=DIRECTION('ref_axis',(-1.,0.,0.));
#5964=DIRECTION('center_axis',(0.,0.,1.));
#5965=DIRECTION('ref_axis',(1.,0.,0.));
#5966=DIRECTION('center_axis',(0.,0.,1.));
#5967=DIRECTION('ref_axis',(1.,0.,0.));
#5968=DIRECTION('center_axis',(0.,0.,-1.));
#5969=DIRECTION('ref_axis',(-1.,0.,0.));
#5970=DIRECTION('center_axis',(0.,-1.,0.));
#5971=DIRECTION('ref_axis',(-1.,0.,0.));
#5972=DIRECTION('center_axis',(0.,0.,-1.));
#5973=DIRECTION('ref_axis',(-1.,0.,0.));
#5974=DIRECTION('center_axis',(0.,0.,1.));
#5975=DIRECTION('ref_axis',(1.,0.,0.));
#5976=DIRECTION('center_axis',(0.,0.,1.));
#5977=DIRECTION('ref_axis',(1.,0.,0.));
#5978=DIRECTION('center_axis',(0.,0.,-1.));
#5979=DIRECTION('ref_axis',(-1.,0.,0.));
#5980=DIRECTION('center_axis',(0.,-1.,0.));
#5981=DIRECTION('ref_axis',(-1.,0.,0.));
#5982=DIRECTION('center_axis',(0.,0.,-1.));
#5983=DIRECTION('ref_axis',(-1.,0.,0.));
#5984=DIRECTION('center_axis',(0.,0.,-1.));
#5985=DIRECTION('ref_axis',(-1.,0.,0.));
#5986=DIRECTION('center_axis',(0.,0.,-1.));
#5987=DIRECTION('ref_axis',(-1.,0.,0.));
#5988=DIRECTION('center_axis',(0.,0.,-1.));
#5989=DIRECTION('ref_axis',(-1.,0.,0.));
#5990=DIRECTION('center_axis',(0.,-1.,0.));
#5991=DIRECTION('ref_axis',(1.,0.,0.));
#5992=DIRECTION('center_axis',(0.,0.,-1.));
#5993=DIRECTION('ref_axis',(-1.,0.,0.));
#5994=DIRECTION('center_axis',(0.,0.,-1.));
#5995=DIRECTION('ref_axis',(-1.,0.,0.));
#5996=DIRECTION('center_axis',(0.,0.,-1.));
#5997=DIRECTION('ref_axis',(-1.,0.,0.));
#5998=DIRECTION('center_axis',(0.,0.,-1.));
#5999=DIRECTION('ref_axis',(-1.,0.,0.));
#6000=DIRECTION('center_axis',(0.,-1.,0.));
#6001=DIRECTION('ref_axis',(1.,0.,0.));
#6002=DIRECTION('center_axis',(0.148340452930242,-0.988936352868298,-4.11727465816198E-16));
#6003=DIRECTION('ref_axis',(0.,4.16333634234427E-16,-1.));
#6004=DIRECTION('',(0.988936352868298,0.148340452930242,-1.51964001223974E-15));
#6005=DIRECTION('',(-1.87798919588335E-15,1.34635254851929E-16,-1.));
#6006=DIRECTION('',(-0.988936352868298,-0.148340452930242,1.51964001223974E-15));
#6007=DIRECTION('',(2.77555756156286E-15,-4.45696175365455E-30,1.));
#6008=DIRECTION('center_axis',(0.148340452930247,0.988936352868297,-4.11727465816211E-16));
#6009=DIRECTION('ref_axis',(0.,4.1633363423444E-16,1.));
#6010=DIRECTION('',(-0.988936352868297,0.148340452930247,1.51964001223974E-15));
#6011=DIRECTION('',(-2.77555756156292E-15,4.45696175365468E-30,-1.));
#6012=DIRECTION('',(0.988936352868297,-0.148340452930247,-1.51964001223974E-15));
#6013=DIRECTION('',(1.87798919588336E-15,1.34635254851932E-16,1.));
#6014=DIRECTION('center_axis',(0.148340452930247,0.988936352868297,-4.1172746581621E-16));
#6015=DIRECTION('ref_axis',(0.,4.16333634234439E-16,1.));
#6016=DIRECTION('',(-0.988936352868297,0.148340452930247,1.51964001223974E-15));
#6017=DIRECTION('',(-2.77555756156292E-15,4.45696175365468E-30,-1.));
#6018=DIRECTION('',(0.988936352868297,-0.148340452930247,-1.51964001223974E-15));
#6019=DIRECTION('',(1.87798919588335E-15,1.34635254851933E-16,1.));
#6020=DIRECTION('center_axis',(0.148340452930242,-0.988936352868298,-4.11727465816198E-16));
#6021=DIRECTION('ref_axis',(0.,4.16333634234427E-16,-1.));
#6022=DIRECTION('',(0.988936352868298,0.148340452930242,-1.51964001223974E-15));
#6023=DIRECTION('',(-1.87798919588336E-15,1.34635254851928E-16,-1.));
#6024=DIRECTION('',(-0.988936352868298,-0.148340452930242,1.51964001223974E-15));
#6025=DIRECTION('',(2.77555756156286E-15,-4.45696175365454E-30,1.));
#6026=DIRECTION('center_axis',(-2.22044604925031E-15,-1.,1.70601406838454E-30));
#6027=DIRECTION('ref_axis',(1.53664086453309E-15,-1.70601406838454E-30,
1.));
#6028=DIRECTION('',(-1.,2.20782987851594E-15,1.54548091496116E-15));
#6029=DIRECTION('',(0.,-1.70601406838454E-30,-1.));
#6030=DIRECTION('',(1.,-2.03540887847945E-15,-1.53664086453309E-15));
#6031=DIRECTION('center_axis',(-2.22044604925031E-15,-1.,1.70601406838454E-30));
#6032=DIRECTION('ref_axis',(1.53664086453309E-15,-1.70601406838454E-30,
1.));
#6033=DIRECTION('',(1.,-2.40548322002117E-15,-1.53664086453309E-15));
#6034=DIRECTION('',(0.,-1.70601406838454E-30,-1.));
#6035=DIRECTION('',(-1.,2.40548322002117E-15,1.53664086453309E-15));
#6036=DIRECTION('center_axis',(-1.53664086453309E-15,1.70601406838454E-30,
-1.));
#6037=DIRECTION('ref_axis',(-1.,2.22044604925031E-15,1.53664086453309E-15));
#6038=DIRECTION('',(-2.22044604925031E-15,-1.,4.1086505480261E-30));
#6039=DIRECTION('',(0.,-1.,-1.70601406838454E-30));
#6040=DIRECTION('',(-1.,2.20782987851594E-15,1.54548091496115E-15));
#6041=DIRECTION('center_axis',(1.53664086453309E-15,-1.70601406838454E-30,
1.));
#6042=DIRECTION('ref_axis',(1.,-2.22044604925031E-15,-1.53664086453309E-15));
#6043=DIRECTION('',(-1.,2.40548322002117E-15,1.53664086453309E-15));
#6044=DIRECTION('',(0.,1.,1.70601406838454E-30));
#6045=DIRECTION('',(2.22044604925031E-15,1.,-4.1086505480261E-30));
#6046=DIRECTION('center_axis',(-1.53664086453309E-15,1.70601406838454E-30,
-1.));
#6047=DIRECTION('ref_axis',(1.,-2.22044604925031E-15,-1.53664086453309E-15));
#6048=DIRECTION('',(2.22044604925031E-15,1.,-4.1086505480261E-30));
#6049=DIRECTION('',(-1.,2.20782987851594E-15,1.54548091496116E-15));
#6050=DIRECTION('',(0.,1.,1.70601406838454E-30));
#6051=DIRECTION('center_axis',(1.,-2.55659033389163E-15,-1.87798919588336E-15));
#6052=DIRECTION('ref_axis',(-1.87798919588336E-15,0.,-1.));
#6053=DIRECTION('',(-2.22044604925031E-15,-1.,4.1086505480261E-30));
#6054=DIRECTION('center_axis',(1.,-2.55659033389162E-15,-1.87798919588335E-15));
#6055=DIRECTION('ref_axis',(-1.87798919588335E-15,0.,-1.));
#6056=DIRECTION('center_axis',(3.79463174551034E-32,1.60255264693844E-32,
-1.));
#6057=DIRECTION('ref_axis',(-1.,0.,0.));
#6058=DIRECTION('center_axis',(-1.36072061777779E-30,8.55229776710715E-32,
1.));
#6059=DIRECTION('ref_axis',(-1.,-3.35235311732518E-15,0.));
#6060=DIRECTION('center_axis',(-1.22219153989275E-16,-1.,-1.60255264693844E-32));
#6061=DIRECTION('ref_axis',(1.,-1.22219153989275E-16,0.));
#6062=DIRECTION('center_axis',(-3.79463174551034E-32,-1.60255264693844E-32,
1.));
#6063=DIRECTION('ref_axis',(-1.,-3.35235311732518E-15,-3.79463174551034E-32));
#6064=DIRECTION('center_axis',(-3.79463174551034E-32,-1.60255264693844E-32,
1.));
#6065=DIRECTION('ref_axis',(1.,0.,3.79463174551034E-32));
#6066=DIRECTION('',(-2.25613010187131E-14,1.,1.60255264693835E-32));
#6067=DIRECTION('',(-1.,-4.46209274758767E-15,-3.79463174551035E-32));
#6068=DIRECTION('',(-1.14246158891533E-14,-1.,-1.60255264693848E-32));
#6069=DIRECTION('center_axis',(3.79463174551034E-32,1.60255264693844E-32,
-1.));
#6070=DIRECTION('ref_axis',(1.,9.36750677027476E-16,3.79463174551034E-32));
#6071=DIRECTION('',(3.35186972296249E-15,-1.,-1.60255264693843E-32));
#6072=DIRECTION('',(1.,3.35186972296249E-15,3.79463174551034E-32));
#6073=DIRECTION('',(-3.84441924336625E-15,1.,1.60255264693842E-32));
#6074=DIRECTION('center_axis',(3.79463174551034E-32,1.60255264693844E-32,
-1.));
#6075=DIRECTION('ref_axis',(-1.,-6.31439345255558E-15,-3.79463174551035E-32));
#6076=DIRECTION('center_axis',(-2.25613010187131E-14,1.,1.60255264693835E-32));
#6077=DIRECTION('ref_axis',(-0.707106781186548,-1.57009245868377E-14,0.707106781186548));
#6078=DIRECTION('',(2.25613010187131E-14,-1.,-1.60255264693835E-32));
#6079=DIRECTION('center_axis',(0.707106781186557,-0.707106781186538,0.));
#6080=DIRECTION('ref_axis',(0.707106781186538,0.707106781186557,5.36641967871227E-32));
#6081=DIRECTION('center_axis',(3.79463174551034E-32,1.60255264693844E-32,
-1.));
#6082=DIRECTION('ref_axis',(-1.,0.,0.));
#6083=DIRECTION('center_axis',(-3.79463174551034E-32,-1.60255264693844E-32,
1.));
#6084=DIRECTION('ref_axis',(-1.,-6.31439345255558E-15,0.));
#6085=DIRECTION('center_axis',(-3.84441924336625E-15,1.,1.60255264693842E-32));
#6086=DIRECTION('ref_axis',(-0.707106781186548,0.,0.707106781186548));
#6087=DIRECTION('center_axis',(-0.707106781186544,-0.707106781186551,0.));
#6088=DIRECTION('ref_axis',(0.707106781186551,-0.707106781186544,-2.26635168771723E-32));
#6089=DIRECTION('',(3.84441924336625E-15,-1.,-1.60255264693842E-32));
#6090=DIRECTION('center_axis',(1.,3.35186972296249E-15,3.79463174551034E-32));
#6091=DIRECTION('ref_axis',(-2.94392336003208E-15,0.707106781186548,0.707106781186548));
#6092=DIRECTION('center_axis',(-0.70710678118655,0.707106781186545,0.));
#6093=DIRECTION('ref_axis',(-0.707106781186545,-0.70710678118655,-5.36641967871222E-32));
#6094=DIRECTION('',(-1.,-3.35186972296249E-15,-3.79463174551034E-32));
#6095=DIRECTION('center_axis',(3.35186972296249E-15,-1.,-1.60255264693843E-32));
#6096=DIRECTION('ref_axis',(0.707106781186548,3.92523114670943E-15,0.707106781186548));
#6097=DIRECTION('',(-3.35186972296249E-15,1.,1.60255264693843E-32));
#6098=DIRECTION('center_axis',(3.79463174551034E-32,1.60255264693844E-32,
-1.));
#6099=DIRECTION('ref_axis',(1.,4.11823353196894E-15,0.));
#6100=DIRECTION('center_axis',(-3.79463174551034E-32,-1.60255264693844E-32,
1.));
#6101=DIRECTION('ref_axis',(1.,9.36750677027476E-16,0.));
#6102=DIRECTION('center_axis',(-1.14246158891533E-14,-1.,-1.60255264693848E-32));
#6103=DIRECTION('ref_axis',(0.707106781186548,-7.85046229341887E-15,0.707106781186548));
#6104=DIRECTION('center_axis',(0.707106781186548,0.707106781186548,0.));
#6105=DIRECTION('ref_axis',(-0.707106781186547,0.707106781186547,2.26635168771733E-32));
#6106=DIRECTION('',(1.14246158891533E-14,1.,1.60255264693848E-32));
#6107=DIRECTION('center_axis',(-1.,-4.46209274758767E-15,-3.79463174551035E-32));
#6108=DIRECTION('ref_axis',(2.94392336003208E-15,-0.707106781186548,0.707106781186548));
#6109=DIRECTION('',(1.,4.46209274758767E-15,3.79463174551035E-32));
#6110=DIRECTION('center_axis',(0.,0.,1.));
#6111=DIRECTION('ref_axis',(-0.249999999999999,0.968245836551855,0.));
#6112=DIRECTION('',(0.,0.,1.));
#6113=DIRECTION('center_axis',(0.,0.,-1.));
#6114=DIRECTION('ref_axis',(-0.249999999999999,0.968245836551855,0.));
#6115=DIRECTION('',(0.,0.,1.));
#6116=DIRECTION('center_axis',(1.,-1.14246158891533E-14,0.));
#6117=DIRECTION('ref_axis',(0.,0.,-1.));
#6118=DIRECTION('',(0.,0.,1.));
#6119=DIRECTION('',(-1.14246158891533E-14,-1.,0.));
#6120=DIRECTION('center_axis',(4.46209274758767E-15,-1.,0.));
#6121=DIRECTION('ref_axis',(0.,0.,-1.));
#6122=DIRECTION('',(0.,0.,1.));
#6123=DIRECTION('',(-1.,-4.46209274758767E-15,0.));
#6124=DIRECTION('center_axis',(-1.,-2.25613010187131E-14,0.));
#6125=DIRECTION('ref_axis',(0.,0.,1.));
#6126=DIRECTION('',(0.,0.,1.));
#6127=DIRECTION('',(-2.25613010187131E-14,1.,0.));
#6128=DIRECTION('center_axis',(3.12443125401759E-15,1.,-8.55229776710673E-32));
#6129=DIRECTION('ref_axis',(0.707106781186548,-1.96261557335472E-15,-0.707106781186548));
#6130=DIRECTION('',(-3.12443125401759E-15,-1.,-1.59695683614155E-32));
#6131=DIRECTION('center_axis',(0.707106781186546,0.707106781186549,0.));
#6132=DIRECTION('ref_axis',(0.707106781186549,-0.707106781186546,1.20947754916955E-31));
#6133=DIRECTION('',(-3.12443125401759E-15,-1.,8.55229776710673E-32));
#6134=DIRECTION('center_axis',(0.707106781186542,-0.707106781186553,1.96261557335473E-15));
#6135=DIRECTION('ref_axis',(-0.707106781186553,-0.707106781186542,-1.96261557335475E-15));
#6136=DIRECTION('center_axis',(-1.,2.19924540016329E-15,-1.36072061777779E-30));
#6137=DIRECTION('ref_axis',(0.,0.707106781186548,-0.707106781186548));
#6138=DIRECTION('',(1.,-2.19924540016329E-15,-1.1222135078937E-29));
#6139=DIRECTION('',(1.,-2.19924540016329E-15,1.36072061777779E-30));
#6140=DIRECTION('center_axis',(-0.707106781186545,-0.70710678118655,0.));
#6141=DIRECTION('ref_axis',(-0.707106781186551,0.707106781186545,-1.20947754916956E-31));
#6142=DIRECTION('center_axis',(1.,-3.30946842478845E-15,1.36072061777779E-30));
#6143=DIRECTION('ref_axis',(0.,-0.707106781186548,-0.707106781186548));
#6144=DIRECTION('',(-1.,3.30946842478845E-15,1.1222135078937E-29));
#6145=DIRECTION('center_axis',(0.707106781186542,-0.707106781186553,0.));
#6146=DIRECTION('ref_axis',(-0.707106781186553,-0.707106781186542,-1.92434955226203E-30));
#6147=DIRECTION('',(-1.,3.30946842478845E-15,-1.36072061777779E-30));
#6148=DIRECTION('center_axis',(-3.12443125401759E-15,-1.,8.55229776710673E-32));
#6149=DIRECTION('ref_axis',(-0.707106781186548,3.92523114670943E-15,-0.707106781186548));
#6150=DIRECTION('',(3.12443125401759E-15,1.,1.59695683614155E-32));
#6151=DIRECTION('',(3.12443125401759E-15,1.,-8.55229776710673E-32));
#6152=DIRECTION('center_axis',(-1.36072061777779E-30,8.55229776710715E-32,
1.));
#6153=DIRECTION('ref_axis',(1.,0.,1.36072061777779E-30));
#6154=DIRECTION('',(1.,4.41939186202514E-15,1.36072061777779E-30));
#6155=DIRECTION('',(-4.1088399670251E-15,1.,-8.55229776710771E-32));
#6156=DIRECTION('',(-1.,-4.20588743421261E-15,-1.36072061777779E-30));
#6157=DIRECTION('',(4.1088399670251E-15,-1.,0.));
#6158=DIRECTION('center_axis',(-1.,-4.20588743421261E-15,-1.36072061777779E-30));
#6159=DIRECTION('ref_axis',(0.,-0.707106781186548,0.707106781186548));
#6160=DIRECTION('center_axis',(-1.,-4.1088399670251E-15,0.));
#6161=DIRECTION('ref_axis',(0.,-0.707106781186548,0.707106781186548));
#6162=DIRECTION('center_axis',(0.707106781186546,-0.707106781186549,0.));
#6163=DIRECTION('ref_axis',(0.707106781186549,0.707106781186546,1.92434955226203E-30));
#6164=DIRECTION('',(1.,4.20588743421261E-15,1.36072061777779E-30));
#6165=DIRECTION('center_axis',(-4.1088399670251E-15,1.,-8.55229776710771E-32));
#6166=DIRECTION('ref_axis',(-0.707106781186548,0.,0.707106781186548));
#6167=DIRECTION('center_axis',(-0.707106781186549,-0.707106781186546,-3.92523114670942E-15));
#6168=DIRECTION('ref_axis',(0.707106781186545,-0.707106781186549,3.92523114670937E-15));
#6169=DIRECTION('',(4.1088399670251E-15,-1.,8.55229776710771E-32));
#6170=DIRECTION('center_axis',(1.,4.41939186202514E-15,1.36072061777779E-30));
#6171=DIRECTION('ref_axis',(0.,0.707106781186548,0.707106781186548));
#6172=DIRECTION('center_axis',(-1.,-4.1088399670251E-15,0.));
#6173=DIRECTION('ref_axis',(0.,0.707106781186548,0.707106781186548));
#6174=DIRECTION('',(-1.,-4.41939186202514E-15,-1.36072061777779E-30));
#6175=DIRECTION('center_axis',(1.,3.35186972296249E-15,-5.71502659466671E-31));
#6176=DIRECTION('ref_axis',(0.,0.707106781186548,0.707106781186548));
#6177=DIRECTION('center_axis',(-1.,0.,0.));
#6178=DIRECTION('ref_axis',(0.,0.707106781186548,0.707106781186548));
#6179=DIRECTION('',(1.,3.35186972296249E-15,-5.71502659466671E-31));
#6180=DIRECTION('center_axis',(-0.707106781186549,0.707106781186546,-7.85046229341889E-15));
#6181=DIRECTION('ref_axis',(-0.707106781186546,-0.707106781186549,7.85046229341888E-15));
#6182=DIRECTION('',(-1.,-3.35186972296249E-15,5.71502659466671E-31));
#6183=DIRECTION('center_axis',(3.54111228397815E-15,-1.,9.02742542083563E-32));
#6184=DIRECTION('ref_axis',(0.707106781186548,7.85046229341887E-15,0.707106781186548));
#6185=DIRECTION('',(3.54111228397815E-15,-1.,9.02742542083563E-32));
#6186=DIRECTION('center_axis',(0.707106781186549,0.707106781186546,7.85046229341885E-15));
#6187=DIRECTION('ref_axis',(-0.707106781186546,0.707106781186549,-7.85046229341875E-15));
#6188=DIRECTION('',(-3.54111228397815E-15,1.,-9.02742542083563E-32));
#6189=DIRECTION('center_axis',(-1.,-3.35186972296249E-15,5.71502659466671E-31));
#6190=DIRECTION('ref_axis',(0.,-0.707106781186548,0.707106781186548));
#6191=DIRECTION('',(-1.,-3.35186972296249E-15,5.71502659466671E-31));
#6192=DIRECTION('center_axis',(-1.,0.,0.));
#6193=DIRECTION('ref_axis',(0.,-0.707106781186548,0.707106781186548));
#6194=DIRECTION('',(1.,3.35186972296249E-15,-5.71502659466671E-31));
#6195=DIRECTION('center_axis',(-3.35186972296249E-15,1.,0.));
#6196=DIRECTION('ref_axis',(0.,0.,1.));
#6197=DIRECTION('',(0.,0.,1.));
#6198=DIRECTION('',(1.,3.35186972296249E-15,0.));
#6199=DIRECTION('',(0.,0.,-1.));
#6200=DIRECTION('center_axis',(1.,3.54111228397815E-15,0.));
#6201=DIRECTION('ref_axis',(0.,0.,-1.));
#6202=DIRECTION('',(0.,0.,1.));
#6203=DIRECTION('',(3.54111228397815E-15,-1.,0.));
#6204=DIRECTION('center_axis',(3.35186972296249E-15,-1.,0.));
#6205=DIRECTION('ref_axis',(0.,0.,-1.));
#6206=DIRECTION('',(0.,0.,1.));
#6207=DIRECTION('',(-1.,-3.35186972296249E-15,0.));
#6208=DIRECTION('center_axis',(-1.,2.19924540016329E-15,1.1222135078937E-29));
#6209=DIRECTION('ref_axis',(0.,-0.707106781186548,0.707106781186548));
#6210=DIRECTION('',(-1.,2.19924540016329E-15,1.1222135078937E-29));
#6211=DIRECTION('center_axis',(0.707106781186547,-0.707106781186548,0.));
#6212=DIRECTION('ref_axis',(0.707106781186548,0.707106781186547,-1.58704956274156E-29));
#6213=DIRECTION('center_axis',(0.707106781186551,0.707106781186544,-1.96261557335471E-15));
#6214=DIRECTION('ref_axis',(-0.707106781186544,0.707106781186551,1.9626155733547E-15));
#6215=DIRECTION('center_axis',(3.12443125401759E-15,1.,1.59695683614155E-32));
#6216=DIRECTION('ref_axis',(-0.707106781186548,1.96261557335472E-15,0.707106781186548));
#6217=DIRECTION('',(3.12443125401759E-15,1.,1.59695683614155E-32));
#6218=DIRECTION('center_axis',(-0.707106781186553,-0.707106781186542,0.));
#6219=DIRECTION('ref_axis',(0.707106781186542,-0.707106781186553,-2.2584380161958E-32));
#6220=DIRECTION('center_axis',(1.,-3.30946842478845E-15,-1.1222135078937E-29));
#6221=DIRECTION('ref_axis',(0.,0.707106781186548,0.707106781186548));
#6222=DIRECTION('',(1.,-3.30946842478845E-15,-1.1222135078937E-29));
#6223=DIRECTION('center_axis',(-0.707106781186546,0.70710678118655,0.));
#6224=DIRECTION('ref_axis',(-0.707106781186549,-0.707106781186546,1.58704956274155E-29));
#6225=DIRECTION('center_axis',(-3.12443125401759E-15,-1.,-1.59695683614155E-32));
#6226=DIRECTION('ref_axis',(0.707106781186548,0.,0.707106781186548));
#6227=DIRECTION('',(-3.12443125401759E-15,-1.,-1.59695683614155E-32));
#6228=DIRECTION('center_axis',(1.1222135078937E-29,-1.59695683614506E-32,
1.));
#6229=DIRECTION('ref_axis',(1.,0.,-1.1222135078937E-29));
#6230=DIRECTION('center_axis',(1.36072061777779E-30,-8.55229776710715E-32,
-1.));
#6231=DIRECTION('ref_axis',(-1.,0.,0.));
#6232=DIRECTION('center_axis',(-1.21430643318376E-16,-1.,8.55229776710714E-32));
#6233=DIRECTION('ref_axis',(1.,-1.21430643318376E-16,0.));
#6234=DIRECTION('center_axis',(1.36072061777779E-30,-8.55229776710715E-32,
-1.));
#6235=DIRECTION('ref_axis',(-1.,-3.35235311732518E-15,-1.36072061777779E-30));
#6236=DIRECTION('center_axis',(1.36072061777779E-30,-8.55229776710715E-32,
-1.));
#6237=DIRECTION('ref_axis',(-1.,0.,-1.36072061777779E-30));
#6238=DIRECTION('center_axis',(-3.58316618642607E-15,1.,1.03802194349235E-31));
#6239=DIRECTION('ref_axis',(-0.707106781186548,-3.92523114670943E-15,0.707106781186548));
#6240=DIRECTION('',(-3.58316618642607E-15,1.,1.03802194349235E-31));
#6241=DIRECTION('center_axis',(-0.707106781186542,-0.707106781186553,0.));
#6242=DIRECTION('ref_axis',(0.707106781186553,-0.707106781186542,-1.46798471052777E-31));
#6243=DIRECTION('',(-3.58316618642607E-15,1.,-9.02742542083562E-32));
#6244=DIRECTION('center_axis',(0.707106781186549,-0.707106781186547,0.));
#6245=DIRECTION('ref_axis',(0.707106781186547,0.707106781186548,-1.60005816571484E-29));
#6246=DIRECTION('center_axis',(1.,3.90698123527507E-15,-1.13141197926988E-29));
#6247=DIRECTION('ref_axis',(0.,0.707106781186548,0.707106781186548));
#6248=DIRECTION('',(1.,3.90698123527507E-15,-1.13141197926988E-29));
#6249=DIRECTION('center_axis',(-0.707106781186548,0.707106781186548,0.));
#6250=DIRECTION('ref_axis',(-0.707106781186547,-0.707106781186547,1.60005816571484E-29));
#6251=DIRECTION('',(1.,3.90698123527507E-15,-5.71502659466671E-31));
#6252=DIRECTION('center_axis',(3.69881441815786E-15,-1.,-1.03802194349236E-31));
#6253=DIRECTION('ref_axis',(0.707106781186548,0.,0.707106781186548));
#6254=DIRECTION('',(3.69881441815786E-15,-1.,-1.03802194349236E-31));
#6255=DIRECTION('center_axis',(0.707106781186548,0.707106781186548,1.96261557335472E-15));
#6256=DIRECTION('ref_axis',(-0.707106781186547,0.707106781186547,-1.9626155733547E-15));
#6257=DIRECTION('',(3.69881441815786E-15,-1.,9.02742542083562E-32));
#6258=DIRECTION('center_axis',(-1.,-2.24164669833734E-15,1.13141197926988E-29));
#6259=DIRECTION('ref_axis',(0.,-0.707106781186548,0.707106781186548));
#6260=DIRECTION('',(-1.,-2.24164669833734E-15,1.13141197926988E-29));
#6261=DIRECTION('',(-1.,-2.24164669833734E-15,5.71502659466671E-31));
#6262=DIRECTION('center_axis',(1.13141197926988E-29,-1.03802194349194E-31,
1.));
#6263=DIRECTION('ref_axis',(1.,0.,-1.13141197926988E-29));
#6264=DIRECTION('center_axis',(-3.58316618642607E-15,1.,-9.02742542083562E-32));
#6265=DIRECTION('ref_axis',(0.70710678118654,3.92523114670939E-15,-0.707106781186555));
#6266=DIRECTION('center_axis',(0.707106781186548,0.707106781186548,0.));
#6267=DIRECTION('ref_axis',(0.707106781186548,-0.707106781186548,1.27667074634573E-31));
#6268=DIRECTION('',(3.58316618642607E-15,-1.,9.02742542083562E-32));
#6269=DIRECTION('center_axis',(0.707106781186549,-0.707106781186547,0.));
#6270=DIRECTION('ref_axis',(-0.707106781186547,-0.707106781186549,1.27667074634574E-31));
#6271=DIRECTION('center_axis',(1.,3.90698123527507E-15,-5.71502659466671E-31));
#6272=DIRECTION('ref_axis',(0.,-0.70710678118654,-0.707106781186555));
#6273=DIRECTION('center_axis',(0.707106781186549,-0.707106781186546,0.));
#6274=DIRECTION('ref_axis',(-0.707106781186545,-0.707106781186549,8.08226811950058E-31));
#6275=DIRECTION('',(-1.,-3.90698123527507E-15,5.71502659466671E-31));
#6276=DIRECTION('center_axis',(3.69881441815786E-15,-1.,9.02742542083562E-32));
#6277=DIRECTION('ref_axis',(-0.70710678118654,0.,-0.707106781186555));
#6278=DIRECTION('center_axis',(-0.707106781186548,-0.707106781186548,-1.9626155733547E-15));
#6279=DIRECTION('ref_axis',(-0.707106781186547,0.707106781186547,-1.96261557335468E-15));
#6280=DIRECTION('',(-3.69881441815786E-15,1.,-9.02742542083562E-32));
#6281=DIRECTION('center_axis',(-1.,-2.24164669833734E-15,5.71502659466671E-31));
#6282=DIRECTION('ref_axis',(0.,0.70710678118654,-0.707106781186555));
#6283=DIRECTION('',(1.,2.24164669833734E-15,-5.71502659466671E-31));
#6284=DIRECTION('center_axis',(5.71502659466671E-31,9.02742542083583E-32,
1.));
#6285=DIRECTION('ref_axis',(1.,0.,-5.71502659466671E-31));
#6286=DIRECTION('',(0.,1.,-9.02742542083583E-32));
#6287=DIRECTION('center_axis',(-1.,-4.1088399670251E-15,0.));
#6288=DIRECTION('ref_axis',(0.,0.,1.));
#6289=DIRECTION('',(0.,0.,1.));
#6290=DIRECTION('',(-4.1088399670251E-15,1.,0.));
#6291=DIRECTION('',(0.,0.,1.));
#6292=DIRECTION('center_axis',(-4.41939186202514E-15,1.,0.));
#6293=DIRECTION('ref_axis',(0.,0.,1.));
#6294=DIRECTION('',(0.,0.,1.));
#6295=DIRECTION('',(1.,4.41939186202514E-15,0.));
#6296=DIRECTION('center_axis',(1.,4.1088399670251E-15,0.));
#6297=DIRECTION('ref_axis',(0.,0.,-1.));
#6298=DIRECTION('',(0.,0.,1.));
#6299=DIRECTION('',(4.1088399670251E-15,-1.,0.));
#6300=DIRECTION('center_axis',(4.20588743421261E-15,-1.,0.));
#6301=DIRECTION('ref_axis',(0.,0.,-1.));
#6302=DIRECTION('',(-1.,-4.20588743421261E-15,0.));
#6303=DIRECTION('center_axis',(-3.35186972296249E-15,1.,0.));
#6304=DIRECTION('ref_axis',(0.,0.,1.));
#6305=DIRECTION('',(0.,0.,1.));
#6306=DIRECTION('',(1.,3.35186972296249E-15,0.));
#6307=DIRECTION('',(0.,0.,1.));
#6308=DIRECTION('center_axis',(1.,3.35186972296249E-15,0.));
#6309=DIRECTION('ref_axis',(0.,0.,-1.));
#6310=DIRECTION('',(3.35186972296249E-15,-1.,0.));
#6311=DIRECTION('center_axis',(0.,0.,1.));
#6312=DIRECTION('ref_axis',(0.250000000000003,-0.968245836551853,0.));
#6313=DIRECTION('',(0.,0.,1.));
#6314=DIRECTION('center_axis',(0.,0.,-1.));
#6315=DIRECTION('ref_axis',(0.250000000000003,-0.968245836551853,0.));
#6316=DIRECTION('center_axis',(-1.,-3.84441924336625E-15,0.));
#6317=DIRECTION('ref_axis',(0.,0.,1.));
#6318=DIRECTION('',(-3.84441924336625E-15,1.,0.));
#6319=DIRECTION('center_axis',(0.,0.,1.));
#6320=DIRECTION('ref_axis',(1.,0.,0.));
#6321=DIRECTION('',(0.,1.,0.));
#6322=DIRECTION('',(1.,0.,0.));
#6323=DIRECTION('center_axis',(0.,0.,1.));
#6324=DIRECTION('ref_axis',(0.871182233654849,0.490959790374068,0.));
#6325=DIRECTION('',(0.,-1.,0.));
#6326=DIRECTION('',(-1.,-1.85037170770859E-16,0.));
#6327=DIRECTION('',(0.,1.,0.));
#6328=DIRECTION('center_axis',(0.,0.,1.));
#6329=DIRECTION('ref_axis',(-0.502815111556033,0.864393986322726,0.));
#6330=DIRECTION('',(1.,0.,0.));
#6331=DIRECTION('',(7.40148683083438E-16,-1.,0.));
#6332=DIRECTION('',(-1.,0.,0.));
#6333=DIRECTION('center_axis',(0.,0.,1.));
#6334=DIRECTION('ref_axis',(-0.836362058192583,-0.548177441724727,0.));
#6335=DIRECTION('',(0.,1.,0.));
#6336=DIRECTION('',(1.,1.85037170770859E-16,0.));
#6337=DIRECTION('',(0.,-1.,0.));
#6338=DIRECTION('center_axis',(0.,0.,1.));
#6339=DIRECTION('ref_axis',(0.536322120542761,-0.844013378458254,0.));
#6340=DIRECTION('',(-1.,0.,0.));
#6341=DIRECTION('',(0.,1.,0.));
#6342=DIRECTION('center_axis',(1.53664086453309E-15,-1.70601406838454E-30,
1.));
#6343=DIRECTION('ref_axis',(-1.,2.22044604925031E-15,1.53664086453309E-15));
#6344=DIRECTION('',(0.,-1.,-1.70601406838454E-30));
#6345=DIRECTION('',(-1.,2.03540887847945E-15,1.53664086453309E-15));
#6346=DIRECTION('center_axis',(-2.22044604925031E-15,-1.,1.70601406838454E-30));
#6347=DIRECTION('ref_axis',(1.53664086453309E-15,-1.70601406838454E-30,
1.));
#6348=DIRECTION('',(0.,1.70601406838454E-30,1.));
#6349=DIRECTION('center_axis',(-2.22044604925031E-15,-1.,1.70601406838454E-30));
#6350=DIRECTION('ref_axis',(1.53664086453309E-15,-1.70601406838454E-30,
1.));
#6351=DIRECTION('',(0.,1.70601406838454E-30,1.));
#6352=DIRECTION('center_axis',(0.,0.,1.));
#6353=DIRECTION('ref_axis',(-1.,0.,0.));
#6354=DIRECTION('',(1.,-1.85037170770859E-16,0.));
#6355=DIRECTION('',(7.40148683083438E-16,-1.,0.));
#6356=DIRECTION('',(-1.,1.85037170770859E-16,0.));
#6357=DIRECTION('',(0.,-1.,0.));
#6358=DIRECTION('center_axis',(-1.,0.,0.));
#6359=DIRECTION('ref_axis',(0.,0.,-1.));
#6360=DIRECTION('',(0.,0.,1.));
#6361=DIRECTION('',(0.,0.,-1.));
#6362=DIRECTION('',(0.,-1.,0.));
#6363=DIRECTION('center_axis',(0.,0.,-1.));
#6364=DIRECTION('ref_axis',(1.,0.,0.));
#6365=DIRECTION('',(-1.,1.85037170770859E-16,0.));
#6366=DIRECTION('',(1.,-1.85037170770859E-16,0.));
#6367=DIRECTION('',(-7.40148683083438E-16,1.,0.));
#6368=DIRECTION('center_axis',(0.,1.,0.));
#6369=DIRECTION('ref_axis',(0.,0.,1.));
#6370=DIRECTION('',(0.,0.,-1.));
#6371=DIRECTION('center_axis',(0.,1.,0.));
#6372=DIRECTION('ref_axis',(0.,0.,1.));
#6373=DIRECTION('',(0.,0.,1.));
#6374=DIRECTION('center_axis',(0.,0.,-1.));
#6375=DIRECTION('ref_axis',(-1.,0.,0.));
#6376=DIRECTION('',(1.,1.85037170770859E-16,0.));
#6377=DIRECTION('',(0.,1.,0.));
#6378=DIRECTION('',(-1.,-1.85037170770859E-16,0.));
#6379=DIRECTION('',(7.40148683083438E-16,-1.,0.));
#6380=DIRECTION('center_axis',(1.,0.,0.));
#6381=DIRECTION('ref_axis',(0.,0.,-1.));
#6382=DIRECTION('',(0.,0.,1.));
#6383=DIRECTION('',(0.,1.,0.));
#6384=DIRECTION('',(0.,0.,-1.));
#6385=DIRECTION('center_axis',(0.,0.,1.));
#6386=DIRECTION('ref_axis',(1.,0.,0.));
#6387=DIRECTION('',(-1.,-1.85037170770859E-16,0.));
#6388=DIRECTION('',(-7.40148683083438E-16,1.,0.));
#6389=DIRECTION('',(1.,1.85037170770859E-16,0.));
#6390=DIRECTION('center_axis',(0.,1.,0.));
#6391=DIRECTION('ref_axis',(0.,0.,1.));
#6392=DIRECTION('',(0.,0.,1.));
#6393=DIRECTION('center_axis',(0.,1.,0.));
#6394=DIRECTION('ref_axis',(0.,0.,1.));
#6395=DIRECTION('',(0.,0.,-1.));
#6396=DIRECTION('center_axis',(-1.,0.,0.));
#6397=DIRECTION('ref_axis',(0.,0.,1.));
#6398=DIRECTION('',(0.,1.,0.));
#6399=DIRECTION('',(0.,0.,1.));
#6400=DIRECTION('',(0.,-1.,0.));
#6401=DIRECTION('',(0.,0.,1.));
#6402=DIRECTION('center_axis',(8.7734048405332E-31,2.27155691658529E-47,
1.));
#6403=DIRECTION('ref_axis',(1.,0.,-8.7734048405332E-31));
#6404=DIRECTION('',(1.,0.,0.));
#6405=DIRECTION('',(0.,-1.,0.));
#6406=DIRECTION('',(-1.,0.,0.));
#6407=DIRECTION('center_axis',(1.,0.,0.));
#6408=DIRECTION('ref_axis',(0.,0.,-1.));
#6409=DIRECTION('',(0.,-1.,0.));
#6410=DIRECTION('',(0.,0.,1.));
#6411=DIRECTION('',(0.,1.,0.));
#6412=DIRECTION('',(0.,0.,1.));
#6413=DIRECTION('center_axis',(-8.7734048405332E-31,-2.27155691658529E-47,
1.));
#6414=DIRECTION('ref_axis',(1.,0.,8.7734048405332E-31));
#6415=DIRECTION('',(-1.,0.,0.));
#6416=DIRECTION('',(0.,1.,0.));
#6417=DIRECTION('',(1.,0.,0.));
#6418=DIRECTION('center_axis',(1.,0.,0.));
#6419=DIRECTION('ref_axis',(0.,0.,-1.));
#6420=DIRECTION('',(0.,-1.,0.));
#6421=DIRECTION('',(0.,0.,1.));
#6422=DIRECTION('',(0.,1.,0.));
#6423=DIRECTION('',(0.,0.,1.));
#6424=DIRECTION('center_axis',(-1.,0.,0.));
#6425=DIRECTION('ref_axis',(0.,0.,1.));
#6426=DIRECTION('',(0.,1.,0.));
#6427=DIRECTION('',(0.,0.,1.));
#6428=DIRECTION('',(0.,-1.,0.));
#6429=DIRECTION('',(0.,0.,1.));
#6430=DIRECTION('center_axis',(0.,0.,1.));
#6431=DIRECTION('ref_axis',(1.,0.,0.));
#6432=DIRECTION('',(-1.,0.,0.));
#6433=DIRECTION('',(1.,0.,0.));
#6434=DIRECTION('center_axis',(0.,0.,1.));
#6435=DIRECTION('ref_axis',(1.,0.,0.));
#6436=DIRECTION('',(1.,0.,0.));
#6437=DIRECTION('',(-1.,0.,0.));
#6438=DIRECTION('center_axis',(0.,1.,0.));
#6439=DIRECTION('ref_axis',(0.,0.,1.));
#6440=DIRECTION('',(0.,0.,1.));
#6441=DIRECTION('',(-1.,0.,0.));
#6442=DIRECTION('',(0.,0.,1.));
#6443=DIRECTION('',(1.,0.,0.));
#6444=DIRECTION('',(0.,0.,1.));
#6445=DIRECTION('',(-1.,0.,0.));
#6446=DIRECTION('',(0.,0.,-1.));
#6447=DIRECTION('',(-1.,0.,0.));
#6448=DIRECTION('center_axis',(-1.,0.,0.));
#6449=DIRECTION('ref_axis',(0.,0.,1.));
#6450=DIRECTION('',(0.,0.,1.));
#6451=DIRECTION('',(0.,-1.,0.));
#6452=DIRECTION('center_axis',(1.,0.,0.));
#6453=DIRECTION('ref_axis',(0.,0.,-1.));
#6454=DIRECTION('',(0.,1.,0.));
#6455=DIRECTION('',(0.,0.,1.));
#6456=DIRECTION('center_axis',(0.,-1.,0.));
#6457=DIRECTION('ref_axis',(0.,0.,-1.));
#6458=DIRECTION('',(0.,0.,-1.));
#6459=DIRECTION('',(1.,0.,0.));
#6460=DIRECTION('',(0.,0.,1.));
#6461=DIRECTION('',(1.,0.,0.));
#6462=DIRECTION('',(-1.,0.,0.));
#6463=DIRECTION('',(1.,0.,0.));
#6464=DIRECTION('center_axis',(0.,0.,1.));
#6465=DIRECTION('ref_axis',(1.,0.,0.));
#6466=DIRECTION('center_axis',(-1.,0.,0.));
#6467=DIRECTION('ref_axis',(0.,0.,1.));
#6468=DIRECTION('',(0.,-1.,0.));
#6469=DIRECTION('',(0.,0.,-1.));
#6470=DIRECTION('',(0.,-1.,0.));
#6471=DIRECTION('center_axis',(0.,0.,1.));
#6472=DIRECTION('ref_axis',(1.,0.,0.));
#6473=DIRECTION('',(2.22044604925031E-15,1.,0.));
#6474=DIRECTION('',(1.,0.,0.));
#6475=DIRECTION('',(-2.22044604925031E-15,-1.,0.));
#6476=DIRECTION('',(1.,0.,0.));
#6477=DIRECTION('',(-1.53134210293125E-15,-1.,0.));
#6478=DIRECTION('',(-1.,0.,0.));
#6479=DIRECTION('',(-2.22044604925031E-15,-1.,0.));
#6480=DIRECTION('',(-1.,3.82835525732812E-15,0.));
#6481=DIRECTION('',(2.22044604925031E-15,1.,0.));
#6482=DIRECTION('center_axis',(0.,0.,1.));
#6483=DIRECTION('ref_axis',(1.,0.,0.));
#6484=DIRECTION('',(1.,1.85037170770859E-16,0.));
#6485=DIRECTION('',(2.22044604925031E-15,1.,0.));
#6486=DIRECTION('center_axis',(0.,0.,1.));
#6487=DIRECTION('ref_axis',(1.,0.,0.));
#6488=DIRECTION('',(2.22044604925031E-15,1.,0.));
#6489=DIRECTION('',(-1.,-1.85037170770859E-16,0.));
#6490=DIRECTION('',(0.,-1.,0.));
#6491=DIRECTION('center_axis',(1.,-2.22044604925031E-15,0.));
#6492=DIRECTION('ref_axis',(0.,0.,-1.));
#6493=DIRECTION('',(0.,0.,-1.));
#6494=DIRECTION('center_axis',(1.,-2.22044604925031E-15,0.));
#6495=DIRECTION('ref_axis',(0.,0.,-1.));
#6496=DIRECTION('',(0.,0.,-1.));
#6497=DIRECTION('center_axis',(1.,0.,0.));
#6498=DIRECTION('ref_axis',(0.,0.,-1.));
#6499=DIRECTION('',(0.,0.,-1.));
#6500=DIRECTION('',(0.,1.,0.));
#6501=DIRECTION('',(0.,0.,-1.));
#6502=DIRECTION('',(0.,1.,0.));
#6503=DIRECTION('center_axis',(1.,0.,0.));
#6504=DIRECTION('ref_axis',(0.,0.,-1.));
#6505=DIRECTION('',(0.,0.,-1.));
#6506=DIRECTION('',(0.,1.,0.));
#6507=DIRECTION('',(0.,0.,-1.));
#6508=DIRECTION('',(0.,1.,0.));
#6509=DIRECTION('center_axis',(-1.,0.,0.));
#6510=DIRECTION('ref_axis',(0.,0.,1.));
#6511=DIRECTION('',(0.,0.,-1.));
#6512=DIRECTION('',(0.,-1.,0.));
#6513=DIRECTION('center_axis',(0.,-1.,0.));
#6514=DIRECTION('ref_axis',(0.,0.,-1.));
#6515=DIRECTION('',(1.,0.,0.));
#6516=DIRECTION('',(0.,0.,-1.));
#6517=DIRECTION('',(1.,0.,0.));
#6518=DIRECTION('center_axis',(0.,1.,0.));
#6519=DIRECTION('ref_axis',(0.,0.,1.));
#6520=DIRECTION('',(-1.,0.,0.));
#6521=DIRECTION('',(-1.,0.,0.));
#6522=DIRECTION('',(0.,0.,-1.));
#6523=DIRECTION('center_axis',(0.,0.,1.));
#6524=DIRECTION('ref_axis',(1.,0.,0.));
#6525=DIRECTION('',(-1.,0.,0.));
#6526=DIRECTION('',(0.,1.,0.));
#6527=DIRECTION('',(1.,0.,0.));
#6528=DIRECTION('center_axis',(-1.,2.22044604925031E-15,0.));
#6529=DIRECTION('ref_axis',(0.,0.,1.));
#6530=DIRECTION('',(0.,0.,-1.));
#6531=DIRECTION('',(0.,0.,-1.));
#6532=DIRECTION('',(-2.22044604925031E-15,-1.,0.));
#6533=DIRECTION('center_axis',(-1.,2.22044604925031E-15,0.));
#6534=DIRECTION('ref_axis',(0.,0.,1.));
#6535=DIRECTION('',(0.,0.,-1.));
#6536=DIRECTION('',(-2.22044604925031E-15,-1.,0.));
#6537=DIRECTION('',(0.,0.,-1.));
#6538=DIRECTION('center_axis',(0.,1.,0.));
#6539=DIRECTION('ref_axis',(0.,0.,1.));
#6540=DIRECTION('',(0.,0.,-1.));
#6541=DIRECTION('',(-1.,0.,0.));
#6542=DIRECTION('center_axis',(0.,-1.,0.));
#6543=DIRECTION('ref_axis',(0.,0.,-1.));
#6544=DIRECTION('',(1.,0.,0.));
#6545=DIRECTION('',(0.,0.,-1.));
#6546=DIRECTION('center_axis',(0.,0.,1.));
#6547=DIRECTION('ref_axis',(1.,0.,0.));
#6548=DIRECTION('',(1.,1.85037170770859E-16,0.));
#6549=DIRECTION('',(0.,-1.,0.));
#6550=DIRECTION('center_axis',(0.,0.,1.));
#6551=DIRECTION('ref_axis',(1.,0.,0.));
#6552=DIRECTION('',(0.,-1.,0.));
#6553=DIRECTION('',(-1.,-1.85037170770859E-16,0.));
#6554=DIRECTION('center_axis',(0.,0.,1.));
#6555=DIRECTION('ref_axis',(1.,0.,0.));
#6556=DIRECTION('',(-7.40148683083438E-16,1.,0.));
#6557=DIRECTION('',(1.,1.85037170770859E-16,0.));
#6558=DIRECTION('center_axis',(0.,0.,1.));
#6559=DIRECTION('ref_axis',(-1.,0.,0.));
#6560=DIRECTION('',(0.,0.,-1.));
#6561=DIRECTION('center_axis',(0.,0.,-1.));
#6562=DIRECTION('ref_axis',(-1.,0.,0.));
#6563=DIRECTION('center_axis',(0.,0.,1.));
#6564=DIRECTION('ref_axis',(-1.,0.,0.));
#6565=DIRECTION('',(0.,0.,-1.));
#6566=DIRECTION('center_axis',(0.,0.,-1.));
#6567=DIRECTION('ref_axis',(-1.,0.,0.));
#6568=DIRECTION('center_axis',(0.,0.,1.));
#6569=DIRECTION('ref_axis',(-1.,0.,0.));
#6570=DIRECTION('',(0.,0.,-1.));
#6571=DIRECTION('center_axis',(0.,0.,-1.));
#6572=DIRECTION('ref_axis',(-1.,0.,0.));
#6573=DIRECTION('center_axis',(0.,0.,1.));
#6574=DIRECTION('ref_axis',(-1.,0.,0.));
#6575=DIRECTION('',(0.,0.,-1.));
#6576=DIRECTION('center_axis',(0.,0.,-1.));
#6577=DIRECTION('ref_axis',(-1.,0.,0.));
#6578=DIRECTION('center_axis',(0.,1.,0.));
#6579=DIRECTION('ref_axis',(0.,0.,1.));
#6580=DIRECTION('',(0.,0.,-1.));
#6581=DIRECTION('',(-1.,0.,0.));
#6582=DIRECTION('',(0.,0.,1.));
#6583=DIRECTION('center_axis',(0.,0.,-1.));
#6584=DIRECTION('ref_axis',(-0.502815111556033,0.864393986322726,0.));
#6585=DIRECTION('',(0.,0.,-1.));
#6586=DIRECTION('center_axis',(0.,0.,-1.));
#6587=DIRECTION('ref_axis',(-0.502815111556033,0.864393986322726,0.));
#6588=DIRECTION('center_axis',(-1.,0.,0.));
#6589=DIRECTION('ref_axis',(0.,0.,1.));
#6590=DIRECTION('',(0.,0.,-1.));
#6591=DIRECTION('',(0.,-1.,0.));
#6592=DIRECTION('center_axis',(0.,-1.,0.));
#6593=DIRECTION('ref_axis',(0.,0.,-1.));
#6594=DIRECTION('',(0.,0.,-1.));
#6595=DIRECTION('',(1.,0.,0.));
#6596=DIRECTION('',(0.,0.,1.));
#6597=DIRECTION('center_axis',(0.,0.,-1.));
#6598=DIRECTION('ref_axis',(0.536322120542761,-0.844013378458254,0.));
#6599=DIRECTION('',(0.,0.,-1.));
#6600=DIRECTION('center_axis',(0.,0.,-1.));
#6601=DIRECTION('ref_axis',(0.536322120542761,-0.844013378458254,0.));
#6602=DIRECTION('center_axis',(1.,0.,0.));
#6603=DIRECTION('ref_axis',(0.,0.,-1.));
#6604=DIRECTION('',(0.,0.,-1.));
#6605=DIRECTION('',(0.,1.,0.));
#6606=DIRECTION('center_axis',(-1.,0.,0.));
#6607=DIRECTION('ref_axis',(0.,0.,1.));
#6608=DIRECTION('',(0.,0.,-1.));
#6609=DIRECTION('',(0.,-1.,0.));
#6610=DIRECTION('',(0.,0.,1.));
#6611=DIRECTION('center_axis',(0.,0.,-1.));
#6612=DIRECTION('ref_axis',(-0.836362058192583,-0.548177441724727,0.));
#6613=DIRECTION('',(0.,0.,-1.));
#6614=DIRECTION('center_axis',(0.,0.,-1.));
#6615=DIRECTION('ref_axis',(-0.836362058192583,-0.548177441724727,0.));
#6616=DIRECTION('center_axis',(0.,-1.,0.));
#6617=DIRECTION('ref_axis',(0.,0.,-1.));
#6618=DIRECTION('',(0.,0.,-1.));
#6619=DIRECTION('',(1.,0.,0.));
#6620=DIRECTION('center_axis',(1.,0.,0.));
#6621=DIRECTION('ref_axis',(0.,0.,-1.));
#6622=DIRECTION('',(0.,0.,-1.));
#6623=DIRECTION('',(0.,1.,0.));
#6624=DIRECTION('',(0.,0.,1.));
#6625=DIRECTION('center_axis',(0.,0.,-1.));
#6626=DIRECTION('ref_axis',(0.871182233654849,0.490959790374068,0.));
#6627=DIRECTION('',(0.,0.,-1.));
#6628=DIRECTION('center_axis',(0.,0.,-1.));
#6629=DIRECTION('ref_axis',(0.871182233654849,0.490959790374068,0.));
#6630=DIRECTION('center_axis',(0.,1.,0.));
#6631=DIRECTION('ref_axis',(0.,0.,1.));
#6632=DIRECTION('',(0.,0.,-1.));
#6633=DIRECTION('',(-1.,0.,0.));
#6634=DIRECTION('center_axis',(-1.85037170770859E-16,1.,0.));
#6635=DIRECTION('ref_axis',(0.,0.,1.));
#6636=DIRECTION('',(1.,1.85037170770859E-16,0.));
#6637=DIRECTION('center_axis',(1.85037170770859E-16,-1.,0.));
#6638=DIRECTION('ref_axis',(0.,0.,-1.));
#6639=DIRECTION('',(-1.,-1.85037170770859E-16,0.));
#6640=DIRECTION('center_axis',(1.,7.40148683083438E-16,0.));
#6641=DIRECTION('ref_axis',(0.,0.,-1.));
#6642=DIRECTION('',(7.40148683083438E-16,-1.,0.));
#6643=DIRECTION('center_axis',(-1.,0.,0.));
#6644=DIRECTION('ref_axis',(0.,0.,1.));
#6645=DIRECTION('',(0.,1.,0.));
#6646=DIRECTION('center_axis',(-1.,0.,0.));
#6647=DIRECTION('ref_axis',(0.,0.,1.));
#6648=DIRECTION('',(0.,1.,0.));
#6649=DIRECTION('',(0.,0.,1.));
#6650=DIRECTION('',(0.,0.,1.));
#6651=DIRECTION('center_axis',(-1.85037170770859E-16,1.,0.));
#6652=DIRECTION('ref_axis',(0.,0.,1.));
#6653=DIRECTION('',(1.,1.85037170770859E-16,0.));
#6654=DIRECTION('',(0.,0.,1.));
#6655=DIRECTION('',(-1.,-1.85037170770859E-16,0.));
#6656=DIRECTION('center_axis',(1.,7.40148683083438E-16,0.));
#6657=DIRECTION('ref_axis',(0.,0.,-1.));
#6658=DIRECTION('',(7.40148683083438E-16,-1.,0.));
#6659=DIRECTION('',(0.,0.,1.));
#6660=DIRECTION('',(-7.40148683083438E-16,1.,0.));
#6661=DIRECTION('center_axis',(1.85037170770859E-16,-1.,0.));
#6662=DIRECTION('ref_axis',(0.,0.,-1.));
#6663=DIRECTION('',(-1.,-1.85037170770859E-16,0.));
#6664=DIRECTION('center_axis',(0.,0.,1.));
#6665=DIRECTION('ref_axis',(1.,0.,0.));
#6666=DIRECTION('center_axis',(0.,0.,1.));
#6667=DIRECTION('ref_axis',(1.,0.,0.));
#6668=DIRECTION('axis',(0.,0.,1.));
#6669=DIRECTION('refdir',(1.,0.,0.));
#6670=DIRECTION('center_axis',(0.,-1.,0.));
#6671=DIRECTION('ref_axis',(-0.837477944266595,0.,-0.54647112720344));
#6672=DIRECTION('center_axis',(3.48624023061691E-16,1.,-5.05166334352026E-18));
#6673=DIRECTION('ref_axis',(-0.837477944266595,0.,-0.54647112720344));
#6674=DIRECTION('',(0.,1.,0.));
#6675=DIRECTION('center_axis',(1.7347234759768E-16,-1.,0.));
#6676=DIRECTION('ref_axis',(-0.837477944266595,0.,-0.54647112720344));
#6677=DIRECTION('',(0.,-1.,0.));
#6678=DIRECTION('center_axis',(-1.7347234759768E-16,1.,0.));
#6679=DIRECTION('ref_axis',(0.,0.,1.));
#6680=DIRECTION('',(-2.77555756156289E-16,9.62964972193616E-32,1.));
#6681=DIRECTION('center_axis',(1.7347234759768E-16,-1.,0.));
#6682=DIRECTION('ref_axis',(-0.707106781186548,0.,0.707106781186547));
#6683=DIRECTION('',(1.,-3.46944695195361E-16,2.16840434497101E-16));
#6684=DIRECTION('center_axis',(1.7347234759768E-16,-1.,0.));
#6685=DIRECTION('ref_axis',(0.622551400810101,0.,0.782578911899228));
#6686=DIRECTION('',(0.224859506698759,-7.80138130133802E-17,-0.97439119569462));
#6687=DIRECTION('center_axis',(-1.7347234759768E-16,1.,0.));
#6688=DIRECTION('ref_axis',(-0.622551400810102,0.,-0.782578911899228));
#6689=DIRECTION('',(1.,-3.46944695195361E-16,3.46944695195361E-16));
#6690=DIRECTION('center_axis',(-1.7347234759768E-16,1.,0.));
#6691=DIRECTION('ref_axis',(0.707106781186548,-1.96261557335472E-15,-0.707106781186547));
#6692=DIRECTION('',(-2.16840434497101E-16,7.52316384526262E-32,1.));
#6693=DIRECTION('',(-1.,-1.7347234759768E-16,0.));
#6694=DIRECTION('',(-1.85599593782321E-15,6.43927944931901E-31,-1.));
#6695=DIRECTION('',(1.,1.7347234759768E-16,0.));
#6696=DIRECTION('center_axis',(-3.46944695195361E-16,-1.,0.));
#6697=DIRECTION('ref_axis',(1.,-3.46944695195361E-16,1.2335811384724E-15));
#6698=DIRECTION('',(2.70786103567111E-16,-9.39478021652309E-32,-1.));
#6699=DIRECTION('',(-0.707106781186547,2.45326946669339E-16,-0.707106781186548));
#6700=DIRECTION('',(-1.,3.46944695195361E-16,4.93432455388958E-16));
#6701=DIRECTION('center_axis',(3.46944695195361E-16,1.,0.));
#6702=DIRECTION('ref_axis',(1.,-3.46944695195361E-16,0.));
#6703=DIRECTION('',(9.251858538543E-16,-3.20988324064539E-31,1.));
#6704=DIRECTION('center_axis',(3.46944695195361E-16,1.,0.));
#6705=DIRECTION('ref_axis',(0.,0.,-1.));
#6706=DIRECTION('',(1.,-3.46944695195361E-16,-5.55111512312567E-15));
#6707=DIRECTION('center_axis',(-3.46944695195361E-16,-1.,0.));
#6708=DIRECTION('ref_axis',(-1.85037170770859E-15,6.41976648129077E-31,
-1.));
#6709=DIRECTION('',(-2.4980018054066E-14,8.66668474974253E-30,1.));
#6710=DIRECTION('center_axis',(-3.46944695195361E-16,-1.,0.));
#6711=DIRECTION('ref_axis',(1.,-3.46944695195361E-16,1.48029736616687E-14));
#6712=DIRECTION('',(-1.,3.46944695195361E-16,0.));
#6713=DIRECTION('',(0.,0.,1.));
#6714=DIRECTION('',(1.,-3.46944695195361E-16,4.82705662880499E-16));
#6715=DIRECTION('center_axis',(-3.46944695195361E-16,-1.,0.));
#6716=DIRECTION('ref_axis',(-1.8503717077086E-15,6.41976648129079E-31,-1.));
#6717=DIRECTION('',(6.04232716606013E-15,-2.09635335689938E-30,1.));
#6718=DIRECTION('center_axis',(-3.46944695195361E-16,-1.,0.));
#6719=DIRECTION('ref_axis',(1.,-3.46944695195361E-16,-7.40148683083437E-15));
#6720=DIRECTION('',(-0.915315032422771,3.1756369493165E-16,0.402738614266005));
#6721=DIRECTION('center_axis',(1.,0.,2.77555756156289E-16));
#6722=DIRECTION('ref_axis',(-2.77555756156289E-16,0.,1.));
#6723=DIRECTION('',(2.77555756156289E-16,-9.62964972193616E-32,-1.));
#6724=DIRECTION('',(0.,-1.,0.));
#6725=DIRECTION('center_axis',(0.,-1.,0.));
#6726=DIRECTION('ref_axis',(-0.707106781186548,0.,0.707106781186547));
#6727=DIRECTION('center_axis',(3.48624023061691E-16,1.,-5.05166334352026E-18));
#6728=DIRECTION('ref_axis',(-0.707106781186548,0.,0.707106781186547));
#6729=DIRECTION('',(0.,1.,0.));
#6730=DIRECTION('center_axis',(0.,-1.,0.));
#6731=DIRECTION('ref_axis',(0.622551400810101,0.,0.782578911899228));
#6732=DIRECTION('center_axis',(3.48624023061691E-16,1.,-5.05166334352026E-18));
#6733=DIRECTION('ref_axis',(0.622551400810101,0.,0.782578911899228));
#6734=DIRECTION('',(0.,1.,0.));
#6735=DIRECTION('',(0.,-1.,0.));
#6736=DIRECTION('center_axis',(-0.97439119569462,0.,-0.224859506698759));
#6737=DIRECTION('ref_axis',(0.224859506698759,0.,-0.97439119569462));
#6738=DIRECTION('',(-0.224859506698759,7.80138130133802E-17,0.97439119569462));
#6739=DIRECTION('',(0.,-1.,0.));
#6740=DIRECTION('center_axis',(-1.51394048812522E-15,-1.,-5.25253621196519E-31));
#6741=DIRECTION('ref_axis',(0.707106781186548,-1.96261557335472E-15,-0.707106781186547));
#6742=DIRECTION('',(-1.51394048812522E-15,-1.,-5.25253621196519E-31));
#6743=DIRECTION('center_axis',(-3.48624023061691E-16,-1.,5.05166334352026E-18));
#6744=DIRECTION('ref_axis',(0.707106781186548,-1.96261557335472E-15,-0.707106781186547));
#6745=DIRECTION('',(1.51394048812522E-15,1.,5.25253621196519E-31));
#6746=DIRECTION('center_axis',(3.46944695195361E-16,0.,-1.));
#6747=DIRECTION('ref_axis',(1.,0.,3.46944695195361E-16));
#6748=DIRECTION('',(0.,1.,0.));
#6749=DIRECTION('',(-1.,3.46944695195361E-16,-3.46944695195361E-16));
#6750=DIRECTION('center_axis',(0.,-1.,0.));
#6751=DIRECTION('ref_axis',(-0.622551400810102,0.,-0.782578911899228));
#6752=DIRECTION('center_axis',(-3.48624023061691E-16,-1.,5.05166334352026E-18));
#6753=DIRECTION('ref_axis',(-0.622551400810102,0.,-0.782578911899228));
#6754=DIRECTION('center_axis',(0.,1.,0.));
#6755=DIRECTION('ref_axis',(-0.837477944266595,0.,-0.546471127203439));
#6756=DIRECTION('center_axis',(3.48624023061691E-16,-1.,-5.05166334352026E-18));
#6757=DIRECTION('ref_axis',(-0.837477944266595,0.,-0.546471127203439));
#6758=DIRECTION('',(0.,-1.,0.));
#6759=DIRECTION('center_axis',(-3.46944695195361E-16,1.,0.));
#6760=DIRECTION('ref_axis',(-0.837477944266595,0.,-0.546471127203439));
#6761=DIRECTION('',(0.,1.,0.));
#6762=DIRECTION('center_axis',(-1.,0.,-2.77555756156289E-16));
#6763=DIRECTION('ref_axis',(-2.77555756156289E-16,0.,1.));
#6764=DIRECTION('',(-2.77555756156289E-16,-9.62964972193616E-32,1.));
#6765=DIRECTION('',(0.,-1.,0.));
#6766=DIRECTION('',(2.77555756156289E-16,9.62964972193616E-32,-1.));
#6767=DIRECTION('center_axis',(3.46944695195361E-16,-1.,0.));
#6768=DIRECTION('ref_axis',(0.,0.,-1.));
#6769=DIRECTION('',(-0.915315032422771,-3.1756369493165E-16,0.402738614266005));
#6770=DIRECTION('center_axis',(3.46944695195361E-16,-1.,0.));
#6771=DIRECTION('ref_axis',(1.,3.46944695195361E-16,-7.40148683083437E-15));
#6772=DIRECTION('',(6.04232716606013E-15,2.09635335689938E-30,1.));
#6773=DIRECTION('center_axis',(3.46944695195361E-16,-1.,0.));
#6774=DIRECTION('ref_axis',(-1.8503717077086E-15,-6.41976648129079E-31,
-1.));
#6775=DIRECTION('',(1.,3.46944695195361E-16,4.82705662880499E-16));
#6776=DIRECTION('',(0.,0.,1.));
#6777=DIRECTION('',(-1.,-3.46944695195361E-16,0.));
#6778=DIRECTION('center_axis',(3.46944695195361E-16,-1.,0.));
#6779=DIRECTION('ref_axis',(1.,3.46944695195361E-16,1.48029736616687E-14));
#6780=DIRECTION('',(-2.4980018054066E-14,-8.66668474974253E-30,1.));
#6781=DIRECTION('center_axis',(3.46944695195361E-16,-1.,0.));
#6782=DIRECTION('ref_axis',(-1.85037170770859E-15,-6.41976648129077E-31,
-1.));
#6783=DIRECTION('',(1.,3.46944695195361E-16,-5.55111512312567E-15));
#6784=DIRECTION('center_axis',(-3.46944695195361E-16,1.,0.));
#6785=DIRECTION('ref_axis',(0.,0.,-1.));
#6786=DIRECTION('',(9.251858538543E-16,3.20988324064539E-31,1.));
#6787=DIRECTION('center_axis',(-3.46944695195361E-16,1.,0.));
#6788=DIRECTION('ref_axis',(1.,3.46944695195361E-16,0.));
#6789=DIRECTION('',(-1.,-3.46944695195361E-16,4.93432455388958E-16));
#6790=DIRECTION('',(-0.707106781186547,-2.45326946669339E-16,-0.707106781186548));
#6791=DIRECTION('',(2.70786103567111E-16,9.39478021652309E-32,-1.));
#6792=DIRECTION('center_axis',(3.46944695195361E-16,-1.,0.));
#6793=DIRECTION('ref_axis',(1.,3.46944695195361E-16,1.2335811384724E-15));
#6794=DIRECTION('',(-1.,-3.46944695195361E-16,0.));
#6795=DIRECTION('',(-1.85599593782321E-15,-6.43927944931901E-31,-1.));
#6796=DIRECTION('',(1.,3.46944695195361E-16,0.));
#6797=DIRECTION('',(0.,0.,1.));
#6798=DIRECTION('center_axis',(3.46944695195361E-16,-1.,0.));
#6799=DIRECTION('ref_axis',(0.707106781186548,0.,-0.707106781186547));
#6800=DIRECTION('',(1.,3.46944695195361E-16,3.46944695195361E-16));
#6801=DIRECTION('center_axis',(3.46944695195361E-16,-1.,0.));
#6802=DIRECTION('ref_axis',(-0.622551400810102,0.,-0.782578911899228));
#6803=DIRECTION('',(0.224859506698759,7.80138130133802E-17,-0.97439119569462));
#6804=DIRECTION('center_axis',(-3.46944695195361E-16,1.,0.));
#6805=DIRECTION('ref_axis',(0.622551400810102,0.,0.782578911899228));
#6806=DIRECTION('',(1.,3.46944695195361E-16,2.16840434497101E-16));
#6807=DIRECTION('center_axis',(-3.46944695195361E-16,1.,0.));
#6808=DIRECTION('ref_axis',(-0.707106781186548,0.,0.707106781186547));
#6809=DIRECTION('center_axis',(0.,1.,0.));
#6810=DIRECTION('ref_axis',(0.707106781186548,0.,-0.707106781186547));
#6811=DIRECTION('',(0.,1.,0.));
#6812=DIRECTION('center_axis',(-3.48624023061691E-16,1.,5.05166334352026E-18));
#6813=DIRECTION('ref_axis',(0.707106781186548,0.,-0.707106781186547));
#6814=DIRECTION('',(0.,-1.,0.));
#6815=DIRECTION('center_axis',(-1.,0.,0.));
#6816=DIRECTION('ref_axis',(0.,0.,1.));
#6817=DIRECTION('center_axis',(1.,0.,0.));
#6818=DIRECTION('ref_axis',(0.,-0.707106781186548,0.707106781186547));
#6819=DIRECTION('',(0.,1.,0.));
#6820=DIRECTION('',(0.,0.,1.));
#6821=DIRECTION('',(0.,1.,0.));
#6822=DIRECTION('',(2.16840434497101E-16,7.52316384526262E-32,-1.));
#6823=DIRECTION('center_axis',(0.,1.,0.));
#6824=DIRECTION('ref_axis',(-0.622551400810102,0.,-0.782578911899228));
#6825=DIRECTION('',(0.,1.,0.));
#6826=DIRECTION('center_axis',(-3.48624023061691E-16,1.,5.05166334352026E-18));
#6827=DIRECTION('ref_axis',(-0.622551400810102,0.,-0.782578911899228));
#6828=DIRECTION('',(0.,-1.,0.));
#6829=DIRECTION('center_axis',(-3.46944695195361E-16,0.,1.));
#6830=DIRECTION('ref_axis',(1.,0.,3.46944695195361E-16));
#6831=DIRECTION('',(-1.,-3.46944695195361E-16,-3.46944695195361E-16));
#6832=DIRECTION('center_axis',(0.,1.,0.));
#6833=DIRECTION('ref_axis',(0.622551400810102,0.,0.782578911899228));
#6834=DIRECTION('center_axis',(3.48624023061691E-16,-1.,-5.05166334352026E-18));
#6835=DIRECTION('ref_axis',(0.622551400810102,0.,0.782578911899228));
#6836=DIRECTION('',(0.,-1.,0.));
#6837=DIRECTION('',(0.,1.,0.));
#6838=DIRECTION('center_axis',(0.97439119569462,0.,0.224859506698759));
#6839=DIRECTION('ref_axis',(0.224859506698759,0.,-0.97439119569462));
#6840=DIRECTION('',(-0.224859506698759,-7.80138130133802E-17,0.97439119569462));
#6841=DIRECTION('center_axis',(0.,1.,0.));
#6842=DIRECTION('ref_axis',(-0.707106781186548,0.,0.707106781186547));
#6843=DIRECTION('center_axis',(3.48624023061691E-16,-1.,-5.05166334352026E-18));
#6844=DIRECTION('ref_axis',(-0.707106781186548,0.,0.707106781186547));
#6845=DIRECTION('',(0.,1.,0.));
#6846=DIRECTION('center_axis',(-3.48624023061691E-16,1.,5.05166334352026E-18));
#6847=DIRECTION('ref_axis',(0.,-5.05166334352026E-18,1.));
#6848=DIRECTION('',(-1.,-3.46944695195361E-16,-2.16840434497101E-16));
#6849=DIRECTION('',(-1.,-3.48624023061691E-16,0.));
#6850=DIRECTION('',(1.85599593782321E-15,6.43927944931901E-31,1.));
#6851=DIRECTION('',(-1.,-3.48624023061691E-16,-7.98478418070991E-32));
#6852=DIRECTION('center_axis',(-3.46944695195361E-16,1.,0.));
#6853=DIRECTION('ref_axis',(1.,3.46944695195361E-16,1.2335811384724E-15));
#6854=DIRECTION('',(-2.70786103567111E-16,-9.39478021652309E-32,1.));
#6855=DIRECTION('',(0.707106781186547,2.45326946669339E-16,0.707106781186548));
#6856=DIRECTION('',(1.,3.46944695195361E-16,-4.93432455388958E-16));
#6857=DIRECTION('center_axis',(3.46944695195361E-16,-1.,0.));
#6858=DIRECTION('ref_axis',(1.,3.46944695195361E-16,0.));
#6859=DIRECTION('',(-9.251858538543E-16,-3.20988324064539E-31,-1.));
#6860=DIRECTION('center_axis',(3.46944695195361E-16,-1.,0.));
#6861=DIRECTION('ref_axis',(0.,0.,-1.));
#6862=DIRECTION('',(-1.,-3.46944695195361E-16,5.55111512312567E-15));
#6863=DIRECTION('center_axis',(-3.46944695195361E-16,1.,0.));
#6864=DIRECTION('ref_axis',(-1.85037170770859E-15,-6.41976648129077E-31,
-1.));
#6865=DIRECTION('',(2.4980018054066E-14,8.66668474974253E-30,-1.));
#6866=DIRECTION('center_axis',(-3.46944695195361E-16,1.,0.));
#6867=DIRECTION('ref_axis',(1.,3.46944695195361E-16,1.48029736616687E-14));
#6868=DIRECTION('',(1.,3.46944695195361E-16,0.));
#6869=DIRECTION('',(0.,0.,-1.));
#6870=DIRECTION('',(-1.,-3.46944695195361E-16,-4.82705662880499E-16));
#6871=DIRECTION('center_axis',(-3.46944695195361E-16,1.,0.));
#6872=DIRECTION('ref_axis',(-1.8503717077086E-15,-6.41976648129079E-31,
-1.));
#6873=DIRECTION('',(-6.04232716606013E-15,-2.09635335689938E-30,-1.));
#6874=DIRECTION('center_axis',(-3.46944695195361E-16,1.,0.));
#6875=DIRECTION('ref_axis',(1.,3.46944695195361E-16,-7.40148683083437E-15));
#6876=DIRECTION('',(0.915315032422771,3.1756369493165E-16,-0.402738614266005));
#6877=DIRECTION('center_axis',(1.,3.46944695195361E-16,0.));
#6878=DIRECTION('ref_axis',(0.,-0.707106781186548,0.707106781186547));
#6879=DIRECTION('center_axis',(-1.,-7.56970244062607E-16,0.));
#6880=DIRECTION('ref_axis',(0.,-0.707106781186548,0.707106781186547));
#6881=DIRECTION('',(-1.,-3.46944695195361E-16,0.));
#6882=DIRECTION('center_axis',(1.,7.56970244062607E-16,0.));
#6883=DIRECTION('ref_axis',(0.,0.,-1.));
#6884=DIRECTION('center_axis',(-1.,-7.56970244062607E-16,0.));
#6885=DIRECTION('ref_axis',(0.,-0.707106781186548,-0.707106781186548));
#6886=DIRECTION('',(0.,1.,0.));
#6887=DIRECTION('',(0.,0.,1.));
#6888=DIRECTION('',(7.93757249712891E-16,-1.,0.));
#6889=DIRECTION('',(7.56970244062607E-16,-1.,0.));
#6890=DIRECTION('',(0.,0.,1.));
#6891=DIRECTION('',(7.56970244062607E-16,-1.,0.));
#6892=DIRECTION('center_axis',(-1.,-1.7347234759768E-16,0.));
#6893=DIRECTION('ref_axis',(0.,0.707106781186548,0.707106781186547));
#6894=DIRECTION('center_axis',(1.,-1.51394048812522E-15,0.));
#6895=DIRECTION('ref_axis',(0.,0.707106781186548,0.707106781186547));
#6896=DIRECTION('',(1.,1.7347234759768E-16,0.));
#6897=DIRECTION('center_axis',(-1.,-2.52323414687536E-16,0.));
#6898=DIRECTION('ref_axis',(0.,0.707106781186548,0.707106781186547));
#6899=DIRECTION('center_axis',(1.,2.52323414687536E-16,0.));
#6900=DIRECTION('ref_axis',(0.,0.,-1.));
#6901=DIRECTION('',(2.52323414687536E-16,-1.,0.));
#6902=DIRECTION('',(0.,0.,1.));
#6903=DIRECTION('',(2.52323414687536E-16,-1.,0.));
#6904=DIRECTION('',(1.85599593782321E-15,-6.43927944931901E-31,1.));
#6905=DIRECTION('',(7.93757249712891E-16,1.,0.));
#6906=DIRECTION('',(0.,0.,1.));
#6907=DIRECTION('',(0.,-1.,0.));
#6908=DIRECTION('center_axis',(-1.,-2.52323414687536E-16,0.));
#6909=DIRECTION('ref_axis',(0.,0.707106781186548,-0.707106781186548));
#6910=DIRECTION('center_axis',(0.,-1.,0.));
#6911=DIRECTION('ref_axis',(-0.707106781186549,0.,0.707106781186546));
#6912=DIRECTION('center_axis',(-1.77222665463969E-16,1.,0.));
#6913=DIRECTION('ref_axis',(-0.707106781186549,0.,0.707106781186546));
#6914=DIRECTION('',(0.,1.,0.));
#6915=DIRECTION('center_axis',(3.81639164714898E-16,-1.,0.));
#6916=DIRECTION('ref_axis',(-0.707106781186549,0.,0.707106781186546));
#6917=DIRECTION('',(0.,-1.,0.));
#6918=DIRECTION('center_axis',(1.,0.,0.));
#6919=DIRECTION('ref_axis',(0.,0.,1.));
#6920=DIRECTION('',(0.,0.,1.));
#6921=DIRECTION('',(0.,1.,0.));
#6922=DIRECTION('',(0.,0.,1.));
#6923=DIRECTION('center_axis',(3.81639164714898E-16,-1.,0.));
#6924=DIRECTION('ref_axis',(0.,0.,-1.));
#6925=DIRECTION('',(-1.,-3.81639164714898E-16,0.));
#6926=DIRECTION('',(0.,0.,1.));
#6927=DIRECTION('',(-1.,-3.81639164714898E-16,0.));
#6928=DIRECTION('center_axis',(3.81639164714898E-16,-1.,0.));
#6929=DIRECTION('ref_axis',(-0.707106781186549,0.,-0.707106781186546));
#6930=DIRECTION('center_axis',(0.,-1.,0.));
#6931=DIRECTION('ref_axis',(-0.707106781186549,0.,-0.707106781186546));
#6932=DIRECTION('center_axis',(-1.77222665463969E-16,1.,0.));
#6933=DIRECTION('ref_axis',(-0.707106781186549,0.,-0.707106781186546));
#6934=DIRECTION('',(0.,-1.,0.));
#6935=DIRECTION('center_axis',(0.,0.,1.));
#6936=DIRECTION('ref_axis',(-1.,0.,0.));
#6937=DIRECTION('',(-0.909059342886309,-0.416666666666667,0.));
#6938=DIRECTION('center_axis',(0.,0.,1.));
#6939=DIRECTION('ref_axis',(0.618606859869742,0.785700676416979,0.));
#6940=DIRECTION('',(-0.785700676416978,0.618606859869742,0.));
#6941=DIRECTION('',(0.,-1.,0.));
#6942=DIRECTION('',(1.,-3.46944695195361E-16,0.));
#6943=DIRECTION('center_axis',(0.,0.,1.));
#6944=DIRECTION('ref_axis',(-0.618606859869746,-0.785700676416975,0.));
#6945=DIRECTION('',(0.785700676416979,-0.618606859869741,0.));
#6946=DIRECTION('center_axis',(0.,0.,-1.));
#6947=DIRECTION('ref_axis',(-0.618606859869742,-0.785700676416978,0.));
#6948=DIRECTION('',(0.909059342886309,0.416666666666667,0.));
#6949=DIRECTION('',(1.,1.77222665463969E-16,0.));
#6950=DIRECTION('center_axis',(0.,0.,-1.));
#6951=DIRECTION('ref_axis',(0.618606859869742,0.785700676416979,0.));
#6952=DIRECTION('center_axis',(0.,0.,1.));
#6953=DIRECTION('ref_axis',(0.618606859869742,0.785700676416979,0.));
#6954=DIRECTION('',(0.,0.,1.));
#6955=DIRECTION('',(0.,0.,1.));
#6956=DIRECTION('center_axis',(0.416666666666667,-0.909059342886309,0.));
#6957=DIRECTION('ref_axis',(0.,0.,-1.));
#6958=DIRECTION('',(-0.909059342886309,-0.416666666666667,0.));
#6959=DIRECTION('center_axis',(-1.77222665463969E-16,1.,0.));
#6960=DIRECTION('ref_axis',(0.,0.,1.));
#6961=DIRECTION('',(0.,0.,1.));
#6962=DIRECTION('',(1.,1.77222665463969E-16,0.));
#6963=DIRECTION('center_axis',(-0.416666666666667,0.909059342886309,0.));
#6964=DIRECTION('ref_axis',(0.,0.,1.));
#6965=DIRECTION('',(0.909059342886309,0.416666666666667,0.));
#6966=DIRECTION('',(0.,0.,1.));
#6967=DIRECTION('center_axis',(0.,0.,-1.));
#6968=DIRECTION('ref_axis',(-0.618606859869742,-0.785700676416978,0.));
#6969=DIRECTION('center_axis',(0.,0.,-1.));
#6970=DIRECTION('ref_axis',(-0.618606859869742,-0.785700676416978,0.));
#6971=DIRECTION('',(0.,0.,1.));
#6972=DIRECTION('center_axis',(0.618606859869741,0.785700676416979,0.));
#6973=DIRECTION('ref_axis',(0.,0.,1.));
#6974=DIRECTION('',(0.785700676416979,-0.618606859869741,0.));
#6975=DIRECTION('',(0.,0.,1.));
#6976=DIRECTION('center_axis',(0.,0.,-1.));
#6977=DIRECTION('ref_axis',(-0.618606859869746,-0.785700676416975,0.));
#6978=DIRECTION('center_axis',(0.,0.,1.));
#6979=DIRECTION('ref_axis',(-0.618606859869746,-0.785700676416975,0.));
#6980=DIRECTION('',(0.,0.,-1.));
#6981=DIRECTION('center_axis',(-0.618606859869742,-0.785700676416978,0.));
#6982=DIRECTION('ref_axis',(0.,0.,-1.));
#6983=DIRECTION('',(-0.785700676416978,0.618606859869742,0.));
#6984=DIRECTION('center_axis',(-1.,-1.7347234759768E-16,0.));
#6985=DIRECTION('ref_axis',(0.,0.707106781186548,-0.707106781186548));
#6986=DIRECTION('',(-1.,-1.7347234759768E-16,0.));
#6987=DIRECTION('center_axis',(1.,0.,0.));
#6988=DIRECTION('ref_axis',(0.,0.707106781186548,-0.707106781186548));
#6989=DIRECTION('center_axis',(0.,1.,0.));
#6990=DIRECTION('ref_axis',(1.,0.,1.2335811384724E-15));
#6991=DIRECTION('',(0.,-1.,0.));
#6992=DIRECTION('center_axis',(3.46944695195361E-16,1.,0.));
#6993=DIRECTION('ref_axis',(1.,-3.46944695195361E-16,1.2335811384724E-15));
#6994=DIRECTION('center_axis',(3.46944695195361E-16,1.,0.));
#6995=DIRECTION('ref_axis',(1.,-3.46944695195361E-16,1.2335811384724E-15));
#6996=DIRECTION('',(0.,-1.,0.));
#6997=DIRECTION('center_axis',(1.,-5.4780741346636E-16,0.));
#6998=DIRECTION('ref_axis',(0.,0.,1.));
#6999=DIRECTION('',(-5.4780741346636E-16,-1.,0.));
#7000=DIRECTION('',(0.,0.,1.));
#7001=DIRECTION('',(-5.4780741346636E-16,-1.,0.));
#7002=DIRECTION('',(0.,0.,1.));
#7003=DIRECTION('center_axis',(4.62592926927148E-16,1.,0.));
#7004=DIRECTION('ref_axis',(0.,0.,1.));
#7005=DIRECTION('',(1.,-4.62592926927148E-16,0.));
#7006=DIRECTION('',(1.,-4.62592926927148E-16,0.));
#7007=DIRECTION('center_axis',(-6.93889390390723E-16,-1.,0.));
#7008=DIRECTION('ref_axis',(0.,0.,-1.));
#7009=DIRECTION('',(0.,0.,-1.));
#7010=DIRECTION('',(-1.,6.93889390390723E-16,0.));
#7011=DIRECTION('',(-1.,6.93889390390723E-16,0.));
#7012=DIRECTION('center_axis',(7.98478418071005E-32,4.0004432300829E-30,
-1.));
#7013=DIRECTION('ref_axis',(1.,0.,7.98478418071005E-32));
#7014=DIRECTION('',(1.,-3.48624023061691E-16,7.98478418070991E-32));
#7015=DIRECTION('center_axis',(2.16840434497101E-16,0.,-1.));
#7016=DIRECTION('ref_axis',(1.,0.,2.16840434497101E-16));
#7017=DIRECTION('',(-1.,3.46944695195361E-16,-2.16840434497101E-16));
#7018=DIRECTION('center_axis',(0.402738614266005,0.,0.915315032422771));
#7019=DIRECTION('ref_axis',(-0.915315032422771,0.,0.402738614266005));
#7020=DIRECTION('',(0.,-1.,0.));
#7021=DIRECTION('',(0.915315032422771,-3.1756369493165E-16,-0.402738614266005));
#7022=DIRECTION('center_axis',(0.,1.,0.));
#7023=DIRECTION('ref_axis',(1.,0.,-7.40148683083437E-15));
#7024=DIRECTION('center_axis',(3.46944695195361E-16,1.,0.));
#7025=DIRECTION('ref_axis',(1.,-3.46944695195361E-16,-7.40148683083437E-15));
#7026=DIRECTION('',(0.,-1.,0.));
#7027=DIRECTION('center_axis',(1.,0.,-6.04232716606013E-15));
#7028=DIRECTION('ref_axis',(6.04232716606013E-15,0.,1.));
#7029=DIRECTION('',(-6.04232716606013E-15,2.09635335689938E-30,-1.));
#7030=DIRECTION('',(0.,-1.,0.));
#7031=DIRECTION('center_axis',(0.,1.,0.));
#7032=DIRECTION('ref_axis',(-1.8503717077086E-15,0.,-1.));
#7033=DIRECTION('center_axis',(3.46944695195361E-16,1.,0.));
#7034=DIRECTION('ref_axis',(-1.8503717077086E-15,6.41976648129079E-31,-1.));
#7035=DIRECTION('',(0.,-1.,0.));
#7036=DIRECTION('center_axis',(4.82705662880499E-16,0.,-1.));
#7037=DIRECTION('ref_axis',(1.,0.,4.82705662880499E-16));
#7038=DIRECTION('',(-1.,3.46944695195361E-16,-4.82705662880499E-16));
#7039=DIRECTION('center_axis',(0.,1.,0.));
#7040=DIRECTION('ref_axis',(1.,0.,1.48029736616687E-14));
#7041=DIRECTION('center_axis',(3.46944695195361E-16,1.,0.));
#7042=DIRECTION('ref_axis',(1.,-3.46944695195361E-16,1.48029736616687E-14));
#7043=DIRECTION('',(0.,-1.,0.));
#7044=DIRECTION('center_axis',(1.,0.,2.4980018054066E-14));
#7045=DIRECTION('ref_axis',(-2.4980018054066E-14,0.,1.));
#7046=DIRECTION('',(2.4980018054066E-14,-8.66668474974253E-30,-1.));
#7047=DIRECTION('',(0.,-1.,0.));
#7048=DIRECTION('center_axis',(0.,1.,0.));
#7049=DIRECTION('ref_axis',(-1.85037170770859E-15,0.,-1.));
#7050=DIRECTION('center_axis',(3.46944695195361E-16,1.,0.));
#7051=DIRECTION('ref_axis',(-1.85037170770859E-15,6.41976648129077E-31,
-1.));
#7052=DIRECTION('',(0.,-1.,0.));
#7053=DIRECTION('center_axis',(-5.55111512312567E-15,0.,-1.));
#7054=DIRECTION('ref_axis',(1.,0.,-5.55111512312567E-15));
#7055=DIRECTION('',(-1.,3.46944695195361E-16,5.55111512312567E-15));
#7056=DIRECTION('',(0.,-1.,0.));
#7057=DIRECTION('center_axis',(0.,1.,0.));
#7058=DIRECTION('ref_axis',(0.,0.,-1.));
#7059=DIRECTION('center_axis',(-3.46944695195361E-16,-1.,0.));
#7060=DIRECTION('ref_axis',(0.,0.,-1.));
#7061=DIRECTION('',(0.,-1.,0.));
#7062=DIRECTION('center_axis',(1.,0.,-9.251858538543E-16));
#7063=DIRECTION('ref_axis',(9.251858538543E-16,0.,1.));
#7064=DIRECTION('',(-9.251858538543E-16,3.20988324064539E-31,-1.));
#7065=DIRECTION('',(0.,-1.,0.));
#7066=DIRECTION('center_axis',(0.,1.,0.));
#7067=DIRECTION('ref_axis',(1.,0.,0.));
#7068=DIRECTION('center_axis',(-3.46944695195361E-16,-1.,0.));
#7069=DIRECTION('ref_axis',(1.,-3.46944695195361E-16,0.));
#7070=DIRECTION('',(0.,-1.,0.));
#7071=DIRECTION('center_axis',(4.93432455388958E-16,0.,1.));
#7072=DIRECTION('ref_axis',(-1.,0.,4.93432455388958E-16));
#7073=DIRECTION('',(1.,-3.46944695195361E-16,-4.93432455388958E-16));
#7074=DIRECTION('',(0.,-1.,0.));
#7075=DIRECTION('center_axis',(-0.707106781186548,0.,0.707106781186547));
#7076=DIRECTION('ref_axis',(-0.707106781186547,0.,-0.707106781186548));
#7077=DIRECTION('',(0.707106781186547,-2.45326946669339E-16,0.707106781186548));
#7078=DIRECTION('',(0.,-1.,0.));
#7079=DIRECTION('center_axis',(-1.,0.,-2.70786103567111E-16));
#7080=DIRECTION('ref_axis',(2.70786103567111E-16,0.,-1.));
#7081=DIRECTION('',(-2.70786103567111E-16,9.39478021652309E-32,1.));
#7082=DIRECTION('center_axis',(1.,0.,0.));
#7083=DIRECTION('ref_axis',(0.,0.,1.));
#7084=DIRECTION('',(0.,-1.,0.));
#7085=DIRECTION('center_axis',(0.,0.,1.));
#7086=DIRECTION('ref_axis',(-1.,0.,0.));
#7087=DIRECTION('center_axis',(3.48624023061691E-16,1.,-5.05166334352026E-18));
#7088=DIRECTION('ref_axis',(0.,5.05166334352026E-18,1.));
#7089=DIRECTION('',(1.,-3.48624023061691E-16,0.));
#7090=DIRECTION('',(2.16840434497101E-16,-7.52316384526262E-32,-1.));
#7091=DIRECTION('center_axis',(0.,0.,1.));
#7092=DIRECTION('ref_axis',(1.,0.,0.));
#7093=DIRECTION('',(1.,0.,0.));
#7094=DIRECTION('',(8.32667268468867E-16,-1.,0.));
#7095=DIRECTION('',(-1.,-8.76491861546176E-16,0.));
#7096=DIRECTION('',(-1.,-1.00929365875015E-15,0.));
#7097=DIRECTION('',(-5.55111512312578E-16,1.,0.));
#7098=DIRECTION('',(1.,0.,0.));
#7099=DIRECTION('',(1.51394048812522E-15,1.,0.));
#7100=DIRECTION('center_axis',(0.,0.,1.));
#7101=DIRECTION('ref_axis',(-1.,0.,0.));
#7102=DIRECTION('center_axis',(0.,0.,1.));
#7103=DIRECTION('ref_axis',(-1.,0.,0.));
#7104=DIRECTION('center_axis',(0.,0.,1.));
#7105=DIRECTION('ref_axis',(-1.,0.,0.));
#7106=DIRECTION('center_axis',(0.,0.,1.));
#7107=DIRECTION('ref_axis',(-1.,0.,0.));
#7108=DIRECTION('center_axis',(0.,0.,1.));
#7109=DIRECTION('ref_axis',(-1.,0.,0.));
#7110=DIRECTION('center_axis',(0.,0.,1.));
#7111=DIRECTION('ref_axis',(1.,0.,0.));
#7112=DIRECTION('',(-1.,-8.76491861546176E-16,0.));
#7113=DIRECTION('',(8.32667268468867E-16,-1.,0.));
#7114=DIRECTION('',(1.,0.,0.));
#7115=DIRECTION('',(0.,-1.,0.));
#7116=DIRECTION('',(1.,0.,0.));
#7117=DIRECTION('',(-5.55111512312578E-16,1.,0.));
#7118=DIRECTION('',(-1.,-1.00929365875015E-15,0.));
#7119=DIRECTION('center_axis',(0.,0.,-1.));
#7120=DIRECTION('ref_axis',(-1.,0.,0.));
#7121=DIRECTION('center_axis',(0.,0.,-1.));
#7122=DIRECTION('ref_axis',(-1.,0.,0.));
#7123=DIRECTION('center_axis',(0.,0.,-1.));
#7124=DIRECTION('ref_axis',(-1.,0.,0.));
#7125=DIRECTION('center_axis',(0.,0.,-1.));
#7126=DIRECTION('ref_axis',(-1.,0.,0.));
#7127=DIRECTION('center_axis',(0.,0.,-1.));
#7128=DIRECTION('ref_axis',(-1.,0.,0.));
#7129=DIRECTION('center_axis',(-1.,1.51394048812522E-15,0.));
#7130=DIRECTION('ref_axis',(0.,0.,1.));
#7131=DIRECTION('',(0.,0.,1.));
#7132=DIRECTION('center_axis',(0.,1.,0.));
#7133=DIRECTION('ref_axis',(-0.707106781186549,0.,0.707106781186546));
#7134=DIRECTION('center_axis',(-1.77222665463969E-16,-1.,0.));
#7135=DIRECTION('ref_axis',(-0.707106781186549,0.,0.707106781186546));
#7136=DIRECTION('',(0.,-1.,0.));
#7137=DIRECTION('center_axis',(3.81639164714898E-16,1.,0.));
#7138=DIRECTION('ref_axis',(-0.707106781186549,0.,0.707106781186546));
#7139=DIRECTION('',(0.,1.,0.));
#7140=DIRECTION('center_axis',(-3.81639164714898E-16,-1.,0.));
#7141=DIRECTION('ref_axis',(0.,0.,-1.));
#7142=DIRECTION('',(0.,0.,1.));
#7143=DIRECTION('center_axis',(3.81639164714898E-16,1.,0.));
#7144=DIRECTION('ref_axis',(-0.707106781186549,0.,-0.707106781186546));
#7145=DIRECTION('',(-1.,3.81639164714898E-16,0.));
#7146=DIRECTION('',(0.,0.,1.));
#7147=DIRECTION('',(-1.,3.81639164714898E-16,0.));
#7148=DIRECTION('center_axis',(-1.,0.,0.));
#7149=DIRECTION('ref_axis',(0.,0.,1.));
#7150=DIRECTION('',(0.,0.,1.));
#7151=DIRECTION('',(0.,1.,0.));
#7152=DIRECTION('center_axis',(0.,1.,0.));
#7153=DIRECTION('ref_axis',(-0.707106781186549,0.,-0.707106781186546));
#7154=DIRECTION('center_axis',(-1.77222665463969E-16,-1.,0.));
#7155=DIRECTION('ref_axis',(-0.707106781186549,0.,-0.707106781186546));
#7156=DIRECTION('',(0.,-1.,0.));
#7157=DIRECTION('center_axis',(0.,0.,1.));
#7158=DIRECTION('ref_axis',(0.618606859869742,-0.785700676416979,0.));
#7159=DIRECTION('center_axis',(0.,0.,-1.));
#7160=DIRECTION('ref_axis',(0.618606859869742,-0.785700676416979,0.));
#7161=DIRECTION('',(0.,0.,1.));
#7162=DIRECTION('center_axis',(0.,0.,-1.));
#7163=DIRECTION('ref_axis',(0.618606859869742,-0.785700676416979,0.));
#7164=DIRECTION('',(0.,0.,1.));
#7165=DIRECTION('center_axis',(-0.416666666666667,-0.909059342886309,0.));
#7166=DIRECTION('ref_axis',(0.,0.,-1.));
#7167=DIRECTION('',(-0.909059342886309,0.416666666666667,0.));
#7168=DIRECTION('',(-0.909059342886309,0.416666666666667,0.));
#7169=DIRECTION('center_axis',(1.77222665463969E-16,1.,0.));
#7170=DIRECTION('ref_axis',(0.,0.,1.));
#7171=DIRECTION('',(1.,-1.77222665463969E-16,0.));
#7172=DIRECTION('',(0.,0.,1.));
#7173=DIRECTION('',(1.,-1.77222665463969E-16,0.));
#7174=DIRECTION('center_axis',(0.416666666666667,0.909059342886309,0.));
#7175=DIRECTION('ref_axis',(0.,0.,1.));
#7176=DIRECTION('',(0.909059342886309,-0.416666666666667,0.));
#7177=DIRECTION('',(0.,0.,1.));
#7178=DIRECTION('',(0.909059342886309,-0.416666666666667,0.));
#7179=DIRECTION('center_axis',(0.,0.,1.));
#7180=DIRECTION('ref_axis',(-0.618606859869742,0.785700676416978,0.));
#7181=DIRECTION('center_axis',(0.,0.,1.));
#7182=DIRECTION('ref_axis',(-0.618606859869742,0.785700676416978,0.));
#7183=DIRECTION('',(0.,0.,1.));
#7184=DIRECTION('center_axis',(0.,0.,1.));
#7185=DIRECTION('ref_axis',(-0.618606859869742,0.785700676416978,0.));
#7186=DIRECTION('center_axis',(-0.618606859869741,0.785700676416979,0.));
#7187=DIRECTION('ref_axis',(0.,0.,1.));
#7188=DIRECTION('',(0.785700676416979,0.618606859869741,0.));
#7189=DIRECTION('',(0.,0.,1.));
#7190=DIRECTION('',(0.785700676416979,0.618606859869741,0.));
#7191=DIRECTION('center_axis',(0.,0.,1.));
#7192=DIRECTION('ref_axis',(-0.618606859869746,0.785700676416975,0.));
#7193=DIRECTION('center_axis',(0.,0.,-1.));
#7194=DIRECTION('ref_axis',(-0.618606859869746,0.785700676416975,0.));
#7195=DIRECTION('center_axis',(0.,0.,-1.));
#7196=DIRECTION('ref_axis',(-0.618606859869746,0.785700676416975,0.));
#7197=DIRECTION('center_axis',(0.618606859869742,-0.785700676416978,0.));
#7198=DIRECTION('ref_axis',(0.,0.,-1.));
#7199=DIRECTION('',(-0.785700676416978,-0.618606859869742,0.));
#7200=DIRECTION('',(-0.785700676416978,-0.618606859869742,0.));
#7201=DIRECTION('center_axis',(-1.,-3.46944695195361E-16,0.));
#7202=DIRECTION('ref_axis',(0.,-0.707106781186548,-0.707106781186548));
#7203=DIRECTION('center_axis',(1.,0.,0.));
#7204=DIRECTION('ref_axis',(0.,-0.707106781186548,-0.707106781186548));
#7205=DIRECTION('',(1.,3.46944695195361E-16,0.));
#7206=DIRECTION('center_axis',(0.,0.,-1.));
#7207=DIRECTION('ref_axis',(-1.,0.,0.));
#7208=DIRECTION('',(0.,1.,0.));
#7209=DIRECTION('',(-1.,-6.93889390390723E-16,0.));
#7210=DIRECTION('',(-5.4780741346636E-16,1.,0.));
#7211=DIRECTION('',(1.,4.62592926927148E-16,0.));
#7212=DIRECTION('center_axis',(-1.,0.,0.));
#7213=DIRECTION('ref_axis',(0.,0.,1.));
#7214=DIRECTION('',(0.,1.,0.));
#7215=DIRECTION('',(0.,0.,-1.));
#7216=DIRECTION('center_axis',(0.,1.,0.));
#7217=DIRECTION('ref_axis',(1.,0.,1.2335811384724E-15));
#7218=DIRECTION('',(0.,1.,0.));
#7219=DIRECTION('center_axis',(-3.46944695195361E-16,1.,0.));
#7220=DIRECTION('ref_axis',(1.,3.46944695195361E-16,1.2335811384724E-15));
#7221=DIRECTION('center_axis',(6.93889390390723E-16,-1.,0.));
#7222=DIRECTION('ref_axis',(0.,0.,-1.));
#7223=DIRECTION('',(-1.,-6.93889390390723E-16,0.));
#7224=DIRECTION('',(0.,0.,1.));
#7225=DIRECTION('center_axis',(-1.,-5.4780741346636E-16,0.));
#7226=DIRECTION('ref_axis',(0.,0.,1.));
#7227=DIRECTION('',(-5.4780741346636E-16,1.,0.));
#7228=DIRECTION('',(0.,0.,1.));
#7229=DIRECTION('center_axis',(-4.62592926927148E-16,1.,0.));
#7230=DIRECTION('ref_axis',(0.,0.,1.));
#7231=DIRECTION('',(1.,4.62592926927148E-16,0.));
#7232=DIRECTION('center_axis',(-7.98478418071005E-32,4.0004432300829E-30,
1.));
#7233=DIRECTION('ref_axis',(1.,0.,7.98478418071005E-32));
#7234=DIRECTION('center_axis',(-2.16840434497101E-16,0.,1.));
#7235=DIRECTION('ref_axis',(1.,0.,2.16840434497101E-16));
#7236=DIRECTION('center_axis',(-0.402738614266005,0.,-0.915315032422771));
#7237=DIRECTION('ref_axis',(-0.915315032422771,0.,0.402738614266005));
#7238=DIRECTION('',(0.,1.,0.));
#7239=DIRECTION('center_axis',(0.,1.,0.));
#7240=DIRECTION('ref_axis',(1.,0.,-7.40148683083437E-15));
#7241=DIRECTION('',(0.,1.,0.));
#7242=DIRECTION('center_axis',(-1.,0.,6.04232716606013E-15));
#7243=DIRECTION('ref_axis',(6.04232716606013E-15,0.,1.));
#7244=DIRECTION('',(0.,1.,0.));
#7245=DIRECTION('center_axis',(0.,1.,0.));
#7246=DIRECTION('ref_axis',(-1.8503717077086E-15,0.,-1.));
#7247=DIRECTION('',(0.,1.,0.));
#7248=DIRECTION('center_axis',(-4.82705662880499E-16,0.,1.));
#7249=DIRECTION('ref_axis',(1.,0.,4.82705662880499E-16));
#7250=DIRECTION('center_axis',(0.,0.,-1.));
#7251=DIRECTION('ref_axis',(-1.,0.,0.));
#7252=DIRECTION('',(0.,1.,0.));
#7253=DIRECTION('center_axis',(0.,1.,0.));
#7254=DIRECTION('ref_axis',(1.,0.,1.48029736616687E-14));
#7255=DIRECTION('',(0.,1.,0.));
#7256=DIRECTION('center_axis',(-1.,0.,-2.4980018054066E-14));
#7257=DIRECTION('ref_axis',(-2.4980018054066E-14,0.,1.));
#7258=DIRECTION('',(0.,1.,0.));
#7259=DIRECTION('center_axis',(0.,1.,0.));
#7260=DIRECTION('ref_axis',(-1.85037170770859E-15,0.,-1.));
#7261=DIRECTION('',(0.,1.,0.));
#7262=DIRECTION('center_axis',(5.55111512312567E-15,0.,1.));
#7263=DIRECTION('ref_axis',(1.,0.,-5.55111512312567E-15));
#7264=DIRECTION('',(0.,1.,0.));
#7265=DIRECTION('center_axis',(0.,1.,0.));
#7266=DIRECTION('ref_axis',(0.,0.,-1.));
#7267=DIRECTION('',(0.,1.,0.));
#7268=DIRECTION('center_axis',(-1.,0.,9.251858538543E-16));
#7269=DIRECTION('ref_axis',(9.251858538543E-16,0.,1.));
#7270=DIRECTION('',(0.,1.,0.));
#7271=DIRECTION('center_axis',(0.,1.,0.));
#7272=DIRECTION('ref_axis',(1.,0.,0.));
#7273=DIRECTION('',(0.,1.,0.));
#7274=DIRECTION('center_axis',(-4.93432455388958E-16,0.,-1.));
#7275=DIRECTION('ref_axis',(-1.,0.,4.93432455388958E-16));
#7276=DIRECTION('',(0.,1.,0.));
#7277=DIRECTION('center_axis',(0.707106781186548,0.,-0.707106781186547));
#7278=DIRECTION('ref_axis',(-0.707106781186547,0.,-0.707106781186548));
#7279=DIRECTION('',(0.,1.,0.));
#7280=DIRECTION('center_axis',(1.,0.,2.70786103567111E-16));
#7281=DIRECTION('ref_axis',(2.70786103567111E-16,0.,-1.));
#7282=DIRECTION('center_axis',(0.,0.,1.));
#7283=DIRECTION('ref_axis',(-1.,0.,0.));
#7284=DIRECTION('',(0.,0.,1.));
#7285=DIRECTION('center_axis',(0.,0.,1.));
#7286=DIRECTION('ref_axis',(-1.,0.,0.));
#7287=DIRECTION('',(0.,0.,1.));
#7288=DIRECTION('center_axis',(0.,0.,1.));
#7289=DIRECTION('ref_axis',(-1.,0.,0.));
#7290=DIRECTION('',(0.,0.,1.));
#7291=DIRECTION('center_axis',(0.,0.,1.));
#7292=DIRECTION('ref_axis',(-1.,0.,0.));
#7293=DIRECTION('',(0.,0.,1.));
#7294=DIRECTION('center_axis',(0.,0.,1.));
#7295=DIRECTION('ref_axis',(-1.,0.,0.));
#7296=DIRECTION('',(0.,0.,1.));
#7297=DIRECTION('center_axis',(0.,1.,0.));
#7298=DIRECTION('ref_axis',(0.,0.,1.));
#7299=DIRECTION('',(0.,0.,1.));
#7300=DIRECTION('center_axis',(0.,1.,0.));
#7301=DIRECTION('ref_axis',(0.,0.,1.));
#7302=DIRECTION('',(0.,0.,1.));
#7303=DIRECTION('center_axis',(1.,8.32667268468867E-16,0.));
#7304=DIRECTION('ref_axis',(0.,0.,-1.));
#7305=DIRECTION('',(0.,0.,1.));
#7306=DIRECTION('center_axis',(8.76491861546176E-16,-1.,0.));
#7307=DIRECTION('ref_axis',(0.,0.,-1.));
#7308=DIRECTION('center_axis',(1.00929365875015E-15,-1.,0.));
#7309=DIRECTION('ref_axis',(0.,0.,-1.));
#7310=DIRECTION('',(0.,0.,1.));
#7311=DIRECTION('center_axis',(-1.,-5.55111512312578E-16,0.));
#7312=DIRECTION('ref_axis',(0.,0.,1.));
#7313=DIRECTION('axis',(0.,0.,1.));
#7314=DIRECTION('refdir',(1.,0.,0.));
#7315=DIRECTION('center_axis',(0.,1.,0.));
#7316=DIRECTION('ref_axis',(1.,-2.55989867786026E-16,0.));
#7317=DIRECTION('center_axis',(0.,-1.,0.));
#7318=DIRECTION('ref_axis',(1.,-2.55989867786026E-16,0.));
#7319=DIRECTION('center_axis',(0.,-1.,0.));
#7320=DIRECTION('ref_axis',(1.,-2.55989867786026E-16,0.));
#7321=DIRECTION('',(-0.258819045102526,0.965925826289067,-3.16961915143183E-17));
#7322=DIRECTION('center_axis',(0.,-1.,0.));
#7323=DIRECTION('ref_axis',(1.,-2.55989867786026E-16,0.));
#7324=DIRECTION('center_axis',(0.,-1.,0.));
#7325=DIRECTION('ref_axis',(1.,-2.55989867786026E-16,0.));
#7326=DIRECTION('center_axis',(6.12323399573677E-17,0.,1.));
#7327=DIRECTION('ref_axis',(1.,0.,0.));
#7328=DIRECTION('center_axis',(6.12323399573677E-17,0.,1.));
#7329=DIRECTION('ref_axis',(1.,0.,0.));
#7330=DIRECTION('axis',(0.,0.,1.));
#7331=DIRECTION('refdir',(1.,0.,0.));
#7332=DIRECTION('center_axis',(0.,0.,-1.));
#7333=DIRECTION('ref_axis',(-1.,0.,0.));
#7334=DIRECTION('center_axis',(0.,0.,1.));
#7335=DIRECTION('ref_axis',(-1.,-6.12303176911189E-17,0.));
#7336=DIRECTION('center_axis',(-1.22464679914735E-16,-1.,0.));
#7337=DIRECTION('ref_axis',(1.,-1.22464679914735E-16,0.));
#7338=DIRECTION('center_axis',(0.,0.,-1.));
#7339=DIRECTION('ref_axis',(-1.,0.,0.));
#7340=DIRECTION('center_axis',(0.,0.,-1.));
#7341=DIRECTION('ref_axis',(-1.,0.,0.));
#7342=DIRECTION('',(0.0284450295045266,3.48351143343705E-18,-0.999595358280783));
#7343=DIRECTION('center_axis',(0.,0.,-1.));
#7344=DIRECTION('ref_axis',(-1.,0.,0.));
#7345=DIRECTION('center_axis',(0.,0.,-1.));
#7346=DIRECTION('ref_axis',(-1.,0.,0.));
#7347=DIRECTION('center_axis',(-1.22464679914735E-16,-1.,9.33843390644174E-33));
#7348=DIRECTION('ref_axis',(1.,-1.22464679914735E-16,-1.60986443777306E-16));
#7349=DIRECTION('center_axis',(7.62515813616179E-17,-4.66890855122206E-33,
1.));
#7350=DIRECTION('ref_axis',(-1.,0.,7.62515813616179E-17));
#7351=DIRECTION('center_axis',(0.,0.,1.));
#7352=DIRECTION('ref_axis',(0.100166984850784,0.994970640343675,0.));
#7353=DIRECTION('center_axis',(0.,0.,-1.));
#7354=DIRECTION('ref_axis',(0.100166984850784,0.994970640343675,0.));
#7355=DIRECTION('',(0.,0.,1.));
#7356=DIRECTION('center_axis',(0.,0.,1.));
#7357=DIRECTION('ref_axis',(0.100166984850784,0.994970640343675,0.));
#7358=DIRECTION('',(0.,0.,1.));
#7359=DIRECTION('center_axis',(0.,1.,0.));
#7360=DIRECTION('ref_axis',(0.,0.,1.));
#7361=DIRECTION('',(1.,0.,0.));
#7362=DIRECTION('',(-1.,0.,0.));
#7363=DIRECTION('',(0.,0.,1.));
#7364=DIRECTION('center_axis',(0.,0.,1.));
#7365=DIRECTION('ref_axis',(-0.147102372038008,-0.989121272716744,0.));
#7366=DIRECTION('center_axis',(0.,0.,1.));
#7367=DIRECTION('ref_axis',(-0.147102372038008,-0.989121272716744,0.));
#7368=DIRECTION('center_axis',(0.,0.,-1.));
#7369=DIRECTION('ref_axis',(-0.147102372038008,-0.989121272716744,0.));
#7370=DIRECTION('',(0.,0.,1.));
#7371=DIRECTION('center_axis',(1.,0.,0.));
#7372=DIRECTION('ref_axis',(0.,0.,-1.));
#7373=DIRECTION('',(0.,-1.,0.));
#7374=DIRECTION('',(0.,1.,0.));
#7375=DIRECTION('center_axis',(0.,0.,1.));
#7376=DIRECTION('ref_axis',(1.,0.,0.));
#7377=DIRECTION('center_axis',(0.,0.,1.));
#7378=DIRECTION('ref_axis',(-0.98519655140381,0.171428571428571,0.));
#7379=DIRECTION('center_axis',(0.,0.,1.));
#7380=DIRECTION('ref_axis',(-0.98519655140381,0.171428571428571,0.));
#7381=DIRECTION('',(0.,0.,1.));
#7382=DIRECTION('center_axis',(0.,0.,-1.));
#7383=DIRECTION('ref_axis',(-0.98519655140381,0.171428571428571,0.));
#7384=DIRECTION('',(0.,0.,1.));
#7385=DIRECTION('center_axis',(0.,1.,0.));
#7386=DIRECTION('ref_axis',(0.,0.,1.));
#7387=DIRECTION('',(1.,0.,0.));
#7388=DIRECTION('',(-1.,0.,0.));
#7389=DIRECTION('',(0.,0.,1.));
#7390=DIRECTION('center_axis',(0.,0.,1.));
#7391=DIRECTION('ref_axis',(0.993163507595741,-0.116731517509728,0.));
#7392=DIRECTION('center_axis',(0.,0.,-1.));
#7393=DIRECTION('ref_axis',(0.993163507595741,-0.116731517509728,0.));
#7394=DIRECTION('center_axis',(0.,0.,1.));
#7395=DIRECTION('ref_axis',(0.993163507595741,-0.116731517509728,0.));
#7396=DIRECTION('',(0.,0.,1.));
#7397=DIRECTION('center_axis',(-1.,0.,0.));
#7398=DIRECTION('ref_axis',(0.,0.,1.));
#7399=DIRECTION('',(0.,1.,0.));
#7400=DIRECTION('',(0.,-1.,0.));
#7401=DIRECTION('center_axis',(0.,0.,1.));
#7402=DIRECTION('ref_axis',(1.,0.,0.));
#7403=DIRECTION('center_axis',(0.,0.,1.));
#7404=DIRECTION('ref_axis',(-0.133296050168671,-0.991076264981374,0.));
#7405=DIRECTION('center_axis',(0.,0.,-1.));
#7406=DIRECTION('ref_axis',(-0.133296050168671,-0.991076264981374,0.));
#7407=DIRECTION('',(0.,0.,1.));
#7408=DIRECTION('center_axis',(0.,0.,1.));
#7409=DIRECTION('ref_axis',(-0.133296050168671,-0.991076264981374,0.));
#7410=DIRECTION('',(0.,0.,1.));
#7411=DIRECTION('center_axis',(0.,-1.,0.));
#7412=DIRECTION('ref_axis',(0.,0.,-1.));
#7413=DIRECTION('',(-1.,0.,0.));
#7414=DIRECTION('',(1.,0.,0.));
#7415=DIRECTION('',(0.,0.,1.));
#7416=DIRECTION('center_axis',(0.,0.,1.));
#7417=DIRECTION('ref_axis',(0.195754770819135,0.980652879311302,0.));
#7418=DIRECTION('center_axis',(0.,0.,1.));
#7419=DIRECTION('ref_axis',(0.195754770819135,0.980652879311302,0.));
#7420=DIRECTION('center_axis',(0.,0.,-1.));
#7421=DIRECTION('ref_axis',(0.195754770819135,0.980652879311302,0.));
#7422=DIRECTION('',(0.,0.,1.));
#7423=DIRECTION('center_axis',(-1.,0.,0.));
#7424=DIRECTION('ref_axis',(0.,0.,1.));
#7425=DIRECTION('',(0.,1.,0.));
#7426=DIRECTION('',(0.,-1.,0.));
#7427=DIRECTION('center_axis',(0.,0.,1.));
#7428=DIRECTION('ref_axis',(1.,0.,0.));
#7429=DIRECTION('center_axis',(0.,0.,1.));
#7430=DIRECTION('ref_axis',(0.98519655140381,-0.171428571428571,0.));
#7431=DIRECTION('center_axis',(0.,0.,1.));
#7432=DIRECTION('ref_axis',(0.98519655140381,-0.171428571428571,0.));
#7433=DIRECTION('',(0.,0.,1.));
#7434=DIRECTION('center_axis',(0.,0.,-1.));
#7435=DIRECTION('ref_axis',(0.98519655140381,-0.171428571428571,0.));
#7436=DIRECTION('',(0.,0.,1.));
#7437=DIRECTION('center_axis',(0.,-1.,0.));
#7438=DIRECTION('ref_axis',(0.,0.,-1.));
#7439=DIRECTION('',(-1.,0.,0.));
#7440=DIRECTION('',(1.,0.,0.));
#7441=DIRECTION('',(0.,0.,1.));
#7442=DIRECTION('center_axis',(0.,0.,1.));
#7443=DIRECTION('ref_axis',(-0.993163507595741,0.116731517509728,0.));
#7444=DIRECTION('center_axis',(0.,0.,-1.));
#7445=DIRECTION('ref_axis',(-0.993163507595741,0.116731517509728,0.));
#7446=DIRECTION('center_axis',(0.,0.,1.));
#7447=DIRECTION('ref_axis',(-0.993163507595741,0.116731517509728,0.));
#7448=DIRECTION('',(0.,0.,1.));
#7449=DIRECTION('center_axis',(1.,0.,0.));
#7450=DIRECTION('ref_axis',(0.,0.,-1.));
#7451=DIRECTION('',(0.,-1.,0.));
#7452=DIRECTION('',(0.,1.,0.));
#7453=DIRECTION('center_axis',(0.,0.,1.));
#7454=DIRECTION('ref_axis',(1.,0.,0.));
#7455=DIRECTION('center_axis',(0.,0.,1.));
#7456=DIRECTION('ref_axis',(-1.,0.,0.));
#7457=DIRECTION('center_axis',(0.,0.,-1.));
#7458=DIRECTION('ref_axis',(-1.,0.,0.));
#7459=DIRECTION('',(0.,0.,-1.));
#7460=DIRECTION('center_axis',(0.,0.,-1.));
#7461=DIRECTION('ref_axis',(-1.,0.,0.));
#7462=DIRECTION('center_axis',(0.,0.,-1.));
#7463=DIRECTION('ref_axis',(-1.,0.,0.));
#7464=DIRECTION('center_axis',(0.,0.,-1.));
#7465=DIRECTION('ref_axis',(-1.,0.,0.));
#7466=DIRECTION('',(0.,0.,1.));
#7467=DIRECTION('',(1.,0.,0.));
#7468=DIRECTION('',(9.39913505140764E-16,-1.50733159935315E-15,1.));
#7469=DIRECTION('',(1.,1.66533453693772E-16,-9.39913505140764E-16));
#7470=DIRECTION('',(-4.84978397726714E-32,1.,4.54308916285121E-16));
#7471=DIRECTION('',(-1.,-3.30380223341613E-31,6.20464123561321E-16));
#7472=DIRECTION('',(-7.40349121894744E-16,-6.95816078386803E-16,1.));
#7473=DIRECTION('',(-1.,1.46008119619367E-46,-7.40349121894744E-16));
#7474=DIRECTION('center_axis',(0.,0.,1.));
#7475=DIRECTION('ref_axis',(1.,0.,0.));
#7476=CARTESIAN_POINT('',(0.,0.,0.));
#7477=CARTESIAN_POINT('',(0.,0.,0.));
#7478=CARTESIAN_POINT('Origin',(-1.92500000000001,-2.2,3.29));
#7479=CARTESIAN_POINT('',(-1.65000000000001,-2.2,3.29));
#7480=CARTESIAN_POINT('',(-2.75000000000001,-2.2,3.29));
#7481=CARTESIAN_POINT('Origin',(-2.20000000000001,-2.2,3.29));
#7482=CARTESIAN_POINT('Origin',(-2.20000000000001,-2.2,3.29));
#7483=CARTESIAN_POINT('',(-1.82500000000001,-2.2,3.29));
#7484=CARTESIAN_POINT('Origin',(-2.20000000000001,-2.2,3.29));
#7485=CARTESIAN_POINT('Ctrl Pts',(-2.75000000000001,-2.2,3.29));
#7486=CARTESIAN_POINT('Ctrl Pts',(-2.75000000000001,-2.75,3.29));
#7487=CARTESIAN_POINT('Ctrl Pts',(-2.20000000000001,-2.75,3.29));
#7488=CARTESIAN_POINT('Ctrl Pts',(-1.65000000000001,-2.75,3.29));
#7489=CARTESIAN_POINT('Ctrl Pts',(-1.65000000000001,-2.2,3.29));
#7490=CARTESIAN_POINT('Ctrl Pts',(-1.65000000000001,-1.65,3.29));
#7491=CARTESIAN_POINT('Ctrl Pts',(-2.20000000000001,-1.65,3.29));
#7492=CARTESIAN_POINT('Ctrl Pts',(-2.75000000000001,-1.65,3.29));
#7493=CARTESIAN_POINT('Ctrl Pts',(-2.75000000000001,-2.2,3.29));
#7494=CARTESIAN_POINT('Ctrl Pts',(-2.58215800395993,-2.2,3.63734225544489));
#7495=CARTESIAN_POINT('Ctrl Pts',(-2.58215800395993,-2.58215800395992,3.63734225544489));
#7496=CARTESIAN_POINT('Ctrl Pts',(-2.20000000000001,-2.58215800395992,3.63734225544489));
#7497=CARTESIAN_POINT('Ctrl Pts',(-1.81784199604008,-2.58215800395992,3.63734225544489));
#7498=CARTESIAN_POINT('Ctrl Pts',(-1.81784199604008,-2.2,3.63734225544489));
#7499=CARTESIAN_POINT('Ctrl Pts',(-1.81784199604008,-1.81784199604008,3.63734225544489));
#7500=CARTESIAN_POINT('Ctrl Pts',(-2.20000000000001,-1.81784199604008,3.63734225544489));
#7501=CARTESIAN_POINT('Ctrl Pts',(-2.58215800395993,-1.81784199604008,3.63734225544489));
#7502=CARTESIAN_POINT('Ctrl Pts',(-2.58215800395993,-2.2,3.63734225544489));
#7503=CARTESIAN_POINT('Ctrl Pts',(-2.20000000000001,-2.2,3.69));
#7504=CARTESIAN_POINT('Ctrl Pts',(-2.20000000000001,-2.2,3.69));
#7505=CARTESIAN_POINT('Ctrl Pts',(-2.20000000000001,-2.2,3.69));
#7506=CARTESIAN_POINT('Ctrl Pts',(-2.20000000000001,-2.2,3.69));
#7507=CARTESIAN_POINT('Ctrl Pts',(-2.20000000000001,-2.2,3.69));
#7508=CARTESIAN_POINT('Ctrl Pts',(-2.20000000000001,-2.2,3.69));
#7509=CARTESIAN_POINT('Ctrl Pts',(-2.20000000000001,-2.2,3.69));
#7510=CARTESIAN_POINT('Ctrl Pts',(-2.20000000000001,-2.2,3.69));
#7511=CARTESIAN_POINT('Ctrl Pts',(-2.20000000000001,-2.2,3.69));
#7512=CARTESIAN_POINT('',(-2.20000000000001,-2.2,3.69));
#7513=CARTESIAN_POINT('Origin',(-2.10171943744902,-2.2,2.9767392264924));
#7514=CARTESIAN_POINT('Origin',(2.475,-2.2,3.29));
#7515=CARTESIAN_POINT('',(2.75,-2.2,3.29));
#7516=CARTESIAN_POINT('',(1.65,-2.2,3.29));
#7517=CARTESIAN_POINT('Origin',(2.2,-2.2,3.29));
#7518=CARTESIAN_POINT('Origin',(2.2,-2.2,3.29));
#7519=CARTESIAN_POINT('',(2.57499999999999,-2.19999999999998,3.29));
#7520=CARTESIAN_POINT('Origin',(2.2,-2.19999999999998,3.29));
#7521=CARTESIAN_POINT('Ctrl Pts',(1.65,-2.2,3.29));
#7522=CARTESIAN_POINT('Ctrl Pts',(1.65,-2.75,3.29));
#7523=CARTESIAN_POINT('Ctrl Pts',(2.2,-2.75,3.29));
#7524=CARTESIAN_POINT('Ctrl Pts',(2.74999999999999,-2.75,3.29));
#7525=CARTESIAN_POINT('Ctrl Pts',(2.74999999999999,-2.2,3.29));
#7526=CARTESIAN_POINT('Ctrl Pts',(2.74999999999999,-1.65,3.29));
#7527=CARTESIAN_POINT('Ctrl Pts',(2.2,-1.65,3.29));
#7528=CARTESIAN_POINT('Ctrl Pts',(1.65,-1.65,3.29));
#7529=CARTESIAN_POINT('Ctrl Pts',(1.65,-2.2,3.29));
#7530=CARTESIAN_POINT('Ctrl Pts',(1.81784199604007,-2.2,3.63734225544489));
#7531=CARTESIAN_POINT('Ctrl Pts',(1.81784199604007,-2.58215800395992,3.63734225544489));
#7532=CARTESIAN_POINT('Ctrl Pts',(2.2,-2.58215800395992,3.63734225544489));
#7533=CARTESIAN_POINT('Ctrl Pts',(2.58215800395992,-2.58215800395992,3.63734225544489));
#7534=CARTESIAN_POINT('Ctrl Pts',(2.58215800395992,-2.2,3.63734225544489));
#7535=CARTESIAN_POINT('Ctrl Pts',(2.58215800395992,-1.81784199604008,3.63734225544489));
#7536=CARTESIAN_POINT('Ctrl Pts',(2.2,-1.81784199604008,3.63734225544489));
#7537=CARTESIAN_POINT('Ctrl Pts',(1.81784199604007,-1.81784199604008,3.63734225544489));
#7538=CARTESIAN_POINT('Ctrl Pts',(1.81784199604007,-2.2,3.63734225544489));
#7539=CARTESIAN_POINT('Ctrl Pts',(2.2,-2.2,3.69));
#7540=CARTESIAN_POINT('Ctrl Pts',(2.2,-2.2,3.69));
#7541=CARTESIAN_POINT('Ctrl Pts',(2.2,-2.2,3.69));
#7542=CARTESIAN_POINT('Ctrl Pts',(2.2,-2.2,3.69));
#7543=CARTESIAN_POINT('Ctrl Pts',(2.2,-2.2,3.69));
#7544=CARTESIAN_POINT('Ctrl Pts',(2.2,-2.2,3.69));
#7545=CARTESIAN_POINT('Ctrl Pts',(2.2,-2.2,3.69));
#7546=CARTESIAN_POINT('Ctrl Pts',(2.2,-2.2,3.69));
#7547=CARTESIAN_POINT('Ctrl Pts',(2.2,-2.2,3.69));
#7548=CARTESIAN_POINT('',(2.2,-2.2,3.69));
#7549=CARTESIAN_POINT('Origin',(2.29828056255098,-2.2,2.9767392264924));
#7550=CARTESIAN_POINT('Origin',(-2.475,2.2,3.29));
#7551=CARTESIAN_POINT('',(-2.75,2.2,3.29));
#7552=CARTESIAN_POINT('',(-1.65,2.2,3.29));
#7553=CARTESIAN_POINT('Origin',(-2.2,2.2,3.29));
#7554=CARTESIAN_POINT('Origin',(-2.2,2.2,3.29));
#7555=CARTESIAN_POINT('',(-1.825,2.20000000000001,3.29));
#7556=CARTESIAN_POINT('Origin',(-2.2,2.20000000000001,3.29));
#7557=CARTESIAN_POINT('Ctrl Pts',(-2.2,2.2,3.69));
#7558=CARTESIAN_POINT('Ctrl Pts',(-2.2,2.2,3.69));
#7559=CARTESIAN_POINT('Ctrl Pts',(-2.2,2.2,3.69));
#7560=CARTESIAN_POINT('Ctrl Pts',(-2.2,2.2,3.69));
#7561=CARTESIAN_POINT('Ctrl Pts',(-2.2,2.2,3.69));
#7562=CARTESIAN_POINT('Ctrl Pts',(-2.2,2.2,3.69));
#7563=CARTESIAN_POINT('Ctrl Pts',(-2.2,2.2,3.69));
#7564=CARTESIAN_POINT('Ctrl Pts',(-2.2,2.2,3.69));
#7565=CARTESIAN_POINT('Ctrl Pts',(-2.2,2.2,3.69));
#7566=CARTESIAN_POINT('Ctrl Pts',(-1.81784199604008,2.2,3.63734225544489));
#7567=CARTESIAN_POINT('Ctrl Pts',(-1.81784199604008,1.81784199604008,3.63734225544489));
#7568=CARTESIAN_POINT('Ctrl Pts',(-2.2,1.81784199604008,3.63734225544489));
#7569=CARTESIAN_POINT('Ctrl Pts',(-2.58215800395992,1.81784199604008,3.63734225544489));
#7570=CARTESIAN_POINT('Ctrl Pts',(-2.58215800395992,2.2,3.63734225544489));
#7571=CARTESIAN_POINT('Ctrl Pts',(-2.58215800395992,2.58215800395992,3.63734225544489));
#7572=CARTESIAN_POINT('Ctrl Pts',(-2.2,2.58215800395992,3.63734225544489));
#7573=CARTESIAN_POINT('Ctrl Pts',(-1.81784199604008,2.58215800395992,3.63734225544489));
#7574=CARTESIAN_POINT('Ctrl Pts',(-1.81784199604008,2.2,3.63734225544489));
#7575=CARTESIAN_POINT('Ctrl Pts',(-1.65,2.2,3.29));
#7576=CARTESIAN_POINT('Ctrl Pts',(-1.65,1.65,3.29));
#7577=CARTESIAN_POINT('Ctrl Pts',(-2.2,1.65,3.29));
#7578=CARTESIAN_POINT('Ctrl Pts',(-2.75,1.65,3.29));
#7579=CARTESIAN_POINT('Ctrl Pts',(-2.75,2.2,3.29));
#7580=CARTESIAN_POINT('Ctrl Pts',(-2.75,2.75,3.29));
#7581=CARTESIAN_POINT('Ctrl Pts',(-2.2,2.75,3.29));
#7582=CARTESIAN_POINT('Ctrl Pts',(-1.65,2.75,3.29));
#7583=CARTESIAN_POINT('Ctrl Pts',(-1.65,2.2,3.29));
#7584=CARTESIAN_POINT('',(-2.2,2.2,3.69));
#7585=CARTESIAN_POINT('Origin',(-2.29828056255098,2.2,2.9767392264924));
#7586=CARTESIAN_POINT('Origin',(1.925,2.2,3.29));
#7587=CARTESIAN_POINT('',(1.65,2.2,3.29));
#7588=CARTESIAN_POINT('',(2.75,2.2,3.29));
#7589=CARTESIAN_POINT('Origin',(2.2,2.2,3.29));
#7590=CARTESIAN_POINT('Origin',(2.2,2.2,3.29));
#7591=CARTESIAN_POINT('',(2.575,2.20000000000002,3.29));
#7592=CARTESIAN_POINT('Origin',(2.2,2.20000000000002,3.29));
#7593=CARTESIAN_POINT('Ctrl Pts',(2.2,2.2,3.69));
#7594=CARTESIAN_POINT('Ctrl Pts',(2.2,2.2,3.69));
#7595=CARTESIAN_POINT('Ctrl Pts',(2.2,2.2,3.69));
#7596=CARTESIAN_POINT('Ctrl Pts',(2.2,2.2,3.69));
#7597=CARTESIAN_POINT('Ctrl Pts',(2.2,2.2,3.69));
#7598=CARTESIAN_POINT('Ctrl Pts',(2.2,2.2,3.69));
#7599=CARTESIAN_POINT('Ctrl Pts',(2.2,2.2,3.69));
#7600=CARTESIAN_POINT('Ctrl Pts',(2.2,2.2,3.69));
#7601=CARTESIAN_POINT('Ctrl Pts',(2.2,2.2,3.69));
#7602=CARTESIAN_POINT('Ctrl Pts',(2.58215800395992,2.2,3.63734225544489));
#7603=CARTESIAN_POINT('Ctrl Pts',(2.58215800395992,1.81784199604008,3.63734225544489));
#7604=CARTESIAN_POINT('Ctrl Pts',(2.2,1.81784199604008,3.63734225544489));
#7605=CARTESIAN_POINT('Ctrl Pts',(1.81784199604008,1.81784199604008,3.63734225544489));
#7606=CARTESIAN_POINT('Ctrl Pts',(1.81784199604008,2.2,3.63734225544489));
#7607=CARTESIAN_POINT('Ctrl Pts',(1.81784199604008,2.58215800395992,3.63734225544489));
#7608=CARTESIAN_POINT('Ctrl Pts',(2.2,2.58215800395992,3.63734225544489));
#7609=CARTESIAN_POINT('Ctrl Pts',(2.58215800395992,2.58215800395992,3.63734225544489));
#7610=CARTESIAN_POINT('Ctrl Pts',(2.58215800395992,2.2,3.63734225544489));
#7611=CARTESIAN_POINT('Ctrl Pts',(2.75,2.2,3.29));
#7612=CARTESIAN_POINT('Ctrl Pts',(2.75,1.65,3.29));
#7613=CARTESIAN_POINT('Ctrl Pts',(2.2,1.65,3.29));
#7614=CARTESIAN_POINT('Ctrl Pts',(1.65,1.65,3.29));
#7615=CARTESIAN_POINT('Ctrl Pts',(1.65,2.2,3.29));
#7616=CARTESIAN_POINT('Ctrl Pts',(1.65,2.75,3.29));
#7617=CARTESIAN_POINT('Ctrl Pts',(2.2,2.75,3.29));
#7618=CARTESIAN_POINT('Ctrl Pts',(2.75,2.75,3.29));
#7619=CARTESIAN_POINT('Ctrl Pts',(2.75,2.2,3.29));
#7620=CARTESIAN_POINT('',(2.2,2.2,3.69));
#7621=CARTESIAN_POINT('Origin',(2.10171943744902,2.2,2.9767392264924));
#7622=CARTESIAN_POINT('Origin',(-7.7,-2.04999999999998,0.940000000000012));
#7623=CARTESIAN_POINT('',(-7.7,-2.04999999999998,0.640000000000012));
#7624=CARTESIAN_POINT('',(-6.7,-1.89999999999998,0.64000000000001));
#7625=CARTESIAN_POINT('',(-5.44205378973105,-1.71130806845964,0.640000000000008));
#7626=CARTESIAN_POINT('',(-7.7,-2.04999999999998,0.940000000000012));
#7627=CARTESIAN_POINT('',(-7.7,-2.04999999999998,0.865000000000012));
#7628=CARTESIAN_POINT('',(-6.7,-1.89999999999998,0.940000000000011));
#7629=CARTESIAN_POINT('',(-5.58875305623472,-1.73331295843519,0.940000000000009));
#7630=CARTESIAN_POINT('',(-6.7,-1.89999999999998,0.865000000000012));
#7631=CARTESIAN_POINT('Origin',(-6.69999999999999,1.90000000000001,0.940000000000011));
#7632=CARTESIAN_POINT('',(-6.69999999999999,1.90000000000001,0.64000000000001));
#7633=CARTESIAN_POINT('',(-7.69999999999999,2.05000000000001,0.640000000000012));
#7634=CARTESIAN_POINT('',(-4.94205378973104,1.63630806845967,0.640000000000008));
#7635=CARTESIAN_POINT('',(-6.69999999999999,1.90000000000001,0.940000000000011));
#7636=CARTESIAN_POINT('',(-6.69999999999999,1.90000000000001,0.865000000000013));
#7637=CARTESIAN_POINT('',(-7.69999999999999,2.05000000000002,0.940000000000012));
#7638=CARTESIAN_POINT('',(-5.08875305623471,1.65831295843522,0.940000000000008));
#7639=CARTESIAN_POINT('',(-7.69999999999999,2.05000000000001,0.865000000000012));
#7640=CARTESIAN_POINT('Origin',(-6.7,-2.59999999999998,0.940000000000011));
#7641=CARTESIAN_POINT('',(-6.7,-2.59999999999998,0.64000000000001));
#7642=CARTESIAN_POINT('',(-7.7,-2.44999999999998,0.640000000000012));
#7643=CARTESIAN_POINT('',(-4.89070904645477,-2.87139364303177,0.640000000000007));
#7644=CARTESIAN_POINT('',(-6.7,-2.59999999999998,0.940000000000011));
#7645=CARTESIAN_POINT('',(-6.7,-2.59999999999998,0.865000000000013));
#7646=CARTESIAN_POINT('',(-7.7,-2.44999999999998,0.940000000000012));
#7647=CARTESIAN_POINT('',(-5.03740831295844,-2.84938875305622,0.940000000000008));
#7648=CARTESIAN_POINT('',(-7.7,-2.44999999999998,0.865000000000012));
#7649=CARTESIAN_POINT('Origin',(-7.69999999999999,2.45000000000002,0.940000000000012));
#7650=CARTESIAN_POINT('',(-7.69999999999999,2.45000000000002,0.640000000000012));
#7651=CARTESIAN_POINT('',(-6.69999999999999,2.60000000000001,0.64000000000001));
#7652=CARTESIAN_POINT('',(-5.39070904645476,2.7963936430318,0.640000000000008));
#7653=CARTESIAN_POINT('',(-7.69999999999999,2.45000000000002,0.940000000000012));
#7654=CARTESIAN_POINT('',(-7.69999999999999,2.45000000000002,0.865000000000012));
#7655=CARTESIAN_POINT('',(-6.69999999999999,2.60000000000001,0.940000000000011));
#7656=CARTESIAN_POINT('',(-5.53740831295842,2.77438875305624,0.940000000000009));
#7657=CARTESIAN_POINT('',(-6.69999999999999,2.60000000000001,0.865000000000012));
#7658=CARTESIAN_POINT('Origin',(-3.14999999999999,1.90000000000001,0.790000000000005));
#7659=CARTESIAN_POINT('',(-2.99999999999999,1.90000000000001,0.640000000000005));
#7660=CARTESIAN_POINT('',(-3.29999999999999,1.90000000000001,0.640000000000005));
#7661=CARTESIAN_POINT('',(-2.99999999999999,1.90000000000001,0.940000000000005));
#7662=CARTESIAN_POINT('',(-3.,1.9,0.395000000000003));
#7663=CARTESIAN_POINT('',(-2.99999999999999,1.90000000000001,0.940000000000005));
#7664=CARTESIAN_POINT('Origin',(-3.15,-2.59999999999999,0.790000000000005));
#7665=CARTESIAN_POINT('',(-3.,-2.59999999999999,0.640000000000005));
#7666=CARTESIAN_POINT('',(-3.3,-2.59999999999999,0.640000000000005));
#7667=CARTESIAN_POINT('',(-3.,-2.59999999999999,0.940000000000005));
#7668=CARTESIAN_POINT('',(-3.,-2.59999999999999,0.395000000000003));
#7669=CARTESIAN_POINT('',(-3.,-2.59999999999999,0.940000000000005));
#7670=CARTESIAN_POINT('Origin',(-3.3,-2.59999999999999,0.940000000000005));
#7671=CARTESIAN_POINT('',(-7.7,-2.59999999999998,0.940000000000012));
#7672=CARTESIAN_POINT('',(-3.,-1.89999999999999,0.940000000000005));
#7673=CARTESIAN_POINT('',(-3.,-2.8,0.940000000000005));
#7674=CARTESIAN_POINT('',(-3.3,-1.89999999999999,0.940000000000005));
#7675=CARTESIAN_POINT('Origin',(-3.,-2.59999999999999,0.640000000000005));
#7676=CARTESIAN_POINT('',(-3.,-1.89999999999999,0.640000000000005));
#7677=CARTESIAN_POINT('',(-3.3,-1.89999999999999,0.640000000000005));
#7678=CARTESIAN_POINT('',(-3.,-2.8,0.640000000000005));
#7679=CARTESIAN_POINT('',(-7.7,-1.89999999999998,0.640000000000012));
#7680=CARTESIAN_POINT('Origin',(-2.99999999999999,2.6,0.640000000000005));
#7681=CARTESIAN_POINT('',(-7.69999999999999,2.60000000000002,0.640000000000012));
#7682=CARTESIAN_POINT('',(-2.99999999999999,2.6,0.640000000000005));
#7683=CARTESIAN_POINT('',(-3.29999999999999,2.60000000000001,0.640000000000005));
#7684=CARTESIAN_POINT('',(-3.,-0.199999999999997,0.640000000000005));
#7685=CARTESIAN_POINT('Origin',(-7.69999999999999,2.25000000000002,0.790000000000012));
#7686=CARTESIAN_POINT('',(-7.69999999999999,1.90000000000002,0.940000000000012));
#7687=CARTESIAN_POINT('Origin',(-7.7,-2.24999999999998,0.790000000000012));
#7688=CARTESIAN_POINT('Origin',(-0.00674300565559588,-0.00999999999999446,
1.305));
#7689=CARTESIAN_POINT('',(0.493256994344404,-0.00999999999999272,1.305));
#7690=CARTESIAN_POINT('Origin',(-0.00674300565559588,-0.00999999999999446,
1.305));
#7691=CARTESIAN_POINT('',(0.518256994344404,-0.00999999999999263,1.28));
#7692=CARTESIAN_POINT('Origin',(0.518256994344404,-0.00999999999999452,
1.305));
#7693=CARTESIAN_POINT('Origin',(-0.00674300565559588,-0.00999999999999446,
1.28));
#7694=CARTESIAN_POINT('Origin',(-0.00674300565559447,-0.00999999999997099,
1.28));
#7695=CARTESIAN_POINT('',(-0.231743005655585,-1.23499999999995,1.28));
#7696=CARTESIAN_POINT('',(-0.231743005655591,-0.958683298050508,1.28));
#7697=CARTESIAN_POINT('',(-0.231743005655599,-0.634999999999965,1.28));
#7698=CARTESIAN_POINT('',(0.218256994344406,-1.23499999999995,1.28));
#7699=CARTESIAN_POINT('',(0.118256994344408,-1.23499999999995,1.28));
#7700=CARTESIAN_POINT('',(0.218256994344409,-0.958683298050506,1.28));
#7701=CARTESIAN_POINT('',(0.218256994344415,-0.49412291827592,1.28));
#7702=CARTESIAN_POINT('',(0.218256994344402,0.938683298050521,1.28));
#7703=CARTESIAN_POINT('Origin',(-0.00674300565559477,-0.00999999999999335,
1.28));
#7704=CARTESIAN_POINT('',(0.218256994344401,1.21500000000001,1.28));
#7705=CARTESIAN_POINT('',(0.218256994344403,0.615000000000019,1.28));
#7706=CARTESIAN_POINT('',(-0.231743005655599,1.21500000000001,1.28));
#7707=CARTESIAN_POINT('',(-0.131743005655599,1.21500000000001,1.28));
#7708=CARTESIAN_POINT('',(-0.231743005655597,0.93868329805052,1.28));
#7709=CARTESIAN_POINT('',(-0.231743005655596,0.474122918275944,1.28));
#7710=CARTESIAN_POINT('Origin',(-0.00674300565559477,-0.00999999999999335,
1.28));
#7711=CARTESIAN_POINT('Origin',(-0.231743005655599,-0.634999999999965,1.255));
#7712=CARTESIAN_POINT('',(-0.256743005655591,-0.97824583655187,1.255));
#7713=CARTESIAN_POINT('',(-0.256743005655584,-1.25999999999995,1.255));
#7714=CARTESIAN_POINT('',(-0.256743005655599,-0.634999999999965,1.255));
#7715=CARTESIAN_POINT('Origin',(-0.231743005655585,-1.23499999999995,1.255));
#7716=CARTESIAN_POINT('Ctrl Pts',(-0.231743005655591,-0.958683298050508,
1.28));
#7717=CARTESIAN_POINT('Ctrl Pts',(-0.231978623083304,-0.958869569982508,
1.28));
#7718=CARTESIAN_POINT('Ctrl Pts',(-0.232214273529134,-0.959055813145533,
1.27999666906555));
#7719=CARTESIAN_POINT('Ctrl Pts',(-0.234676028884004,-0.961000856212642,
1.27992703453855));
#7720=CARTESIAN_POINT('Ctrl Pts',(-0.236904525264319,-0.962756623067603,
1.27956630062046));
#7721=CARTESIAN_POINT('Ctrl Pts',(-0.241176381258552,-0.966113379904595,
1.27825622191826));
#7722=CARTESIAN_POINT('Ctrl Pts',(-0.243231693937883,-0.96772403342783,
1.27732214241165));
#7723=CARTESIAN_POINT('Ctrl Pts',(-0.24768066766311,-0.971202555602137,
1.27449008586801));
#7724=CARTESIAN_POINT('Ctrl Pts',(-0.249998051234776,-0.973008190783506,
1.27238393547017));
#7725=CARTESIAN_POINT('Ctrl Pts',(-0.253456924444405,-0.975697845012343,
1.26766364880446));
#7726=CARTESIAN_POINT('Ctrl Pts',(-0.254718792266345,-0.976676840014116,
1.26524498741369));
#7727=CARTESIAN_POINT('Ctrl Pts',(-0.256336381491076,-0.977930999107128,
1.26015775730532));
#7728=CARTESIAN_POINT('Ctrl Pts',(-0.256743005655591,-0.978245836551848,
1.25760427448825));
#7729=CARTESIAN_POINT('Ctrl Pts',(-0.256743005655591,-0.978245836551848,
1.255));
#7730=CARTESIAN_POINT('Origin',(-0.00674300565559477,-0.00999999999999335,
1.255));
#7731=CARTESIAN_POINT('',(-0.256743005655598,0.95824583655186,1.255));
#7732=CARTESIAN_POINT('Ctrl Pts',(-0.231743005655597,0.93868329805052,1.28));
#7733=CARTESIAN_POINT('Ctrl Pts',(-0.23197862308331,0.93886956998252,1.28));
#7734=CARTESIAN_POINT('Ctrl Pts',(-0.232214273529141,0.939055813145544,
1.27999666906555));
#7735=CARTESIAN_POINT('Ctrl Pts',(-0.234676028884007,0.941000856212654,
1.27992703453855));
#7736=CARTESIAN_POINT('Ctrl Pts',(-0.236904525264326,0.942756623067614,
1.27956630062046));
#7737=CARTESIAN_POINT('Ctrl Pts',(-0.241176381258558,0.946113379904606,
1.27825622191826));
#7738=CARTESIAN_POINT('Ctrl Pts',(-0.243231693937889,0.947724033427842,
1.27732214241165));
#7739=CARTESIAN_POINT('Ctrl Pts',(-0.247680667663115,0.951202555602147,
1.27449008586802));
#7740=CARTESIAN_POINT('Ctrl Pts',(-0.249998051234783,0.953008190783517,
1.27238393547018));
#7741=CARTESIAN_POINT('Ctrl Pts',(-0.253456924444413,0.955697845012355,
1.26766364880446));
#7742=CARTESIAN_POINT('Ctrl Pts',(-0.254718792266352,0.956676840014128,
1.26524498741369));
#7743=CARTESIAN_POINT('Ctrl Pts',(-0.256336381491079,0.957930999107136,
1.26015775730534));
#7744=CARTESIAN_POINT('Ctrl Pts',(-0.256743005655598,0.95824583655186,1.25760427448825));
#7745=CARTESIAN_POINT('Ctrl Pts',(-0.256743005655598,0.95824583655186,1.255));
#7746=CARTESIAN_POINT('Origin',(-0.00674300565559477,-0.00999999999999335,
1.255));
#7747=CARTESIAN_POINT('Origin',(-0.231743005655596,0.474122918275944,1.255));
#7748=CARTESIAN_POINT('',(-0.256743005655599,1.24000000000001,1.255));
#7749=CARTESIAN_POINT('Origin',(-0.231743005655599,1.21500000000001,1.255));
#7750=CARTESIAN_POINT('',(-0.256743005655596,0.474122918275944,1.255));
#7751=CARTESIAN_POINT('Origin',(-0.131743005655599,1.21500000000001,1.255));
#7752=CARTESIAN_POINT('',(0.243256994344401,1.24000000000001,1.255));
#7753=CARTESIAN_POINT('Origin',(0.218256994344401,1.21500000000001,1.255));
#7754=CARTESIAN_POINT('',(-0.131743005655599,1.24000000000001,1.255));
#7755=CARTESIAN_POINT('Origin',(0.218256994344403,0.615000000000019,1.255));
#7756=CARTESIAN_POINT('',(0.243256994344402,0.958245836551862,1.255));
#7757=CARTESIAN_POINT('',(0.243256994344403,0.615000000000019,1.255));
#7758=CARTESIAN_POINT('Ctrl Pts',(0.218256994344402,0.938683298050521,1.28));
#7759=CARTESIAN_POINT('Ctrl Pts',(0.218492611772115,0.938869569982522,1.28));
#7760=CARTESIAN_POINT('Ctrl Pts',(0.218728262217946,0.939055813145546,1.27999666906555));
#7761=CARTESIAN_POINT('Ctrl Pts',(0.221190017572813,0.941000856212656,1.27992703453855));
#7762=CARTESIAN_POINT('Ctrl Pts',(0.22341851395313,0.942756623067616,1.27956630062046));
#7763=CARTESIAN_POINT('Ctrl Pts',(0.227690369947362,0.946113379904608,1.27825622191826));
#7764=CARTESIAN_POINT('Ctrl Pts',(0.229745682626694,0.947724033427844,1.27732214241165));
#7765=CARTESIAN_POINT('Ctrl Pts',(0.23419465635192,0.95120255560215,1.27449008586801));
#7766=CARTESIAN_POINT('Ctrl Pts',(0.236512039923588,0.953008190783519,1.27238393547018));
#7767=CARTESIAN_POINT('Ctrl Pts',(0.239970913133218,0.955697845012357,1.26766364880446));
#7768=CARTESIAN_POINT('Ctrl Pts',(0.241232780955157,0.95667684001413,1.26524498741369));
#7769=CARTESIAN_POINT('Ctrl Pts',(0.242850370179883,0.957930999107138,1.26015775730534));
#7770=CARTESIAN_POINT('Ctrl Pts',(0.243256994344402,0.958245836551862,1.25760427448825));
#7771=CARTESIAN_POINT('Ctrl Pts',(0.243256994344402,0.958245836551862,1.255));
#7772=CARTESIAN_POINT('Origin',(-0.00674300565559477,-0.00999999999999335,
1.255));
#7773=CARTESIAN_POINT('',(0.243256994344409,-0.978245836551868,1.255));
#7774=CARTESIAN_POINT('Ctrl Pts',(0.218256994344409,-0.958683298050506,
1.28));
#7775=CARTESIAN_POINT('Ctrl Pts',(0.218492611772122,-0.958869569982507,
1.28));
#7776=CARTESIAN_POINT('Ctrl Pts',(0.218728262217952,-0.959055813145531,
1.27999666906555));
#7777=CARTESIAN_POINT('Ctrl Pts',(0.221190017572821,-0.96100085621264,1.27992703453855));
#7778=CARTESIAN_POINT('Ctrl Pts',(0.223418513953137,-0.962756623067601,
1.27956630062046));
#7779=CARTESIAN_POINT('Ctrl Pts',(0.227690369947371,-0.966113379904594,
1.27825622191826));
#7780=CARTESIAN_POINT('Ctrl Pts',(0.229745682626701,-0.967724033427829,
1.27732214241165));
#7781=CARTESIAN_POINT('Ctrl Pts',(0.234194656351929,-0.971202555602136,
1.27449008586801));
#7782=CARTESIAN_POINT('Ctrl Pts',(0.236512039923595,-0.973008190783504,
1.27238393547017));
#7783=CARTESIAN_POINT('Ctrl Pts',(0.239970913133223,-0.975697845012341,
1.26766364880446));
#7784=CARTESIAN_POINT('Ctrl Pts',(0.241232780955163,-0.976676840014114,
1.26524498741369));
#7785=CARTESIAN_POINT('Ctrl Pts',(0.242850370179894,-0.977930999107126,
1.26015775730532));
#7786=CARTESIAN_POINT('Ctrl Pts',(0.243256994344409,-0.978245836551847,
1.25760427448825));
#7787=CARTESIAN_POINT('Ctrl Pts',(0.243256994344409,-0.978245836551847,
1.255));
#7788=CARTESIAN_POINT('Origin',(-0.00674300565559477,-0.00999999999999335,
1.255));
#7789=CARTESIAN_POINT('Origin',(0.218256994344415,-0.49412291827592,1.255));
#7790=CARTESIAN_POINT('',(0.243256994344406,-1.25999999999995,1.255));
#7791=CARTESIAN_POINT('Origin',(0.218256994344406,-1.23499999999995,1.255));
#7792=CARTESIAN_POINT('',(0.243256994344415,-0.494122918275921,1.255));
#7793=CARTESIAN_POINT('Origin',(0.118256994344408,-1.23499999999995,1.255));
#7794=CARTESIAN_POINT('',(0.118256994344409,-1.25999999999995,1.255));
#7795=CARTESIAN_POINT('Origin',(-0.00674300565559477,-0.00999999999999335,
1.23));
#7796=CARTESIAN_POINT('',(0.243256994344409,-0.978245836551868,1.23));
#7797=CARTESIAN_POINT('',(0.243256994344409,-0.978245836551868,1.23));
#7798=CARTESIAN_POINT('',(0.243256994344402,0.958245836551862,1.23));
#7799=CARTESIAN_POINT('Origin',(-0.00674300565559477,-0.00999999999999335,
1.23));
#7800=CARTESIAN_POINT('',(0.243256994344402,0.958245836551862,1.23));
#7801=CARTESIAN_POINT('Origin',(0.243256994344409,-0.978245836551868,1.23));
#7802=CARTESIAN_POINT('',(0.243256994344406,-1.25999999999995,1.23));
#7803=CARTESIAN_POINT('',(0.243256994344406,-1.25999999999995,1.23));
#7804=CARTESIAN_POINT('',(0.243256994344415,-0.489122918275934,1.23));
#7805=CARTESIAN_POINT('Origin',(0.243256994344406,-1.25999999999995,1.23));
#7806=CARTESIAN_POINT('',(-0.256743005655584,-1.25999999999995,1.23));
#7807=CARTESIAN_POINT('',(-0.256743005655584,-1.25999999999995,1.23));
#7808=CARTESIAN_POINT('',(0.121628497172207,-1.25999999999995,1.23));
#7809=CARTESIAN_POINT('Origin',(-0.256743005655584,-1.25999999999995,1.23));
#7810=CARTESIAN_POINT('',(-0.256743005655591,-0.97824583655187,1.23));
#7811=CARTESIAN_POINT('',(-0.256743005655591,-0.97824583655187,1.23));
#7812=CARTESIAN_POINT('',(-0.256743005655599,-0.629999999999979,1.23));
#7813=CARTESIAN_POINT('Origin',(1.76151398868877,-0.210947465453863,1.305));
#7814=CARTESIAN_POINT('',(1.78651398868877,0.689052534546128,1.305));
#7815=CARTESIAN_POINT('',(1.78651398868877,-0.510947465453872,1.305));
#7816=CARTESIAN_POINT('',(1.78651398868877,-0.210947465453872,1.305));
#7817=CARTESIAN_POINT('',(1.76151398868877,0.714052534546128,1.28));
#7818=CARTESIAN_POINT('Origin',(1.76151398868877,0.714052534546128,1.305));
#7819=CARTESIAN_POINT('',(1.76151398868877,-0.535947465453872,1.28));
#7820=CARTESIAN_POINT('',(1.76151398868877,-0.210947465453863,1.28));
#7821=CARTESIAN_POINT('Origin',(1.76151398868877,-0.535947465453872,1.305));
#7822=CARTESIAN_POINT('Origin',(2.16151398868878,-0.535947465453873,1.305));
#7823=CARTESIAN_POINT('',(2.28651398868877,-0.510947465453873,1.305));
#7824=CARTESIAN_POINT('',(2.16151398868877,-0.510947465453873,1.305));
#7825=CARTESIAN_POINT('',(2.31151398868877,-0.535947465453873,1.28));
#7826=CARTESIAN_POINT('',(2.16151398868878,-0.535947465453873,1.28));
#7827=CARTESIAN_POINT('Origin',(2.31151398868877,-0.535947465453873,1.305));
#7828=CARTESIAN_POINT('Origin',(1.91151398868879,0.714052534546127,1.305));
#7829=CARTESIAN_POINT('',(2.28651398868877,0.689052534546126,1.305));
#7830=CARTESIAN_POINT('',(1.91151398868877,0.689052534546127,1.305));
#7831=CARTESIAN_POINT('',(2.31151398868877,0.714052534546126,1.28));
#7832=CARTESIAN_POINT('Origin',(2.31151398868877,0.714052534546126,1.305));
#7833=CARTESIAN_POINT('',(1.91151398868879,0.714052534546127,1.28));
#7834=CARTESIAN_POINT('Origin',(2.31151398868877,0.389052534546135,1.305));
#7835=CARTESIAN_POINT('',(2.28651398868877,0.389052534546126,1.305));
#7836=CARTESIAN_POINT('',(2.31151398868877,0.389052534546135,1.28));
#7837=CARTESIAN_POINT('Origin',(2.0365139886888,0.0890525345461457,1.28));
#7838=CARTESIAN_POINT('',(1.4115139886888,1.16405253454614,1.28));
#7839=CARTESIAN_POINT('',(2.6865139886888,1.16405253454615,1.28));
#7840=CARTESIAN_POINT('',(1.7115139886888,1.16405253454614,1.28));
#7841=CARTESIAN_POINT('',(1.41151398868881,-0.985947465453857,1.28));
#7842=CARTESIAN_POINT('',(1.4115139886888,-0.460947465453857,1.28));
#7843=CARTESIAN_POINT('',(2.68651398868881,-0.985947465453852,1.28));
#7844=CARTESIAN_POINT('',(2.36151398868881,-0.985947465453853,1.28));
#7845=CARTESIAN_POINT('',(2.6865139886888,1.18905253454615,1.28));
#7846=CARTESIAN_POINT('Origin',(2.36151398868881,-0.985947465453853,1.255));
#7847=CARTESIAN_POINT('',(2.68651398868881,-1.01094746545385,1.255));
#7848=CARTESIAN_POINT('Origin',(2.68651398868881,-0.985947465453852,1.255));
#7849=CARTESIAN_POINT('',(1.38651398868881,-1.01094746545386,1.255));
#7850=CARTESIAN_POINT('Origin',(1.41151398868881,-0.985947465453857,1.255));
#7851=CARTESIAN_POINT('',(2.36151398868881,-1.01094746545385,1.255));
#7852=CARTESIAN_POINT('Origin',(1.4115139886888,-0.460947465453857,1.255));
#7853=CARTESIAN_POINT('',(1.3865139886888,1.18905253454614,1.255));
#7854=CARTESIAN_POINT('Origin',(1.4115139886888,1.16405253454614,1.255));
#7855=CARTESIAN_POINT('',(1.3865139886888,-0.460947465453857,1.255));
#7856=CARTESIAN_POINT('Origin',(1.7115139886888,1.16405253454614,1.255));
#7857=CARTESIAN_POINT('',(2.6865139886888,1.18905253454615,1.255));
#7858=CARTESIAN_POINT('Origin',(2.6865139886888,1.16405253454615,1.255));
#7859=CARTESIAN_POINT('',(1.7115139886888,1.18905253454614,1.255));
#7860=CARTESIAN_POINT('Origin',(-2.375,1.16405253454613,1.255));
#7861=CARTESIAN_POINT('',(-2.7,1.18905253454613,1.255));
#7862=CARTESIAN_POINT('',(-2.7,1.16405253454613,1.28));
#7863=CARTESIAN_POINT('Origin',(-2.70000000000001,1.16405253454613,1.255));
#7864=CARTESIAN_POINT('',(-1.425,1.16405253454613,1.28));
#7865=CARTESIAN_POINT('',(-2.375,1.16405253454613,1.28));
#7866=CARTESIAN_POINT('',(-1.4,1.18905253454613,1.255));
#7867=CARTESIAN_POINT('Origin',(-1.425,1.16405253454613,1.255));
#7868=CARTESIAN_POINT('',(-2.375,1.18905253454613,1.255));
#7869=CARTESIAN_POINT('Origin',(-1.42499999999999,0.639052534546132,1.255));
#7870=CARTESIAN_POINT('',(-1.42499999999999,-0.985947465453868,1.28));
#7871=CARTESIAN_POINT('',(-1.42499999999999,0.639052534546132,1.28));
#7872=CARTESIAN_POINT('',(-1.39999999999999,-1.01094746545387,1.255));
#7873=CARTESIAN_POINT('Origin',(-1.42499999999999,-0.985947465453867,1.255));
#7874=CARTESIAN_POINT('',(-1.39999999999999,0.639052534546133,1.255));
#7875=CARTESIAN_POINT('Origin',(-1.72499999999999,-0.985947465453869,1.255));
#7876=CARTESIAN_POINT('',(-2.7,-0.985947465453872,1.28));
#7877=CARTESIAN_POINT('',(-1.72499999999999,-0.985947465453869,1.28));
#7878=CARTESIAN_POINT('',(-2.7,-1.01094746545387,1.255));
#7879=CARTESIAN_POINT('Origin',(-2.7,-0.985947465453872,1.255));
#7880=CARTESIAN_POINT('',(-1.72499999999999,-1.01094746545387,1.255));
#7881=CARTESIAN_POINT('Origin',(-2.7,1.18905253454613,1.23));
#7882=CARTESIAN_POINT('',(-1.4,1.18905253454613,1.23));
#7883=CARTESIAN_POINT('',(-1.4,1.18905253454613,1.23));
#7884=CARTESIAN_POINT('',(-2.7,1.18905253454613,1.23));
#7885=CARTESIAN_POINT('',(-1.35,1.18905253454613,1.23));
#7886=CARTESIAN_POINT('',(-2.7,1.18905253454613,0.615));
#7887=CARTESIAN_POINT('Origin',(-1.4,1.18905253454613,1.23));
#7888=CARTESIAN_POINT('',(-1.39999999999999,-1.01094746545387,1.23));
#7889=CARTESIAN_POINT('',(-1.39999999999999,-1.01094746545387,1.23));
#7890=CARTESIAN_POINT('',(-1.39999999999999,0.594526267273064,1.23));
#7891=CARTESIAN_POINT('Origin',(-1.39999999999999,-1.01094746545387,1.23));
#7892=CARTESIAN_POINT('',(-2.69999999999999,-1.01094746545387,1.23));
#7893=CARTESIAN_POINT('',(-2.7,-1.01094746545387,0.615));
#7894=CARTESIAN_POINT('',(-0.699999999999991,-1.01094746545387,1.23));
#7895=CARTESIAN_POINT('Origin',(2.16151398868877,-0.485947465453873,1.305));
#7896=CARTESIAN_POINT('',(2.26151398868877,-0.485947465453873,1.33));
#7897=CARTESIAN_POINT('',(1.81151398868877,-0.485947465453872,1.33));
#7898=CARTESIAN_POINT('',(2.16151398868877,-0.485947465453873,1.33));
#7899=CARTESIAN_POINT('Origin',(1.81151398868877,-0.485947465453872,1.305));
#7900=CARTESIAN_POINT('Origin',(2.26151398868877,-0.485947465453873,1.305));
#7901=CARTESIAN_POINT('Origin',(1.81151398868877,-0.210947465453872,1.305));
#7902=CARTESIAN_POINT('',(1.81151398868877,0.664052534546127,1.33));
#7903=CARTESIAN_POINT('',(1.81151398868877,-0.210947465453872,1.33));
#7904=CARTESIAN_POINT('Origin',(1.81151398868877,0.664052534546127,1.305));
#7905=CARTESIAN_POINT('Origin',(1.91151398868877,0.664052534546127,1.305));
#7906=CARTESIAN_POINT('',(2.26151398868877,0.664052534546126,1.33));
#7907=CARTESIAN_POINT('',(1.91151398868877,0.664052534546127,1.33));
#7908=CARTESIAN_POINT('Origin',(2.26151398868877,0.664052534546126,1.305));
#7909=CARTESIAN_POINT('Origin',(2.26151398868877,0.389052534546126,1.305));
#7910=CARTESIAN_POINT('',(2.26151398868877,0.389052534546126,1.33));
#7911=CARTESIAN_POINT('Origin',(2.03651398868877,0.0890525345461271,1.33));
#7912=CARTESIAN_POINT('Origin',(-0.00674300565559588,-0.00999999999999446,
1.305));
#7913=CARTESIAN_POINT('',(0.468256994344404,-0.00999999999999292,1.33));
#7914=CARTESIAN_POINT('Origin',(0.468256994344404,-0.00999999999999452,
1.305));
#7915=CARTESIAN_POINT('Origin',(-0.00674300565559588,-0.00999999999999446,
1.33));
#7916=CARTESIAN_POINT('Origin',(-0.00674300565559588,-0.00999999999999446,
1.33));
#7917=CARTESIAN_POINT('Origin',(-2.27499999999999,-0.210947465453874,1.305));
#7918=CARTESIAN_POINT('',(-2.27499999999999,-0.485947465453874,1.33));
#7919=CARTESIAN_POINT('',(-2.27499999999999,0.664052534546125,1.33));
#7920=CARTESIAN_POINT('',(-2.27499999999999,-0.210947465453874,1.33));
#7921=CARTESIAN_POINT('',(-2.29999999999999,0.689052534546125,1.305));
#7922=CARTESIAN_POINT('Origin',(-2.27499999999999,0.664052534546125,1.305));
#7923=CARTESIAN_POINT('',(-2.29999999999999,-0.510947465453874,1.305));
#7924=CARTESIAN_POINT('',(-2.29999999999999,-0.210947465453872,1.305));
#7925=CARTESIAN_POINT('Origin',(-2.27499999999999,-0.485947465453874,1.305));
#7926=CARTESIAN_POINT('Origin',(-2.17499999999999,0.664052534546126,1.305));
#7927=CARTESIAN_POINT('',(-1.82499999999999,0.664052534546127,1.33));
#7928=CARTESIAN_POINT('',(-2.17499999999999,0.664052534546126,1.33));
#7929=CARTESIAN_POINT('',(-1.79999999999999,0.689052534546127,1.305));
#7930=CARTESIAN_POINT('Origin',(-1.82499999999999,0.664052534546127,1.305));
#7931=CARTESIAN_POINT('',(-2.17499999999999,0.689052534546126,1.305));
#7932=CARTESIAN_POINT('Origin',(-1.82499999999999,0.389052534546127,1.305));
#7933=CARTESIAN_POINT('',(-1.82499999999999,-0.485947465453873,1.33));
#7934=CARTESIAN_POINT('',(-1.82499999999999,0.389052534546127,1.33));
#7935=CARTESIAN_POINT('',(-1.79999999999999,-0.510947465453873,1.305));
#7936=CARTESIAN_POINT('Origin',(-1.82499999999999,-0.485947465453873,1.305));
#7937=CARTESIAN_POINT('',(-1.79999999999999,0.389052534546129,1.305));
#7938=CARTESIAN_POINT('Origin',(-1.92499999999999,-0.485947465453873,1.305));
#7939=CARTESIAN_POINT('',(-1.92499999999999,-0.485947465453873,1.33));
#7940=CARTESIAN_POINT('',(-1.92499999999999,-0.510947465453873,1.305));
#7941=CARTESIAN_POINT('Origin',(-2.04999999999999,0.0890525345461262,1.33));
#7942=CARTESIAN_POINT('Origin',(-2.32499999999999,-0.210947465453872,1.305));
#7943=CARTESIAN_POINT('',(-2.32499999999999,0.714052534546125,1.28));
#7944=CARTESIAN_POINT('Origin',(-2.32499999999999,0.714052534546125,1.305));
#7945=CARTESIAN_POINT('',(-2.32499999999999,-0.535947465453874,1.28));
#7946=CARTESIAN_POINT('',(-2.32499999999999,-0.210947465453872,1.28));
#7947=CARTESIAN_POINT('Origin',(-2.32499999999999,-0.535947465453874,1.305));
#7948=CARTESIAN_POINT('Origin',(-2.17499999999999,0.714052534546126,1.305));
#7949=CARTESIAN_POINT('',(-1.775,0.714052534546127,1.28));
#7950=CARTESIAN_POINT('Origin',(-1.775,0.714052534546127,1.305));
#7951=CARTESIAN_POINT('',(-2.17499999999999,0.714052534546126,1.28));
#7952=CARTESIAN_POINT('Origin',(-1.77499999999999,0.389052534546129,1.305));
#7953=CARTESIAN_POINT('',(-1.77499999999999,-0.535947465453873,1.28));
#7954=CARTESIAN_POINT('Origin',(-1.77499999999999,-0.535947465453873,1.305));
#7955=CARTESIAN_POINT('',(-1.77499999999999,0.389052534546129,1.28));
#7956=CARTESIAN_POINT('Origin',(-1.92499999999999,-0.535947465453873,1.305));
#7957=CARTESIAN_POINT('',(-1.92499999999999,-0.535947465453873,1.28));
#7958=CARTESIAN_POINT('Origin',(-2.04999999999999,0.0890525345461304,1.28));
#7959=CARTESIAN_POINT('',(-2.7,-1.45547373272693,1.28));
#7960=CARTESIAN_POINT('Origin',(1.38651398868881,-1.01094746545386,1.23));
#7961=CARTESIAN_POINT('',(1.3865139886888,1.18905253454614,1.23));
#7962=CARTESIAN_POINT('',(1.3865139886888,1.18905253454614,1.23));
#7963=CARTESIAN_POINT('',(1.38651398868881,-1.01094746545386,1.23));
#7964=CARTESIAN_POINT('',(1.3865139886888,-0.505473732726925,1.23));
#7965=CARTESIAN_POINT('',(1.38651398868881,-1.01094746545386,1.23));
#7966=CARTESIAN_POINT('Origin',(1.3865139886888,1.18905253454614,1.23));
#7967=CARTESIAN_POINT('',(2.6865139886888,1.18905253454615,1.23));
#7968=CARTESIAN_POINT('',(2.6865139886888,1.18905253454615,1.23));
#7969=CARTESIAN_POINT('',(0.693256994344398,1.18905253454614,1.23));
#7970=CARTESIAN_POINT('Origin',(2.6865139886888,1.18905253454615,1.23));
#7971=CARTESIAN_POINT('',(2.68651398868881,-1.01094746545385,1.23));
#7972=CARTESIAN_POINT('',(2.68651398868881,-1.01094746545385,1.23));
#7973=CARTESIAN_POINT('',(2.6865139886888,0.594526267273081,1.23));
#7974=CARTESIAN_POINT('Origin',(2.68651398868881,-1.01094746545385,1.23));
#7975=CARTESIAN_POINT('',(1.34325699434441,-1.01094746545386,1.23));
#7976=CARTESIAN_POINT('Origin',(-0.256743005655599,1.24000000000001,1.23));
#7977=CARTESIAN_POINT('',(0.243256994344401,1.24000000000001,1.23));
#7978=CARTESIAN_POINT('',(0.243256994344401,1.24000000000001,1.23));
#7979=CARTESIAN_POINT('',(-0.256743005655599,1.24000000000001,1.23));
#7980=CARTESIAN_POINT('',(-0.1283715028278,1.24000000000001,1.23));
#7981=CARTESIAN_POINT('',(-0.256743005655599,1.24000000000001,1.23));
#7982=CARTESIAN_POINT('Origin',(0.243256994344401,1.24000000000001,1.23));
#7983=CARTESIAN_POINT('',(0.243256994344403,0.620000000000005,1.23));
#7984=CARTESIAN_POINT('Origin',(-0.00674300565559477,-0.00999999999999335,
1.23));
#7985=CARTESIAN_POINT('',(-0.256743005655598,0.95824583655186,1.23));
#7986=CARTESIAN_POINT('',(-0.256743005655598,0.95824583655186,1.23));
#7987=CARTESIAN_POINT('Origin',(-0.00674300565559477,-0.00999999999999335,
1.23));
#7988=CARTESIAN_POINT('Origin',(-0.256743005655598,0.95824583655186,1.23));
#7989=CARTESIAN_POINT('',(-0.256743005655596,0.47912291827593,1.23));
#7990=CARTESIAN_POINT('Origin',(3.33066907387547E-15,1.43824346371895E-15,
1.23));
#7991=CARTESIAN_POINT('',(-2.7,-1.26194746545387,1.23));
#7992=CARTESIAN_POINT('',(-2.7,-1.5,1.23));
#7993=CARTESIAN_POINT('',(-2.21151469581986,-1.26194746545387,1.23));
#7994=CARTESIAN_POINT('',(-1.10575734790993,-1.26194746545387,1.23));
#7995=CARTESIAN_POINT('',(-1.35762140738403,-2.16223411506855,1.23));
#7996=CARTESIAN_POINT('Origin',(0.0100000000000078,-0.0099999999999989,
1.23));
#7997=CARTESIAN_POINT('',(-1.35762140738403,-2.69999999999999,1.23));
#7998=CARTESIAN_POINT('',(-1.35762140738403,-1.34999999999999,1.23));
#7999=CARTESIAN_POINT('',(1.29217853446789,-2.7,1.23));
#8000=CARTESIAN_POINT('',(1.50000000000001,-2.7,1.23));
#8001=CARTESIAN_POINT('',(1.29217853446789,-2.21420466512295,1.23));
#8002=CARTESIAN_POINT('',(1.29217853446789,-1.10710233256148,1.23));
#8003=CARTESIAN_POINT('',(2.23151469581987,-1.26194746545387,1.23));
#8004=CARTESIAN_POINT('Origin',(0.0100000000000078,-0.0099999999999989,
1.23));
#8005=CARTESIAN_POINT('',(2.70000000000001,-1.26194746545387,1.23));
#8006=CARTESIAN_POINT('',(1.35000000000001,-1.26194746545387,1.23));
#8007=CARTESIAN_POINT('',(2.7,1.38785247639805,1.23));
#8008=CARTESIAN_POINT('',(2.7,1.5,1.23));
#8009=CARTESIAN_POINT('',(2.14272324839109,1.38785247639805,1.23));
#8010=CARTESIAN_POINT('',(1.07136162419555,1.38785247639805,1.23));
#8011=CARTESIAN_POINT('',(1.29217853446789,2.19420466512295,1.23));
#8012=CARTESIAN_POINT('Origin',(0.0100000000000078,-0.0099999999999989,
1.23));
#8013=CARTESIAN_POINT('',(1.29217853446789,2.70000000000001,1.23));
#8014=CARTESIAN_POINT('',(1.29217853446789,1.35000000000001,1.23));
#8015=CARTESIAN_POINT('',(-1.35762140738403,2.7,1.23));
#8016=CARTESIAN_POINT('',(-1.5,2.7,1.23));
#8017=CARTESIAN_POINT('',(-1.35762140738403,2.14223411506855,1.23));
#8018=CARTESIAN_POINT('',(-1.35762140738403,1.07111705753427,1.23));
#8019=CARTESIAN_POINT('',(-2.12272324839108,1.38785247639805,1.23));
#8020=CARTESIAN_POINT('Origin',(0.0100000000000078,-0.0099999999999989,
1.23));
#8021=CARTESIAN_POINT('',(-2.7,1.38785247639805,1.23));
#8022=CARTESIAN_POINT('',(-1.35,1.38785247639805,1.23));
#8023=CARTESIAN_POINT('',(-2.7,-1.5,1.23));
#8024=CARTESIAN_POINT('Origin',(-3.29999999999999,2.60000000000001,0.940000000000005));
#8025=CARTESIAN_POINT('',(-2.99999999999999,2.6,0.940000000000005));
#8026=CARTESIAN_POINT('',(-3.,-0.199999999999997,0.940000000000005));
#8027=CARTESIAN_POINT('',(-2.99999999999999,2.6,0.940000000000005));
#8028=CARTESIAN_POINT('Origin',(-3.14999999999999,2.60000000000001,0.790000000000005));
#8029=CARTESIAN_POINT('',(-3.,2.60000000000001,0.395000000000003));
#8030=CARTESIAN_POINT('Origin',(-3.15,-1.89999999999999,0.790000000000005));
#8031=CARTESIAN_POINT('',(-3.,-1.89999999999999,0.395000000000003));
#8032=CARTESIAN_POINT('Origin',(3.00000000000001,2.6,0.64));
#8033=CARTESIAN_POINT('',(3.00000000000001,1.9,0.64));
#8034=CARTESIAN_POINT('',(3.30000000000001,1.9,0.64));
#8035=CARTESIAN_POINT('',(3.30000000000001,1.9,0.64));
#8036=CARTESIAN_POINT('',(3.00000000000001,2.6,0.64));
#8037=CARTESIAN_POINT('',(3.,2.8,0.64));
#8038=CARTESIAN_POINT('',(3.30000000000001,2.6,0.64));
#8039=CARTESIAN_POINT('',(3.30000000000001,2.6,0.64));
#8040=CARTESIAN_POINT('',(3.30000000000001,2.6,0.64));
#8041=CARTESIAN_POINT('Origin',(3.30000000000001,2.6,0.64));
#8042=CARTESIAN_POINT('',(3.30000000000001,1.9,0.94));
#8043=CARTESIAN_POINT('',(3.30000000000001,1.9,0.94));
#8044=CARTESIAN_POINT('',(3.30000000000001,2.6,0.94));
#8045=CARTESIAN_POINT('',(3.30000000000001,2.6,0.94));
#8046=CARTESIAN_POINT('',(3.30000000000001,2.6,0.94));
#8047=CARTESIAN_POINT('Origin',(3.30000000000001,2.6,0.94));
#8048=CARTESIAN_POINT('',(3.00000000000001,1.9,0.94));
#8049=CARTESIAN_POINT('',(3.00000000000001,1.9,0.94));
#8050=CARTESIAN_POINT('',(3.00000000000001,2.6,0.94));
#8051=CARTESIAN_POINT('',(3.00000000000001,2.6,0.94));
#8052=CARTESIAN_POINT('',(3.,2.8,0.94));
#8053=CARTESIAN_POINT('Origin',(3.15000000000001,2.6,0.79));
#8054=CARTESIAN_POINT('',(3.,2.6,0.395));
#8055=CARTESIAN_POINT('Origin',(3.15000000000001,1.9,0.79));
#8056=CARTESIAN_POINT('',(3.,1.9,0.395));
#8057=CARTESIAN_POINT('Origin',(3.00000000000001,-2.6,0.64));
#8058=CARTESIAN_POINT('',(3.00000000000001,-1.9,0.64));
#8059=CARTESIAN_POINT('',(3.30000000000001,-1.9,0.64));
#8060=CARTESIAN_POINT('',(3.30000000000001,-1.9,0.64));
#8061=CARTESIAN_POINT('',(3.30000000000001,-2.6,0.64));
#8062=CARTESIAN_POINT('',(3.30000000000001,-2.6,0.64));
#8063=CARTESIAN_POINT('',(3.00000000000001,-2.6,0.64));
#8064=CARTESIAN_POINT('',(3.30000000000001,-2.6,0.64));
#8065=CARTESIAN_POINT('',(3.,0.200000000000002,0.64));
#8066=CARTESIAN_POINT('Origin',(3.30000000000001,-2.6,0.64));
#8067=CARTESIAN_POINT('',(3.30000000000001,-1.9,0.94));
#8068=CARTESIAN_POINT('',(3.30000000000001,-1.9,0.94));
#8069=CARTESIAN_POINT('',(3.30000000000001,-2.6,0.94));
#8070=CARTESIAN_POINT('',(3.30000000000001,-2.6,0.94));
#8071=CARTESIAN_POINT('',(3.30000000000001,-2.6,0.94));
#8072=CARTESIAN_POINT('Origin',(3.30000000000001,-2.6,0.94));
#8073=CARTESIAN_POINT('',(3.00000000000001,-1.9,0.94));
#8074=CARTESIAN_POINT('',(3.00000000000001,-1.9,0.94));
#8075=CARTESIAN_POINT('',(3.00000000000001,-2.6,0.94));
#8076=CARTESIAN_POINT('',(3.,0.200000000000002,0.94));
#8077=CARTESIAN_POINT('',(3.00000000000001,-2.6,0.94));
#8078=CARTESIAN_POINT('Origin',(3.15000000000001,-2.6,0.79));
#8079=CARTESIAN_POINT('',(3.00000000000001,-2.6,0.395));
#8080=CARTESIAN_POINT('Origin',(3.15000000000001,-1.9,0.79));
#8081=CARTESIAN_POINT('',(3.00000000000001,-1.9,0.395));
#8082=CARTESIAN_POINT('Origin',(1.92000000000001,-0.490000000000004,0.07));
#8083=CARTESIAN_POINT('',(1.92000000000001,-0.490000000000004,0.47));
#8084=CARTESIAN_POINT('',(1.92000000000001,0.509999999999997,0.47));
#8085=CARTESIAN_POINT('',(1.92000000000001,-0.490000000000004,0.47));
#8086=CARTESIAN_POINT('',(1.92000000000001,-0.490000000000004,0.07));
#8087=CARTESIAN_POINT('',(1.92000000000001,-0.490000000000004,0.07));
#8088=CARTESIAN_POINT('',(1.92000000000001,0.509999999999997,0.07));
#8089=CARTESIAN_POINT('',(1.92000000000001,-0.240000000000004,0.07));
#8090=CARTESIAN_POINT('',(1.92000000000001,0.509999999999997,0.07));
#8091=CARTESIAN_POINT('Origin',(2.19000000000001,0.00999999999999668,0.47));
#8092=CARTESIAN_POINT('',(2.46,0.509999999999997,0.47));
#8093=CARTESIAN_POINT('',(1.92000000000001,0.509999999999997,0.47));
#8094=CARTESIAN_POINT('',(2.46,-0.490000000000004,0.47));
#8095=CARTESIAN_POINT('',(2.46,0.509999999999997,0.47));
#8096=CARTESIAN_POINT('',(2.46,-0.490000000000004,0.47));
#8097=CARTESIAN_POINT('Origin',(-1.94,0.509999999999997,0.07));
#8098=CARTESIAN_POINT('',(-1.94,0.509999999999997,0.47));
#8099=CARTESIAN_POINT('',(-1.94,-0.490000000000004,0.47));
#8100=CARTESIAN_POINT('',(-1.94,0.509999999999997,0.47));
#8101=CARTESIAN_POINT('',(-1.94,0.509999999999997,0.07));
#8102=CARTESIAN_POINT('',(-1.94,0.509999999999997,0.07));
#8103=CARTESIAN_POINT('',(-1.94,-0.490000000000004,0.07));
#8104=CARTESIAN_POINT('',(-1.94,0.259999999999997,0.07));
#8105=CARTESIAN_POINT('',(-1.94,-0.490000000000004,0.07));
#8106=CARTESIAN_POINT('Origin',(-2.20999999999999,0.00999999999999668,0.47));
#8107=CARTESIAN_POINT('',(-2.47999999999999,-0.490000000000004,0.47));
#8108=CARTESIAN_POINT('',(-1.94,-0.490000000000004,0.47));
#8109=CARTESIAN_POINT('',(-2.47999999999999,0.509999999999997,0.47));
#8110=CARTESIAN_POINT('',(-2.47999999999999,-0.490000000000004,0.47));
#8111=CARTESIAN_POINT('',(-2.47999999999999,0.509999999999997,0.47));
#8112=CARTESIAN_POINT('Origin',(0.260000000000007,0.509999999999997,0.07));
#8113=CARTESIAN_POINT('',(0.260000000000007,0.509999999999997,0.47));
#8114=CARTESIAN_POINT('',(0.260000000000007,-0.490000000000004,0.47));
#8115=CARTESIAN_POINT('',(0.260000000000007,-0.490000000000004,0.47));
#8116=CARTESIAN_POINT('',(0.260000000000007,0.509999999999997,0.07));
#8117=CARTESIAN_POINT('',(0.260000000000007,0.509999999999997,0.07));
#8118=CARTESIAN_POINT('',(0.260000000000007,-0.490000000000004,0.07));
#8119=CARTESIAN_POINT('',(0.260000000000007,0.259999999999997,0.07));
#8120=CARTESIAN_POINT('',(0.260000000000007,-0.490000000000004,0.07));
#8121=CARTESIAN_POINT('Origin',(-0.279999999999991,-0.490000000000004,0.07));
#8122=CARTESIAN_POINT('',(-0.279999999999991,-0.490000000000004,0.47));
#8123=CARTESIAN_POINT('',(-0.279999999999991,0.509999999999997,0.47));
#8124=CARTESIAN_POINT('',(-0.279999999999991,0.509999999999997,0.47));
#8125=CARTESIAN_POINT('',(-0.279999999999991,-0.490000000000004,0.07));
#8126=CARTESIAN_POINT('',(-0.279999999999991,-0.490000000000004,0.07));
#8127=CARTESIAN_POINT('',(-0.279999999999991,0.509999999999997,0.07));
#8128=CARTESIAN_POINT('',(-0.279999999999991,-0.240000000000004,0.07));
#8129=CARTESIAN_POINT('',(-0.279999999999991,0.509999999999997,0.07));
#8130=CARTESIAN_POINT('Origin',(-0.00999999999999224,0.00999999999999668,
0.47));
#8131=CARTESIAN_POINT('',(-0.279999999999991,-0.490000000000004,0.47));
#8132=CARTESIAN_POINT('',(0.260000000000007,0.509999999999997,0.47));
#8133=CARTESIAN_POINT('Origin',(-0.00999999999999446,0.00999999999999666,
0.07));
#8134=CARTESIAN_POINT('',(-2.47999999999999,0.509999999999997,0.07));
#8135=CARTESIAN_POINT('',(2.46,-0.490000000000004,0.07));
#8136=CARTESIAN_POINT('Origin',(-2.47999999999999,0.509999999999997,-0.38));
#8137=CARTESIAN_POINT('',(1.34,0.509999999999997,-0.38));
#8138=CARTESIAN_POINT('',(1.34,0.509999999999997,0.));
#8139=CARTESIAN_POINT('',(1.34,0.509999999999997,-0.19));
#8140=CARTESIAN_POINT('',(2.46,0.509999999999997,-0.38));
#8141=CARTESIAN_POINT('',(0.135000000000005,0.509999999999997,-0.38));
#8142=CARTESIAN_POINT('',(2.46,0.509999999999997,-0.38));
#8143=CARTESIAN_POINT('',(-2.47999999999999,0.509999999999997,0.07));
#8144=CARTESIAN_POINT('',(-2.47999999999999,0.509999999999997,-0.38));
#8145=CARTESIAN_POINT('',(-2.47999999999999,0.509999999999997,-0.38));
#8146=CARTESIAN_POINT('',(-1.33999999999999,0.509999999999997,-0.38));
#8147=CARTESIAN_POINT('',(-2.61499999999999,0.509999999999997,-0.38));
#8148=CARTESIAN_POINT('',(-1.33999999999999,0.509999999999997,0.));
#8149=CARTESIAN_POINT('',(-1.33999999999999,0.509999999999997,-0.19));
#8150=CARTESIAN_POINT('',(-1.23999999999999,0.509999999999997,0.));
#8151=CARTESIAN_POINT('Origin',(-2.47999999999999,-0.490000000000004,-0.38));
#8152=CARTESIAN_POINT('',(-2.47999999999999,-0.490000000000004,-0.38));
#8153=CARTESIAN_POINT('',(-2.47999999999999,-0.490000000000004,-0.38));
#8154=CARTESIAN_POINT('',(-2.47999999999999,-0.249999999999999,-0.38));
#8155=CARTESIAN_POINT('Origin',(2.46,0.509999999999997,-0.38));
#8156=CARTESIAN_POINT('',(2.46,-0.490000000000004,-0.38));
#8157=CARTESIAN_POINT('',(2.46,0.249999999999999,-0.38));
#8158=CARTESIAN_POINT('',(2.46,-0.490000000000004,-0.38));
#8159=CARTESIAN_POINT('Origin',(2.46,-0.490000000000004,-0.38));
#8160=CARTESIAN_POINT('',(1.34,-0.490000000000004,0.));
#8161=CARTESIAN_POINT('',(1.34,-0.490000000000004,-0.38));
#8162=CARTESIAN_POINT('',(1.34,-0.490000000000004,-0.19));
#8163=CARTESIAN_POINT('',(-1.33999999999999,-0.490000000000004,0.));
#8164=CARTESIAN_POINT('',(1.23,-0.490000000000004,0.));
#8165=CARTESIAN_POINT('',(-1.33999999999999,-0.490000000000004,-0.38));
#8166=CARTESIAN_POINT('',(-1.33999999999999,-0.490000000000004,-0.19));
#8167=CARTESIAN_POINT('',(-0.144999999999994,-0.490000000000004,-0.38));
#8168=CARTESIAN_POINT('',(2.46,-0.490000000000004,0.07));
#8169=CARTESIAN_POINT('',(2.605,-0.490000000000004,-0.38));
#8170=CARTESIAN_POINT('Origin',(-0.00999999999999446,0.00999999999999666,
0.07));
#8171=CARTESIAN_POINT('Origin',(1.34,3.,0.));
#8172=CARTESIAN_POINT('',(1.34,-3.,-0.38));
#8173=CARTESIAN_POINT('',(1.34,-3.,-0.38));
#8174=CARTESIAN_POINT('',(1.34,-3.,0.));
#8175=CARTESIAN_POINT('',(1.34,-3.,0.));
#8176=CARTESIAN_POINT('',(1.34,1.5,0.));
#8177=CARTESIAN_POINT('Origin',(-2.74999999999999,-0.00999999999999448,
-0.38));
#8178=CARTESIAN_POINT('',(-1.34,-3.,-0.38));
#8179=CARTESIAN_POINT('',(-1.33999999999999,3.,-0.38));
#8180=CARTESIAN_POINT('',(-2.5,-3.,-0.38));
#8181=CARTESIAN_POINT('',(-1.34,-3.,-0.38));
#8182=CARTESIAN_POINT('',(-2.5,-1.45999999999999,-0.38));
#8183=CARTESIAN_POINT('',(-2.5,-3.,-0.38));
#8184=CARTESIAN_POINT('',(-2.99999999999999,-1.45999999999999,-0.38));
#8185=CARTESIAN_POINT('',(-2.5,-1.45999999999999,-0.38));
#8186=CARTESIAN_POINT('',(-2.99999999999999,1.44000000000001,-0.38));
#8187=CARTESIAN_POINT('',(-2.99999999999999,-1.45999999999999,-0.38));
#8188=CARTESIAN_POINT('',(-2.49999999999999,1.44000000000001,-0.38));
#8189=CARTESIAN_POINT('',(-2.99999999999999,1.44000000000001,-0.38));
#8190=CARTESIAN_POINT('',(-2.49999999999999,3.00000000000001,-0.38));
#8191=CARTESIAN_POINT('',(-2.5,-3.,-0.38));
#8192=CARTESIAN_POINT('',(-1.33999999999999,3.,-0.38));
#8193=CARTESIAN_POINT('',(-2.49999999999999,3.00000000000001,-0.38));
#8194=CARTESIAN_POINT('',(-1.33999999999999,3.,-0.38));
#8195=CARTESIAN_POINT('Origin',(3.33066907387547E-15,1.43824346371895E-15,
0.));
#8196=CARTESIAN_POINT('',(-1.34,-3.,0.));
#8197=CARTESIAN_POINT('',(-3.,-3.,0.));
#8198=CARTESIAN_POINT('',(-1.34,-1.5,0.));
#8199=CARTESIAN_POINT('Origin',(3.33066907387547E-15,1.43824346371895E-15,
0.));
#8200=CARTESIAN_POINT('',(-1.33999999999999,3.,0.));
#8201=CARTESIAN_POINT('',(-1.34,-1.5,0.));
#8202=CARTESIAN_POINT('',(1.34,3.,0.));
#8203=CARTESIAN_POINT('',(3.,3.,0.));
#8204=CARTESIAN_POINT('',(1.34,1.5,0.));
#8205=CARTESIAN_POINT('Origin',(-1.34,-3.,0.));
#8206=CARTESIAN_POINT('',(-1.34,-3.,0.));
#8207=CARTESIAN_POINT('Origin',(-1.34,-3.,0.));
#8208=CARTESIAN_POINT('',(-1.33999999999999,3.,0.));
#8209=CARTESIAN_POINT('Origin',(2.5,1.44,0.));
#8210=CARTESIAN_POINT('',(2.5,1.44,0.));
#8211=CARTESIAN_POINT('',(2.5,1.44,-0.38));
#8212=CARTESIAN_POINT('',(2.5,1.44,0.));
#8213=CARTESIAN_POINT('',(2.5,3.,-0.38));
#8214=CARTESIAN_POINT('',(2.5,3.,-0.38));
#8215=CARTESIAN_POINT('',(2.5,3.,0.));
#8216=CARTESIAN_POINT('',(2.5,3.,0.));
#8217=CARTESIAN_POINT('',(2.5,0.720000000000001,0.));
#8218=CARTESIAN_POINT('Origin',(2.5,1.44,0.));
#8219=CARTESIAN_POINT('',(2.5,-1.46,0.));
#8220=CARTESIAN_POINT('',(2.5,-1.46,-0.38));
#8221=CARTESIAN_POINT('',(2.5,-1.46,0.));
#8222=CARTESIAN_POINT('',(2.5,-3.,0.));
#8223=CARTESIAN_POINT('',(2.5,0.720000000000001,0.));
#8224=CARTESIAN_POINT('',(2.5,-3.,-0.38));
#8225=CARTESIAN_POINT('',(2.5,-3.,0.));
#8226=CARTESIAN_POINT('',(2.5,3.,-0.38));
#8227=CARTESIAN_POINT('Origin',(1.34,3.,0.));
#8228=CARTESIAN_POINT('',(1.34,3.,-0.38));
#8229=CARTESIAN_POINT('',(1.34,3.,0.));
#8230=CARTESIAN_POINT('',(1.34,-3.,-0.38));
#8231=CARTESIAN_POINT('Origin',(2.5,-1.46,0.));
#8232=CARTESIAN_POINT('',(3.,-1.46,-0.38));
#8233=CARTESIAN_POINT('',(3.,-1.46,-0.38));
#8234=CARTESIAN_POINT('',(3.,-1.46,0.));
#8235=CARTESIAN_POINT('',(3.,-1.46,0.));
#8236=CARTESIAN_POINT('',(1.25,-1.46,0.));
#8237=CARTESIAN_POINT('Origin',(3.,1.44,0.));
#8238=CARTESIAN_POINT('',(3.,1.44,-0.38));
#8239=CARTESIAN_POINT('',(2.5,1.44,-0.38));
#8240=CARTESIAN_POINT('',(3.,1.44,0.));
#8241=CARTESIAN_POINT('',(1.5,1.44,0.));
#8242=CARTESIAN_POINT('',(3.,1.44,0.));
#8243=CARTESIAN_POINT('Origin',(2.75,-0.00999999999999891,-0.38));
#8244=CARTESIAN_POINT('',(1.34,3.,-0.38));
#8245=CARTESIAN_POINT('',(3.,1.44,-0.38));
#8246=CARTESIAN_POINT('',(2.5,-3.,-0.38));
#8247=CARTESIAN_POINT('Origin',(-2.49999999999999,1.44000000000001,0.));
#8248=CARTESIAN_POINT('',(-2.5,-1.45999999999999,0.));
#8249=CARTESIAN_POINT('',(-2.5,-1.45999999999999,0.));
#8250=CARTESIAN_POINT('',(-2.5,-3.,0.));
#8251=CARTESIAN_POINT('',(-2.5,-3.,0.));
#8252=CARTESIAN_POINT('',(-2.49999999999999,0.720000000000006,0.));
#8253=CARTESIAN_POINT('Origin',(-2.49999999999999,1.44000000000001,0.));
#8254=CARTESIAN_POINT('',(-2.49999999999999,1.44000000000001,0.));
#8255=CARTESIAN_POINT('',(-2.49999999999999,1.44000000000001,0.));
#8256=CARTESIAN_POINT('',(-2.49999999999999,3.00000000000001,0.));
#8257=CARTESIAN_POINT('',(-2.49999999999999,0.720000000000006,0.));
#8258=CARTESIAN_POINT('',(-2.49999999999999,3.00000000000001,0.));
#8259=CARTESIAN_POINT('Origin',(-2.49999999999999,1.44000000000001,0.));
#8260=CARTESIAN_POINT('',(-2.99999999999999,1.44000000000001,0.));
#8261=CARTESIAN_POINT('',(-2.99999999999999,1.44000000000001,0.));
#8262=CARTESIAN_POINT('',(-1.24999999999999,1.44000000000001,0.));
#8263=CARTESIAN_POINT('Origin',(-2.99999999999999,-1.45999999999999,0.));
#8264=CARTESIAN_POINT('',(-2.99999999999999,-1.45999999999999,0.));
#8265=CARTESIAN_POINT('',(-1.5,-1.45999999999999,0.));
#8266=CARTESIAN_POINT('',(-2.99999999999999,-1.45999999999999,0.));
#8267=CARTESIAN_POINT('Origin',(3.33066907387547E-15,1.43824346371895E-15,
0.));
#8268=CARTESIAN_POINT('',(-3.,-3.,0.));
#8269=CARTESIAN_POINT('',(-3.,-3.,0.));
#8270=CARTESIAN_POINT('',(-3.,3.,0.));
#8271=CARTESIAN_POINT('Origin',(3.33066907387547E-15,1.43824346371895E-15,
0.));
#8272=CARTESIAN_POINT('',(-3.,3.,0.));
#8273=CARTESIAN_POINT('',(-3.,3.,0.));
#8274=CARTESIAN_POINT('',(3.,3.,0.));
#8275=CARTESIAN_POINT('Origin',(3.33066907387547E-15,1.43824346371895E-15,
0.));
#8276=CARTESIAN_POINT('',(3.00000000000001,-3.,0.));
#8277=CARTESIAN_POINT('',(3.00000000000001,-3.,0.));
#8278=CARTESIAN_POINT('',(-3.,-3.,0.));
#8279=CARTESIAN_POINT('Origin',(2.2,2.20000000000002,2.89));
#8280=CARTESIAN_POINT('',(2.575,2.20000000000002,2.89));
#8281=CARTESIAN_POINT('',(2.575,2.20000000000002,2.89));
#8282=CARTESIAN_POINT('Origin',(2.2,2.20000000000002,2.89));
#8283=CARTESIAN_POINT('Origin',(-2.2,2.20000000000001,2.89));
#8284=CARTESIAN_POINT('',(-1.825,2.20000000000001,2.89));
#8285=CARTESIAN_POINT('',(-1.825,2.20000000000001,2.89));
#8286=CARTESIAN_POINT('Origin',(-2.2,2.20000000000001,2.89));
#8287=CARTESIAN_POINT('Origin',(-2.20000000000001,-2.2,2.89));
#8288=CARTESIAN_POINT('',(-1.82500000000001,-2.2,2.89));
#8289=CARTESIAN_POINT('',(-1.82500000000001,-2.2,2.89));
#8290=CARTESIAN_POINT('Origin',(-2.20000000000001,-2.2,2.89));
#8291=CARTESIAN_POINT('Origin',(2.2,-2.19999999999998,2.89));
#8292=CARTESIAN_POINT('',(2.57499999999999,-2.19999999999998,2.89));
#8293=CARTESIAN_POINT('',(2.57499999999999,-2.19999999999998,2.89));
#8294=CARTESIAN_POINT('Origin',(2.2,-2.19999999999998,2.89));
#8295=CARTESIAN_POINT('Origin',(2.70000000000001,-1.26194746545387,2.89));
#8296=CARTESIAN_POINT('',(2.23151469581987,-1.26194746545387,2.89));
#8297=CARTESIAN_POINT('',(2.23151469581987,-1.26194746545387,2.89));
#8298=CARTESIAN_POINT('',(2.70000000000001,-1.26194746545387,2.89));
#8299=CARTESIAN_POINT('',(2.70000000000001,-1.26194746545387,2.89));
#8300=CARTESIAN_POINT('',(2.70000000000001,-1.26194746545387,1.445));
#8301=CARTESIAN_POINT('Origin',(0.0100000000000078,-0.0099999999999989,
2.89));
#8302=CARTESIAN_POINT('',(1.29217853446789,-2.21420466512295,2.89));
#8303=CARTESIAN_POINT('',(1.29217853446789,-2.21420466512295,2.89));
#8304=CARTESIAN_POINT('Origin',(0.0100000000000078,-0.0099999999999989,
2.89));
#8305=CARTESIAN_POINT('Origin',(1.29217853446789,-2.21420466512295,2.89));
#8306=CARTESIAN_POINT('',(1.29217853446789,-2.7,2.89));
#8307=CARTESIAN_POINT('',(1.29217853446789,-2.7,1.445));
#8308=CARTESIAN_POINT('',(1.29217853446789,-2.21420466512295,2.89));
#8309=CARTESIAN_POINT('Origin',(-2.7,1.38785247639805,2.89));
#8310=CARTESIAN_POINT('',(-2.12272324839108,1.38785247639805,2.89));
#8311=CARTESIAN_POINT('',(-2.12272324839108,1.38785247639805,2.89));
#8312=CARTESIAN_POINT('',(-2.7,1.38785247639805,2.89));
#8313=CARTESIAN_POINT('',(-2.7,1.38785247639805,2.89));
#8314=CARTESIAN_POINT('',(-2.7,1.38785247639805,1.445));
#8315=CARTESIAN_POINT('Origin',(0.0100000000000078,-0.0099999999999989,
2.89));
#8316=CARTESIAN_POINT('',(-1.35762140738403,2.14223411506855,2.89));
#8317=CARTESIAN_POINT('',(-1.35762140738403,2.14223411506855,2.89));
#8318=CARTESIAN_POINT('Origin',(0.0100000000000078,-0.0099999999999989,
2.89));
#8319=CARTESIAN_POINT('Origin',(-1.35762140738403,2.14223411506855,2.89));
#8320=CARTESIAN_POINT('',(-1.35762140738403,2.7,2.89));
#8321=CARTESIAN_POINT('',(-1.35762140738403,2.7,1.445));
#8322=CARTESIAN_POINT('',(-1.35762140738403,2.14223411506855,2.89));
#8323=CARTESIAN_POINT('Origin',(1.29217853446789,2.70000000000001,2.89));
#8324=CARTESIAN_POINT('',(1.29217853446789,2.19420466512295,2.89));
#8325=CARTESIAN_POINT('',(1.29217853446789,2.19420466512295,2.89));
#8326=CARTESIAN_POINT('',(1.29217853446789,2.70000000000001,2.89));
#8327=CARTESIAN_POINT('',(1.29217853446789,2.70000000000001,2.89));
#8328=CARTESIAN_POINT('',(1.29217853446789,2.7,1.445));
#8329=CARTESIAN_POINT('Origin',(0.0100000000000078,-0.0099999999999989,
2.89));
#8330=CARTESIAN_POINT('',(2.14272324839109,1.38785247639805,2.89));
#8331=CARTESIAN_POINT('',(2.14272324839109,1.38785247639805,2.89));
#8332=CARTESIAN_POINT('Origin',(0.0100000000000078,-0.0099999999999989,
2.89));
#8333=CARTESIAN_POINT('Origin',(2.14272324839109,1.38785247639805,2.89));
#8334=CARTESIAN_POINT('',(2.7,1.38785247639805,2.89));
#8335=CARTESIAN_POINT('',(2.7,1.38785247639805,1.445));
#8336=CARTESIAN_POINT('',(2.14272324839109,1.38785247639805,2.89));
#8337=CARTESIAN_POINT('Origin',(-1.35762140738403,-2.69999999999999,2.89));
#8338=CARTESIAN_POINT('',(-1.35762140738403,-2.16223411506855,2.89));
#8339=CARTESIAN_POINT('',(-1.35762140738403,-2.16223411506855,2.89));
#8340=CARTESIAN_POINT('',(-1.35762140738403,-2.69999999999999,2.89));
#8341=CARTESIAN_POINT('',(-1.35762140738403,-2.69999999999999,2.89));
#8342=CARTESIAN_POINT('',(-1.35762140738403,-2.7,1.445));
#8343=CARTESIAN_POINT('Origin',(0.0100000000000078,-0.0099999999999989,
2.89));
#8344=CARTESIAN_POINT('',(-2.21151469581986,-1.26194746545387,2.89));
#8345=CARTESIAN_POINT('',(-2.21151469581986,-1.26194746545387,2.89));
#8346=CARTESIAN_POINT('Origin',(0.0100000000000078,-0.0099999999999989,
2.89));
#8347=CARTESIAN_POINT('Origin',(-2.21151469581986,-1.26194746545387,2.89));
#8348=CARTESIAN_POINT('',(-2.7,-1.26194746545387,2.89));
#8349=CARTESIAN_POINT('',(-2.7,-1.26194746545387,1.445));
#8350=CARTESIAN_POINT('',(-2.21151469581986,-1.26194746545387,2.89));
#8351=CARTESIAN_POINT('Origin',(-3.,2.7,0.));
#8352=CARTESIAN_POINT('',(-1.5,2.7,2.89));
#8353=CARTESIAN_POINT('Origin',(3.00000000000001,-2.7,0.));
#8354=CARTESIAN_POINT('',(1.50000000000001,-2.7,2.89));
#8355=CARTESIAN_POINT('Origin',(2.7,3.,0.));
#8356=CARTESIAN_POINT('',(2.7,1.5,2.89));
#8357=CARTESIAN_POINT('Origin',(-2.7,-3.,0.));
#8358=CARTESIAN_POINT('',(-2.7,-1.5,2.89));
#8359=CARTESIAN_POINT('Origin',(-3.,-3.,0.));
#8360=CARTESIAN_POINT('',(-3.,-3.,2.89));
#8361=CARTESIAN_POINT('',(-3.,3.,2.89));
#8362=CARTESIAN_POINT('',(-3.,3.,2.89));
#8363=CARTESIAN_POINT('',(-3.,3.,0.));
#8364=CARTESIAN_POINT('',(-3.,-3.,0.));
#8365=CARTESIAN_POINT('Origin',(-3.,3.,0.));
#8366=CARTESIAN_POINT('',(3.,3.,2.89));
#8367=CARTESIAN_POINT('',(3.,3.,2.89));
#8368=CARTESIAN_POINT('',(3.,3.,0.));
#8369=CARTESIAN_POINT('',(3.,3.,0.));
#8370=CARTESIAN_POINT('',(3.,3.,0.));
#8371=CARTESIAN_POINT('Origin',(3.,3.,0.));
#8372=CARTESIAN_POINT('',(3.00000000000001,-3.,2.89));
#8373=CARTESIAN_POINT('',(3.00000000000001,-3.,2.89));
#8374=CARTESIAN_POINT('',(3.00000000000001,-3.,0.));
#8375=CARTESIAN_POINT('',(3.00000000000001,-3.,0.));
#8376=CARTESIAN_POINT('Origin',(3.00000000000001,-3.,0.));
#8377=CARTESIAN_POINT('',(-3.,-3.,2.89));
#8378=CARTESIAN_POINT('Origin',(3.33066907387547E-15,1.43824346371895E-15,
0.));
#8379=CARTESIAN_POINT('Origin',(3.33066907387547E-15,1.33731409784394E-15,
2.89));
#8380=CARTESIAN_POINT('',(0.,0.,0.));
#8381=CARTESIAN_POINT('Origin',(-3.6,3.55,-2.03899199092007));
#8382=CARTESIAN_POINT('',(-3.76109544570641,3.15,-2.40511800388918));
#8383=CARTESIAN_POINT('',(-4.,3.15,-2.03899199092007));
#8384=CARTESIAN_POINT('Origin',(-3.6,3.15,-2.03899199092007));
#8385=CARTESIAN_POINT('',(-4.,3.55,-2.03899199092007));
#8386=CARTESIAN_POINT('',(-4.,3.55,-2.03899199092007));
#8387=CARTESIAN_POINT('',(-3.76109544570641,3.55,-2.40511800388918));
#8388=CARTESIAN_POINT('Origin',(-3.6,3.55,-2.03899199092007));
#8389=CARTESIAN_POINT('',(-3.76109544570641,3.55,-2.40511800388918));
#8390=CARTESIAN_POINT('Origin',(-2.1,3.55,0.));
#8391=CARTESIAN_POINT('',(-4.,3.55,-0.7));
#8392=CARTESIAN_POINT('',(-4.,3.55,-2.3));
#8393=CARTESIAN_POINT('',(-3.6,3.55,-0.3));
#8394=CARTESIAN_POINT('Origin',(-3.6,3.55,-0.7));
#8395=CARTESIAN_POINT('',(-3.51820504812697,3.55,-0.3));
#8396=CARTESIAN_POINT('',(-4.,3.55,-0.3));
#8397=CARTESIAN_POINT('',(-3.12844856984912,3.55,-0.610056197320496));
#8398=CARTESIAN_POINT('Origin',(-3.51820504812697,3.55,-0.7));
#8399=CARTESIAN_POINT('',(-2.97155143015089,3.55,-1.2899438026795));
#8400=CARTESIAN_POINT('',(-3.2,3.55,-0.3));
#8401=CARTESIAN_POINT('',(-2.58179495187304,3.55,-1.6));
#8402=CARTESIAN_POINT('Origin',(-2.58179495187304,3.55,-1.2));
#8403=CARTESIAN_POINT('',(-2.5,3.55,-1.6));
#8404=CARTESIAN_POINT('',(-2.9,3.55,-1.6));
#8405=CARTESIAN_POINT('',(-2.1,3.55,-1.2));
#8406=CARTESIAN_POINT('Origin',(-2.5,3.55,-1.2));
#8407=CARTESIAN_POINT('',(-2.1,3.55,0.15));
#8408=CARTESIAN_POINT('',(-2.1,3.55,-1.6));
#8409=CARTESIAN_POINT('',(1.1,3.55,0.15));
#8410=CARTESIAN_POINT('',(-1.24246389891697,3.55,0.15));
#8411=CARTESIAN_POINT('',(1.1,3.55,-3.04));
#8412=CARTESIAN_POINT('',(1.1,3.55,0.));
#8413=CARTESIAN_POINT('',(0.299888875168077,3.55,-3.04));
#8414=CARTESIAN_POINT('',(-0.900000000000003,3.55,-3.04));
#8415=CARTESIAN_POINT('',(-0.600000000000003,3.55,-3.05));
#8416=CARTESIAN_POINT('Origin',(-0.150000000000003,3.55,-3.05));
#8417=CARTESIAN_POINT('',(-0.600000000000002,3.55,-5.1));
#8418=CARTESIAN_POINT('',(-0.600000000000003,3.55,-3.05));
#8419=CARTESIAN_POINT('',(-1.6,3.55,-6.1));
#8420=CARTESIAN_POINT('',(-0.600000000000002,3.55,-5.1));
#8421=CARTESIAN_POINT('',(-3.85,3.55,-6.1));
#8422=CARTESIAN_POINT('',(-1.6,3.55,-6.1));
#8423=CARTESIAN_POINT('',(-4.,3.55,-5.95));
#8424=CARTESIAN_POINT('Origin',(-3.85,3.55,-5.95));
#8425=CARTESIAN_POINT('',(-4.,3.55,-5.65));
#8426=CARTESIAN_POINT('',(-4.,3.55,-5.95));
#8427=CARTESIAN_POINT('',(-3.85,3.55,-5.5));
#8428=CARTESIAN_POINT('Origin',(-3.85,3.55,-5.65));
#8429=CARTESIAN_POINT('',(-3.65,3.55,-5.5));
#8430=CARTESIAN_POINT('',(-3.85,3.55,-5.5));
#8431=CARTESIAN_POINT('',(-3.5,3.55,-5.35));
#8432=CARTESIAN_POINT('Origin',(-3.65,3.55,-5.35));
#8433=CARTESIAN_POINT('',(-3.5,3.55,-5.25));
#8434=CARTESIAN_POINT('',(-3.5,3.55,-5.35));
#8435=CARTESIAN_POINT('',(-3.65,3.55,-5.1));
#8436=CARTESIAN_POINT('Origin',(-3.65,3.55,-5.25));
#8437=CARTESIAN_POINT('',(-4.8,3.55,-5.1));
#8438=CARTESIAN_POINT('',(-3.65,3.55,-5.1));
#8439=CARTESIAN_POINT('',(-4.8,3.55,-4.1));
#8440=CARTESIAN_POINT('',(-4.8,3.55,-5.1));
#8441=CARTESIAN_POINT('',(-3.64999999999999,3.55,-4.1));
#8442=CARTESIAN_POINT('',(-4.8,3.55,-4.1));
#8443=CARTESIAN_POINT('',(-3.49999999999999,3.55,-3.95));
#8444=CARTESIAN_POINT('Origin',(-3.64999999999999,3.55,-3.95));
#8445=CARTESIAN_POINT('',(-3.49999999999999,3.55,-2.61787800340497));
#8446=CARTESIAN_POINT('',(-3.49999999999999,3.55,-3.95));
#8447=CARTESIAN_POINT('',(-3.58958920786009,3.55,-2.48058074854156));
#8448=CARTESIAN_POINT('Origin',(-3.64999999999999,3.55,-2.61787800340497));
#8449=CARTESIAN_POINT('',(-3.58958920786009,3.55,-2.48058074854156));
#8450=CARTESIAN_POINT('Origin',(-4.,3.55,-0.3));
#8451=CARTESIAN_POINT('',(-4.,3.15,-0.7));
#8452=CARTESIAN_POINT('',(-4.,3.15,-2.3));
#8453=CARTESIAN_POINT('',(-4.,3.55,-0.7));
#8454=CARTESIAN_POINT('Origin',(-3.6,3.55,-0.7));
#8455=CARTESIAN_POINT('',(-3.6,3.15,-0.3));
#8456=CARTESIAN_POINT('Origin',(-3.6,3.15,-0.7));
#8457=CARTESIAN_POINT('',(-3.6,3.55,-0.3));
#8458=CARTESIAN_POINT('Origin',(-3.51820504812697,3.55,-0.7));
#8459=CARTESIAN_POINT('',(-3.51820504812697,3.15,-0.3));
#8460=CARTESIAN_POINT('',(-3.12844856984912,3.15,-0.610056197320496));
#8461=CARTESIAN_POINT('Origin',(-3.51820504812697,3.15,-0.7));
#8462=CARTESIAN_POINT('',(-3.12844856984912,3.55,-0.610056197320496));
#8463=CARTESIAN_POINT('',(-3.51820504812697,3.55,-0.3));
#8464=CARTESIAN_POINT('Origin',(-2.9,3.55,-1.6));
#8465=CARTESIAN_POINT('',(-2.97155143015089,3.15,-1.2899438026795));
#8466=CARTESIAN_POINT('',(-3.2,3.15,-0.3));
#8467=CARTESIAN_POINT('',(-2.97155143015089,3.55,-1.2899438026795));
#8468=CARTESIAN_POINT('Origin',(-2.5,3.275,-1.2));
#8469=CARTESIAN_POINT('',(-2.5,3.15,-1.6));
#8470=CARTESIAN_POINT('',(-2.5,3.275,-1.6));
#8471=CARTESIAN_POINT('',(-2.1,3.15,-1.2));
#8472=CARTESIAN_POINT('Origin',(-2.5,3.15,-1.2));
#8473=CARTESIAN_POINT('',(-2.1,3.275,-1.2));
#8474=CARTESIAN_POINT('Origin',(-2.1,3.55,-1.6));
#8475=CARTESIAN_POINT('',(-2.58179495187304,3.15,-1.6));
#8476=CARTESIAN_POINT('',(-2.58179495187304,3.55,-1.6));
#8477=CARTESIAN_POINT('',(-2.9,3.15,-1.6));
#8478=CARTESIAN_POINT('Origin',(-2.58179495187304,3.55,-1.2));
#8479=CARTESIAN_POINT('Origin',(-2.58179495187304,3.15,-1.2));
#8480=CARTESIAN_POINT('Origin',(-3.6,-3.55,-2.03899199092007));
#8481=CARTESIAN_POINT('',(-4.,-3.15,-2.03899199092007));
#8482=CARTESIAN_POINT('',(-3.76109544570641,-3.15,-2.40511800388918));
#8483=CARTESIAN_POINT('Origin',(-3.6,-3.15,-2.03899199092007));
#8484=CARTESIAN_POINT('',(-3.76109544570641,-3.55,-2.40511800388918));
#8485=CARTESIAN_POINT('',(-3.76109544570641,-3.55,-2.40511800388918));
#8486=CARTESIAN_POINT('',(-4.,-3.55,-2.03899199092007));
#8487=CARTESIAN_POINT('Origin',(-3.6,-3.55,-2.03899199092007));
#8488=CARTESIAN_POINT('',(-4.,-3.55,-2.03899199092007));
#8489=CARTESIAN_POINT('Origin',(-4.,-3.55,-0.3));
#8490=CARTESIAN_POINT('',(-4.,-3.55,-0.7));
#8491=CARTESIAN_POINT('',(-4.,-3.55,-2.3));
#8492=CARTESIAN_POINT('',(-4.,-3.15,-0.7));
#8493=CARTESIAN_POINT('',(-4.,-3.55,-0.7));
#8494=CARTESIAN_POINT('',(-4.,-3.15,-2.3));
#8495=CARTESIAN_POINT('Origin',(1.1,-3.55,0.));
#8496=CARTESIAN_POINT('',(-3.58958920786009,-3.55,-2.48058074854156));
#8497=CARTESIAN_POINT('',(-3.58958920786009,-3.55,-2.48058074854156));
#8498=CARTESIAN_POINT('',(-3.49999999999999,-3.55,-2.61787800340497));
#8499=CARTESIAN_POINT('Origin',(-3.64999999999999,-3.55,-2.61787800340497));
#8500=CARTESIAN_POINT('',(-3.49999999999999,-3.55,-3.95));
#8501=CARTESIAN_POINT('',(-3.49999999999999,-3.55,-3.95));
#8502=CARTESIAN_POINT('',(-3.64999999999999,-3.55,-4.1));
#8503=CARTESIAN_POINT('Origin',(-3.64999999999999,-3.55,-3.95));
#8504=CARTESIAN_POINT('',(-4.8,-3.55,-4.1));
#8505=CARTESIAN_POINT('',(-4.8,-3.55,-4.1));
#8506=CARTESIAN_POINT('',(-4.8,-3.55,-5.1));
#8507=CARTESIAN_POINT('',(-4.8,-3.55,-5.1));
#8508=CARTESIAN_POINT('',(-3.65,-3.55,-5.1));
#8509=CARTESIAN_POINT('',(-3.65,-3.55,-5.1));
#8510=CARTESIAN_POINT('',(-3.5,-3.55,-5.25));
#8511=CARTESIAN_POINT('Origin',(-3.65,-3.55,-5.25));
#8512=CARTESIAN_POINT('',(-3.5,-3.55,-5.35));
#8513=CARTESIAN_POINT('',(-3.5,-3.55,-5.35));
#8514=CARTESIAN_POINT('',(-3.65,-3.55,-5.5));
#8515=CARTESIAN_POINT('Origin',(-3.65,-3.55,-5.35));
#8516=CARTESIAN_POINT('',(-3.85,-3.55,-5.5));
#8517=CARTESIAN_POINT('',(-3.85,-3.55,-5.5));
#8518=CARTESIAN_POINT('',(-4.,-3.55,-5.65));
#8519=CARTESIAN_POINT('Origin',(-3.85,-3.55,-5.65));
#8520=CARTESIAN_POINT('',(-4.,-3.55,-5.95));
#8521=CARTESIAN_POINT('',(-4.,-3.55,-5.95));
#8522=CARTESIAN_POINT('',(-3.85,-3.55,-6.1));
#8523=CARTESIAN_POINT('Origin',(-3.85,-3.55,-5.95));
#8524=CARTESIAN_POINT('',(-1.6,-3.55,-6.1));
#8525=CARTESIAN_POINT('',(-1.6,-3.55,-6.1));
#8526=CARTESIAN_POINT('',(-0.600000000000002,-3.55,-5.1));
#8527=CARTESIAN_POINT('',(-0.600000000000002,-3.55,-5.1));
#8528=CARTESIAN_POINT('',(-0.600000000000003,-3.55,-3.05));
#8529=CARTESIAN_POINT('',(-0.600000000000003,-3.55,-3.05));
#8530=CARTESIAN_POINT('',(0.299888875168077,-3.55,-3.04));
#8531=CARTESIAN_POINT('Origin',(-0.150000000000003,-3.55,-3.05));
#8532=CARTESIAN_POINT('',(1.1,-3.55,-3.04));
#8533=CARTESIAN_POINT('',(0.700000000000001,-3.55,-3.04));
#8534=CARTESIAN_POINT('',(1.1,-3.55,0.15));
#8535=CARTESIAN_POINT('',(1.1,-3.55,0.));
#8536=CARTESIAN_POINT('',(-2.1,-3.55,0.15));
#8537=CARTESIAN_POINT('',(0.357536101083035,-3.55,0.15));
#8538=CARTESIAN_POINT('',(-2.1,-3.55,-1.2));
#8539=CARTESIAN_POINT('',(-2.1,-3.55,0.));
#8540=CARTESIAN_POINT('',(-2.5,-3.55,-1.6));
#8541=CARTESIAN_POINT('Origin',(-2.5,-3.55,-1.2));
#8542=CARTESIAN_POINT('',(-2.58179495187304,-3.55,-1.6));
#8543=CARTESIAN_POINT('',(-2.9,-3.55,-1.6));
#8544=CARTESIAN_POINT('',(-2.97155143015089,-3.55,-1.2899438026795));
#8545=CARTESIAN_POINT('Origin',(-2.58179495187304,-3.55,-1.2));
#8546=CARTESIAN_POINT('',(-3.12844856984912,-3.55,-0.610056197320496));
#8547=CARTESIAN_POINT('',(-3.2,-3.55,-0.3));
#8548=CARTESIAN_POINT('',(-3.51820504812697,-3.55,-0.3));
#8549=CARTESIAN_POINT('Origin',(-3.51820504812697,-3.55,-0.7));
#8550=CARTESIAN_POINT('',(-3.6,-3.55,-0.3));
#8551=CARTESIAN_POINT('',(-4.,-3.55,-0.3));
#8552=CARTESIAN_POINT('Origin',(-3.6,-3.55,-0.7));
#8553=CARTESIAN_POINT('Origin',(-2.5,-3.55,-1.2));
#8554=CARTESIAN_POINT('',(-2.1,-3.15,-1.2));
#8555=CARTESIAN_POINT('',(-2.1,-3.55,-1.2));
#8556=CARTESIAN_POINT('',(-2.5,-3.15,-1.6));
#8557=CARTESIAN_POINT('Origin',(-2.5,-3.15,-1.2));
#8558=CARTESIAN_POINT('',(-2.5,-3.55,-1.6));
#8559=CARTESIAN_POINT('Origin',(-2.1,-3.55,0.));
#8560=CARTESIAN_POINT('',(-2.1,-3.3,0.4));
#8561=CARTESIAN_POINT('Origin',(-2.1,-3.3,0.15));
#8562=CARTESIAN_POINT('',(-2.1,-3.,0.4));
#8563=CARTESIAN_POINT('',(-2.1,-3.55,0.4));
#8564=CARTESIAN_POINT('',(-2.1,-3.,0.));
#8565=CARTESIAN_POINT('',(-2.1,-3.,0.));
#8566=CARTESIAN_POINT('',(-2.1,-3.15,0.));
#8567=CARTESIAN_POINT('',(-2.1,-3.55,0.));
#8568=CARTESIAN_POINT('',(-2.1,-3.15,-1.6));
#8569=CARTESIAN_POINT('Origin',(-2.58179495187304,-3.55,-1.2));
#8570=CARTESIAN_POINT('',(-2.58179495187304,-3.15,-1.6));
#8571=CARTESIAN_POINT('',(-2.58179495187304,-3.55,-1.6));
#8572=CARTESIAN_POINT('',(-2.97155143015089,-3.15,-1.2899438026795));
#8573=CARTESIAN_POINT('Origin',(-2.58179495187304,-3.15,-1.2));
#8574=CARTESIAN_POINT('',(-2.97155143015089,-3.55,-1.2899438026795));
#8575=CARTESIAN_POINT('Origin',(-2.1,-3.55,-1.6));
#8576=CARTESIAN_POINT('',(-2.9,-3.15,-1.6));
#8577=CARTESIAN_POINT('Origin',(-3.51820504812697,-3.55,-0.7));
#8578=CARTESIAN_POINT('',(-3.12844856984912,-3.15,-0.610056197320496));
#8579=CARTESIAN_POINT('',(-3.51820504812697,-3.15,-0.3));
#8580=CARTESIAN_POINT('Origin',(-3.51820504812697,-3.15,-0.7));
#8581=CARTESIAN_POINT('',(-3.51820504812697,-3.55,-0.3));
#8582=CARTESIAN_POINT('',(-3.12844856984912,-3.55,-0.610056197320496));
#8583=CARTESIAN_POINT('Origin',(-2.9,-3.55,-1.6));
#8584=CARTESIAN_POINT('',(-3.2,-3.15,-0.3));
#8585=CARTESIAN_POINT('Origin',(-3.6,-3.55,-0.7));
#8586=CARTESIAN_POINT('',(-3.6,-3.15,-0.3));
#8587=CARTESIAN_POINT('Origin',(-3.6,-3.15,-0.7));
#8588=CARTESIAN_POINT('',(-3.6,-3.55,-0.3));
#8589=CARTESIAN_POINT('Origin',(-1.94704192559866,-3.15,-2.834692256735));
#8590=CARTESIAN_POINT('',(-4.,-3.15,-0.3));
#8591=CARTESIAN_POINT('',(1.1,-3.15,0.));
#8592=CARTESIAN_POINT('',(-1.1659848617163,-3.15,0.));
#8593=CARTESIAN_POINT('',(1.1,-3.15,-2.89));
#8594=CARTESIAN_POINT('',(1.1,-3.15,0.));
#8595=CARTESIAN_POINT('',(0.270594816896259,-3.15,-2.89));
#8596=CARTESIAN_POINT('',(-0.723520962799331,-3.15,-2.89));
#8597=CARTESIAN_POINT('',(-0.600000000000003,-3.15,-3.05));
#8598=CARTESIAN_POINT('Origin',(-0.150000000000003,-3.15,-3.05));
#8599=CARTESIAN_POINT('',(-0.600000000000002,-3.15,-5.1));
#8600=CARTESIAN_POINT('',(-0.600000000000003,-3.15,-3.05));
#8601=CARTESIAN_POINT('',(-1.6,-3.15,-6.1));
#8602=CARTESIAN_POINT('',(-0.600000000000002,-3.15,-5.1));
#8603=CARTESIAN_POINT('',(-3.85,-3.15,-6.1));
#8604=CARTESIAN_POINT('',(-1.6,-3.15,-6.1));
#8605=CARTESIAN_POINT('',(-4.,-3.15,-5.95));
#8606=CARTESIAN_POINT('Origin',(-3.85,-3.15,-5.95));
#8607=CARTESIAN_POINT('',(-4.,-3.15,-5.65));
#8608=CARTESIAN_POINT('',(-4.,-3.15,-5.95));
#8609=CARTESIAN_POINT('',(-3.85,-3.15,-5.5));
#8610=CARTESIAN_POINT('Origin',(-3.85,-3.15,-5.65));
#8611=CARTESIAN_POINT('',(-3.65,-3.15,-5.5));
#8612=CARTESIAN_POINT('',(-3.85,-3.15,-5.5));
#8613=CARTESIAN_POINT('',(-3.5,-3.15,-5.35));
#8614=CARTESIAN_POINT('Origin',(-3.65,-3.15,-5.35));
#8615=CARTESIAN_POINT('',(-3.5,-3.15,-5.25));
#8616=CARTESIAN_POINT('',(-3.5,-3.15,-5.35));
#8617=CARTESIAN_POINT('',(-3.65,-3.15,-5.1));
#8618=CARTESIAN_POINT('Origin',(-3.65,-3.15,-5.25));
#8619=CARTESIAN_POINT('',(-4.8,-3.15,-5.1));
#8620=CARTESIAN_POINT('',(-3.65,-3.15,-5.1));
#8621=CARTESIAN_POINT('',(-4.8,-3.15,-4.1));
#8622=CARTESIAN_POINT('',(-4.8,-3.15,-5.1));
#8623=CARTESIAN_POINT('',(-3.64999999999999,-3.15,-4.1));
#8624=CARTESIAN_POINT('',(-4.8,-3.15,-4.1));
#8625=CARTESIAN_POINT('',(-3.49999999999999,-3.15,-3.95));
#8626=CARTESIAN_POINT('Origin',(-3.64999999999999,-3.15,-3.95));
#8627=CARTESIAN_POINT('',(-3.49999999999999,-3.15,-2.61787800340497));
#8628=CARTESIAN_POINT('',(-3.49999999999999,-3.15,-3.95));
#8629=CARTESIAN_POINT('',(-3.58958920786009,-3.15,-2.48058074854156));
#8630=CARTESIAN_POINT('Origin',(-3.64999999999999,-3.15,-2.61787800340497));
#8631=CARTESIAN_POINT('',(-3.58958920786009,-3.15,-2.48058074854156));
#8632=CARTESIAN_POINT('Origin',(0.357536101083035,-3.3,0.15));
#8633=CARTESIAN_POINT('',(1.1,-3.3,0.4));
#8634=CARTESIAN_POINT('Origin',(1.1,-3.3,0.15));
#8635=CARTESIAN_POINT('',(0.357536101083035,-3.3,0.4));
#8636=CARTESIAN_POINT('Origin',(1.1,-3.,0.));
#8637=CARTESIAN_POINT('',(1.1,-3.3,-3.29));
#8638=CARTESIAN_POINT('Origin',(1.1,-3.3,-3.04));
#8639=CARTESIAN_POINT('',(1.1,-2.2,-3.29));
#8640=CARTESIAN_POINT('',(1.1,-3.55,-3.29));
#8641=CARTESIAN_POINT('',(1.1,-2.2,-2.89));
#8642=CARTESIAN_POINT('',(1.1,-2.2,-3.29));
#8643=CARTESIAN_POINT('',(1.1,-2.2,-2.89));
#8644=CARTESIAN_POINT('',(1.1,-3.,0.));
#8645=CARTESIAN_POINT('',(1.1,-3.,0.));
#8646=CARTESIAN_POINT('',(1.1,-3.,0.4));
#8647=CARTESIAN_POINT('',(1.1,-3.,0.));
#8648=CARTESIAN_POINT('',(1.1,-3.,0.4));
#8649=CARTESIAN_POINT('Origin',(-1.24246389891697,3.3,0.15));
#8650=CARTESIAN_POINT('',(-2.1,3.3,0.4));
#8651=CARTESIAN_POINT('Origin',(-2.1,3.3,0.15));
#8652=CARTESIAN_POINT('',(1.1,3.3,0.4));
#8653=CARTESIAN_POINT('',(-1.24246389891697,3.3,0.4));
#8654=CARTESIAN_POINT('Origin',(1.1,3.3,0.15));
#8655=CARTESIAN_POINT('Origin',(1.1,3.55,0.));
#8656=CARTESIAN_POINT('',(1.1,3.,0.4));
#8657=CARTESIAN_POINT('',(1.1,3.55,0.4));
#8658=CARTESIAN_POINT('',(1.1,3.,0.));
#8659=CARTESIAN_POINT('',(1.1,3.,0.));
#8660=CARTESIAN_POINT('',(1.1,3.15,0.));
#8661=CARTESIAN_POINT('',(1.1,3.55,0.));
#8662=CARTESIAN_POINT('',(1.1,3.15,-2.89));
#8663=CARTESIAN_POINT('',(1.1,3.15,0.));
#8664=CARTESIAN_POINT('',(1.1,2.2,-2.89));
#8665=CARTESIAN_POINT('',(1.1,2.2,-2.89));
#8666=CARTESIAN_POINT('',(1.1,2.2,-3.29));
#8667=CARTESIAN_POINT('',(1.1,2.2,-3.29));
#8668=CARTESIAN_POINT('',(1.1,3.3,-3.29));
#8669=CARTESIAN_POINT('',(1.1,3.55,-3.29));
#8670=CARTESIAN_POINT('Origin',(1.1,3.3,-3.04));
#8671=CARTESIAN_POINT('Origin',(-7.25,3.6254784,-4.35));
#8672=CARTESIAN_POINT('',(-7.5,3.3009568,-4.35));
#8673=CARTESIAN_POINT('',(-7.25,3.3009568,-4.1));
#8674=CARTESIAN_POINT('Origin',(-7.25,3.3009568,-4.35));
#8675=CARTESIAN_POINT('',(-7.25,3.7009568,-4.1));
#8676=CARTESIAN_POINT('',(-7.25,3.6254784,-4.1));
#8677=CARTESIAN_POINT('',(-7.5,3.7009568,-4.35));
#8678=CARTESIAN_POINT('Origin',(-7.25,3.7009568,-4.35));
#8679=CARTESIAN_POINT('',(-7.5,3.6254784,-4.35));
#8680=CARTESIAN_POINT('Origin',(-7.5,3.7009568,-5.1));
#8681=CARTESIAN_POINT('',(-7.5,3.7009568,-4.85));
#8682=CARTESIAN_POINT('',(-7.5,3.7009568,-5.1));
#8683=CARTESIAN_POINT('',(-7.5,3.3009568,-4.85));
#8684=CARTESIAN_POINT('',(-7.5,3.6254784,-4.85));
#8685=CARTESIAN_POINT('',(-7.5,3.3009568,-5.1));
#8686=CARTESIAN_POINT('Origin',(-7.,3.7009568,-5.1));
#8687=CARTESIAN_POINT('',(-7.,3.7009568,-4.1));
#8688=CARTESIAN_POINT('',(-7.,3.7009568,-4.1));
#8689=CARTESIAN_POINT('',(-7.,3.7009568,-5.1));
#8690=CARTESIAN_POINT('',(-7.,3.7009568,-5.1));
#8691=CARTESIAN_POINT('',(-7.25,3.7009568,-5.1));
#8692=CARTESIAN_POINT('',(-7.,3.7009568,-5.1));
#8693=CARTESIAN_POINT('Origin',(-7.25,3.7009568,-4.85));
#8694=CARTESIAN_POINT('Origin',(-7.25,3.6254784,-4.85));
#8695=CARTESIAN_POINT('',(-7.25,3.3009568,-5.1));
#8696=CARTESIAN_POINT('Origin',(-7.25,3.3009568,-4.85));
#8697=CARTESIAN_POINT('',(-7.25,3.6254784,-5.1));
#8698=CARTESIAN_POINT('Origin',(-4.8,3.55,-5.1));
#8699=CARTESIAN_POINT('',(-6.00833333333334,4.15548647144316,-5.1));
#8700=CARTESIAN_POINT('',(-6.00833333333334,4.15548647144316,-5.1));
#8701=CARTESIAN_POINT('',(-5.49069657006513,4.09380713820849,-5.1));
#8702=CARTESIAN_POINT('Origin',(-5.8,3.7009568,-5.1));
#8703=CARTESIAN_POINT('',(-4.8,3.55,-5.1));
#8704=CARTESIAN_POINT('',(-3.65,3.15,-5.1));
#8705=CARTESIAN_POINT('',(-3.65,3.55,-5.1));
#8706=CARTESIAN_POINT('',(-4.8,3.15,-5.1));
#8707=CARTESIAN_POINT('',(-3.65,3.15,-5.1));
#8708=CARTESIAN_POINT('',(-5.0474427439479,3.23571972943321,-5.1));
#8709=CARTESIAN_POINT('Origin',(-4.8,3.55,-5.1));
#8710=CARTESIAN_POINT('',(-5.73813931401303,3.7795268676417,-5.1));
#8711=CARTESIAN_POINT('',(-5.73813931401303,3.7795268676417,-5.1));
#8712=CARTESIAN_POINT('',(-5.84166666666667,3.79186273428863,-5.1));
#8713=CARTESIAN_POINT('Origin',(-5.8,3.7009568,-5.1));
#8714=CARTESIAN_POINT('',(-6.91269696917086,3.3009568,-5.1));
#8715=CARTESIAN_POINT('',(-6.91269696917086,3.3009568,-5.1));
#8716=CARTESIAN_POINT('',(-7.5,3.3009568,-5.1));
#8717=CARTESIAN_POINT('Origin',(-5.8,3.7009568,-5.1));
#8718=CARTESIAN_POINT('',(-5.49069657006513,4.09380713820849,-4.1));
#8719=CARTESIAN_POINT('',(-6.00833333333334,4.15548647144316,-4.1));
#8720=CARTESIAN_POINT('Origin',(-5.8,3.7009568,-4.1));
#8721=CARTESIAN_POINT('',(-5.49069657006513,4.09380713820849,-5.1));
#8722=CARTESIAN_POINT('',(-6.00833333333334,4.15548647144316,-5.1));
#8723=CARTESIAN_POINT('Origin',(-6.00833333333334,4.15548647144316,-5.1));
#8724=CARTESIAN_POINT('',(-6.00833333333334,4.15548647144316,-4.1));
#8725=CARTESIAN_POINT('Origin',(-7.5,3.3009568,-5.1));
#8726=CARTESIAN_POINT('',(-6.91269696917086,3.3009568,-4.1));
#8727=CARTESIAN_POINT('',(-6.91269696917086,3.3009568,-5.1));
#8728=CARTESIAN_POINT('',(-7.5,3.3009568,-4.1));
#8729=CARTESIAN_POINT('Origin',(-6.91269696917086,3.3009568,-5.1));
#8730=CARTESIAN_POINT('',(-5.84166666666667,3.79186273428863,-4.1));
#8731=CARTESIAN_POINT('',(-6.91269696917086,3.3009568,-4.1));
#8732=CARTESIAN_POINT('',(-5.84166666666667,3.79186273428863,-5.1));
#8733=CARTESIAN_POINT('Origin',(-5.8,3.7009568,-5.1));
#8734=CARTESIAN_POINT('',(-5.73813931401303,3.7795268676417,-4.1));
#8735=CARTESIAN_POINT('Origin',(-5.8,3.7009568,-4.1));
#8736=CARTESIAN_POINT('',(-5.73813931401303,3.7795268676417,-5.1));
#8737=CARTESIAN_POINT('Origin',(-5.73813931401303,3.7795268676417,-5.1));
#8738=CARTESIAN_POINT('',(-5.0474427439479,3.23571972943321,-4.1));
#8739=CARTESIAN_POINT('',(-5.73813931401303,3.7795268676417,-4.1));
#8740=CARTESIAN_POINT('',(-5.0474427439479,3.23571972943321,-5.1));
#8741=CARTESIAN_POINT('Origin',(-4.8,3.55,-5.1));
#8742=CARTESIAN_POINT('',(-4.8,3.15,-4.1));
#8743=CARTESIAN_POINT('Origin',(-4.8,3.55,-4.1));
#8744=CARTESIAN_POINT('',(-4.8,3.15,-5.1));
#8745=CARTESIAN_POINT('Origin',(-4.8,3.55,-5.1));
#8746=CARTESIAN_POINT('',(-4.8,3.55,-4.1));
#8747=CARTESIAN_POINT('Origin',(-0.900000000000003,3.3,-3.04));
#8748=CARTESIAN_POINT('',(0.299999999999997,3.3,-3.29));
#8749=CARTESIAN_POINT('',(-0.900000000000003,3.3,-3.29));
#8750=CARTESIAN_POINT('',(0.299999999999997,3.54979991993594,-3.05));
#8751=CARTESIAN_POINT('Origin',(0.299999999999997,3.3,-3.04));
#8752=CARTESIAN_POINT('Ctrl Pts',(0.299999999999997,3.54979991993594,-3.05));
#8753=CARTESIAN_POINT('Ctrl Pts',(0.299999999999997,3.54993397779107,-3.04665123585205));
#8754=CARTESIAN_POINT('Ctrl Pts',(0.299962583975376,3.55,-3.04331607724055));
#8755=CARTESIAN_POINT('Ctrl Pts',(0.299888875168077,3.55,-3.04));
#8756=CARTESIAN_POINT('Origin',(-0.150000000000003,3.55,-3.05));
#8757=CARTESIAN_POINT('',(0.299999999999997,3.15,-3.05));
#8758=CARTESIAN_POINT('',(0.299999999999997,3.55,-3.05));
#8759=CARTESIAN_POINT('',(0.270594816896259,3.15,-2.89));
#8760=CARTESIAN_POINT('Origin',(-0.150000000000003,3.15,-3.05));
#8761=CARTESIAN_POINT('',(-0.600000000000003,3.15,-3.05));
#8762=CARTESIAN_POINT('Origin',(-0.150000000000003,3.15,-3.05));
#8763=CARTESIAN_POINT('',(-0.600000000000003,3.55,-3.05));
#8764=CARTESIAN_POINT('Origin',(-0.100000000000003,3.15,-3.29));
#8765=CARTESIAN_POINT('',(-0.100000000000003,3.15,-2.89));
#8766=CARTESIAN_POINT('',(-0.100000000000003,2.2,-2.89));
#8767=CARTESIAN_POINT('',(-0.100000000000003,3.15,-2.89));
#8768=CARTESIAN_POINT('',(-0.100000000000003,3.15,-3.29));
#8769=CARTESIAN_POINT('',(-0.100000000000003,3.15,-3.29));
#8770=CARTESIAN_POINT('',(-0.100000000000003,2.2,-3.29));
#8771=CARTESIAN_POINT('',(-0.100000000000003,3.15,-3.29));
#8772=CARTESIAN_POINT('',(-0.100000000000003,2.2,-3.29));
#8773=CARTESIAN_POINT('Origin',(-0.100000000000003,2.2,-3.29));
#8774=CARTESIAN_POINT('',(-0.100000000000003,2.2,-2.89));
#8775=CARTESIAN_POINT('',(-0.100000000000003,2.2,-3.29));
#8776=CARTESIAN_POINT('Origin',(1.1,3.15,-3.29));
#8777=CARTESIAN_POINT('',(0.299999999999997,3.15,-3.29));
#8778=CARTESIAN_POINT('',(0.299999999999997,3.15,-3.29));
#8779=CARTESIAN_POINT('',(1.1,3.15,-3.29));
#8780=CARTESIAN_POINT('',(1.1,3.15,-2.89));
#8781=CARTESIAN_POINT('Origin',(0.499999999999997,2.675,-2.89));
#8782=CARTESIAN_POINT('',(-0.723520962799331,3.15,-2.89));
#8783=CARTESIAN_POINT('Origin',(-3.2,3.55,-0.3));
#8784=CARTESIAN_POINT('',(-4.,3.15,-0.3));
#8785=CARTESIAN_POINT('Origin',(-4.,3.55,-2.3));
#8786=CARTESIAN_POINT('',(-3.58958920786009,3.15,-2.48058074854156));
#8787=CARTESIAN_POINT('',(-3.58958920786009,3.55,-2.48058074854156));
#8788=CARTESIAN_POINT('',(-3.58958920786009,3.15,-2.48058074854156));
#8789=CARTESIAN_POINT('Origin',(-3.64999999999999,3.55,-2.61787800340497));
#8790=CARTESIAN_POINT('',(-3.49999999999999,3.15,-2.61787800340497));
#8791=CARTESIAN_POINT('Origin',(-3.64999999999999,3.15,-2.61787800340497));
#8792=CARTESIAN_POINT('',(-3.49999999999999,3.55,-2.61787800340497));
#8793=CARTESIAN_POINT('Origin',(-3.49999999999999,3.55,-2.61787800340497));
#8794=CARTESIAN_POINT('',(-3.49999999999999,3.15,-3.95));
#8795=CARTESIAN_POINT('',(-3.49999999999999,3.15,-3.95));
#8796=CARTESIAN_POINT('',(-3.49999999999999,3.55,-3.95));
#8797=CARTESIAN_POINT('Origin',(-3.64999999999999,3.55,-3.95));
#8798=CARTESIAN_POINT('',(-3.64999999999999,3.15,-4.1));
#8799=CARTESIAN_POINT('Origin',(-3.64999999999999,3.15,-3.95));
#8800=CARTESIAN_POINT('',(-3.64999999999999,3.55,-4.1));
#8801=CARTESIAN_POINT('Origin',(-3.64999999999999,3.55,-4.1));
#8802=CARTESIAN_POINT('',(-4.8,3.15,-4.1));
#8803=CARTESIAN_POINT('Origin',(-3.65,3.55,-5.25));
#8804=CARTESIAN_POINT('',(-3.5,3.15,-5.25));
#8805=CARTESIAN_POINT('Origin',(-3.65,3.15,-5.25));
#8806=CARTESIAN_POINT('',(-3.5,3.55,-5.25));
#8807=CARTESIAN_POINT('Origin',(-3.5,3.55,-5.25));
#8808=CARTESIAN_POINT('',(-3.5,3.15,-5.35));
#8809=CARTESIAN_POINT('',(-3.5,3.15,-5.35));
#8810=CARTESIAN_POINT('',(-3.5,3.55,-5.35));
#8811=CARTESIAN_POINT('Origin',(-3.65,3.55,-5.35));
#8812=CARTESIAN_POINT('',(-3.65,3.15,-5.5));
#8813=CARTESIAN_POINT('Origin',(-3.65,3.15,-5.35));
#8814=CARTESIAN_POINT('',(-3.65,3.55,-5.5));
#8815=CARTESIAN_POINT('Origin',(-3.65,3.55,-5.5));
#8816=CARTESIAN_POINT('',(-3.85,3.15,-5.5));
#8817=CARTESIAN_POINT('',(-3.85,3.15,-5.5));
#8818=CARTESIAN_POINT('',(-3.85,3.55,-5.5));
#8819=CARTESIAN_POINT('Origin',(-3.85,3.55,-5.65));
#8820=CARTESIAN_POINT('',(-4.,3.15,-5.65));
#8821=CARTESIAN_POINT('Origin',(-3.85,3.15,-5.65));
#8822=CARTESIAN_POINT('',(-4.,3.55,-5.65));
#8823=CARTESIAN_POINT('Origin',(-4.,3.55,-5.65));
#8824=CARTESIAN_POINT('',(-4.,3.15,-5.95));
#8825=CARTESIAN_POINT('',(-4.,3.15,-5.95));
#8826=CARTESIAN_POINT('',(-4.,3.55,-5.95));
#8827=CARTESIAN_POINT('Origin',(-3.85,3.55,-5.95));
#8828=CARTESIAN_POINT('',(-3.85,3.15,-6.1));
#8829=CARTESIAN_POINT('Origin',(-3.85,3.15,-5.95));
#8830=CARTESIAN_POINT('',(-3.85,3.55,-6.1));
#8831=CARTESIAN_POINT('Origin',(-3.85,3.55,-6.1));
#8832=CARTESIAN_POINT('',(-1.6,3.15,-6.1));
#8833=CARTESIAN_POINT('',(-1.6,3.15,-6.1));
#8834=CARTESIAN_POINT('',(-1.6,3.55,-6.1));
#8835=CARTESIAN_POINT('Origin',(-1.6,3.55,-6.1));
#8836=CARTESIAN_POINT('',(-0.600000000000002,3.15,-5.1));
#8837=CARTESIAN_POINT('',(-0.600000000000002,3.15,-5.1));
#8838=CARTESIAN_POINT('',(-0.600000000000002,3.55,-5.1));
#8839=CARTESIAN_POINT('Origin',(-0.600000000000002,3.55,-5.1));
#8840=CARTESIAN_POINT('',(-0.600000000000003,3.15,-3.05));
#8841=CARTESIAN_POINT('Origin',(0.299999999999997,3.55,-3.05));
#8842=CARTESIAN_POINT('',(0.299999999999997,3.55,-3.29));
#8843=CARTESIAN_POINT('Origin',(0.299999999999997,3.55,-3.29));
#8844=CARTESIAN_POINT('Origin',(-1.94704192559866,3.15,-2.834692256735));
#8845=CARTESIAN_POINT('',(-2.1,3.15,0.));
#8846=CARTESIAN_POINT('',(-1.1659848617163,3.15,0.));
#8847=CARTESIAN_POINT('',(-2.1,3.15,-1.6));
#8848=CARTESIAN_POINT('Origin',(-0.384927797833934,-1.52655665885959E-15,
0.));
#8849=CARTESIAN_POINT('',(3.,3.,0.));
#8850=CARTESIAN_POINT('',(1.1,3.,0.));
#8851=CARTESIAN_POINT('',(3.,-3.,0.));
#8852=CARTESIAN_POINT('',(3.,3.,0.));
#8853=CARTESIAN_POINT('',(3.,-3.,0.));
#8854=CARTESIAN_POINT('',(-3.75,-3.00000000000001,0.));
#8855=CARTESIAN_POINT('',(-2.1,-3.,0.));
#8856=CARTESIAN_POINT('',(-3.75,3.,0.));
#8857=CARTESIAN_POINT('',(-3.75,-3.00000000000001,0.));
#8858=CARTESIAN_POINT('',(-2.1,3.,0.));
#8859=CARTESIAN_POINT('',(-3.75,3.,0.));
#8860=CARTESIAN_POINT('',(-2.1,3.,0.));
#8861=CARTESIAN_POINT('',(2.575,-2.2,0.));
#8862=CARTESIAN_POINT('Origin',(2.2,-2.2,0.));
#8863=CARTESIAN_POINT('',(2.575,2.2,0.));
#8864=CARTESIAN_POINT('Origin',(2.2,2.2,0.));
#8865=CARTESIAN_POINT('',(-1.825,-2.2,0.));
#8866=CARTESIAN_POINT('Origin',(-2.2,-2.2,0.));
#8867=CARTESIAN_POINT('',(-1.825,2.2,0.));
#8868=CARTESIAN_POINT('Origin',(-2.2,2.2,0.));
#8869=CARTESIAN_POINT('',(1.75,2.14313189850787E-16,0.));
#8870=CARTESIAN_POINT('Origin',(0.,0.,0.));
#8871=CARTESIAN_POINT('Origin',(-0.384927797833935,-1.59594559789866E-15,
0.4));
#8872=CARTESIAN_POINT('',(3.,-3.,0.4));
#8873=CARTESIAN_POINT('',(3.,-3.,0.4));
#8874=CARTESIAN_POINT('',(3.,3.,0.4));
#8875=CARTESIAN_POINT('',(3.,3.,0.4));
#8876=CARTESIAN_POINT('',(1.1,3.,0.4));
#8877=CARTESIAN_POINT('',(-2.1,3.,0.4));
#8878=CARTESIAN_POINT('',(-2.1,3.55,0.4));
#8879=CARTESIAN_POINT('',(-3.75,3.,0.4));
#8880=CARTESIAN_POINT('',(-3.75,3.,0.4));
#8881=CARTESIAN_POINT('',(-3.75,-3.00000000000001,0.4));
#8882=CARTESIAN_POINT('',(-3.75,-3.00000000000001,0.4));
#8883=CARTESIAN_POINT('',(-2.1,-3.,0.4));
#8884=CARTESIAN_POINT('',(1.75,2.14313189850787E-16,0.4));
#8885=CARTESIAN_POINT('Origin',(0.,0.,0.4));
#8886=CARTESIAN_POINT('',(-1.825,2.2,0.4));
#8887=CARTESIAN_POINT('Origin',(-2.2,2.2,0.4));
#8888=CARTESIAN_POINT('',(-1.825,-2.2,0.4));
#8889=CARTESIAN_POINT('Origin',(-2.2,-2.2,0.4));
#8890=CARTESIAN_POINT('',(2.575,2.2,0.4));
#8891=CARTESIAN_POINT('Origin',(2.2,2.2,0.4));
#8892=CARTESIAN_POINT('',(2.575,-2.2,0.4));
#8893=CARTESIAN_POINT('Origin',(2.2,-2.2,0.4));
#8894=CARTESIAN_POINT('Origin',(-2.1,3.,0.));
#8895=CARTESIAN_POINT('',(-2.1,3.,0.));
#8896=CARTESIAN_POINT('Origin',(-7.25,-3.6254784,-4.35));
#8897=CARTESIAN_POINT('',(-7.25,-3.3009568,-4.1));
#8898=CARTESIAN_POINT('',(-7.5,-3.3009568,-4.35));
#8899=CARTESIAN_POINT('Origin',(-7.25,-3.3009568,-4.35));
#8900=CARTESIAN_POINT('',(-7.5,-3.7009568,-4.35));
#8901=CARTESIAN_POINT('',(-7.5,-3.6254784,-4.35));
#8902=CARTESIAN_POINT('',(-7.25,-3.7009568,-4.1));
#8903=CARTESIAN_POINT('Origin',(-7.25,-3.7009568,-4.35));
#8904=CARTESIAN_POINT('',(-7.25,-3.6254784,-4.1));
#8905=CARTESIAN_POINT('Origin',(-7.,-3.7009568,-5.1));
#8906=CARTESIAN_POINT('',(-7.5,-3.7009568,-4.85));
#8907=CARTESIAN_POINT('',(-7.5,-3.7009568,-5.1));
#8908=CARTESIAN_POINT('',(-7.25,-3.7009568,-5.1));
#8909=CARTESIAN_POINT('Origin',(-7.25,-3.7009568,-4.85));
#8910=CARTESIAN_POINT('',(-7.,-3.7009568,-5.1));
#8911=CARTESIAN_POINT('',(-7.,-3.7009568,-5.1));
#8912=CARTESIAN_POINT('',(-7.,-3.7009568,-4.1));
#8913=CARTESIAN_POINT('',(-7.,-3.7009568,-5.1));
#8914=CARTESIAN_POINT('',(-7.,-3.7009568,-4.1));
#8915=CARTESIAN_POINT('Origin',(-7.5,-3.7009568,-5.1));
#8916=CARTESIAN_POINT('',(-7.5,-3.3009568,-4.85));
#8917=CARTESIAN_POINT('',(-7.5,-3.3009568,-5.1));
#8918=CARTESIAN_POINT('',(-7.5,-3.6254784,-4.85));
#8919=CARTESIAN_POINT('Origin',(-7.25,-3.6254784,-4.85));
#8920=CARTESIAN_POINT('',(-7.25,-3.3009568,-5.1));
#8921=CARTESIAN_POINT('Origin',(-7.25,-3.3009568,-4.85));
#8922=CARTESIAN_POINT('',(-7.25,-3.6254784,-5.1));
#8923=CARTESIAN_POINT('Origin',(-5.8,-3.7009568,-5.1));
#8924=CARTESIAN_POINT('',(-5.49069657006513,-4.09380713820849,-4.1));
#8925=CARTESIAN_POINT('',(-6.00833333333334,-4.15548647144316,-4.1));
#8926=CARTESIAN_POINT('Origin',(-5.8,-3.7009568,-4.1));
#8927=CARTESIAN_POINT('',(-6.00833333333334,-4.15548647144316,-5.1));
#8928=CARTESIAN_POINT('',(-6.00833333333334,-4.15548647144316,-5.1));
#8929=CARTESIAN_POINT('',(-5.49069657006513,-4.09380713820849,-5.1));
#8930=CARTESIAN_POINT('Origin',(-5.8,-3.7009568,-5.1));
#8931=CARTESIAN_POINT('',(-5.49069657006513,-4.09380713820849,-5.1));
#8932=CARTESIAN_POINT('Origin',(-6.00833333333334,-4.15548647144316,-5.1));
#8933=CARTESIAN_POINT('',(-6.00833333333334,-4.15548647144316,-4.1));
#8934=CARTESIAN_POINT('',(-6.00833333333334,-4.15548647144316,-5.1));
#8935=CARTESIAN_POINT('Origin',(-7.5,-3.3009568,-5.1));
#8936=CARTESIAN_POINT('',(-6.91269696917086,-3.3009568,-4.1));
#8937=CARTESIAN_POINT('',(-7.5,-3.3009568,-4.1));
#8938=CARTESIAN_POINT('',(-6.91269696917086,-3.3009568,-5.1));
#8939=CARTESIAN_POINT('',(-6.91269696917086,-3.3009568,-5.1));
#8940=CARTESIAN_POINT('',(-7.5,-3.3009568,-5.1));
#8941=CARTESIAN_POINT('Origin',(-6.91269696917086,-3.3009568,-5.1));
#8942=CARTESIAN_POINT('',(-5.84166666666667,-3.79186273428863,-4.1));
#8943=CARTESIAN_POINT('',(-6.91269696917086,-3.3009568,-4.1));
#8944=CARTESIAN_POINT('',(-5.84166666666667,-3.79186273428863,-5.1));
#8945=CARTESIAN_POINT('',(-5.84166666666667,-3.79186273428863,-5.1));
#8946=CARTESIAN_POINT('',(-6.91269696917086,-3.3009568,-5.1));
#8947=CARTESIAN_POINT('Origin',(-5.8,-3.7009568,-5.1));
#8948=CARTESIAN_POINT('',(-5.73813931401303,-3.7795268676417,-4.1));
#8949=CARTESIAN_POINT('Origin',(-5.8,-3.7009568,-4.1));
#8950=CARTESIAN_POINT('',(-5.73813931401303,-3.7795268676417,-5.1));
#8951=CARTESIAN_POINT('',(-5.73813931401303,-3.7795268676417,-5.1));
#8952=CARTESIAN_POINT('Origin',(-5.8,-3.7009568,-5.1));
#8953=CARTESIAN_POINT('Origin',(-5.73813931401303,-3.7795268676417,-5.1));
#8954=CARTESIAN_POINT('',(-5.0474427439479,-3.23571972943321,-4.1));
#8955=CARTESIAN_POINT('',(-5.73813931401303,-3.7795268676417,-4.1));
#8956=CARTESIAN_POINT('',(-5.0474427439479,-3.23571972943321,-5.1));
#8957=CARTESIAN_POINT('',(-5.0474427439479,-3.23571972943321,-5.1));
#8958=CARTESIAN_POINT('',(-5.73813931401303,-3.7795268676417,-5.1));
#8959=CARTESIAN_POINT('Origin',(-4.8,-3.55,-5.1));
#8960=CARTESIAN_POINT('Origin',(-4.8,-3.55,-4.1));
#8961=CARTESIAN_POINT('Origin',(-4.8,-3.55,-5.1));
#8962=CARTESIAN_POINT('Origin',(-4.8,-3.55,-5.1));
#8963=CARTESIAN_POINT('',(-4.8,-3.55,-4.1));
#8964=CARTESIAN_POINT('',(-4.8,-3.55,-5.1));
#8965=CARTESIAN_POINT('Origin',(0.700000000000001,-3.3,-3.04));
#8966=CARTESIAN_POINT('',(0.299999999999997,-3.54979991993594,-3.05));
#8967=CARTESIAN_POINT('Ctrl Pts',(0.299888875168077,-3.55,-3.04));
#8968=CARTESIAN_POINT('Ctrl Pts',(0.299962583975376,-3.55,-3.04331607724055));
#8969=CARTESIAN_POINT('Ctrl Pts',(0.299999999999997,-3.54993397779107,-3.04665123585205));
#8970=CARTESIAN_POINT('Ctrl Pts',(0.299999999999997,-3.54979991993594,-3.05));
#8971=CARTESIAN_POINT('',(0.299999999999997,-3.3,-3.29));
#8972=CARTESIAN_POINT('Origin',(0.299999999999997,-3.3,-3.04));
#8973=CARTESIAN_POINT('',(0.700000000000001,-3.3,-3.29));
#8974=CARTESIAN_POINT('Origin',(0.299999999999997,-3.55,-3.29));
#8975=CARTESIAN_POINT('',(0.299999999999997,-3.15,-3.29));
#8976=CARTESIAN_POINT('',(0.299999999999997,-3.55,-3.29));
#8977=CARTESIAN_POINT('',(-0.100000000000003,-3.15,-3.29));
#8978=CARTESIAN_POINT('',(1.1,-3.15,-3.29));
#8979=CARTESIAN_POINT('',(-0.100000000000003,-2.2,-3.29));
#8980=CARTESIAN_POINT('',(-0.100000000000003,-3.15,-3.29));
#8981=CARTESIAN_POINT('',(-0.100000000000003,-2.2,-3.29));
#8982=CARTESIAN_POINT('Origin',(0.299999999999997,-3.55,-3.05));
#8983=CARTESIAN_POINT('',(0.299999999999997,-3.15,-3.05));
#8984=CARTESIAN_POINT('',(0.299999999999997,-3.55,-3.05));
#8985=CARTESIAN_POINT('',(0.299999999999997,-3.15,-3.29));
#8986=CARTESIAN_POINT('Origin',(-0.150000000000003,-3.55,-3.05));
#8987=CARTESIAN_POINT('',(-0.600000000000003,-3.55,-3.05));
#8988=CARTESIAN_POINT('Origin',(-0.150000000000003,-3.15,-3.05));
#8989=CARTESIAN_POINT('Origin',(1.1,-3.15,-3.29));
#8990=CARTESIAN_POINT('',(-0.100000000000003,-3.15,-2.89));
#8991=CARTESIAN_POINT('',(1.1,-3.15,-2.89));
#8992=CARTESIAN_POINT('',(-0.100000000000003,-3.15,-3.29));
#8993=CARTESIAN_POINT('Origin',(-0.100000000000003,-3.15,-3.29));
#8994=CARTESIAN_POINT('',(-0.100000000000003,-2.2,-2.89));
#8995=CARTESIAN_POINT('',(-0.100000000000003,-3.15,-2.89));
#8996=CARTESIAN_POINT('',(-0.100000000000003,-2.2,-3.29));
#8997=CARTESIAN_POINT('Origin',(-0.100000000000003,-2.2,-3.29));
#8998=CARTESIAN_POINT('',(-0.100000000000003,-2.2,-2.89));
#8999=CARTESIAN_POINT('Origin',(0.499999999999997,-2.675,-2.89));
#9000=CARTESIAN_POINT('Origin',(-3.2,-3.55,-0.3));
#9001=CARTESIAN_POINT('Origin',(-4.,-3.55,-2.3));
#9002=CARTESIAN_POINT('',(-3.58958920786009,-3.55,-2.48058074854156));
#9003=CARTESIAN_POINT('Origin',(-3.64999999999999,-3.55,-2.61787800340497));
#9004=CARTESIAN_POINT('',(-3.49999999999999,-3.55,-2.61787800340497));
#9005=CARTESIAN_POINT('Origin',(-3.49999999999999,-3.55,-2.61787800340497));
#9006=CARTESIAN_POINT('',(-3.49999999999999,-3.55,-3.95));
#9007=CARTESIAN_POINT('Origin',(-3.64999999999999,-3.55,-3.95));
#9008=CARTESIAN_POINT('',(-3.64999999999999,-3.55,-4.1));
#9009=CARTESIAN_POINT('Origin',(-3.64999999999999,-3.55,-4.1));
#9010=CARTESIAN_POINT('Origin',(-4.8,-3.55,-5.1));
#9011=CARTESIAN_POINT('',(-3.65,-3.55,-5.1));
#9012=CARTESIAN_POINT('Origin',(-3.65,-3.55,-5.25));
#9013=CARTESIAN_POINT('',(-3.5,-3.55,-5.25));
#9014=CARTESIAN_POINT('Origin',(-3.5,-3.55,-5.25));
#9015=CARTESIAN_POINT('',(-3.5,-3.55,-5.35));
#9016=CARTESIAN_POINT('Origin',(-3.65,-3.55,-5.35));
#9017=CARTESIAN_POINT('',(-3.65,-3.55,-5.5));
#9018=CARTESIAN_POINT('Origin',(-3.65,-3.55,-5.5));
#9019=CARTESIAN_POINT('',(-3.85,-3.55,-5.5));
#9020=CARTESIAN_POINT('Origin',(-3.85,-3.55,-5.65));
#9021=CARTESIAN_POINT('',(-4.,-3.55,-5.65));
#9022=CARTESIAN_POINT('Origin',(-4.,-3.55,-5.65));
#9023=CARTESIAN_POINT('',(-4.,-3.55,-5.95));
#9024=CARTESIAN_POINT('Origin',(-3.85,-3.55,-5.95));
#9025=CARTESIAN_POINT('',(-3.85,-3.55,-6.1));
#9026=CARTESIAN_POINT('Origin',(-3.85,-3.55,-6.1));
#9027=CARTESIAN_POINT('',(-1.6,-3.55,-6.1));
#9028=CARTESIAN_POINT('Origin',(-1.6,-3.55,-6.1));
#9029=CARTESIAN_POINT('',(-0.600000000000002,-3.55,-5.1));
#9030=CARTESIAN_POINT('Origin',(-0.600000000000002,-3.55,-5.1));
#9031=CARTESIAN_POINT('Origin',(0.,0.,0.));
#9032=CARTESIAN_POINT('',(1.75,2.14313189850787E-16,0.));
#9033=CARTESIAN_POINT('Origin',(-2.2,2.2,0.));
#9034=CARTESIAN_POINT('',(-1.825,2.2,0.));
#9035=CARTESIAN_POINT('Origin',(-2.2,-2.2,0.));
#9036=CARTESIAN_POINT('',(-1.825,-2.2,0.));
#9037=CARTESIAN_POINT('Origin',(2.2,2.2,0.));
#9038=CARTESIAN_POINT('',(2.575,2.2,0.));
#9039=CARTESIAN_POINT('Origin',(2.2,-2.2,0.));
#9040=CARTESIAN_POINT('',(2.575,-2.2,0.));
#9041=CARTESIAN_POINT('Origin',(-3.75,3.,0.));
#9042=CARTESIAN_POINT('',(-3.75,3.,0.));
#9043=CARTESIAN_POINT('Origin',(1.1,3.,0.));
#9044=CARTESIAN_POINT('',(3.,3.,0.));
#9045=CARTESIAN_POINT('Origin',(3.,3.,0.));
#9046=CARTESIAN_POINT('',(3.,-3.,0.));
#9047=CARTESIAN_POINT('Origin',(3.,-3.,0.));
#9048=CARTESIAN_POINT('Origin',(-2.1,-3.,0.));
#9049=CARTESIAN_POINT('',(-3.75,-3.00000000000001,0.));
#9050=CARTESIAN_POINT('Origin',(-3.75,-3.00000000000001,0.));
#9051=CARTESIAN_POINT('',(0.,0.,0.));
#9052=CARTESIAN_POINT('Origin',(0.,0.0193185165257814,0.));
#9053=CARTESIAN_POINT('',(2.5,0.,0.));
#9054=CARTESIAN_POINT('',(-2.5,4.11996825544492E-17,-3.06161699786838E-16));
#9055=CARTESIAN_POINT('Origin',(0.,0.,0.));
#9056=CARTESIAN_POINT('Origin',(0.,0.,0.));
#9057=CARTESIAN_POINT('',(-2.5103527618041,0.0386370330515634,-3.07429547447411E-16));
#9058=CARTESIAN_POINT('',(-2.50517638090205,0.019318516525782,-3.06795623617125E-16));
#9059=CARTESIAN_POINT('',(2.5103527618041,0.0386370330515628,0.));
#9060=CARTESIAN_POINT('Origin',(0.,0.0386370330515628,0.));
#9061=CARTESIAN_POINT('Origin',(0.,0.0386370330515628,0.));
#9062=CARTESIAN_POINT('Origin',(0.,-10.9789910697346,0.));
#9063=CARTESIAN_POINT('Origin',(0.,-10.9789910697346,0.));
#9064=CARTESIAN_POINT('',(0.,0.,0.));
#9065=CARTESIAN_POINT('Origin',(0.,0.,4.16));
#9066=CARTESIAN_POINT('',(1.64743502375986,4.03491879521169E-16,4.16426675442568));
#9067=CARTESIAN_POINT('Origin',(0.,1.00872969880292E-16,4.16426675442568));
#9068=CARTESIAN_POINT('',(1.49749572001774,-1.83384277355554E-16,4.31));
#9069=CARTESIAN_POINT('Origin',(1.49749572001774,-1.83390334025659E-16,
4.16));
#9070=CARTESIAN_POINT('Origin',(0.,0.,4.31));
#9071=CARTESIAN_POINT('Origin',(0.,0.,0.56));
#9072=CARTESIAN_POINT('',(1.75,2.14306111918916E-16,0.56));
#9073=CARTESIAN_POINT('',(1.75,2.14313189850787E-16,0.56));
#9074=CARTESIAN_POINT('Origin',(0.,0.,0.56));
#9075=CARTESIAN_POINT('Origin',(0.,0.,4.31));
#9076=CARTESIAN_POINT('Ctrl Pts',(0.827085986014956,2.33445427561103E-33,
-1.73472347597681E-16));
#9077=CARTESIAN_POINT('Ctrl Pts',(0.827085986014956,-0.827085986014956,
-1.73472347597681E-16));
#9078=CARTESIAN_POINT('Ctrl Pts',(-3.81257906808089E-17,-0.827085986014956,
-3.46944695195361E-17));
#9079=CARTESIAN_POINT('Ctrl Pts',(-0.827085986014956,-0.827085986014956,
1.04083408558608E-16));
#9080=CARTESIAN_POINT('Ctrl Pts',(-0.827085986014956,2.33445427561103E-33,
1.04083408558608E-16));
#9081=CARTESIAN_POINT('Ctrl Pts',(-0.827085986014956,0.827085986014956,
1.04083408558608E-16));
#9082=CARTESIAN_POINT('Ctrl Pts',(-3.81257906808089E-17,0.827085986014956,
-3.46944695195361E-17));
#9083=CARTESIAN_POINT('Ctrl Pts',(0.827085986014956,0.827085986014956,-1.73472347597681E-16));
#9084=CARTESIAN_POINT('Ctrl Pts',(0.827085986014956,2.33445427561103E-33,
-1.73472347597681E-16));
#9085=CARTESIAN_POINT('Ctrl Pts',(0.648834695925526,8.16926668431327E-33,
-0.624858288044109));
#9086=CARTESIAN_POINT('Ctrl Pts',(0.648834695925526,-0.648834695925526,
-0.624858288044109));
#9087=CARTESIAN_POINT('Ctrl Pts',(-1.33418655861362E-16,-0.648834695925526,
-0.624858288044109));
#9088=CARTESIAN_POINT('Ctrl Pts',(-0.648834695925526,-0.648834695925526,
-0.624858288044109));
#9089=CARTESIAN_POINT('Ctrl Pts',(-0.648834695925526,8.16926668431327E-33,
-0.624858288044109));
#9090=CARTESIAN_POINT('Ctrl Pts',(-0.648834695925526,0.648834695925526,
-0.624858288044109));
#9091=CARTESIAN_POINT('Ctrl Pts',(-1.33418655861362E-16,0.648834695925526,
-0.624858288044109));
#9092=CARTESIAN_POINT('Ctrl Pts',(0.648834695925526,0.648834695925526,-0.624858288044109));
#9093=CARTESIAN_POINT('Ctrl Pts',(0.648834695925526,8.16926668431327E-33,
-0.624858288044109));
#9094=CARTESIAN_POINT('Ctrl Pts',(-9.54097911787244E-17,8.49741356322415E-33,
-0.66));
#9095=CARTESIAN_POINT('Ctrl Pts',(-9.54097911787244E-17,-4.33680868994202E-17,
-0.66));
#9096=CARTESIAN_POINT('Ctrl Pts',(-1.38777878078145E-16,-4.33680868994202E-17,
-0.66));
#9097=CARTESIAN_POINT('Ctrl Pts',(-1.82145964977565E-16,-4.33680868994202E-17,
-0.66));
#9098=CARTESIAN_POINT('Ctrl Pts',(-1.82145964977565E-16,8.49741356322415E-33,
-0.66));
#9099=CARTESIAN_POINT('Ctrl Pts',(-1.82145964977565E-16,4.33680868994202E-17,
-0.66));
#9100=CARTESIAN_POINT('Ctrl Pts',(-1.38777878078145E-16,4.33680868994202E-17,
-0.66));
#9101=CARTESIAN_POINT('Ctrl Pts',(-9.54097911787244E-17,4.33680868994202E-17,
-0.66));
#9102=CARTESIAN_POINT('Ctrl Pts',(-9.54097911787244E-17,8.49741356322415E-33,
-0.66));
#9103=CARTESIAN_POINT('',(-1.38777878078145E-16,8.49741356322415E-33,-0.66));
#9104=CARTESIAN_POINT('',(0.827085986014956,1.01285475363136E-16,-6.30666143556734E-17));
#9105=CARTESIAN_POINT('Origin',(-0.049286756828324,6.0358868990161E-18,
0.25));
#9106=CARTESIAN_POINT('Origin',(-1.90628953404045E-17,1.16722713780552E-33,
0.));
#9107=CARTESIAN_POINT('Origin',(0.,0.,0.));
#9108=CARTESIAN_POINT('',(-0.128714575533257,-1.27853727284162,0.25));
#9109=CARTESIAN_POINT('',(-1.27621510726053,-0.15,0.25));
#9110=CARTESIAN_POINT('Origin',(0.,0.,0.25));
#9111=CARTESIAN_POINT('',(-0.128714575533257,-1.27853727284162,0.));
#9112=CARTESIAN_POINT('',(-0.128714575533257,-1.27853727284162,0.));
#9113=CARTESIAN_POINT('',(-1.27621510726053,-0.15,0.));
#9114=CARTESIAN_POINT('Origin',(0.,0.,0.));
#9115=CARTESIAN_POINT('',(-1.27621510726053,-0.15,0.));
#9116=CARTESIAN_POINT('Origin',(-1.27621510726053,-0.15,0.));
#9117=CARTESIAN_POINT('',(-0.862046982478333,-0.15,0.25));
#9118=CARTESIAN_POINT('',(-0.862046982478333,-0.15,0.25));
#9119=CARTESIAN_POINT('',(-0.862046982478333,-0.15,0.));
#9120=CARTESIAN_POINT('',(-0.638107553630264,-0.15,0.));
#9121=CARTESIAN_POINT('',(-0.862046982478333,-0.15,0.));
#9122=CARTESIAN_POINT('Origin',(0.,0.,0.));
#9123=CARTESIAN_POINT('',(-0.128714575533257,-0.865481113627151,0.25));
#9124=CARTESIAN_POINT('Origin',(0.,0.,0.25));
#9125=CARTESIAN_POINT('',(-0.128714575533257,-0.865481113627151,0.));
#9126=CARTESIAN_POINT('Origin',(0.,0.,0.));
#9127=CARTESIAN_POINT('',(-0.128714575533257,-0.865481113627151,0.));
#9128=CARTESIAN_POINT('Origin',(-0.128714575533257,-0.865481113627151,0.));
#9129=CARTESIAN_POINT('',(-0.128714575533257,-1.27853727284162,0.25));
#9130=CARTESIAN_POINT('',(-0.128714575533257,-0.432740556813576,0.));
#9131=CARTESIAN_POINT('Origin',(-0.694093779186262,-0.707302140449473,0.25));
#9132=CARTESIAN_POINT('Origin',(0.,0.,0.));
#9133=CARTESIAN_POINT('',(0.171285424466743,-0.85807126939739,0.25));
#9134=CARTESIAN_POINT('',(0.862046982478333,-0.15,0.25));
#9135=CARTESIAN_POINT('Origin',(0.,0.,0.25));
#9136=CARTESIAN_POINT('',(0.171285424466743,-0.85807126939739,0.));
#9137=CARTESIAN_POINT('',(0.171285424466743,-0.85807126939739,0.));
#9138=CARTESIAN_POINT('',(0.862046982478333,-0.15,0.));
#9139=CARTESIAN_POINT('Origin',(0.,0.,0.));
#9140=CARTESIAN_POINT('',(0.862046982478333,-0.15,0.));
#9141=CARTESIAN_POINT('Origin',(0.862046982478333,-0.15,0.));
#9142=CARTESIAN_POINT('',(1.27621510726053,-0.15,0.25));
#9143=CARTESIAN_POINT('',(0.862046982478333,-0.15,0.25));
#9144=CARTESIAN_POINT('',(1.27621510726053,-0.15,0.));
#9145=CARTESIAN_POINT('',(0.431023491239167,-0.15,0.));
#9146=CARTESIAN_POINT('',(1.27621510726053,-0.15,0.));
#9147=CARTESIAN_POINT('Origin',(0.,0.,0.));
#9148=CARTESIAN_POINT('',(0.171285424466743,-1.27353300050107,0.25));
#9149=CARTESIAN_POINT('Origin',(0.,0.,0.25));
#9150=CARTESIAN_POINT('',(0.171285424466743,-1.27353300050107,0.));
#9151=CARTESIAN_POINT('Origin',(0.,0.,0.));
#9152=CARTESIAN_POINT('',(0.171285424466743,-1.27353300050107,0.));
#9153=CARTESIAN_POINT('Origin',(0.171285424466743,-1.27353300050107,0.));
#9154=CARTESIAN_POINT('',(0.171285424466743,-1.27353300050107,0.25));
#9155=CARTESIAN_POINT('',(0.171285424466743,-0.636766500250533,0.));
#9156=CARTESIAN_POINT('Origin',(0.71230296745279,-0.699011951819558,0.25));
#9157=CARTESIAN_POINT('Origin',(0.,0.,0.));
#9158=CARTESIAN_POINT('',(0.171285424466743,1.27353300050107,0.25));
#9159=CARTESIAN_POINT('',(1.27621510726053,0.15,0.25));
#9160=CARTESIAN_POINT('Origin',(0.,0.,0.25));
#9161=CARTESIAN_POINT('',(0.171285424466743,1.27353300050107,0.));
#9162=CARTESIAN_POINT('',(0.171285424466743,1.27353300050107,0.));
#9163=CARTESIAN_POINT('',(1.27621510726053,0.15,0.));
#9164=CARTESIAN_POINT('Origin',(0.,0.,0.));
#9165=CARTESIAN_POINT('',(1.27621510726053,0.15,0.));
#9166=CARTESIAN_POINT('Origin',(1.27621510726053,0.15,0.));
#9167=CARTESIAN_POINT('',(0.862046982478333,0.15,0.25));
#9168=CARTESIAN_POINT('',(0.862046982478333,0.15,0.25));
#9169=CARTESIAN_POINT('',(0.862046982478333,0.15,0.));
#9170=CARTESIAN_POINT('',(0.638107553630264,0.15,0.));
#9171=CARTESIAN_POINT('',(0.862046982478333,0.15,0.));
#9172=CARTESIAN_POINT('Origin',(0.,0.,0.));
#9173=CARTESIAN_POINT('',(0.171285424466743,0.85807126939739,0.25));
#9174=CARTESIAN_POINT('Origin',(0.,0.,0.25));
#9175=CARTESIAN_POINT('',(0.171285424466743,0.85807126939739,0.));
#9176=CARTESIAN_POINT('Origin',(0.,0.,0.));
#9177=CARTESIAN_POINT('',(0.171285424466743,0.85807126939739,0.));
#9178=CARTESIAN_POINT('Origin',(0.171285424466743,0.85807126939739,0.));
#9179=CARTESIAN_POINT('',(0.171285424466743,1.27353300050107,0.25));
#9180=CARTESIAN_POINT('',(0.171285424466743,0.429035634698695,0.));
#9181=CARTESIAN_POINT('Origin',(0.71230296745279,0.699011951819558,0.25));
#9182=CARTESIAN_POINT('Origin',(0.,0.,0.));
#9183=CARTESIAN_POINT('',(-0.128714575533257,0.865481113627151,0.25));
#9184=CARTESIAN_POINT('',(-0.862046982478333,0.15,0.25));
#9185=CARTESIAN_POINT('Origin',(0.,0.,0.25));
#9186=CARTESIAN_POINT('',(-0.128714575533257,0.865481113627151,0.));
#9187=CARTESIAN_POINT('',(-0.128714575533257,0.865481113627151,0.));
#9188=CARTESIAN_POINT('',(-0.862046982478333,0.15,0.));
#9189=CARTESIAN_POINT('Origin',(0.,0.,0.));
#9190=CARTESIAN_POINT('',(-0.862046982478333,0.15,0.));
#9191=CARTESIAN_POINT('Origin',(-0.862046982478333,0.15,0.));
#9192=CARTESIAN_POINT('',(-1.27621510726053,0.15,0.25));
#9193=CARTESIAN_POINT('',(-0.862046982478333,0.15,0.25));
#9194=CARTESIAN_POINT('',(-1.27621510726053,0.15,0.));
#9195=CARTESIAN_POINT('',(-0.431023491239167,0.15,0.));
#9196=CARTESIAN_POINT('',(-1.27621510726053,0.15,0.));
#9197=CARTESIAN_POINT('Origin',(0.,0.,0.));
#9198=CARTESIAN_POINT('',(-0.128714575533257,1.27853727284162,0.25));
#9199=CARTESIAN_POINT('Origin',(0.,0.,0.25));
#9200=CARTESIAN_POINT('',(-0.128714575533257,1.27853727284162,0.));
#9201=CARTESIAN_POINT('Origin',(0.,0.,0.));
#9202=CARTESIAN_POINT('',(-0.128714575533257,1.27853727284162,0.));
#9203=CARTESIAN_POINT('Origin',(-0.128714575533257,1.27853727284162,0.));
#9204=CARTESIAN_POINT('',(-0.128714575533257,1.27853727284162,0.25));
#9205=CARTESIAN_POINT('',(-0.128714575533257,0.639268636420811,0.));
#9206=CARTESIAN_POINT('Origin',(-0.694093779186262,0.707302140449473,0.25));
#9207=CARTESIAN_POINT('Origin',(0.,0.,0.));
#9208=CARTESIAN_POINT('',(2.5,3.06151588455594E-16,0.56));
#9209=CARTESIAN_POINT('Origin',(0.,0.,0.56));
#9210=CARTESIAN_POINT('',(2.5,3.06151588455594E-16,0.));
#9211=CARTESIAN_POINT('',(2.5,3.06161699786838E-16,0.));
#9212=CARTESIAN_POINT('Origin',(0.,0.,0.));
#9213=CARTESIAN_POINT('Origin',(0.,0.,0.56));
#9214=CARTESIAN_POINT('Origin',(0.,0.,0.));
#9215=CARTESIAN_POINT('',(0.,0.,0.));
#9216=CARTESIAN_POINT('',(-2.22778541376775E-31,0.,2.89));
#9217=CARTESIAN_POINT('',(-4.20040259594863E-16,-6.04230858659212E-16,1.33));
#9218=CARTESIAN_POINT('',(-8.51651551631916E-32,1.03879075620889E-32,2.33));
#9219=CARTESIAN_POINT('Origin',(0.,0.,0.));
#9220=UNCERTAINTY_MEASURE_WITH_UNIT(LENGTH_MEASURE(0.01),#9232,
'DISTANCE_ACCURACY_VALUE',
'Maximum model space distance between geometric entities at asserted c
onnectivities');
#9221=UNCERTAINTY_MEASURE_WITH_UNIT(LENGTH_MEASURE(0.01),#9232,
'DISTANCE_ACCURACY_VALUE',
'Maximum model space distance between geometric entities at asserted c
onnectivities');
#9222=UNCERTAINTY_MEASURE_WITH_UNIT(LENGTH_MEASURE(0.01),#9232,
'DISTANCE_ACCURACY_VALUE',
'Maximum model space distance between geometric entities at asserted c
onnectivities');
#9223=UNCERTAINTY_MEASURE_WITH_UNIT(LENGTH_MEASURE(0.01),#9232,
'DISTANCE_ACCURACY_VALUE',
'Maximum model space distance between geometric entities at asserted c
onnectivities');
#9224=UNCERTAINTY_MEASURE_WITH_UNIT(LENGTH_MEASURE(0.01),#9232,
'DISTANCE_ACCURACY_VALUE',
'Maximum model space distance between geometric entities at asserted c
onnectivities');
#9225=UNCERTAINTY_MEASURE_WITH_UNIT(LENGTH_MEASURE(0.01),#9232,
'DISTANCE_ACCURACY_VALUE',
'Maximum model space distance between geometric entities at asserted c
onnectivities');
#9226=(
GEOMETRIC_REPRESENTATION_CONTEXT(3)
GLOBAL_UNCERTAINTY_ASSIGNED_CONTEXT((#9220))
GLOBAL_UNIT_ASSIGNED_CONTEXT((#9232,#9235,#9234))
REPRESENTATION_CONTEXT('','3D')
);
#9227=(
GEOMETRIC_REPRESENTATION_CONTEXT(3)
GLOBAL_UNCERTAINTY_ASSIGNED_CONTEXT((#9221))
GLOBAL_UNIT_ASSIGNED_CONTEXT((#9232,#9235,#9234))
REPRESENTATION_CONTEXT('','3D')
);
#9228=(
GEOMETRIC_REPRESENTATION_CONTEXT(3)
GLOBAL_UNCERTAINTY_ASSIGNED_CONTEXT((#9222))
GLOBAL_UNIT_ASSIGNED_CONTEXT((#9232,#9235,#9234))
REPRESENTATION_CONTEXT('','3D')
);
#9229=(
GEOMETRIC_REPRESENTATION_CONTEXT(3)
GLOBAL_UNCERTAINTY_ASSIGNED_CONTEXT((#9223))
GLOBAL_UNIT_ASSIGNED_CONTEXT((#9232,#9235,#9234))
REPRESENTATION_CONTEXT('','3D')
);
#9230=(
GEOMETRIC_REPRESENTATION_CONTEXT(3)
GLOBAL_UNCERTAINTY_ASSIGNED_CONTEXT((#9224))
GLOBAL_UNIT_ASSIGNED_CONTEXT((#9232,#9235,#9234))
REPRESENTATION_CONTEXT('','3D')
);
#9231=(
GEOMETRIC_REPRESENTATION_CONTEXT(3)
GLOBAL_UNCERTAINTY_ASSIGNED_CONTEXT((#9225))
GLOBAL_UNIT_ASSIGNED_CONTEXT((#9232,#9235,#9234))
REPRESENTATION_CONTEXT('','3D')
);
#9232=(
LENGTH_UNIT()
NAMED_UNIT(*)
SI_UNIT(.MILLI.,.METRE.)
);
#9233=(
LENGTH_UNIT()
NAMED_UNIT(*)
SI_UNIT(.CENTI.,.METRE.)
);
#9234=(
NAMED_UNIT(*)
SI_UNIT($,.STERADIAN.)
SOLID_ANGLE_UNIT()
);
#9235=(
NAMED_UNIT(*)
PLANE_ANGLE_UNIT()
SI_UNIT($,.RADIAN.)
);
#9236=SHAPE_DEFINITION_REPRESENTATION(#9241,#9250);
#9237=SHAPE_DEFINITION_REPRESENTATION(#9242,#9251);
#9238=SHAPE_DEFINITION_REPRESENTATION(#9243,#9252);
#9239=SHAPE_DEFINITION_REPRESENTATION(#9244,#9253);
#9240=SHAPE_DEFINITION_REPRESENTATION(#9245,#9254);
#9241=PRODUCT_DEFINITION_SHAPE('',$,#9256);
#9242=PRODUCT_DEFINITION_SHAPE('',$,#9257);
#9243=PRODUCT_DEFINITION_SHAPE('',$,#9258);
#9244=PRODUCT_DEFINITION_SHAPE('',$,#9259);
#9245=PRODUCT_DEFINITION_SHAPE('',$,#9260);
#9246=PRODUCT_DEFINITION_SHAPE($,$,#26);
#9247=PRODUCT_DEFINITION_SHAPE($,$,#27);
#9248=PRODUCT_DEFINITION_SHAPE($,$,#28);
#9249=PRODUCT_DEFINITION_SHAPE($,$,#29);
#9250=SHAPE_REPRESENTATION('',(#5483,#5953,#5954,#5955,#5956),#9226);
#9251=SHAPE_REPRESENTATION('',(#5484),#9227);
#9252=SHAPE_REPRESENTATION('',(#5692),#9228);
#9253=SHAPE_REPRESENTATION('',(#5894),#9229);
#9254=SHAPE_REPRESENTATION('',(#5902),#9230);
#9255=PRODUCT_DEFINITION_CONTEXT('part definition',#9272,'design');
#9256=PRODUCT_DEFINITION('P020229','P020229',#9261,#9255);
#9257=PRODUCT_DEFINITION('TL1105 RT BODY','TL1105 RT BODY',#9262,#9255);
#9258=PRODUCT_DEFINITION('TL1105 RT COVER','TL1105 RT COVER',#9263,#9255);
#9259=PRODUCT_DEFINITION('TL110RCONTACTDOME','TL1105CONTACTDOME',#9264,
#9255);
#9260=PRODUCT_DEFINITION('TL1105-3301ACTUATOR5_85-X',
'TL1105 ACTUATOR X 5_85',#9265,#9255);
#9261=PRODUCT_DEFINITION_FORMATION('',$,#9274);
#9262=PRODUCT_DEFINITION_FORMATION('',$,#9275);
#9263=PRODUCT_DEFINITION_FORMATION('',$,#9276);
#9264=PRODUCT_DEFINITION_FORMATION('',$,#9277);
#9265=PRODUCT_DEFINITION_FORMATION('',$,#9278);
#9266=PRODUCT_RELATED_PRODUCT_CATEGORY('P020229','P020229',(#9274));
#9267=PRODUCT_RELATED_PRODUCT_CATEGORY('TL1105 RT BODY',
'TL1105 RT BODY',(#9275));
#9268=PRODUCT_RELATED_PRODUCT_CATEGORY('TL1105 RT COVER',
'TL1105 RT COVER',(#9276));
#9269=PRODUCT_RELATED_PRODUCT_CATEGORY('TL1105CONTACTDOME',
'TL1105CONTACTDOME',(#9277));
#9270=PRODUCT_RELATED_PRODUCT_CATEGORY('TL1105 ACTUATOR X 5_85',
'TL1105 ACTUATOR X 5_85',(#9278));
#9271=APPLICATION_PROTOCOL_DEFINITION('international standard',
'ap242_managed_model_based_3d_engineering',2011,#9272);
#9272=APPLICATION_CONTEXT('Managed model based 3d engineering');
#9273=PRODUCT_CONTEXT('part definition',#9272,'mechanical');
#9274=PRODUCT('P020229','P020229',$,(#9273));
#9275=PRODUCT('TL1105 RT BODY','TL1105 RT BODY',$,(#9273));
#9276=PRODUCT('TL1105 RT COVER','TL1105 RT COVER',$,(#9273));
#9277=PRODUCT('TL110RCONTACTDOME','TL1105CONTACTDOME',$,(#9273));
#9278=PRODUCT('TL1105-3301ACTUATOR5_85-X','TL1105 ACTUATOR X 5_85',$,(#9273));
#9279=PRESENTATION_STYLE_ASSIGNMENT((#9284));
#9280=PRESENTATION_STYLE_ASSIGNMENT((#9285));
#9281=PRESENTATION_STYLE_ASSIGNMENT((#9286));
#9282=PRESENTATION_STYLE_ASSIGNMENT((#9287));
#9283=PRESENTATION_STYLE_ASSIGNMENT((NULL_STYLE(.NULL.)));
#9284=SURFACE_STYLE_USAGE(.BOTH.,#9288);
#9285=SURFACE_STYLE_USAGE(.BOTH.,#9289);
#9286=SURFACE_STYLE_USAGE(.BOTH.,#9290);
#9287=SURFACE_STYLE_USAGE(.BOTH.,#9291);
#9288=SURFACE_SIDE_STYLE('',(#9292));
#9289=SURFACE_SIDE_STYLE('',(#9293));
#9290=SURFACE_SIDE_STYLE('',(#9294));
#9291=SURFACE_SIDE_STYLE('',(#9295));
#9292=SURFACE_STYLE_FILL_AREA(#9296);
#9293=SURFACE_STYLE_FILL_AREA(#9297);
#9294=SURFACE_STYLE_FILL_AREA(#9298);
#9295=SURFACE_STYLE_FILL_AREA(#9299);
#9296=FILL_AREA_STYLE('',(#9300));
#9297=FILL_AREA_STYLE('',(#9301));
#9298=FILL_AREA_STYLE('',(#9302));
#9299=FILL_AREA_STYLE('',(#9303));
#9300=FILL_AREA_STYLE_COLOUR('',#9304);
#9301=FILL_AREA_STYLE_COLOUR('',#9305);
#9302=FILL_AREA_STYLE_COLOUR('',#9306);
#9303=FILL_AREA_STYLE_COLOUR('',#9307);
#9304=COLOUR_RGB('',0.501960784313725,0.501960784313725,0.501960784313725);
#9305=COLOUR_RGB('',0.956862745098039,0.956862745098039,0.956862745098039);
#9306=COLOUR_RGB('',0.67843137254902,0.533333333333333,0.0941176470588235);
#9307=COLOUR_RGB('',0.752941176470588,0.752941176470588,0.752941176470588);
ENDSEC;
END-ISO-10303-21;
