ISO-10303-21;
HEADER;
/* Generated by software containing ST-Developer
 * from STEP Tools, Inc. (www.steptools.com) 
 */

FILE_DESCRIPTION(
/* description */ (''),
/* implementation_level */ '2;1');

FILE_NAME(
/* name */ 'XL-1615RGB v2.step',
/* time_stamp */ '2025-05-19T13:20:42-04:00',
/* author */ (''),
/* organization */ (''),
/* preprocessor_version */ 'ST-DEVELOPER v20.1',
/* originating_system */ 'Autodesk Translation Framework v14.4.0.0',
/* authorisation */ '');

FILE_SCHEMA (('AUTOMOTIVE_DESIGN { 1 0 10303 214 3 1 1 }'));
ENDSEC;

DATA;
#10=MECHANICAL_DESIGN_GEOMETRIC_PRESENTATION_REPRESENTATION('',(#31,#32,
#33,#34,#35,#36,#37,#38,#39,#40),#2748);
#11=ITEM_DEFINED_TRANSFORMATION($,$,#1686,#1815);
#12=ITEM_DEFINED_TRANSFORMATION($,$,#1761,#1816);
#13=ITEM_DEFINED_TRANSFORMATION($,$,#1780,#1817);
#14=(
REPRESENTATION_RELATIONSHIP($,$,#2765,#2764)
REPRESENTATION_RELATIONSHIP_WITH_TRANSFORMATION(#11)
SHAPE_REPRESENTATION_RELATIONSHIP()
);
#15=(
REPRESENTATION_RELATIONSHIP($,$,#2766,#2764)
REPRESENTATION_RELATIONSHIP_WITH_TRANSFORMATION(#12)
SHAPE_REPRESENTATION_RELATIONSHIP()
);
#16=(
REPRESENTATION_RELATIONSHIP($,$,#2767,#2764)
REPRESENTATION_RELATIONSHIP_WITH_TRANSFORMATION(#13)
SHAPE_REPRESENTATION_RELATIONSHIP()
);
#17=CONTEXT_DEPENDENT_SHAPE_REPRESENTATION(#14,#2761);
#18=CONTEXT_DEPENDENT_SHAPE_REPRESENTATION(#15,#2762);
#19=CONTEXT_DEPENDENT_SHAPE_REPRESENTATION(#16,#2763);
#20=NEXT_ASSEMBLY_USAGE_OCCURRENCE('Component1:1','Component1:1',
'Component1:1',#2769,#2770,'Component1:1');
#21=NEXT_ASSEMBLY_USAGE_OCCURRENCE('Component2:1','Component2:1',
'Component2:1',#2769,#2771,'Component2:1');
#22=NEXT_ASSEMBLY_USAGE_OCCURRENCE('Component3:1','Component3:1',
'Component3:1',#2769,#2772,'Component3:1');
#23=SHAPE_REPRESENTATION_RELATIONSHIP('SRR','None',#2765,#27);
#24=SHAPE_REPRESENTATION_RELATIONSHIP('SRR','None',#2766,#28);
#25=SHAPE_REPRESENTATION_RELATIONSHIP('SRR','None',#2767,#29);
#26=SHAPE_REPRESENTATION_RELATIONSHIP('SRR','None',#2764,#30);
#27=ADVANCED_BREP_SHAPE_REPRESENTATION('',(#41,#42,#43,#44),#2745);
#28=ADVANCED_BREP_SHAPE_REPRESENTATION('',(#45,#46,#47),#2746);
#29=ADVANCED_BREP_SHAPE_REPRESENTATION('',(#48),#2747);
#30=ADVANCED_BREP_SHAPE_REPRESENTATION('',(#49,#50),#2744);
#31=STYLED_ITEM('',(#2791),#41);
#32=STYLED_ITEM('',(#2791),#42);
#33=STYLED_ITEM('',(#2791),#43);
#34=STYLED_ITEM('',(#2791),#44);
#35=STYLED_ITEM('',(#2792),#45);
#36=STYLED_ITEM('',(#2793),#46);
#37=STYLED_ITEM('',(#2794),#47);
#38=STYLED_ITEM('',(#2795),#48);
#39=STYLED_ITEM('',(#2789),#49);
#40=STYLED_ITEM('',(#2790),#50);
#41=MANIFOLD_SOLID_BREP('Body1',#1641);
#42=MANIFOLD_SOLID_BREP('Body2',#1642);
#43=MANIFOLD_SOLID_BREP('Body3',#1643);
#44=MANIFOLD_SOLID_BREP('Body4',#1644);
#45=MANIFOLD_SOLID_BREP('Body1',#1645);
#46=MANIFOLD_SOLID_BREP('Body2',#1646);
#47=MANIFOLD_SOLID_BREP('Body3',#1647);
#48=MANIFOLD_SOLID_BREP('Body1',#1648);
#49=MANIFOLD_SOLID_BREP('Body1',#1649);
#50=MANIFOLD_SOLID_BREP('Body2',#1650);
#51=CYLINDRICAL_SURFACE('',#1694,0.25);
#52=CYLINDRICAL_SURFACE('',#1696,0.225);
#53=CYLINDRICAL_SURFACE('',#1699,0.275);
#54=CYLINDRICAL_SURFACE('',#1712,0.25);
#55=CYLINDRICAL_SURFACE('',#1714,0.225);
#56=CYLINDRICAL_SURFACE('',#1717,0.275);
#57=CYLINDRICAL_SURFACE('',#1730,0.25);
#58=CYLINDRICAL_SURFACE('',#1733,0.225);
#59=CYLINDRICAL_SURFACE('',#1736,0.275);
#60=CYLINDRICAL_SURFACE('',#1750,0.25);
#61=CYLINDRICAL_SURFACE('',#1752,0.225);
#62=CYLINDRICAL_SURFACE('',#1755,0.275);
#63=CYLINDRICAL_SURFACE('',#1788,0.25);
#64=CYLINDRICAL_SURFACE('',#1792,0.25);
#65=CYLINDRICAL_SURFACE('',#1798,0.25);
#66=CYLINDRICAL_SURFACE('',#1802,0.25);
#67=CIRCLE('',#1691,0.225);
#68=CIRCLE('',#1693,0.25);
#69=CIRCLE('',#1695,0.25);
#70=CIRCLE('',#1697,0.225);
#71=CIRCLE('',#1700,0.275);
#72=CIRCLE('',#1701,0.275);
#73=CIRCLE('',#1709,0.225);
#74=CIRCLE('',#1711,0.25);
#75=CIRCLE('',#1713,0.25);
#76=CIRCLE('',#1715,0.225);
#77=CIRCLE('',#1718,0.275);
#78=CIRCLE('',#1719,0.275);
#79=CIRCLE('',#1727,0.225);
#80=CIRCLE('',#1729,0.25);
#81=CIRCLE('',#1731,0.25);
#82=CIRCLE('',#1734,0.225);
#83=CIRCLE('',#1737,0.275);
#84=CIRCLE('',#1738,0.275);
#85=CIRCLE('',#1747,0.225);
#86=CIRCLE('',#1749,0.25);
#87=CIRCLE('',#1751,0.25);
#88=CIRCLE('',#1753,0.225);
#89=CIRCLE('',#1756,0.275);
#90=CIRCLE('',#1757,0.275);
#91=CIRCLE('',#1789,0.25);
#92=CIRCLE('',#1790,0.25);
#93=CIRCLE('',#1793,0.25);
#94=CIRCLE('',#1794,0.25);
#95=CIRCLE('',#1799,0.25);
#96=CIRCLE('',#1800,0.25);
#97=CIRCLE('',#1803,0.25);
#98=CIRCLE('',#1804,0.25);
#99=FACE_OUTER_BOUND('',#193,.T.);
#100=FACE_OUTER_BOUND('',#194,.T.);
#101=FACE_OUTER_BOUND('',#195,.T.);
#102=FACE_OUTER_BOUND('',#196,.T.);
#103=FACE_OUTER_BOUND('',#197,.T.);
#104=FACE_OUTER_BOUND('',#198,.T.);
#105=FACE_OUTER_BOUND('',#199,.T.);
#106=FACE_OUTER_BOUND('',#200,.T.);
#107=FACE_OUTER_BOUND('',#201,.T.);
#108=FACE_OUTER_BOUND('',#202,.T.);
#109=FACE_OUTER_BOUND('',#203,.T.);
#110=FACE_OUTER_BOUND('',#204,.T.);
#111=FACE_OUTER_BOUND('',#205,.T.);
#112=FACE_OUTER_BOUND('',#206,.T.);
#113=FACE_OUTER_BOUND('',#207,.T.);
#114=FACE_OUTER_BOUND('',#208,.T.);
#115=FACE_OUTER_BOUND('',#209,.T.);
#116=FACE_OUTER_BOUND('',#210,.T.);
#117=FACE_OUTER_BOUND('',#211,.T.);
#118=FACE_OUTER_BOUND('',#212,.T.);
#119=FACE_OUTER_BOUND('',#213,.T.);
#120=FACE_OUTER_BOUND('',#214,.T.);
#121=FACE_OUTER_BOUND('',#215,.T.);
#122=FACE_OUTER_BOUND('',#216,.T.);
#123=FACE_OUTER_BOUND('',#217,.T.);
#124=FACE_OUTER_BOUND('',#218,.T.);
#125=FACE_OUTER_BOUND('',#219,.T.);
#126=FACE_OUTER_BOUND('',#220,.T.);
#127=FACE_OUTER_BOUND('',#221,.T.);
#128=FACE_OUTER_BOUND('',#222,.T.);
#129=FACE_OUTER_BOUND('',#223,.T.);
#130=FACE_OUTER_BOUND('',#224,.T.);
#131=FACE_OUTER_BOUND('',#225,.T.);
#132=FACE_OUTER_BOUND('',#226,.T.);
#133=FACE_OUTER_BOUND('',#227,.T.);
#134=FACE_OUTER_BOUND('',#228,.T.);
#135=FACE_OUTER_BOUND('',#229,.T.);
#136=FACE_OUTER_BOUND('',#230,.T.);
#137=FACE_OUTER_BOUND('',#231,.T.);
#138=FACE_OUTER_BOUND('',#232,.T.);
#139=FACE_OUTER_BOUND('',#233,.T.);
#140=FACE_OUTER_BOUND('',#234,.T.);
#141=FACE_OUTER_BOUND('',#235,.T.);
#142=FACE_OUTER_BOUND('',#236,.T.);
#143=FACE_OUTER_BOUND('',#237,.T.);
#144=FACE_OUTER_BOUND('',#238,.T.);
#145=FACE_OUTER_BOUND('',#239,.T.);
#146=FACE_OUTER_BOUND('',#240,.T.);
#147=FACE_OUTER_BOUND('',#241,.T.);
#148=FACE_OUTER_BOUND('',#242,.T.);
#149=FACE_OUTER_BOUND('',#243,.T.);
#150=FACE_OUTER_BOUND('',#244,.T.);
#151=FACE_OUTER_BOUND('',#245,.T.);
#152=FACE_OUTER_BOUND('',#246,.T.);
#153=FACE_OUTER_BOUND('',#247,.T.);
#154=FACE_OUTER_BOUND('',#248,.T.);
#155=FACE_OUTER_BOUND('',#249,.T.);
#156=FACE_OUTER_BOUND('',#250,.T.);
#157=FACE_OUTER_BOUND('',#251,.T.);
#158=FACE_OUTER_BOUND('',#252,.T.);
#159=FACE_OUTER_BOUND('',#253,.T.);
#160=FACE_OUTER_BOUND('',#254,.T.);
#161=FACE_OUTER_BOUND('',#255,.T.);
#162=FACE_OUTER_BOUND('',#256,.T.);
#163=FACE_OUTER_BOUND('',#257,.T.);
#164=FACE_OUTER_BOUND('',#258,.T.);
#165=FACE_OUTER_BOUND('',#259,.T.);
#166=FACE_OUTER_BOUND('',#260,.T.);
#167=FACE_OUTER_BOUND('',#261,.T.);
#168=FACE_OUTER_BOUND('',#262,.T.);
#169=FACE_OUTER_BOUND('',#263,.T.);
#170=FACE_OUTER_BOUND('',#264,.T.);
#171=FACE_OUTER_BOUND('',#265,.T.);
#172=FACE_OUTER_BOUND('',#266,.T.);
#173=FACE_OUTER_BOUND('',#267,.T.);
#174=FACE_OUTER_BOUND('',#268,.T.);
#175=FACE_OUTER_BOUND('',#269,.T.);
#176=FACE_OUTER_BOUND('',#270,.T.);
#177=FACE_OUTER_BOUND('',#271,.T.);
#178=FACE_OUTER_BOUND('',#272,.T.);
#179=FACE_OUTER_BOUND('',#273,.T.);
#180=FACE_OUTER_BOUND('',#274,.T.);
#181=FACE_OUTER_BOUND('',#275,.T.);
#182=FACE_OUTER_BOUND('',#276,.T.);
#183=FACE_OUTER_BOUND('',#277,.T.);
#184=FACE_OUTER_BOUND('',#278,.T.);
#185=FACE_OUTER_BOUND('',#279,.T.);
#186=FACE_OUTER_BOUND('',#280,.T.);
#187=FACE_OUTER_BOUND('',#281,.T.);
#188=FACE_OUTER_BOUND('',#282,.T.);
#189=FACE_OUTER_BOUND('',#283,.T.);
#190=FACE_OUTER_BOUND('',#284,.T.);
#191=FACE_OUTER_BOUND('',#285,.T.);
#192=FACE_OUTER_BOUND('',#286,.T.);
#193=EDGE_LOOP('',(#1029,#1030,#1031,#1032));
#194=EDGE_LOOP('',(#1033,#1034,#1035,#1036));
#195=EDGE_LOOP('',(#1037,#1038,#1039,#1040));
#196=EDGE_LOOP('',(#1041,#1042,#1043,#1044,#1045,#1046));
#197=EDGE_LOOP('',(#1047,#1048,#1049,#1050,#1051,#1052));
#198=EDGE_LOOP('',(#1053,#1054,#1055,#1056));
#199=EDGE_LOOP('',(#1057,#1058,#1059,#1060));
#200=EDGE_LOOP('',(#1061,#1062,#1063,#1064,#1065,#1066,#1067,#1068));
#201=EDGE_LOOP('',(#1069,#1070,#1071,#1072));
#202=EDGE_LOOP('',(#1073,#1074,#1075,#1076,#1077,#1078,#1079,#1080));
#203=EDGE_LOOP('',(#1081,#1082,#1083,#1084));
#204=EDGE_LOOP('',(#1085,#1086,#1087,#1088));
#205=EDGE_LOOP('',(#1089,#1090,#1091,#1092));
#206=EDGE_LOOP('',(#1093,#1094,#1095,#1096));
#207=EDGE_LOOP('',(#1097,#1098,#1099,#1100));
#208=EDGE_LOOP('',(#1101,#1102,#1103,#1104,#1105,#1106));
#209=EDGE_LOOP('',(#1107,#1108,#1109,#1110,#1111,#1112));
#210=EDGE_LOOP('',(#1113,#1114,#1115,#1116));
#211=EDGE_LOOP('',(#1117,#1118,#1119,#1120));
#212=EDGE_LOOP('',(#1121,#1122,#1123,#1124,#1125,#1126,#1127,#1128));
#213=EDGE_LOOP('',(#1129,#1130,#1131,#1132));
#214=EDGE_LOOP('',(#1133,#1134,#1135,#1136,#1137,#1138,#1139,#1140));
#215=EDGE_LOOP('',(#1141,#1142,#1143,#1144));
#216=EDGE_LOOP('',(#1145,#1146,#1147,#1148));
#217=EDGE_LOOP('',(#1149,#1150,#1151,#1152));
#218=EDGE_LOOP('',(#1153,#1154,#1155,#1156));
#219=EDGE_LOOP('',(#1157,#1158,#1159,#1160));
#220=EDGE_LOOP('',(#1161,#1162,#1163,#1164,#1165,#1166));
#221=EDGE_LOOP('',(#1167,#1168,#1169,#1170,#1171,#1172));
#222=EDGE_LOOP('',(#1173,#1174,#1175,#1176));
#223=EDGE_LOOP('',(#1177,#1178,#1179,#1180,#1181,#1182,#1183,#1184));
#224=EDGE_LOOP('',(#1185,#1186,#1187,#1188));
#225=EDGE_LOOP('',(#1189,#1190,#1191,#1192,#1193,#1194,#1195,#1196));
#226=EDGE_LOOP('',(#1197,#1198,#1199,#1200));
#227=EDGE_LOOP('',(#1201,#1202,#1203,#1204));
#228=EDGE_LOOP('',(#1205,#1206,#1207,#1208));
#229=EDGE_LOOP('',(#1209,#1210,#1211,#1212));
#230=EDGE_LOOP('',(#1213,#1214,#1215,#1216));
#231=EDGE_LOOP('',(#1217,#1218,#1219,#1220));
#232=EDGE_LOOP('',(#1221,#1222,#1223,#1224));
#233=EDGE_LOOP('',(#1225,#1226,#1227,#1228));
#234=EDGE_LOOP('',(#1229,#1230,#1231,#1232,#1233,#1234,#1235));
#235=EDGE_LOOP('',(#1236,#1237,#1238,#1239,#1240,#1241));
#236=EDGE_LOOP('',(#1242,#1243,#1244,#1245));
#237=EDGE_LOOP('',(#1246,#1247,#1248,#1249,#1250));
#238=EDGE_LOOP('',(#1251,#1252,#1253,#1254,#1255,#1256,#1257,#1258));
#239=EDGE_LOOP('',(#1259,#1260,#1261,#1262));
#240=EDGE_LOOP('',(#1263,#1264,#1265,#1266,#1267,#1268));
#241=EDGE_LOOP('',(#1269,#1270,#1271,#1272));
#242=EDGE_LOOP('',(#1273,#1274,#1275,#1276));
#243=EDGE_LOOP('',(#1277,#1278,#1279,#1280));
#244=EDGE_LOOP('',(#1281,#1282,#1283,#1284));
#245=EDGE_LOOP('',(#1285,#1286,#1287,#1288));
#246=EDGE_LOOP('',(#1289,#1290,#1291,#1292));
#247=EDGE_LOOP('',(#1293,#1294,#1295,#1296));
#248=EDGE_LOOP('',(#1297,#1298,#1299,#1300));
#249=EDGE_LOOP('',(#1301,#1302,#1303,#1304));
#250=EDGE_LOOP('',(#1305,#1306,#1307,#1308));
#251=EDGE_LOOP('',(#1309,#1310,#1311,#1312));
#252=EDGE_LOOP('',(#1313,#1314,#1315,#1316));
#253=EDGE_LOOP('',(#1317,#1318,#1319,#1320));
#254=EDGE_LOOP('',(#1321,#1322,#1323,#1324));
#255=EDGE_LOOP('',(#1325,#1326,#1327,#1328));
#256=EDGE_LOOP('',(#1329,#1330,#1331,#1332));
#257=EDGE_LOOP('',(#1333,#1334,#1335,#1336));
#258=EDGE_LOOP('',(#1337,#1338,#1339,#1340));
#259=EDGE_LOOP('',(#1341,#1342,#1343,#1344));
#260=EDGE_LOOP('',(#1345,#1346,#1347,#1348));
#261=EDGE_LOOP('',(#1349,#1350,#1351,#1352));
#262=EDGE_LOOP('',(#1353,#1354,#1355,#1356));
#263=EDGE_LOOP('',(#1357,#1358,#1359,#1360));
#264=EDGE_LOOP('',(#1361,#1362,#1363,#1364));
#265=EDGE_LOOP('',(#1365,#1366,#1367,#1368));
#266=EDGE_LOOP('',(#1369,#1370,#1371,#1372));
#267=EDGE_LOOP('',(#1373,#1374,#1375,#1376));
#268=EDGE_LOOP('',(#1377,#1378,#1379,#1380));
#269=EDGE_LOOP('',(#1381,#1382,#1383,#1384));
#270=EDGE_LOOP('',(#1385,#1386,#1387,#1388));
#271=EDGE_LOOP('',(#1389,#1390,#1391,#1392));
#272=EDGE_LOOP('',(#1393,#1394,#1395,#1396));
#273=EDGE_LOOP('',(#1397,#1398,#1399,#1400));
#274=EDGE_LOOP('',(#1401,#1402,#1403,#1404));
#275=EDGE_LOOP('',(#1405,#1406,#1407,#1408));
#276=EDGE_LOOP('',(#1409,#1410,#1411,#1412));
#277=EDGE_LOOP('',(#1413,#1414,#1415,#1416));
#278=EDGE_LOOP('',(#1417,#1418,#1419,#1420));
#279=EDGE_LOOP('',(#1421,#1422,#1423,#1424,#1425,#1426,#1427,#1428,#1429,
#1430,#1431,#1432));
#280=EDGE_LOOP('',(#1433,#1434,#1435,#1436,#1437,#1438,#1439,#1440,#1441,
#1442,#1443,#1444));
#281=EDGE_LOOP('',(#1445,#1446,#1447,#1448));
#282=EDGE_LOOP('',(#1449,#1450,#1451,#1452));
#283=EDGE_LOOP('',(#1453,#1454,#1455,#1456));
#284=EDGE_LOOP('',(#1457,#1458,#1459,#1460));
#285=EDGE_LOOP('',(#1461,#1462,#1463,#1464));
#286=EDGE_LOOP('',(#1465,#1466,#1467,#1468));
#287=LINE('',#2277,#475);
#288=LINE('',#2279,#476);
#289=LINE('',#2281,#477);
#290=LINE('',#2282,#478);
#291=LINE('',#2285,#479);
#292=LINE('',#2287,#480);
#293=LINE('',#2288,#481);
#294=LINE('',#2291,#482);
#295=LINE('',#2293,#483);
#296=LINE('',#2294,#484);
#297=LINE('',#2297,#485);
#298=LINE('',#2300,#486);
#299=LINE('',#2305,#487);
#300=LINE('',#2306,#488);
#301=LINE('',#2309,#489);
#302=LINE('',#2312,#490);
#303=LINE('',#2315,#491);
#304=LINE('',#2318,#492);
#305=LINE('',#2321,#493);
#306=LINE('',#2323,#494);
#307=LINE('',#2324,#495);
#308=LINE('',#2330,#496);
#309=LINE('',#2332,#497);
#310=LINE('',#2333,#498);
#311=LINE('',#2339,#499);
#312=LINE('',#2341,#500);
#313=LINE('',#2343,#501);
#314=LINE('',#2344,#502);
#315=LINE('',#2347,#503);
#316=LINE('',#2349,#504);
#317=LINE('',#2350,#505);
#318=LINE('',#2353,#506);
#319=LINE('',#2355,#507);
#320=LINE('',#2356,#508);
#321=LINE('',#2359,#509);
#322=LINE('',#2362,#510);
#323=LINE('',#2367,#511);
#324=LINE('',#2368,#512);
#325=LINE('',#2371,#513);
#326=LINE('',#2374,#514);
#327=LINE('',#2377,#515);
#328=LINE('',#2380,#516);
#329=LINE('',#2383,#517);
#330=LINE('',#2385,#518);
#331=LINE('',#2386,#519);
#332=LINE('',#2392,#520);
#333=LINE('',#2394,#521);
#334=LINE('',#2395,#522);
#335=LINE('',#2401,#523);
#336=LINE('',#2403,#524);
#337=LINE('',#2405,#525);
#338=LINE('',#2406,#526);
#339=LINE('',#2409,#527);
#340=LINE('',#2411,#528);
#341=LINE('',#2412,#529);
#342=LINE('',#2415,#530);
#343=LINE('',#2417,#531);
#344=LINE('',#2418,#532);
#345=LINE('',#2421,#533);
#346=LINE('',#2423,#534);
#347=LINE('',#2429,#535);
#348=LINE('',#2430,#536);
#349=LINE('',#2433,#537);
#350=LINE('',#2436,#538);
#351=LINE('',#2439,#539);
#352=LINE('',#2441,#540);
#353=LINE('',#2443,#541);
#354=LINE('',#2444,#542);
#355=LINE('',#2448,#543);
#356=LINE('',#2451,#544);
#357=LINE('',#2453,#545);
#358=LINE('',#2454,#546);
#359=LINE('',#2463,#547);
#360=LINE('',#2465,#548);
#361=LINE('',#2467,#549);
#362=LINE('',#2468,#550);
#363=LINE('',#2471,#551);
#364=LINE('',#2473,#552);
#365=LINE('',#2474,#553);
#366=LINE('',#2477,#554);
#367=LINE('',#2479,#555);
#368=LINE('',#2480,#556);
#369=LINE('',#2484,#557);
#370=LINE('',#2486,#558);
#371=LINE('',#2488,#559);
#372=LINE('',#2489,#560);
#373=LINE('',#2491,#561);
#374=LINE('',#2492,#562);
#375=LINE('',#2496,#563);
#376=LINE('',#2500,#564);
#377=LINE('',#2503,#565);
#378=LINE('',#2506,#566);
#379=LINE('',#2509,#567);
#380=LINE('',#2512,#568);
#381=LINE('',#2515,#569);
#382=LINE('',#2517,#570);
#383=LINE('',#2518,#571);
#384=LINE('',#2524,#572);
#385=LINE('',#2526,#573);
#386=LINE('',#2527,#574);
#387=LINE('',#2534,#575);
#388=LINE('',#2536,#576);
#389=LINE('',#2538,#577);
#390=LINE('',#2539,#578);
#391=LINE('',#2542,#579);
#392=LINE('',#2544,#580);
#393=LINE('',#2545,#581);
#394=LINE('',#2548,#582);
#395=LINE('',#2550,#583);
#396=LINE('',#2551,#584);
#397=LINE('',#2553,#585);
#398=LINE('',#2554,#586);
#399=LINE('',#2560,#587);
#400=LINE('',#2562,#588);
#401=LINE('',#2564,#589);
#402=LINE('',#2565,#590);
#403=LINE('',#2568,#591);
#404=LINE('',#2570,#592);
#405=LINE('',#2571,#593);
#406=LINE('',#2574,#594);
#407=LINE('',#2576,#595);
#408=LINE('',#2577,#596);
#409=LINE('',#2579,#597);
#410=LINE('',#2580,#598);
#411=LINE('',#2586,#599);
#412=LINE('',#2588,#600);
#413=LINE('',#2590,#601);
#414=LINE('',#2591,#602);
#415=LINE('',#2594,#603);
#416=LINE('',#2596,#604);
#417=LINE('',#2597,#605);
#418=LINE('',#2600,#606);
#419=LINE('',#2602,#607);
#420=LINE('',#2603,#608);
#421=LINE('',#2605,#609);
#422=LINE('',#2606,#610);
#423=LINE('',#2613,#611);
#424=LINE('',#2615,#612);
#425=LINE('',#2617,#613);
#426=LINE('',#2618,#614);
#427=LINE('',#2621,#615);
#428=LINE('',#2623,#616);
#429=LINE('',#2624,#617);
#430=LINE('',#2627,#618);
#431=LINE('',#2629,#619);
#432=LINE('',#2630,#620);
#433=LINE('',#2632,#621);
#434=LINE('',#2633,#622);
#435=LINE('',#2639,#623);
#436=LINE('',#2641,#624);
#437=LINE('',#2643,#625);
#438=LINE('',#2644,#626);
#439=LINE('',#2650,#627);
#440=LINE('',#2653,#628);
#441=LINE('',#2655,#629);
#442=LINE('',#2656,#630);
#443=LINE('',#2662,#631);
#444=LINE('',#2665,#632);
#445=LINE('',#2667,#633);
#446=LINE('',#2668,#634);
#447=LINE('',#2671,#635);
#448=LINE('',#2673,#636);
#449=LINE('',#2674,#637);
#450=LINE('',#2677,#638);
#451=LINE('',#2679,#639);
#452=LINE('',#2680,#640);
#453=LINE('',#2686,#641);
#454=LINE('',#2689,#642);
#455=LINE('',#2691,#643);
#456=LINE('',#2692,#644);
#457=LINE('',#2698,#645);
#458=LINE('',#2701,#646);
#459=LINE('',#2703,#647);
#460=LINE('',#2704,#648);
#461=LINE('',#2706,#649);
#462=LINE('',#2707,#650);
#463=LINE('',#2713,#651);
#464=LINE('',#2715,#652);
#465=LINE('',#2717,#653);
#466=LINE('',#2718,#654);
#467=LINE('',#2721,#655);
#468=LINE('',#2723,#656);
#469=LINE('',#2724,#657);
#470=LINE('',#2727,#658);
#471=LINE('',#2729,#659);
#472=LINE('',#2730,#660);
#473=LINE('',#2732,#661);
#474=LINE('',#2733,#662);
#475=VECTOR('',#1824,10.);
#476=VECTOR('',#1825,10.);
#477=VECTOR('',#1826,10.);
#478=VECTOR('',#1827,10.);
#479=VECTOR('',#1830,10.);
#480=VECTOR('',#1831,10.);
#481=VECTOR('',#1832,10.);
#482=VECTOR('',#1835,10.);
#483=VECTOR('',#1836,10.);
#484=VECTOR('',#1837,10.);
#485=VECTOR('',#1840,10.);
#486=VECTOR('',#1843,10.);
#487=VECTOR('',#1848,10.);
#488=VECTOR('',#1849,10.);
#489=VECTOR('',#1852,10.);
#490=VECTOR('',#1855,10.);
#491=VECTOR('',#1858,10.);
#492=VECTOR('',#1861,10.);
#493=VECTOR('',#1864,10.);
#494=VECTOR('',#1865,10.);
#495=VECTOR('',#1866,10.);
#496=VECTOR('',#1873,10.);
#497=VECTOR('',#1876,10.);
#498=VECTOR('',#1877,10.);
#499=VECTOR('',#1884,10.);
#500=VECTOR('',#1885,10.);
#501=VECTOR('',#1886,10.);
#502=VECTOR('',#1887,10.);
#503=VECTOR('',#1890,10.);
#504=VECTOR('',#1891,10.);
#505=VECTOR('',#1892,10.);
#506=VECTOR('',#1895,10.);
#507=VECTOR('',#1896,10.);
#508=VECTOR('',#1897,10.);
#509=VECTOR('',#1900,10.);
#510=VECTOR('',#1903,10.);
#511=VECTOR('',#1908,10.);
#512=VECTOR('',#1909,10.);
#513=VECTOR('',#1912,10.);
#514=VECTOR('',#1915,10.);
#515=VECTOR('',#1918,10.);
#516=VECTOR('',#1921,10.);
#517=VECTOR('',#1924,10.);
#518=VECTOR('',#1925,10.);
#519=VECTOR('',#1926,10.);
#520=VECTOR('',#1933,10.);
#521=VECTOR('',#1936,10.);
#522=VECTOR('',#1937,10.);
#523=VECTOR('',#1944,10.);
#524=VECTOR('',#1945,10.);
#525=VECTOR('',#1946,10.);
#526=VECTOR('',#1947,10.);
#527=VECTOR('',#1950,10.);
#528=VECTOR('',#1951,10.);
#529=VECTOR('',#1952,10.);
#530=VECTOR('',#1955,10.);
#531=VECTOR('',#1956,10.);
#532=VECTOR('',#1957,10.);
#533=VECTOR('',#1960,10.);
#534=VECTOR('',#1961,10.);
#535=VECTOR('',#1968,10.);
#536=VECTOR('',#1969,10.);
#537=VECTOR('',#1972,10.);
#538=VECTOR('',#1975,10.);
#539=VECTOR('',#1978,10.);
#540=VECTOR('',#1979,10.);
#541=VECTOR('',#1980,10.);
#542=VECTOR('',#1981,10.);
#543=VECTOR('',#1986,10.);
#544=VECTOR('',#1989,10.);
#545=VECTOR('',#1990,10.);
#546=VECTOR('',#1991,10.);
#547=VECTOR('',#2004,10.);
#548=VECTOR('',#2005,10.);
#549=VECTOR('',#2006,10.);
#550=VECTOR('',#2007,10.);
#551=VECTOR('',#2010,10.);
#552=VECTOR('',#2011,10.);
#553=VECTOR('',#2012,10.);
#554=VECTOR('',#2015,10.);
#555=VECTOR('',#2016,10.);
#556=VECTOR('',#2017,10.);
#557=VECTOR('',#2020,10.);
#558=VECTOR('',#2021,10.);
#559=VECTOR('',#2022,10.);
#560=VECTOR('',#2023,10.);
#561=VECTOR('',#2026,10.);
#562=VECTOR('',#2027,10.);
#563=VECTOR('',#2032,10.);
#564=VECTOR('',#2037,10.);
#565=VECTOR('',#2040,10.);
#566=VECTOR('',#2043,10.);
#567=VECTOR('',#2046,10.);
#568=VECTOR('',#2049,10.);
#569=VECTOR('',#2052,10.);
#570=VECTOR('',#2053,10.);
#571=VECTOR('',#2054,10.);
#572=VECTOR('',#2061,10.);
#573=VECTOR('',#2064,10.);
#574=VECTOR('',#2065,10.);
#575=VECTOR('',#2074,10.);
#576=VECTOR('',#2075,10.);
#577=VECTOR('',#2076,10.);
#578=VECTOR('',#2077,10.);
#579=VECTOR('',#2080,10.);
#580=VECTOR('',#2081,10.);
#581=VECTOR('',#2082,10.);
#582=VECTOR('',#2085,10.);
#583=VECTOR('',#2086,10.);
#584=VECTOR('',#2087,10.);
#585=VECTOR('',#2090,10.);
#586=VECTOR('',#2091,10.);
#587=VECTOR('',#2098,10.);
#588=VECTOR('',#2099,10.);
#589=VECTOR('',#2100,10.);
#590=VECTOR('',#2101,10.);
#591=VECTOR('',#2104,10.);
#592=VECTOR('',#2105,10.);
#593=VECTOR('',#2106,10.);
#594=VECTOR('',#2109,10.);
#595=VECTOR('',#2110,10.);
#596=VECTOR('',#2111,10.);
#597=VECTOR('',#2114,10.);
#598=VECTOR('',#2115,10.);
#599=VECTOR('',#2122,10.);
#600=VECTOR('',#2123,10.);
#601=VECTOR('',#2124,10.);
#602=VECTOR('',#2125,10.);
#603=VECTOR('',#2128,10.);
#604=VECTOR('',#2129,10.);
#605=VECTOR('',#2130,10.);
#606=VECTOR('',#2133,10.);
#607=VECTOR('',#2134,10.);
#608=VECTOR('',#2135,10.);
#609=VECTOR('',#2138,10.);
#610=VECTOR('',#2139,10.);
#611=VECTOR('',#2148,10.);
#612=VECTOR('',#2149,10.);
#613=VECTOR('',#2150,10.);
#614=VECTOR('',#2151,10.);
#615=VECTOR('',#2154,10.);
#616=VECTOR('',#2155,10.);
#617=VECTOR('',#2156,10.);
#618=VECTOR('',#2159,10.);
#619=VECTOR('',#2160,10.);
#620=VECTOR('',#2161,10.);
#621=VECTOR('',#2164,10.);
#622=VECTOR('',#2165,10.);
#623=VECTOR('',#2172,10.);
#624=VECTOR('',#2173,10.);
#625=VECTOR('',#2174,10.);
#626=VECTOR('',#2175,10.);
#627=VECTOR('',#2182,10.);
#628=VECTOR('',#2185,10.);
#629=VECTOR('',#2186,10.);
#630=VECTOR('',#2187,10.);
#631=VECTOR('',#2194,10.);
#632=VECTOR('',#2197,10.);
#633=VECTOR('',#2198,10.);
#634=VECTOR('',#2199,10.);
#635=VECTOR('',#2202,10.);
#636=VECTOR('',#2203,10.);
#637=VECTOR('',#2204,10.);
#638=VECTOR('',#2207,10.);
#639=VECTOR('',#2208,10.);
#640=VECTOR('',#2209,10.);
#641=VECTOR('',#2216,10.);
#642=VECTOR('',#2219,10.);
#643=VECTOR('',#2220,10.);
#644=VECTOR('',#2221,10.);
#645=VECTOR('',#2228,10.);
#646=VECTOR('',#2231,10.);
#647=VECTOR('',#2232,10.);
#648=VECTOR('',#2233,10.);
#649=VECTOR('',#2236,10.);
#650=VECTOR('',#2237,10.);
#651=VECTOR('',#2244,10.);
#652=VECTOR('',#2245,10.);
#653=VECTOR('',#2246,10.);
#654=VECTOR('',#2247,10.);
#655=VECTOR('',#2250,10.);
#656=VECTOR('',#2251,10.);
#657=VECTOR('',#2252,10.);
#658=VECTOR('',#2255,10.);
#659=VECTOR('',#2256,10.);
#660=VECTOR('',#2257,10.);
#661=VECTOR('',#2260,10.);
#662=VECTOR('',#2261,10.);
#663=VERTEX_POINT('',#2275);
#664=VERTEX_POINT('',#2276);
#665=VERTEX_POINT('',#2278);
#666=VERTEX_POINT('',#2280);
#667=VERTEX_POINT('',#2284);
#668=VERTEX_POINT('',#2286);
#669=VERTEX_POINT('',#2290);
#670=VERTEX_POINT('',#2292);
#671=VERTEX_POINT('',#2296);
#672=VERTEX_POINT('',#2298);
#673=VERTEX_POINT('',#2302);
#674=VERTEX_POINT('',#2303);
#675=VERTEX_POINT('',#2308);
#676=VERTEX_POINT('',#2310);
#677=VERTEX_POINT('',#2314);
#678=VERTEX_POINT('',#2316);
#679=VERTEX_POINT('',#2320);
#680=VERTEX_POINT('',#2322);
#681=VERTEX_POINT('',#2326);
#682=VERTEX_POINT('',#2328);
#683=VERTEX_POINT('',#2337);
#684=VERTEX_POINT('',#2338);
#685=VERTEX_POINT('',#2340);
#686=VERTEX_POINT('',#2342);
#687=VERTEX_POINT('',#2346);
#688=VERTEX_POINT('',#2348);
#689=VERTEX_POINT('',#2352);
#690=VERTEX_POINT('',#2354);
#691=VERTEX_POINT('',#2358);
#692=VERTEX_POINT('',#2360);
#693=VERTEX_POINT('',#2364);
#694=VERTEX_POINT('',#2365);
#695=VERTEX_POINT('',#2370);
#696=VERTEX_POINT('',#2372);
#697=VERTEX_POINT('',#2376);
#698=VERTEX_POINT('',#2378);
#699=VERTEX_POINT('',#2382);
#700=VERTEX_POINT('',#2384);
#701=VERTEX_POINT('',#2388);
#702=VERTEX_POINT('',#2390);
#703=VERTEX_POINT('',#2399);
#704=VERTEX_POINT('',#2400);
#705=VERTEX_POINT('',#2402);
#706=VERTEX_POINT('',#2404);
#707=VERTEX_POINT('',#2408);
#708=VERTEX_POINT('',#2410);
#709=VERTEX_POINT('',#2414);
#710=VERTEX_POINT('',#2416);
#711=VERTEX_POINT('',#2420);
#712=VERTEX_POINT('',#2422);
#713=VERTEX_POINT('',#2426);
#714=VERTEX_POINT('',#2427);
#715=VERTEX_POINT('',#2432);
#716=VERTEX_POINT('',#2434);
#717=VERTEX_POINT('',#2438);
#718=VERTEX_POINT('',#2440);
#719=VERTEX_POINT('',#2442);
#720=VERTEX_POINT('',#2446);
#721=VERTEX_POINT('',#2450);
#722=VERTEX_POINT('',#2452);
#723=VERTEX_POINT('',#2461);
#724=VERTEX_POINT('',#2462);
#725=VERTEX_POINT('',#2464);
#726=VERTEX_POINT('',#2466);
#727=VERTEX_POINT('',#2470);
#728=VERTEX_POINT('',#2472);
#729=VERTEX_POINT('',#2476);
#730=VERTEX_POINT('',#2478);
#731=VERTEX_POINT('',#2482);
#732=VERTEX_POINT('',#2483);
#733=VERTEX_POINT('',#2485);
#734=VERTEX_POINT('',#2487);
#735=VERTEX_POINT('',#2494);
#736=VERTEX_POINT('',#2498);
#737=VERTEX_POINT('',#2502);
#738=VERTEX_POINT('',#2504);
#739=VERTEX_POINT('',#2508);
#740=VERTEX_POINT('',#2510);
#741=VERTEX_POINT('',#2514);
#742=VERTEX_POINT('',#2516);
#743=VERTEX_POINT('',#2520);
#744=VERTEX_POINT('',#2522);
#745=VERTEX_POINT('',#2532);
#746=VERTEX_POINT('',#2533);
#747=VERTEX_POINT('',#2535);
#748=VERTEX_POINT('',#2537);
#749=VERTEX_POINT('',#2541);
#750=VERTEX_POINT('',#2543);
#751=VERTEX_POINT('',#2547);
#752=VERTEX_POINT('',#2549);
#753=VERTEX_POINT('',#2558);
#754=VERTEX_POINT('',#2559);
#755=VERTEX_POINT('',#2561);
#756=VERTEX_POINT('',#2563);
#757=VERTEX_POINT('',#2567);
#758=VERTEX_POINT('',#2569);
#759=VERTEX_POINT('',#2573);
#760=VERTEX_POINT('',#2575);
#761=VERTEX_POINT('',#2584);
#762=VERTEX_POINT('',#2585);
#763=VERTEX_POINT('',#2587);
#764=VERTEX_POINT('',#2589);
#765=VERTEX_POINT('',#2593);
#766=VERTEX_POINT('',#2595);
#767=VERTEX_POINT('',#2599);
#768=VERTEX_POINT('',#2601);
#769=VERTEX_POINT('',#2611);
#770=VERTEX_POINT('',#2612);
#771=VERTEX_POINT('',#2614);
#772=VERTEX_POINT('',#2616);
#773=VERTEX_POINT('',#2620);
#774=VERTEX_POINT('',#2622);
#775=VERTEX_POINT('',#2626);
#776=VERTEX_POINT('',#2628);
#777=VERTEX_POINT('',#2637);
#778=VERTEX_POINT('',#2638);
#779=VERTEX_POINT('',#2640);
#780=VERTEX_POINT('',#2642);
#781=VERTEX_POINT('',#2646);
#782=VERTEX_POINT('',#2648);
#783=VERTEX_POINT('',#2652);
#784=VERTEX_POINT('',#2654);
#785=VERTEX_POINT('',#2658);
#786=VERTEX_POINT('',#2660);
#787=VERTEX_POINT('',#2664);
#788=VERTEX_POINT('',#2666);
#789=VERTEX_POINT('',#2670);
#790=VERTEX_POINT('',#2672);
#791=VERTEX_POINT('',#2676);
#792=VERTEX_POINT('',#2678);
#793=VERTEX_POINT('',#2682);
#794=VERTEX_POINT('',#2684);
#795=VERTEX_POINT('',#2688);
#796=VERTEX_POINT('',#2690);
#797=VERTEX_POINT('',#2694);
#798=VERTEX_POINT('',#2696);
#799=VERTEX_POINT('',#2700);
#800=VERTEX_POINT('',#2702);
#801=VERTEX_POINT('',#2711);
#802=VERTEX_POINT('',#2712);
#803=VERTEX_POINT('',#2714);
#804=VERTEX_POINT('',#2716);
#805=VERTEX_POINT('',#2720);
#806=VERTEX_POINT('',#2722);
#807=VERTEX_POINT('',#2726);
#808=VERTEX_POINT('',#2728);
#809=EDGE_CURVE('',#663,#664,#287,.T.);
#810=EDGE_CURVE('',#663,#665,#288,.T.);
#811=EDGE_CURVE('',#666,#665,#289,.T.);
#812=EDGE_CURVE('',#664,#666,#290,.T.);
#813=EDGE_CURVE('',#664,#667,#291,.T.);
#814=EDGE_CURVE('',#668,#666,#292,.T.);
#815=EDGE_CURVE('',#667,#668,#293,.T.);
#816=EDGE_CURVE('',#667,#669,#294,.T.);
#817=EDGE_CURVE('',#670,#668,#295,.T.);
#818=EDGE_CURVE('',#669,#670,#296,.T.);
#819=EDGE_CURVE('',#665,#671,#297,.T.);
#820=EDGE_CURVE('',#671,#672,#67,.T.);
#821=EDGE_CURVE('',#672,#670,#298,.T.);
#822=EDGE_CURVE('',#673,#674,#68,.T.);
#823=EDGE_CURVE('',#663,#673,#299,.T.);
#824=EDGE_CURVE('',#674,#669,#300,.T.);
#825=EDGE_CURVE('',#675,#674,#301,.T.);
#826=EDGE_CURVE('',#676,#675,#69,.T.);
#827=EDGE_CURVE('',#676,#673,#302,.T.);
#828=EDGE_CURVE('',#677,#671,#303,.T.);
#829=EDGE_CURVE('',#678,#677,#70,.T.);
#830=EDGE_CURVE('',#678,#672,#304,.T.);
#831=EDGE_CURVE('',#679,#678,#305,.T.);
#832=EDGE_CURVE('',#680,#679,#306,.T.);
#833=EDGE_CURVE('',#675,#680,#307,.T.);
#834=EDGE_CURVE('',#681,#680,#71,.T.);
#835=EDGE_CURVE('',#682,#679,#72,.T.);
#836=EDGE_CURVE('',#681,#682,#308,.T.);
#837=EDGE_CURVE('',#681,#676,#309,.T.);
#838=EDGE_CURVE('',#677,#682,#310,.T.);
#839=EDGE_CURVE('',#683,#684,#311,.T.);
#840=EDGE_CURVE('',#683,#685,#312,.T.);
#841=EDGE_CURVE('',#686,#685,#313,.T.);
#842=EDGE_CURVE('',#684,#686,#314,.T.);
#843=EDGE_CURVE('',#684,#687,#315,.T.);
#844=EDGE_CURVE('',#688,#686,#316,.T.);
#845=EDGE_CURVE('',#687,#688,#317,.T.);
#846=EDGE_CURVE('',#687,#689,#318,.T.);
#847=EDGE_CURVE('',#690,#688,#319,.T.);
#848=EDGE_CURVE('',#689,#690,#320,.T.);
#849=EDGE_CURVE('',#685,#691,#321,.T.);
#850=EDGE_CURVE('',#691,#692,#73,.T.);
#851=EDGE_CURVE('',#692,#690,#322,.T.);
#852=EDGE_CURVE('',#693,#694,#74,.T.);
#853=EDGE_CURVE('',#683,#693,#323,.T.);
#854=EDGE_CURVE('',#694,#689,#324,.T.);
#855=EDGE_CURVE('',#695,#694,#325,.T.);
#856=EDGE_CURVE('',#696,#695,#75,.T.);
#857=EDGE_CURVE('',#696,#693,#326,.T.);
#858=EDGE_CURVE('',#697,#691,#327,.T.);
#859=EDGE_CURVE('',#698,#697,#76,.T.);
#860=EDGE_CURVE('',#698,#692,#328,.T.);
#861=EDGE_CURVE('',#699,#695,#329,.T.);
#862=EDGE_CURVE('',#700,#698,#330,.T.);
#863=EDGE_CURVE('',#699,#700,#331,.T.);
#864=EDGE_CURVE('',#701,#699,#77,.T.);
#865=EDGE_CURVE('',#702,#700,#78,.T.);
#866=EDGE_CURVE('',#701,#702,#332,.T.);
#867=EDGE_CURVE('',#701,#696,#333,.T.);
#868=EDGE_CURVE('',#697,#702,#334,.T.);
#869=EDGE_CURVE('',#703,#704,#335,.T.);
#870=EDGE_CURVE('',#704,#705,#336,.T.);
#871=EDGE_CURVE('',#706,#705,#337,.T.);
#872=EDGE_CURVE('',#703,#706,#338,.T.);
#873=EDGE_CURVE('',#707,#703,#339,.T.);
#874=EDGE_CURVE('',#708,#706,#340,.T.);
#875=EDGE_CURVE('',#707,#708,#341,.T.);
#876=EDGE_CURVE('',#709,#707,#342,.T.);
#877=EDGE_CURVE('',#710,#708,#343,.T.);
#878=EDGE_CURVE('',#709,#710,#344,.T.);
#879=EDGE_CURVE('',#711,#710,#345,.T.);
#880=EDGE_CURVE('',#705,#712,#346,.T.);
#881=EDGE_CURVE('',#712,#711,#79,.T.);
#882=EDGE_CURVE('',#713,#714,#80,.T.);
#883=EDGE_CURVE('',#704,#713,#347,.T.);
#884=EDGE_CURVE('',#714,#709,#348,.T.);
#885=EDGE_CURVE('',#715,#714,#349,.T.);
#886=EDGE_CURVE('',#716,#715,#81,.T.);
#887=EDGE_CURVE('',#716,#713,#350,.T.);
#888=EDGE_CURVE('',#717,#716,#351,.T.);
#889=EDGE_CURVE('',#717,#718,#352,.T.);
#890=EDGE_CURVE('',#719,#718,#353,.T.);
#891=EDGE_CURVE('',#712,#719,#354,.T.);
#892=EDGE_CURVE('',#720,#719,#82,.T.);
#893=EDGE_CURVE('',#720,#711,#355,.T.);
#894=EDGE_CURVE('',#721,#715,#356,.T.);
#895=EDGE_CURVE('',#722,#720,#357,.T.);
#896=EDGE_CURVE('',#721,#722,#358,.T.);
#897=EDGE_CURVE('',#717,#721,#83,.T.);
#898=EDGE_CURVE('',#718,#722,#84,.T.);
#899=EDGE_CURVE('',#723,#724,#359,.T.);
#900=EDGE_CURVE('',#723,#725,#360,.T.);
#901=EDGE_CURVE('',#726,#725,#361,.T.);
#902=EDGE_CURVE('',#724,#726,#362,.T.);
#903=EDGE_CURVE('',#724,#727,#363,.T.);
#904=EDGE_CURVE('',#728,#726,#364,.T.);
#905=EDGE_CURVE('',#727,#728,#365,.T.);
#906=EDGE_CURVE('',#727,#729,#366,.T.);
#907=EDGE_CURVE('',#730,#728,#367,.T.);
#908=EDGE_CURVE('',#729,#730,#368,.T.);
#909=EDGE_CURVE('',#731,#732,#369,.T.);
#910=EDGE_CURVE('',#731,#733,#370,.T.);
#911=EDGE_CURVE('',#734,#733,#371,.T.);
#912=EDGE_CURVE('',#732,#734,#372,.T.);
#913=EDGE_CURVE('',#723,#732,#373,.T.);
#914=EDGE_CURVE('',#725,#734,#374,.T.);
#915=EDGE_CURVE('',#733,#735,#85,.T.);
#916=EDGE_CURVE('',#735,#730,#375,.T.);
#917=EDGE_CURVE('',#732,#736,#86,.T.);
#918=EDGE_CURVE('',#736,#729,#376,.T.);
#919=EDGE_CURVE('',#737,#736,#377,.T.);
#920=EDGE_CURVE('',#738,#737,#87,.T.);
#921=EDGE_CURVE('',#738,#732,#378,.T.);
#922=EDGE_CURVE('',#739,#731,#379,.T.);
#923=EDGE_CURVE('',#740,#739,#88,.T.);
#924=EDGE_CURVE('',#740,#735,#380,.T.);
#925=EDGE_CURVE('',#741,#740,#381,.T.);
#926=EDGE_CURVE('',#742,#741,#382,.T.);
#927=EDGE_CURVE('',#737,#742,#383,.T.);
#928=EDGE_CURVE('',#743,#742,#89,.T.);
#929=EDGE_CURVE('',#744,#741,#90,.T.);
#930=EDGE_CURVE('',#743,#744,#384,.T.);
#931=EDGE_CURVE('',#738,#743,#385,.T.);
#932=EDGE_CURVE('',#739,#744,#386,.T.);
#933=EDGE_CURVE('',#745,#746,#387,.T.);
#934=EDGE_CURVE('',#745,#747,#388,.T.);
#935=EDGE_CURVE('',#748,#747,#389,.T.);
#936=EDGE_CURVE('',#746,#748,#390,.T.);
#937=EDGE_CURVE('',#746,#749,#391,.T.);
#938=EDGE_CURVE('',#750,#748,#392,.T.);
#939=EDGE_CURVE('',#749,#750,#393,.T.);
#940=EDGE_CURVE('',#749,#751,#394,.T.);
#941=EDGE_CURVE('',#752,#750,#395,.T.);
#942=EDGE_CURVE('',#751,#752,#396,.T.);
#943=EDGE_CURVE('',#751,#745,#397,.T.);
#944=EDGE_CURVE('',#747,#752,#398,.T.);
#945=EDGE_CURVE('',#753,#754,#399,.T.);
#946=EDGE_CURVE('',#753,#755,#400,.T.);
#947=EDGE_CURVE('',#756,#755,#401,.T.);
#948=EDGE_CURVE('',#754,#756,#402,.T.);
#949=EDGE_CURVE('',#754,#757,#403,.T.);
#950=EDGE_CURVE('',#758,#756,#404,.T.);
#951=EDGE_CURVE('',#757,#758,#405,.T.);
#952=EDGE_CURVE('',#757,#759,#406,.T.);
#953=EDGE_CURVE('',#760,#758,#407,.T.);
#954=EDGE_CURVE('',#759,#760,#408,.T.);
#955=EDGE_CURVE('',#759,#753,#409,.T.);
#956=EDGE_CURVE('',#755,#760,#410,.T.);
#957=EDGE_CURVE('',#761,#762,#411,.T.);
#958=EDGE_CURVE('',#761,#763,#412,.T.);
#959=EDGE_CURVE('',#764,#763,#413,.T.);
#960=EDGE_CURVE('',#762,#764,#414,.T.);
#961=EDGE_CURVE('',#762,#765,#415,.T.);
#962=EDGE_CURVE('',#766,#764,#416,.T.);
#963=EDGE_CURVE('',#765,#766,#417,.T.);
#964=EDGE_CURVE('',#765,#767,#418,.T.);
#965=EDGE_CURVE('',#768,#766,#419,.T.);
#966=EDGE_CURVE('',#767,#768,#420,.T.);
#967=EDGE_CURVE('',#767,#761,#421,.T.);
#968=EDGE_CURVE('',#763,#768,#422,.T.);
#969=EDGE_CURVE('',#769,#770,#423,.T.);
#970=EDGE_CURVE('',#771,#770,#424,.T.);
#971=EDGE_CURVE('',#772,#771,#425,.T.);
#972=EDGE_CURVE('',#772,#769,#426,.T.);
#973=EDGE_CURVE('',#770,#773,#427,.T.);
#974=EDGE_CURVE('',#774,#773,#428,.T.);
#975=EDGE_CURVE('',#771,#774,#429,.T.);
#976=EDGE_CURVE('',#773,#775,#430,.T.);
#977=EDGE_CURVE('',#776,#775,#431,.T.);
#978=EDGE_CURVE('',#774,#776,#432,.T.);
#979=EDGE_CURVE('',#775,#769,#433,.T.);
#980=EDGE_CURVE('',#772,#776,#434,.T.);
#981=EDGE_CURVE('',#777,#778,#435,.T.);
#982=EDGE_CURVE('',#777,#779,#436,.T.);
#983=EDGE_CURVE('',#780,#779,#437,.T.);
#984=EDGE_CURVE('',#778,#780,#438,.T.);
#985=EDGE_CURVE('',#778,#781,#91,.T.);
#986=EDGE_CURVE('',#782,#780,#92,.T.);
#987=EDGE_CURVE('',#781,#782,#439,.T.);
#988=EDGE_CURVE('',#781,#783,#440,.T.);
#989=EDGE_CURVE('',#784,#782,#441,.T.);
#990=EDGE_CURVE('',#783,#784,#442,.T.);
#991=EDGE_CURVE('',#783,#785,#93,.T.);
#992=EDGE_CURVE('',#786,#784,#94,.T.);
#993=EDGE_CURVE('',#785,#786,#443,.T.);
#994=EDGE_CURVE('',#785,#787,#444,.T.);
#995=EDGE_CURVE('',#788,#786,#445,.T.);
#996=EDGE_CURVE('',#787,#788,#446,.T.);
#997=EDGE_CURVE('',#787,#789,#447,.T.);
#998=EDGE_CURVE('',#790,#788,#448,.T.);
#999=EDGE_CURVE('',#789,#790,#449,.T.);
#1000=EDGE_CURVE('',#789,#791,#450,.T.);
#1001=EDGE_CURVE('',#792,#790,#451,.T.);
#1002=EDGE_CURVE('',#791,#792,#452,.T.);
#1003=EDGE_CURVE('',#791,#793,#95,.T.);
#1004=EDGE_CURVE('',#794,#792,#96,.T.);
#1005=EDGE_CURVE('',#793,#794,#453,.T.);
#1006=EDGE_CURVE('',#793,#795,#454,.T.);
#1007=EDGE_CURVE('',#796,#794,#455,.T.);
#1008=EDGE_CURVE('',#795,#796,#456,.T.);
#1009=EDGE_CURVE('',#795,#797,#97,.T.);
#1010=EDGE_CURVE('',#798,#796,#98,.T.);
#1011=EDGE_CURVE('',#797,#798,#457,.T.);
#1012=EDGE_CURVE('',#797,#799,#458,.T.);
#1013=EDGE_CURVE('',#800,#798,#459,.T.);
#1014=EDGE_CURVE('',#799,#800,#460,.T.);
#1015=EDGE_CURVE('',#799,#777,#461,.T.);
#1016=EDGE_CURVE('',#779,#800,#462,.T.);
#1017=EDGE_CURVE('',#801,#802,#463,.T.);
#1018=EDGE_CURVE('',#801,#803,#464,.T.);
#1019=EDGE_CURVE('',#804,#803,#465,.T.);
#1020=EDGE_CURVE('',#802,#804,#466,.T.);
#1021=EDGE_CURVE('',#802,#805,#467,.T.);
#1022=EDGE_CURVE('',#806,#804,#468,.T.);
#1023=EDGE_CURVE('',#805,#806,#469,.T.);
#1024=EDGE_CURVE('',#805,#807,#470,.T.);
#1025=EDGE_CURVE('',#808,#806,#471,.T.);
#1026=EDGE_CURVE('',#807,#808,#472,.T.);
#1027=EDGE_CURVE('',#807,#801,#473,.T.);
#1028=EDGE_CURVE('',#803,#808,#474,.T.);
#1029=ORIENTED_EDGE('',*,*,#809,.F.);
#1030=ORIENTED_EDGE('',*,*,#810,.T.);
#1031=ORIENTED_EDGE('',*,*,#811,.F.);
#1032=ORIENTED_EDGE('',*,*,#812,.F.);
#1033=ORIENTED_EDGE('',*,*,#813,.F.);
#1034=ORIENTED_EDGE('',*,*,#812,.T.);
#1035=ORIENTED_EDGE('',*,*,#814,.F.);
#1036=ORIENTED_EDGE('',*,*,#815,.F.);
#1037=ORIENTED_EDGE('',*,*,#816,.F.);
#1038=ORIENTED_EDGE('',*,*,#815,.T.);
#1039=ORIENTED_EDGE('',*,*,#817,.F.);
#1040=ORIENTED_EDGE('',*,*,#818,.F.);
#1041=ORIENTED_EDGE('',*,*,#819,.T.);
#1042=ORIENTED_EDGE('',*,*,#820,.T.);
#1043=ORIENTED_EDGE('',*,*,#821,.T.);
#1044=ORIENTED_EDGE('',*,*,#817,.T.);
#1045=ORIENTED_EDGE('',*,*,#814,.T.);
#1046=ORIENTED_EDGE('',*,*,#811,.T.);
#1047=ORIENTED_EDGE('',*,*,#822,.F.);
#1048=ORIENTED_EDGE('',*,*,#823,.F.);
#1049=ORIENTED_EDGE('',*,*,#809,.T.);
#1050=ORIENTED_EDGE('',*,*,#813,.T.);
#1051=ORIENTED_EDGE('',*,*,#816,.T.);
#1052=ORIENTED_EDGE('',*,*,#824,.F.);
#1053=ORIENTED_EDGE('',*,*,#822,.T.);
#1054=ORIENTED_EDGE('',*,*,#825,.F.);
#1055=ORIENTED_EDGE('',*,*,#826,.F.);
#1056=ORIENTED_EDGE('',*,*,#827,.T.);
#1057=ORIENTED_EDGE('',*,*,#828,.F.);
#1058=ORIENTED_EDGE('',*,*,#829,.F.);
#1059=ORIENTED_EDGE('',*,*,#830,.T.);
#1060=ORIENTED_EDGE('',*,*,#820,.F.);
#1061=ORIENTED_EDGE('',*,*,#830,.F.);
#1062=ORIENTED_EDGE('',*,*,#831,.F.);
#1063=ORIENTED_EDGE('',*,*,#832,.F.);
#1064=ORIENTED_EDGE('',*,*,#833,.F.);
#1065=ORIENTED_EDGE('',*,*,#825,.T.);
#1066=ORIENTED_EDGE('',*,*,#824,.T.);
#1067=ORIENTED_EDGE('',*,*,#818,.T.);
#1068=ORIENTED_EDGE('',*,*,#821,.F.);
#1069=ORIENTED_EDGE('',*,*,#834,.T.);
#1070=ORIENTED_EDGE('',*,*,#832,.T.);
#1071=ORIENTED_EDGE('',*,*,#835,.F.);
#1072=ORIENTED_EDGE('',*,*,#836,.F.);
#1073=ORIENTED_EDGE('',*,*,#837,.F.);
#1074=ORIENTED_EDGE('',*,*,#836,.T.);
#1075=ORIENTED_EDGE('',*,*,#838,.F.);
#1076=ORIENTED_EDGE('',*,*,#828,.T.);
#1077=ORIENTED_EDGE('',*,*,#819,.F.);
#1078=ORIENTED_EDGE('',*,*,#810,.F.);
#1079=ORIENTED_EDGE('',*,*,#823,.T.);
#1080=ORIENTED_EDGE('',*,*,#827,.F.);
#1081=ORIENTED_EDGE('',*,*,#838,.T.);
#1082=ORIENTED_EDGE('',*,*,#835,.T.);
#1083=ORIENTED_EDGE('',*,*,#831,.T.);
#1084=ORIENTED_EDGE('',*,*,#829,.T.);
#1085=ORIENTED_EDGE('',*,*,#826,.T.);
#1086=ORIENTED_EDGE('',*,*,#833,.T.);
#1087=ORIENTED_EDGE('',*,*,#834,.F.);
#1088=ORIENTED_EDGE('',*,*,#837,.T.);
#1089=ORIENTED_EDGE('',*,*,#839,.F.);
#1090=ORIENTED_EDGE('',*,*,#840,.T.);
#1091=ORIENTED_EDGE('',*,*,#841,.F.);
#1092=ORIENTED_EDGE('',*,*,#842,.F.);
#1093=ORIENTED_EDGE('',*,*,#843,.F.);
#1094=ORIENTED_EDGE('',*,*,#842,.T.);
#1095=ORIENTED_EDGE('',*,*,#844,.F.);
#1096=ORIENTED_EDGE('',*,*,#845,.F.);
#1097=ORIENTED_EDGE('',*,*,#846,.F.);
#1098=ORIENTED_EDGE('',*,*,#845,.T.);
#1099=ORIENTED_EDGE('',*,*,#847,.F.);
#1100=ORIENTED_EDGE('',*,*,#848,.F.);
#1101=ORIENTED_EDGE('',*,*,#849,.T.);
#1102=ORIENTED_EDGE('',*,*,#850,.T.);
#1103=ORIENTED_EDGE('',*,*,#851,.T.);
#1104=ORIENTED_EDGE('',*,*,#847,.T.);
#1105=ORIENTED_EDGE('',*,*,#844,.T.);
#1106=ORIENTED_EDGE('',*,*,#841,.T.);
#1107=ORIENTED_EDGE('',*,*,#852,.F.);
#1108=ORIENTED_EDGE('',*,*,#853,.F.);
#1109=ORIENTED_EDGE('',*,*,#839,.T.);
#1110=ORIENTED_EDGE('',*,*,#843,.T.);
#1111=ORIENTED_EDGE('',*,*,#846,.T.);
#1112=ORIENTED_EDGE('',*,*,#854,.F.);
#1113=ORIENTED_EDGE('',*,*,#852,.T.);
#1114=ORIENTED_EDGE('',*,*,#855,.F.);
#1115=ORIENTED_EDGE('',*,*,#856,.F.);
#1116=ORIENTED_EDGE('',*,*,#857,.T.);
#1117=ORIENTED_EDGE('',*,*,#858,.F.);
#1118=ORIENTED_EDGE('',*,*,#859,.F.);
#1119=ORIENTED_EDGE('',*,*,#860,.T.);
#1120=ORIENTED_EDGE('',*,*,#850,.F.);
#1121=ORIENTED_EDGE('',*,*,#861,.T.);
#1122=ORIENTED_EDGE('',*,*,#855,.T.);
#1123=ORIENTED_EDGE('',*,*,#854,.T.);
#1124=ORIENTED_EDGE('',*,*,#848,.T.);
#1125=ORIENTED_EDGE('',*,*,#851,.F.);
#1126=ORIENTED_EDGE('',*,*,#860,.F.);
#1127=ORIENTED_EDGE('',*,*,#862,.F.);
#1128=ORIENTED_EDGE('',*,*,#863,.F.);
#1129=ORIENTED_EDGE('',*,*,#864,.T.);
#1130=ORIENTED_EDGE('',*,*,#863,.T.);
#1131=ORIENTED_EDGE('',*,*,#865,.F.);
#1132=ORIENTED_EDGE('',*,*,#866,.F.);
#1133=ORIENTED_EDGE('',*,*,#867,.F.);
#1134=ORIENTED_EDGE('',*,*,#866,.T.);
#1135=ORIENTED_EDGE('',*,*,#868,.F.);
#1136=ORIENTED_EDGE('',*,*,#858,.T.);
#1137=ORIENTED_EDGE('',*,*,#849,.F.);
#1138=ORIENTED_EDGE('',*,*,#840,.F.);
#1139=ORIENTED_EDGE('',*,*,#853,.T.);
#1140=ORIENTED_EDGE('',*,*,#857,.F.);
#1141=ORIENTED_EDGE('',*,*,#868,.T.);
#1142=ORIENTED_EDGE('',*,*,#865,.T.);
#1143=ORIENTED_EDGE('',*,*,#862,.T.);
#1144=ORIENTED_EDGE('',*,*,#859,.T.);
#1145=ORIENTED_EDGE('',*,*,#856,.T.);
#1146=ORIENTED_EDGE('',*,*,#861,.F.);
#1147=ORIENTED_EDGE('',*,*,#864,.F.);
#1148=ORIENTED_EDGE('',*,*,#867,.T.);
#1149=ORIENTED_EDGE('',*,*,#869,.T.);
#1150=ORIENTED_EDGE('',*,*,#870,.T.);
#1151=ORIENTED_EDGE('',*,*,#871,.F.);
#1152=ORIENTED_EDGE('',*,*,#872,.F.);
#1153=ORIENTED_EDGE('',*,*,#873,.T.);
#1154=ORIENTED_EDGE('',*,*,#872,.T.);
#1155=ORIENTED_EDGE('',*,*,#874,.F.);
#1156=ORIENTED_EDGE('',*,*,#875,.F.);
#1157=ORIENTED_EDGE('',*,*,#876,.T.);
#1158=ORIENTED_EDGE('',*,*,#875,.T.);
#1159=ORIENTED_EDGE('',*,*,#877,.F.);
#1160=ORIENTED_EDGE('',*,*,#878,.F.);
#1161=ORIENTED_EDGE('',*,*,#879,.T.);
#1162=ORIENTED_EDGE('',*,*,#877,.T.);
#1163=ORIENTED_EDGE('',*,*,#874,.T.);
#1164=ORIENTED_EDGE('',*,*,#871,.T.);
#1165=ORIENTED_EDGE('',*,*,#880,.T.);
#1166=ORIENTED_EDGE('',*,*,#881,.T.);
#1167=ORIENTED_EDGE('',*,*,#882,.F.);
#1168=ORIENTED_EDGE('',*,*,#883,.F.);
#1169=ORIENTED_EDGE('',*,*,#869,.F.);
#1170=ORIENTED_EDGE('',*,*,#873,.F.);
#1171=ORIENTED_EDGE('',*,*,#876,.F.);
#1172=ORIENTED_EDGE('',*,*,#884,.F.);
#1173=ORIENTED_EDGE('',*,*,#882,.T.);
#1174=ORIENTED_EDGE('',*,*,#885,.F.);
#1175=ORIENTED_EDGE('',*,*,#886,.F.);
#1176=ORIENTED_EDGE('',*,*,#887,.T.);
#1177=ORIENTED_EDGE('',*,*,#888,.F.);
#1178=ORIENTED_EDGE('',*,*,#889,.T.);
#1179=ORIENTED_EDGE('',*,*,#890,.F.);
#1180=ORIENTED_EDGE('',*,*,#891,.F.);
#1181=ORIENTED_EDGE('',*,*,#880,.F.);
#1182=ORIENTED_EDGE('',*,*,#870,.F.);
#1183=ORIENTED_EDGE('',*,*,#883,.T.);
#1184=ORIENTED_EDGE('',*,*,#887,.F.);
#1185=ORIENTED_EDGE('',*,*,#891,.T.);
#1186=ORIENTED_EDGE('',*,*,#892,.F.);
#1187=ORIENTED_EDGE('',*,*,#893,.T.);
#1188=ORIENTED_EDGE('',*,*,#881,.F.);
#1189=ORIENTED_EDGE('',*,*,#894,.T.);
#1190=ORIENTED_EDGE('',*,*,#885,.T.);
#1191=ORIENTED_EDGE('',*,*,#884,.T.);
#1192=ORIENTED_EDGE('',*,*,#878,.T.);
#1193=ORIENTED_EDGE('',*,*,#879,.F.);
#1194=ORIENTED_EDGE('',*,*,#893,.F.);
#1195=ORIENTED_EDGE('',*,*,#895,.F.);
#1196=ORIENTED_EDGE('',*,*,#896,.F.);
#1197=ORIENTED_EDGE('',*,*,#897,.T.);
#1198=ORIENTED_EDGE('',*,*,#896,.T.);
#1199=ORIENTED_EDGE('',*,*,#898,.F.);
#1200=ORIENTED_EDGE('',*,*,#889,.F.);
#1201=ORIENTED_EDGE('',*,*,#898,.T.);
#1202=ORIENTED_EDGE('',*,*,#895,.T.);
#1203=ORIENTED_EDGE('',*,*,#892,.T.);
#1204=ORIENTED_EDGE('',*,*,#890,.T.);
#1205=ORIENTED_EDGE('',*,*,#886,.T.);
#1206=ORIENTED_EDGE('',*,*,#894,.F.);
#1207=ORIENTED_EDGE('',*,*,#897,.F.);
#1208=ORIENTED_EDGE('',*,*,#888,.T.);
#1209=ORIENTED_EDGE('',*,*,#899,.F.);
#1210=ORIENTED_EDGE('',*,*,#900,.T.);
#1211=ORIENTED_EDGE('',*,*,#901,.F.);
#1212=ORIENTED_EDGE('',*,*,#902,.F.);
#1213=ORIENTED_EDGE('',*,*,#903,.F.);
#1214=ORIENTED_EDGE('',*,*,#902,.T.);
#1215=ORIENTED_EDGE('',*,*,#904,.F.);
#1216=ORIENTED_EDGE('',*,*,#905,.F.);
#1217=ORIENTED_EDGE('',*,*,#906,.F.);
#1218=ORIENTED_EDGE('',*,*,#905,.T.);
#1219=ORIENTED_EDGE('',*,*,#907,.F.);
#1220=ORIENTED_EDGE('',*,*,#908,.F.);
#1221=ORIENTED_EDGE('',*,*,#909,.F.);
#1222=ORIENTED_EDGE('',*,*,#910,.T.);
#1223=ORIENTED_EDGE('',*,*,#911,.F.);
#1224=ORIENTED_EDGE('',*,*,#912,.F.);
#1225=ORIENTED_EDGE('',*,*,#913,.T.);
#1226=ORIENTED_EDGE('',*,*,#912,.T.);
#1227=ORIENTED_EDGE('',*,*,#914,.F.);
#1228=ORIENTED_EDGE('',*,*,#900,.F.);
#1229=ORIENTED_EDGE('',*,*,#914,.T.);
#1230=ORIENTED_EDGE('',*,*,#911,.T.);
#1231=ORIENTED_EDGE('',*,*,#915,.T.);
#1232=ORIENTED_EDGE('',*,*,#916,.T.);
#1233=ORIENTED_EDGE('',*,*,#907,.T.);
#1234=ORIENTED_EDGE('',*,*,#904,.T.);
#1235=ORIENTED_EDGE('',*,*,#901,.T.);
#1236=ORIENTED_EDGE('',*,*,#917,.F.);
#1237=ORIENTED_EDGE('',*,*,#913,.F.);
#1238=ORIENTED_EDGE('',*,*,#899,.T.);
#1239=ORIENTED_EDGE('',*,*,#903,.T.);
#1240=ORIENTED_EDGE('',*,*,#906,.T.);
#1241=ORIENTED_EDGE('',*,*,#918,.F.);
#1242=ORIENTED_EDGE('',*,*,#917,.T.);
#1243=ORIENTED_EDGE('',*,*,#919,.F.);
#1244=ORIENTED_EDGE('',*,*,#920,.F.);
#1245=ORIENTED_EDGE('',*,*,#921,.T.);
#1246=ORIENTED_EDGE('',*,*,#922,.F.);
#1247=ORIENTED_EDGE('',*,*,#923,.F.);
#1248=ORIENTED_EDGE('',*,*,#924,.T.);
#1249=ORIENTED_EDGE('',*,*,#915,.F.);
#1250=ORIENTED_EDGE('',*,*,#910,.F.);
#1251=ORIENTED_EDGE('',*,*,#924,.F.);
#1252=ORIENTED_EDGE('',*,*,#925,.F.);
#1253=ORIENTED_EDGE('',*,*,#926,.F.);
#1254=ORIENTED_EDGE('',*,*,#927,.F.);
#1255=ORIENTED_EDGE('',*,*,#919,.T.);
#1256=ORIENTED_EDGE('',*,*,#918,.T.);
#1257=ORIENTED_EDGE('',*,*,#908,.T.);
#1258=ORIENTED_EDGE('',*,*,#916,.F.);
#1259=ORIENTED_EDGE('',*,*,#928,.T.);
#1260=ORIENTED_EDGE('',*,*,#926,.T.);
#1261=ORIENTED_EDGE('',*,*,#929,.F.);
#1262=ORIENTED_EDGE('',*,*,#930,.F.);
#1263=ORIENTED_EDGE('',*,*,#931,.T.);
#1264=ORIENTED_EDGE('',*,*,#930,.T.);
#1265=ORIENTED_EDGE('',*,*,#932,.F.);
#1266=ORIENTED_EDGE('',*,*,#922,.T.);
#1267=ORIENTED_EDGE('',*,*,#909,.T.);
#1268=ORIENTED_EDGE('',*,*,#921,.F.);
#1269=ORIENTED_EDGE('',*,*,#932,.T.);
#1270=ORIENTED_EDGE('',*,*,#929,.T.);
#1271=ORIENTED_EDGE('',*,*,#925,.T.);
#1272=ORIENTED_EDGE('',*,*,#923,.T.);
#1273=ORIENTED_EDGE('',*,*,#920,.T.);
#1274=ORIENTED_EDGE('',*,*,#927,.T.);
#1275=ORIENTED_EDGE('',*,*,#928,.F.);
#1276=ORIENTED_EDGE('',*,*,#931,.F.);
#1277=ORIENTED_EDGE('',*,*,#933,.F.);
#1278=ORIENTED_EDGE('',*,*,#934,.T.);
#1279=ORIENTED_EDGE('',*,*,#935,.F.);
#1280=ORIENTED_EDGE('',*,*,#936,.F.);
#1281=ORIENTED_EDGE('',*,*,#937,.F.);
#1282=ORIENTED_EDGE('',*,*,#936,.T.);
#1283=ORIENTED_EDGE('',*,*,#938,.F.);
#1284=ORIENTED_EDGE('',*,*,#939,.F.);
#1285=ORIENTED_EDGE('',*,*,#940,.F.);
#1286=ORIENTED_EDGE('',*,*,#939,.T.);
#1287=ORIENTED_EDGE('',*,*,#941,.F.);
#1288=ORIENTED_EDGE('',*,*,#942,.F.);
#1289=ORIENTED_EDGE('',*,*,#943,.F.);
#1290=ORIENTED_EDGE('',*,*,#942,.T.);
#1291=ORIENTED_EDGE('',*,*,#944,.F.);
#1292=ORIENTED_EDGE('',*,*,#934,.F.);
#1293=ORIENTED_EDGE('',*,*,#944,.T.);
#1294=ORIENTED_EDGE('',*,*,#941,.T.);
#1295=ORIENTED_EDGE('',*,*,#938,.T.);
#1296=ORIENTED_EDGE('',*,*,#935,.T.);
#1297=ORIENTED_EDGE('',*,*,#943,.T.);
#1298=ORIENTED_EDGE('',*,*,#933,.T.);
#1299=ORIENTED_EDGE('',*,*,#937,.T.);
#1300=ORIENTED_EDGE('',*,*,#940,.T.);
#1301=ORIENTED_EDGE('',*,*,#945,.F.);
#1302=ORIENTED_EDGE('',*,*,#946,.T.);
#1303=ORIENTED_EDGE('',*,*,#947,.F.);
#1304=ORIENTED_EDGE('',*,*,#948,.F.);
#1305=ORIENTED_EDGE('',*,*,#949,.F.);
#1306=ORIENTED_EDGE('',*,*,#948,.T.);
#1307=ORIENTED_EDGE('',*,*,#950,.F.);
#1308=ORIENTED_EDGE('',*,*,#951,.F.);
#1309=ORIENTED_EDGE('',*,*,#952,.F.);
#1310=ORIENTED_EDGE('',*,*,#951,.T.);
#1311=ORIENTED_EDGE('',*,*,#953,.F.);
#1312=ORIENTED_EDGE('',*,*,#954,.F.);
#1313=ORIENTED_EDGE('',*,*,#955,.F.);
#1314=ORIENTED_EDGE('',*,*,#954,.T.);
#1315=ORIENTED_EDGE('',*,*,#956,.F.);
#1316=ORIENTED_EDGE('',*,*,#946,.F.);
#1317=ORIENTED_EDGE('',*,*,#956,.T.);
#1318=ORIENTED_EDGE('',*,*,#953,.T.);
#1319=ORIENTED_EDGE('',*,*,#950,.T.);
#1320=ORIENTED_EDGE('',*,*,#947,.T.);
#1321=ORIENTED_EDGE('',*,*,#955,.T.);
#1322=ORIENTED_EDGE('',*,*,#945,.T.);
#1323=ORIENTED_EDGE('',*,*,#949,.T.);
#1324=ORIENTED_EDGE('',*,*,#952,.T.);
#1325=ORIENTED_EDGE('',*,*,#957,.F.);
#1326=ORIENTED_EDGE('',*,*,#958,.T.);
#1327=ORIENTED_EDGE('',*,*,#959,.F.);
#1328=ORIENTED_EDGE('',*,*,#960,.F.);
#1329=ORIENTED_EDGE('',*,*,#961,.F.);
#1330=ORIENTED_EDGE('',*,*,#960,.T.);
#1331=ORIENTED_EDGE('',*,*,#962,.F.);
#1332=ORIENTED_EDGE('',*,*,#963,.F.);
#1333=ORIENTED_EDGE('',*,*,#964,.F.);
#1334=ORIENTED_EDGE('',*,*,#963,.T.);
#1335=ORIENTED_EDGE('',*,*,#965,.F.);
#1336=ORIENTED_EDGE('',*,*,#966,.F.);
#1337=ORIENTED_EDGE('',*,*,#967,.F.);
#1338=ORIENTED_EDGE('',*,*,#966,.T.);
#1339=ORIENTED_EDGE('',*,*,#968,.F.);
#1340=ORIENTED_EDGE('',*,*,#958,.F.);
#1341=ORIENTED_EDGE('',*,*,#968,.T.);
#1342=ORIENTED_EDGE('',*,*,#965,.T.);
#1343=ORIENTED_EDGE('',*,*,#962,.T.);
#1344=ORIENTED_EDGE('',*,*,#959,.T.);
#1345=ORIENTED_EDGE('',*,*,#967,.T.);
#1346=ORIENTED_EDGE('',*,*,#957,.T.);
#1347=ORIENTED_EDGE('',*,*,#961,.T.);
#1348=ORIENTED_EDGE('',*,*,#964,.T.);
#1349=ORIENTED_EDGE('',*,*,#969,.T.);
#1350=ORIENTED_EDGE('',*,*,#970,.F.);
#1351=ORIENTED_EDGE('',*,*,#971,.F.);
#1352=ORIENTED_EDGE('',*,*,#972,.T.);
#1353=ORIENTED_EDGE('',*,*,#973,.T.);
#1354=ORIENTED_EDGE('',*,*,#974,.F.);
#1355=ORIENTED_EDGE('',*,*,#975,.F.);
#1356=ORIENTED_EDGE('',*,*,#970,.T.);
#1357=ORIENTED_EDGE('',*,*,#976,.T.);
#1358=ORIENTED_EDGE('',*,*,#977,.F.);
#1359=ORIENTED_EDGE('',*,*,#978,.F.);
#1360=ORIENTED_EDGE('',*,*,#974,.T.);
#1361=ORIENTED_EDGE('',*,*,#979,.T.);
#1362=ORIENTED_EDGE('',*,*,#972,.F.);
#1363=ORIENTED_EDGE('',*,*,#980,.T.);
#1364=ORIENTED_EDGE('',*,*,#977,.T.);
#1365=ORIENTED_EDGE('',*,*,#975,.T.);
#1366=ORIENTED_EDGE('',*,*,#978,.T.);
#1367=ORIENTED_EDGE('',*,*,#980,.F.);
#1368=ORIENTED_EDGE('',*,*,#971,.T.);
#1369=ORIENTED_EDGE('',*,*,#976,.F.);
#1370=ORIENTED_EDGE('',*,*,#973,.F.);
#1371=ORIENTED_EDGE('',*,*,#969,.F.);
#1372=ORIENTED_EDGE('',*,*,#979,.F.);
#1373=ORIENTED_EDGE('',*,*,#981,.F.);
#1374=ORIENTED_EDGE('',*,*,#982,.T.);
#1375=ORIENTED_EDGE('',*,*,#983,.F.);
#1376=ORIENTED_EDGE('',*,*,#984,.F.);
#1377=ORIENTED_EDGE('',*,*,#985,.F.);
#1378=ORIENTED_EDGE('',*,*,#984,.T.);
#1379=ORIENTED_EDGE('',*,*,#986,.F.);
#1380=ORIENTED_EDGE('',*,*,#987,.F.);
#1381=ORIENTED_EDGE('',*,*,#988,.F.);
#1382=ORIENTED_EDGE('',*,*,#987,.T.);
#1383=ORIENTED_EDGE('',*,*,#989,.F.);
#1384=ORIENTED_EDGE('',*,*,#990,.F.);
#1385=ORIENTED_EDGE('',*,*,#991,.F.);
#1386=ORIENTED_EDGE('',*,*,#990,.T.);
#1387=ORIENTED_EDGE('',*,*,#992,.F.);
#1388=ORIENTED_EDGE('',*,*,#993,.F.);
#1389=ORIENTED_EDGE('',*,*,#994,.F.);
#1390=ORIENTED_EDGE('',*,*,#993,.T.);
#1391=ORIENTED_EDGE('',*,*,#995,.F.);
#1392=ORIENTED_EDGE('',*,*,#996,.F.);
#1393=ORIENTED_EDGE('',*,*,#997,.F.);
#1394=ORIENTED_EDGE('',*,*,#996,.T.);
#1395=ORIENTED_EDGE('',*,*,#998,.F.);
#1396=ORIENTED_EDGE('',*,*,#999,.F.);
#1397=ORIENTED_EDGE('',*,*,#1000,.F.);
#1398=ORIENTED_EDGE('',*,*,#999,.T.);
#1399=ORIENTED_EDGE('',*,*,#1001,.F.);
#1400=ORIENTED_EDGE('',*,*,#1002,.F.);
#1401=ORIENTED_EDGE('',*,*,#1003,.F.);
#1402=ORIENTED_EDGE('',*,*,#1002,.T.);
#1403=ORIENTED_EDGE('',*,*,#1004,.F.);
#1404=ORIENTED_EDGE('',*,*,#1005,.F.);
#1405=ORIENTED_EDGE('',*,*,#1006,.F.);
#1406=ORIENTED_EDGE('',*,*,#1005,.T.);
#1407=ORIENTED_EDGE('',*,*,#1007,.F.);
#1408=ORIENTED_EDGE('',*,*,#1008,.F.);
#1409=ORIENTED_EDGE('',*,*,#1009,.F.);
#1410=ORIENTED_EDGE('',*,*,#1008,.T.);
#1411=ORIENTED_EDGE('',*,*,#1010,.F.);
#1412=ORIENTED_EDGE('',*,*,#1011,.F.);
#1413=ORIENTED_EDGE('',*,*,#1012,.F.);
#1414=ORIENTED_EDGE('',*,*,#1011,.T.);
#1415=ORIENTED_EDGE('',*,*,#1013,.F.);
#1416=ORIENTED_EDGE('',*,*,#1014,.F.);
#1417=ORIENTED_EDGE('',*,*,#1015,.F.);
#1418=ORIENTED_EDGE('',*,*,#1014,.T.);
#1419=ORIENTED_EDGE('',*,*,#1016,.F.);
#1420=ORIENTED_EDGE('',*,*,#982,.F.);
#1421=ORIENTED_EDGE('',*,*,#1016,.T.);
#1422=ORIENTED_EDGE('',*,*,#1013,.T.);
#1423=ORIENTED_EDGE('',*,*,#1010,.T.);
#1424=ORIENTED_EDGE('',*,*,#1007,.T.);
#1425=ORIENTED_EDGE('',*,*,#1004,.T.);
#1426=ORIENTED_EDGE('',*,*,#1001,.T.);
#1427=ORIENTED_EDGE('',*,*,#998,.T.);
#1428=ORIENTED_EDGE('',*,*,#995,.T.);
#1429=ORIENTED_EDGE('',*,*,#992,.T.);
#1430=ORIENTED_EDGE('',*,*,#989,.T.);
#1431=ORIENTED_EDGE('',*,*,#986,.T.);
#1432=ORIENTED_EDGE('',*,*,#983,.T.);
#1433=ORIENTED_EDGE('',*,*,#1015,.T.);
#1434=ORIENTED_EDGE('',*,*,#981,.T.);
#1435=ORIENTED_EDGE('',*,*,#985,.T.);
#1436=ORIENTED_EDGE('',*,*,#988,.T.);
#1437=ORIENTED_EDGE('',*,*,#991,.T.);
#1438=ORIENTED_EDGE('',*,*,#994,.T.);
#1439=ORIENTED_EDGE('',*,*,#997,.T.);
#1440=ORIENTED_EDGE('',*,*,#1000,.T.);
#1441=ORIENTED_EDGE('',*,*,#1003,.T.);
#1442=ORIENTED_EDGE('',*,*,#1006,.T.);
#1443=ORIENTED_EDGE('',*,*,#1009,.T.);
#1444=ORIENTED_EDGE('',*,*,#1012,.T.);
#1445=ORIENTED_EDGE('',*,*,#1017,.F.);
#1446=ORIENTED_EDGE('',*,*,#1018,.T.);
#1447=ORIENTED_EDGE('',*,*,#1019,.F.);
#1448=ORIENTED_EDGE('',*,*,#1020,.F.);
#1449=ORIENTED_EDGE('',*,*,#1021,.F.);
#1450=ORIENTED_EDGE('',*,*,#1020,.T.);
#1451=ORIENTED_EDGE('',*,*,#1022,.F.);
#1452=ORIENTED_EDGE('',*,*,#1023,.F.);
#1453=ORIENTED_EDGE('',*,*,#1024,.F.);
#1454=ORIENTED_EDGE('',*,*,#1023,.T.);
#1455=ORIENTED_EDGE('',*,*,#1025,.F.);
#1456=ORIENTED_EDGE('',*,*,#1026,.F.);
#1457=ORIENTED_EDGE('',*,*,#1027,.F.);
#1458=ORIENTED_EDGE('',*,*,#1026,.T.);
#1459=ORIENTED_EDGE('',*,*,#1028,.F.);
#1460=ORIENTED_EDGE('',*,*,#1018,.F.);
#1461=ORIENTED_EDGE('',*,*,#1028,.T.);
#1462=ORIENTED_EDGE('',*,*,#1025,.T.);
#1463=ORIENTED_EDGE('',*,*,#1022,.T.);
#1464=ORIENTED_EDGE('',*,*,#1019,.T.);
#1465=ORIENTED_EDGE('',*,*,#1027,.T.);
#1466=ORIENTED_EDGE('',*,*,#1017,.T.);
#1467=ORIENTED_EDGE('',*,*,#1021,.T.);
#1468=ORIENTED_EDGE('',*,*,#1024,.T.);
#1469=PLANE('',#1687);
#1470=PLANE('',#1688);
#1471=PLANE('',#1689);
#1472=PLANE('',#1690);
#1473=PLANE('',#1692);
#1474=PLANE('',#1698);
#1475=PLANE('',#1702);
#1476=PLANE('',#1703);
#1477=PLANE('',#1704);
#1478=PLANE('',#1705);
#1479=PLANE('',#1706);
#1480=PLANE('',#1707);
#1481=PLANE('',#1708);
#1482=PLANE('',#1710);
#1483=PLANE('',#1716);
#1484=PLANE('',#1720);
#1485=PLANE('',#1721);
#1486=PLANE('',#1722);
#1487=PLANE('',#1723);
#1488=PLANE('',#1724);
#1489=PLANE('',#1725);
#1490=PLANE('',#1726);
#1491=PLANE('',#1728);
#1492=PLANE('',#1732);
#1493=PLANE('',#1735);
#1494=PLANE('',#1739);
#1495=PLANE('',#1740);
#1496=PLANE('',#1741);
#1497=PLANE('',#1742);
#1498=PLANE('',#1743);
#1499=PLANE('',#1744);
#1500=PLANE('',#1745);
#1501=PLANE('',#1746);
#1502=PLANE('',#1748);
#1503=PLANE('',#1754);
#1504=PLANE('',#1758);
#1505=PLANE('',#1759);
#1506=PLANE('',#1760);
#1507=PLANE('',#1762);
#1508=PLANE('',#1763);
#1509=PLANE('',#1764);
#1510=PLANE('',#1765);
#1511=PLANE('',#1766);
#1512=PLANE('',#1767);
#1513=PLANE('',#1768);
#1514=PLANE('',#1769);
#1515=PLANE('',#1770);
#1516=PLANE('',#1771);
#1517=PLANE('',#1772);
#1518=PLANE('',#1773);
#1519=PLANE('',#1774);
#1520=PLANE('',#1775);
#1521=PLANE('',#1776);
#1522=PLANE('',#1777);
#1523=PLANE('',#1778);
#1524=PLANE('',#1779);
#1525=PLANE('',#1781);
#1526=PLANE('',#1782);
#1527=PLANE('',#1783);
#1528=PLANE('',#1784);
#1529=PLANE('',#1785);
#1530=PLANE('',#1786);
#1531=PLANE('',#1787);
#1532=PLANE('',#1791);
#1533=PLANE('',#1795);
#1534=PLANE('',#1796);
#1535=PLANE('',#1797);
#1536=PLANE('',#1801);
#1537=PLANE('',#1805);
#1538=PLANE('',#1806);
#1539=PLANE('',#1807);
#1540=PLANE('',#1808);
#1541=PLANE('',#1809);
#1542=PLANE('',#1810);
#1543=PLANE('',#1811);
#1544=PLANE('',#1812);
#1545=PLANE('',#1813);
#1546=PLANE('',#1814);
#1547=ADVANCED_FACE('',(#99),#1469,.T.);
#1548=ADVANCED_FACE('',(#100),#1470,.T.);
#1549=ADVANCED_FACE('',(#101),#1471,.T.);
#1550=ADVANCED_FACE('',(#102),#1472,.T.);
#1551=ADVANCED_FACE('',(#103),#1473,.F.);
#1552=ADVANCED_FACE('',(#104),#51,.T.);
#1553=ADVANCED_FACE('',(#105),#52,.F.);
#1554=ADVANCED_FACE('',(#106),#1474,.T.);
#1555=ADVANCED_FACE('',(#107),#53,.T.);
#1556=ADVANCED_FACE('',(#108),#1475,.T.);
#1557=ADVANCED_FACE('',(#109),#1476,.T.);
#1558=ADVANCED_FACE('',(#110),#1477,.F.);
#1559=ADVANCED_FACE('',(#111),#1478,.T.);
#1560=ADVANCED_FACE('',(#112),#1479,.T.);
#1561=ADVANCED_FACE('',(#113),#1480,.T.);
#1562=ADVANCED_FACE('',(#114),#1481,.T.);
#1563=ADVANCED_FACE('',(#115),#1482,.F.);
#1564=ADVANCED_FACE('',(#116),#54,.T.);
#1565=ADVANCED_FACE('',(#117),#55,.F.);
#1566=ADVANCED_FACE('',(#118),#1483,.T.);
#1567=ADVANCED_FACE('',(#119),#56,.T.);
#1568=ADVANCED_FACE('',(#120),#1484,.T.);
#1569=ADVANCED_FACE('',(#121),#1485,.T.);
#1570=ADVANCED_FACE('',(#122),#1486,.F.);
#1571=ADVANCED_FACE('',(#123),#1487,.T.);
#1572=ADVANCED_FACE('',(#124),#1488,.T.);
#1573=ADVANCED_FACE('',(#125),#1489,.T.);
#1574=ADVANCED_FACE('',(#126),#1490,.T.);
#1575=ADVANCED_FACE('',(#127),#1491,.F.);
#1576=ADVANCED_FACE('',(#128),#57,.T.);
#1577=ADVANCED_FACE('',(#129),#1492,.T.);
#1578=ADVANCED_FACE('',(#130),#58,.F.);
#1579=ADVANCED_FACE('',(#131),#1493,.T.);
#1580=ADVANCED_FACE('',(#132),#59,.T.);
#1581=ADVANCED_FACE('',(#133),#1494,.T.);
#1582=ADVANCED_FACE('',(#134),#1495,.F.);
#1583=ADVANCED_FACE('',(#135),#1496,.T.);
#1584=ADVANCED_FACE('',(#136),#1497,.T.);
#1585=ADVANCED_FACE('',(#137),#1498,.T.);
#1586=ADVANCED_FACE('',(#138),#1499,.T.);
#1587=ADVANCED_FACE('',(#139),#1500,.T.);
#1588=ADVANCED_FACE('',(#140),#1501,.T.);
#1589=ADVANCED_FACE('',(#141),#1502,.F.);
#1590=ADVANCED_FACE('',(#142),#60,.T.);
#1591=ADVANCED_FACE('',(#143),#61,.F.);
#1592=ADVANCED_FACE('',(#144),#1503,.T.);
#1593=ADVANCED_FACE('',(#145),#62,.T.);
#1594=ADVANCED_FACE('',(#146),#1504,.T.);
#1595=ADVANCED_FACE('',(#147),#1505,.T.);
#1596=ADVANCED_FACE('',(#148),#1506,.F.);
#1597=ADVANCED_FACE('',(#149),#1507,.T.);
#1598=ADVANCED_FACE('',(#150),#1508,.T.);
#1599=ADVANCED_FACE('',(#151),#1509,.T.);
#1600=ADVANCED_FACE('',(#152),#1510,.T.);
#1601=ADVANCED_FACE('',(#153),#1511,.T.);
#1602=ADVANCED_FACE('',(#154),#1512,.F.);
#1603=ADVANCED_FACE('',(#155),#1513,.T.);
#1604=ADVANCED_FACE('',(#156),#1514,.T.);
#1605=ADVANCED_FACE('',(#157),#1515,.T.);
#1606=ADVANCED_FACE('',(#158),#1516,.T.);
#1607=ADVANCED_FACE('',(#159),#1517,.T.);
#1608=ADVANCED_FACE('',(#160),#1518,.F.);
#1609=ADVANCED_FACE('',(#161),#1519,.T.);
#1610=ADVANCED_FACE('',(#162),#1520,.T.);
#1611=ADVANCED_FACE('',(#163),#1521,.T.);
#1612=ADVANCED_FACE('',(#164),#1522,.T.);
#1613=ADVANCED_FACE('',(#165),#1523,.T.);
#1614=ADVANCED_FACE('',(#166),#1524,.F.);
#1615=ADVANCED_FACE('',(#167),#1525,.T.);
#1616=ADVANCED_FACE('',(#168),#1526,.T.);
#1617=ADVANCED_FACE('',(#169),#1527,.T.);
#1618=ADVANCED_FACE('',(#170),#1528,.T.);
#1619=ADVANCED_FACE('',(#171),#1529,.T.);
#1620=ADVANCED_FACE('',(#172),#1530,.T.);
#1621=ADVANCED_FACE('',(#173),#1531,.T.);
#1622=ADVANCED_FACE('',(#174),#63,.F.);
#1623=ADVANCED_FACE('',(#175),#1532,.T.);
#1624=ADVANCED_FACE('',(#176),#64,.F.);
#1625=ADVANCED_FACE('',(#177),#1533,.T.);
#1626=ADVANCED_FACE('',(#178),#1534,.T.);
#1627=ADVANCED_FACE('',(#179),#1535,.T.);
#1628=ADVANCED_FACE('',(#180),#65,.F.);
#1629=ADVANCED_FACE('',(#181),#1536,.T.);
#1630=ADVANCED_FACE('',(#182),#66,.F.);
#1631=ADVANCED_FACE('',(#183),#1537,.T.);
#1632=ADVANCED_FACE('',(#184),#1538,.T.);
#1633=ADVANCED_FACE('',(#185),#1539,.T.);
#1634=ADVANCED_FACE('',(#186),#1540,.F.);
#1635=ADVANCED_FACE('',(#187),#1541,.T.);
#1636=ADVANCED_FACE('',(#188),#1542,.T.);
#1637=ADVANCED_FACE('',(#189),#1543,.T.);
#1638=ADVANCED_FACE('',(#190),#1544,.T.);
#1639=ADVANCED_FACE('',(#191),#1545,.T.);
#1640=ADVANCED_FACE('',(#192),#1546,.F.);
#1641=CLOSED_SHELL('',(#1547,#1548,#1549,#1550,#1551,#1552,#1553,#1554,
#1555,#1556,#1557,#1558));
#1642=CLOSED_SHELL('',(#1559,#1560,#1561,#1562,#1563,#1564,#1565,#1566,
#1567,#1568,#1569,#1570));
#1643=CLOSED_SHELL('',(#1571,#1572,#1573,#1574,#1575,#1576,#1577,#1578,
#1579,#1580,#1581,#1582));
#1644=CLOSED_SHELL('',(#1583,#1584,#1585,#1586,#1587,#1588,#1589,#1590,
#1591,#1592,#1593,#1594,#1595,#1596));
#1645=CLOSED_SHELL('',(#1597,#1598,#1599,#1600,#1601,#1602));
#1646=CLOSED_SHELL('',(#1603,#1604,#1605,#1606,#1607,#1608));
#1647=CLOSED_SHELL('',(#1609,#1610,#1611,#1612,#1613,#1614));
#1648=CLOSED_SHELL('',(#1615,#1616,#1617,#1618,#1619,#1620));
#1649=CLOSED_SHELL('',(#1621,#1622,#1623,#1624,#1625,#1626,#1627,#1628,
#1629,#1630,#1631,#1632,#1633,#1634));
#1650=CLOSED_SHELL('',(#1635,#1636,#1637,#1638,#1639,#1640));
#1651=DERIVED_UNIT_ELEMENT(#1657,1.);
#1652=DERIVED_UNIT_ELEMENT(#2750,-3.);
#1653=DERIVED_UNIT_ELEMENT(#1657,1.);
#1654=DERIVED_UNIT_ELEMENT(#2750,-3.);
#1655=DERIVED_UNIT_ELEMENT(#1657,1.);
#1656=DERIVED_UNIT_ELEMENT(#2750,-3.);
#1657=(
MASS_UNIT()
NAMED_UNIT(*)
SI_UNIT(.KILO.,.GRAM.)
);
#1658=DERIVED_UNIT((#1651,#1652));
#1659=DERIVED_UNIT((#1653,#1654));
#1660=DERIVED_UNIT((#1655,#1656));
#1661=MEASURE_REPRESENTATION_ITEM('density measure',
POSITIVE_RATIO_MEASURE(8920.),#1658);
#1662=MEASURE_REPRESENTATION_ITEM('density measure',
POSITIVE_RATIO_MEASURE(7850.),#1659);
#1663=MEASURE_REPRESENTATION_ITEM('density measure',
POSITIVE_RATIO_MEASURE(1190.),#1660);
#1664=PROPERTY_DEFINITION_REPRESENTATION(#1679,#1670);
#1665=PROPERTY_DEFINITION_REPRESENTATION(#1680,#1671);
#1666=PROPERTY_DEFINITION_REPRESENTATION(#1681,#1672);
#1667=PROPERTY_DEFINITION_REPRESENTATION(#1682,#1673);
#1668=PROPERTY_DEFINITION_REPRESENTATION(#1683,#1674);
#1669=PROPERTY_DEFINITION_REPRESENTATION(#1684,#1675);
#1670=REPRESENTATION('material name',(#1676),#2745);
#1671=REPRESENTATION('density',(#1661),#2745);
#1672=REPRESENTATION('material name',(#1677),#2746);
#1673=REPRESENTATION('density',(#1662),#2746);
#1674=REPRESENTATION('material name',(#1678),#2747);
#1675=REPRESENTATION('density',(#1663),#2747);
#1676=DESCRIPTIVE_REPRESENTATION_ITEM('Copper, Alloy','Copper, Alloy');
#1677=DESCRIPTIVE_REPRESENTATION_ITEM('Steel','Steel');
#1678=DESCRIPTIVE_REPRESENTATION_ITEM('Acrylic, Clear','Acrylic, Clear');
#1679=PROPERTY_DEFINITION('material property','material name',#2770);
#1680=PROPERTY_DEFINITION('material property','density of part',#2770);
#1681=PROPERTY_DEFINITION('material property','material name',#2771);
#1682=PROPERTY_DEFINITION('material property','density of part',#2771);
#1683=PROPERTY_DEFINITION('material property','material name',#2772);
#1684=PROPERTY_DEFINITION('material property','density of part',#2772);
#1685=AXIS2_PLACEMENT_3D('',#2272,#1818,#1819);
#1686=AXIS2_PLACEMENT_3D('',#2273,#1820,#1821);
#1687=AXIS2_PLACEMENT_3D('',#2274,#1822,#1823);
#1688=AXIS2_PLACEMENT_3D('',#2283,#1828,#1829);
#1689=AXIS2_PLACEMENT_3D('',#2289,#1833,#1834);
#1690=AXIS2_PLACEMENT_3D('',#2295,#1838,#1839);
#1691=AXIS2_PLACEMENT_3D('',#2299,#1841,#1842);
#1692=AXIS2_PLACEMENT_3D('',#2301,#1844,#1845);
#1693=AXIS2_PLACEMENT_3D('',#2304,#1846,#1847);
#1694=AXIS2_PLACEMENT_3D('',#2307,#1850,#1851);
#1695=AXIS2_PLACEMENT_3D('',#2311,#1853,#1854);
#1696=AXIS2_PLACEMENT_3D('',#2313,#1856,#1857);
#1697=AXIS2_PLACEMENT_3D('',#2317,#1859,#1860);
#1698=AXIS2_PLACEMENT_3D('',#2319,#1862,#1863);
#1699=AXIS2_PLACEMENT_3D('',#2325,#1867,#1868);
#1700=AXIS2_PLACEMENT_3D('',#2327,#1869,#1870);
#1701=AXIS2_PLACEMENT_3D('',#2329,#1871,#1872);
#1702=AXIS2_PLACEMENT_3D('',#2331,#1874,#1875);
#1703=AXIS2_PLACEMENT_3D('',#2334,#1878,#1879);
#1704=AXIS2_PLACEMENT_3D('',#2335,#1880,#1881);
#1705=AXIS2_PLACEMENT_3D('',#2336,#1882,#1883);
#1706=AXIS2_PLACEMENT_3D('',#2345,#1888,#1889);
#1707=AXIS2_PLACEMENT_3D('',#2351,#1893,#1894);
#1708=AXIS2_PLACEMENT_3D('',#2357,#1898,#1899);
#1709=AXIS2_PLACEMENT_3D('',#2361,#1901,#1902);
#1710=AXIS2_PLACEMENT_3D('',#2363,#1904,#1905);
#1711=AXIS2_PLACEMENT_3D('',#2366,#1906,#1907);
#1712=AXIS2_PLACEMENT_3D('',#2369,#1910,#1911);
#1713=AXIS2_PLACEMENT_3D('',#2373,#1913,#1914);
#1714=AXIS2_PLACEMENT_3D('',#2375,#1916,#1917);
#1715=AXIS2_PLACEMENT_3D('',#2379,#1919,#1920);
#1716=AXIS2_PLACEMENT_3D('',#2381,#1922,#1923);
#1717=AXIS2_PLACEMENT_3D('',#2387,#1927,#1928);
#1718=AXIS2_PLACEMENT_3D('',#2389,#1929,#1930);
#1719=AXIS2_PLACEMENT_3D('',#2391,#1931,#1932);
#1720=AXIS2_PLACEMENT_3D('',#2393,#1934,#1935);
#1721=AXIS2_PLACEMENT_3D('',#2396,#1938,#1939);
#1722=AXIS2_PLACEMENT_3D('',#2397,#1940,#1941);
#1723=AXIS2_PLACEMENT_3D('',#2398,#1942,#1943);
#1724=AXIS2_PLACEMENT_3D('',#2407,#1948,#1949);
#1725=AXIS2_PLACEMENT_3D('',#2413,#1953,#1954);
#1726=AXIS2_PLACEMENT_3D('',#2419,#1958,#1959);
#1727=AXIS2_PLACEMENT_3D('',#2424,#1962,#1963);
#1728=AXIS2_PLACEMENT_3D('',#2425,#1964,#1965);
#1729=AXIS2_PLACEMENT_3D('',#2428,#1966,#1967);
#1730=AXIS2_PLACEMENT_3D('',#2431,#1970,#1971);
#1731=AXIS2_PLACEMENT_3D('',#2435,#1973,#1974);
#1732=AXIS2_PLACEMENT_3D('',#2437,#1976,#1977);
#1733=AXIS2_PLACEMENT_3D('',#2445,#1982,#1983);
#1734=AXIS2_PLACEMENT_3D('',#2447,#1984,#1985);
#1735=AXIS2_PLACEMENT_3D('',#2449,#1987,#1988);
#1736=AXIS2_PLACEMENT_3D('',#2455,#1992,#1993);
#1737=AXIS2_PLACEMENT_3D('',#2456,#1994,#1995);
#1738=AXIS2_PLACEMENT_3D('',#2457,#1996,#1997);
#1739=AXIS2_PLACEMENT_3D('',#2458,#1998,#1999);
#1740=AXIS2_PLACEMENT_3D('',#2459,#2000,#2001);
#1741=AXIS2_PLACEMENT_3D('',#2460,#2002,#2003);
#1742=AXIS2_PLACEMENT_3D('',#2469,#2008,#2009);
#1743=AXIS2_PLACEMENT_3D('',#2475,#2013,#2014);
#1744=AXIS2_PLACEMENT_3D('',#2481,#2018,#2019);
#1745=AXIS2_PLACEMENT_3D('',#2490,#2024,#2025);
#1746=AXIS2_PLACEMENT_3D('',#2493,#2028,#2029);
#1747=AXIS2_PLACEMENT_3D('',#2495,#2030,#2031);
#1748=AXIS2_PLACEMENT_3D('',#2497,#2033,#2034);
#1749=AXIS2_PLACEMENT_3D('',#2499,#2035,#2036);
#1750=AXIS2_PLACEMENT_3D('',#2501,#2038,#2039);
#1751=AXIS2_PLACEMENT_3D('',#2505,#2041,#2042);
#1752=AXIS2_PLACEMENT_3D('',#2507,#2044,#2045);
#1753=AXIS2_PLACEMENT_3D('',#2511,#2047,#2048);
#1754=AXIS2_PLACEMENT_3D('',#2513,#2050,#2051);
#1755=AXIS2_PLACEMENT_3D('',#2519,#2055,#2056);
#1756=AXIS2_PLACEMENT_3D('',#2521,#2057,#2058);
#1757=AXIS2_PLACEMENT_3D('',#2523,#2059,#2060);
#1758=AXIS2_PLACEMENT_3D('',#2525,#2062,#2063);
#1759=AXIS2_PLACEMENT_3D('',#2528,#2066,#2067);
#1760=AXIS2_PLACEMENT_3D('',#2529,#2068,#2069);
#1761=AXIS2_PLACEMENT_3D('',#2530,#2070,#2071);
#1762=AXIS2_PLACEMENT_3D('',#2531,#2072,#2073);
#1763=AXIS2_PLACEMENT_3D('',#2540,#2078,#2079);
#1764=AXIS2_PLACEMENT_3D('',#2546,#2083,#2084);
#1765=AXIS2_PLACEMENT_3D('',#2552,#2088,#2089);
#1766=AXIS2_PLACEMENT_3D('',#2555,#2092,#2093);
#1767=AXIS2_PLACEMENT_3D('',#2556,#2094,#2095);
#1768=AXIS2_PLACEMENT_3D('',#2557,#2096,#2097);
#1769=AXIS2_PLACEMENT_3D('',#2566,#2102,#2103);
#1770=AXIS2_PLACEMENT_3D('',#2572,#2107,#2108);
#1771=AXIS2_PLACEMENT_3D('',#2578,#2112,#2113);
#1772=AXIS2_PLACEMENT_3D('',#2581,#2116,#2117);
#1773=AXIS2_PLACEMENT_3D('',#2582,#2118,#2119);
#1774=AXIS2_PLACEMENT_3D('',#2583,#2120,#2121);
#1775=AXIS2_PLACEMENT_3D('',#2592,#2126,#2127);
#1776=AXIS2_PLACEMENT_3D('',#2598,#2131,#2132);
#1777=AXIS2_PLACEMENT_3D('',#2604,#2136,#2137);
#1778=AXIS2_PLACEMENT_3D('',#2607,#2140,#2141);
#1779=AXIS2_PLACEMENT_3D('',#2608,#2142,#2143);
#1780=AXIS2_PLACEMENT_3D('',#2609,#2144,#2145);
#1781=AXIS2_PLACEMENT_3D('',#2610,#2146,#2147);
#1782=AXIS2_PLACEMENT_3D('',#2619,#2152,#2153);
#1783=AXIS2_PLACEMENT_3D('',#2625,#2157,#2158);
#1784=AXIS2_PLACEMENT_3D('',#2631,#2162,#2163);
#1785=AXIS2_PLACEMENT_3D('',#2634,#2166,#2167);
#1786=AXIS2_PLACEMENT_3D('',#2635,#2168,#2169);
#1787=AXIS2_PLACEMENT_3D('',#2636,#2170,#2171);
#1788=AXIS2_PLACEMENT_3D('',#2645,#2176,#2177);
#1789=AXIS2_PLACEMENT_3D('',#2647,#2178,#2179);
#1790=AXIS2_PLACEMENT_3D('',#2649,#2180,#2181);
#1791=AXIS2_PLACEMENT_3D('',#2651,#2183,#2184);
#1792=AXIS2_PLACEMENT_3D('',#2657,#2188,#2189);
#1793=AXIS2_PLACEMENT_3D('',#2659,#2190,#2191);
#1794=AXIS2_PLACEMENT_3D('',#2661,#2192,#2193);
#1795=AXIS2_PLACEMENT_3D('',#2663,#2195,#2196);
#1796=AXIS2_PLACEMENT_3D('',#2669,#2200,#2201);
#1797=AXIS2_PLACEMENT_3D('',#2675,#2205,#2206);
#1798=AXIS2_PLACEMENT_3D('',#2681,#2210,#2211);
#1799=AXIS2_PLACEMENT_3D('',#2683,#2212,#2213);
#1800=AXIS2_PLACEMENT_3D('',#2685,#2214,#2215);
#1801=AXIS2_PLACEMENT_3D('',#2687,#2217,#2218);
#1802=AXIS2_PLACEMENT_3D('',#2693,#2222,#2223);
#1803=AXIS2_PLACEMENT_3D('',#2695,#2224,#2225);
#1804=AXIS2_PLACEMENT_3D('',#2697,#2226,#2227);
#1805=AXIS2_PLACEMENT_3D('',#2699,#2229,#2230);
#1806=AXIS2_PLACEMENT_3D('',#2705,#2234,#2235);
#1807=AXIS2_PLACEMENT_3D('',#2708,#2238,#2239);
#1808=AXIS2_PLACEMENT_3D('',#2709,#2240,#2241);
#1809=AXIS2_PLACEMENT_3D('',#2710,#2242,#2243);
#1810=AXIS2_PLACEMENT_3D('',#2719,#2248,#2249);
#1811=AXIS2_PLACEMENT_3D('',#2725,#2253,#2254);
#1812=AXIS2_PLACEMENT_3D('',#2731,#2258,#2259);
#1813=AXIS2_PLACEMENT_3D('',#2734,#2262,#2263);
#1814=AXIS2_PLACEMENT_3D('',#2735,#2264,#2265);
#1815=AXIS2_PLACEMENT_3D('',#2736,#2266,#2267);
#1816=AXIS2_PLACEMENT_3D('',#2737,#2268,#2269);
#1817=AXIS2_PLACEMENT_3D('',#2738,#2270,#2271);
#1818=DIRECTION('axis',(0.,0.,1.));
#1819=DIRECTION('refdir',(1.,0.,0.));
#1820=DIRECTION('axis',(0.,0.,1.));
#1821=DIRECTION('refdir',(1.,0.,0.));
#1822=DIRECTION('center_axis',(0.,0.,1.));
#1823=DIRECTION('ref_axis',(-1.,0.,0.));
#1824=DIRECTION('',(1.,0.,0.));
#1825=DIRECTION('',(0.,-1.,0.));
#1826=DIRECTION('',(-1.,0.,0.));
#1827=DIRECTION('',(0.,-1.,0.));
#1828=DIRECTION('center_axis',(1.,0.,0.));
#1829=DIRECTION('ref_axis',(0.,0.,1.));
#1830=DIRECTION('',(0.,0.,-1.));
#1831=DIRECTION('',(0.,0.,1.));
#1832=DIRECTION('',(0.,-1.,0.));
#1833=DIRECTION('center_axis',(0.,0.,-1.));
#1834=DIRECTION('ref_axis',(1.,0.,0.));
#1835=DIRECTION('',(-1.,0.,0.));
#1836=DIRECTION('',(1.,0.,0.));
#1837=DIRECTION('',(0.,-1.,0.));
#1838=DIRECTION('center_axis',(0.,-1.,0.));
#1839=DIRECTION('ref_axis',(1.,0.,0.));
#1840=DIRECTION('',(0.,0.,-1.));
#1841=DIRECTION('center_axis',(0.,1.,0.));
#1842=DIRECTION('ref_axis',(-4.93432455388959E-15,0.,-1.));
#1843=DIRECTION('',(0.,0.,-1.));
#1844=DIRECTION('center_axis',(0.,-1.,0.));
#1845=DIRECTION('ref_axis',(1.,0.,0.));
#1846=DIRECTION('center_axis',(0.,1.,0.));
#1847=DIRECTION('ref_axis',(-4.44089209850063E-15,0.,-1.));
#1848=DIRECTION('',(0.,0.,-1.));
#1849=DIRECTION('',(0.,0.,-1.));
#1850=DIRECTION('center_axis',(0.,-1.,0.));
#1851=DIRECTION('ref_axis',(-4.44089209850063E-15,0.,-1.));
#1852=DIRECTION('',(0.,-1.,0.));
#1853=DIRECTION('center_axis',(0.,1.,0.));
#1854=DIRECTION('ref_axis',(-4.44089209850063E-15,0.,-1.));
#1855=DIRECTION('',(0.,-1.,0.));
#1856=DIRECTION('center_axis',(0.,1.,0.));
#1857=DIRECTION('ref_axis',(1.,0.,2.89120579329468E-16));
#1858=DIRECTION('',(0.,-1.,0.));
#1859=DIRECTION('center_axis',(0.,-1.,0.));
#1860=DIRECTION('ref_axis',(-0.111111111111116,0.,0.993807989999906));
#1861=DIRECTION('',(0.,-1.,0.));
#1862=DIRECTION('center_axis',(-1.,0.,0.));
#1863=DIRECTION('ref_axis',(0.,0.,1.));
#1864=DIRECTION('',(0.,0.,1.));
#1865=DIRECTION('',(0.,1.,0.));
#1866=DIRECTION('',(0.,0.,-1.));
#1867=DIRECTION('center_axis',(0.,1.,0.));
#1868=DIRECTION('ref_axis',(1.,0.,1.22464679914735E-16));
#1869=DIRECTION('center_axis',(0.,1.,0.));
#1870=DIRECTION('ref_axis',(-1.,0.,0.));
#1871=DIRECTION('center_axis',(0.,1.,0.));
#1872=DIRECTION('ref_axis',(-1.,0.,0.));
#1873=DIRECTION('',(0.,1.,0.));
#1874=DIRECTION('center_axis',(-1.,0.,0.));
#1875=DIRECTION('ref_axis',(0.,0.,1.));
#1876=DIRECTION('',(0.,0.,-1.));
#1877=DIRECTION('',(0.,0.,1.));
#1878=DIRECTION('center_axis',(0.,1.,0.));
#1879=DIRECTION('ref_axis',(-1.,0.,0.));
#1880=DIRECTION('center_axis',(0.,1.,0.));
#1881=DIRECTION('ref_axis',(-1.,0.,0.));
#1882=DIRECTION('center_axis',(0.,0.,-1.));
#1883=DIRECTION('ref_axis',(1.,0.,0.));
#1884=DIRECTION('',(-1.,0.,0.));
#1885=DIRECTION('',(0.,-1.,0.));
#1886=DIRECTION('',(1.,0.,0.));
#1887=DIRECTION('',(0.,-1.,0.));
#1888=DIRECTION('center_axis',(-1.,0.,0.));
#1889=DIRECTION('ref_axis',(0.,0.,-1.));
#1890=DIRECTION('',(0.,0.,1.));
#1891=DIRECTION('',(0.,0.,-1.));
#1892=DIRECTION('',(0.,-1.,0.));
#1893=DIRECTION('center_axis',(0.,0.,1.));
#1894=DIRECTION('ref_axis',(-1.,0.,0.));
#1895=DIRECTION('',(1.,0.,0.));
#1896=DIRECTION('',(-1.,0.,0.));
#1897=DIRECTION('',(0.,-1.,0.));
#1898=DIRECTION('center_axis',(0.,-1.,0.));
#1899=DIRECTION('ref_axis',(1.,0.,0.));
#1900=DIRECTION('',(4.62592926927148E-16,0.,1.));
#1901=DIRECTION('center_axis',(0.,1.,0.));
#1902=DIRECTION('ref_axis',(0.,0.,1.));
#1903=DIRECTION('',(0.,0.,1.));
#1904=DIRECTION('center_axis',(0.,-1.,0.));
#1905=DIRECTION('ref_axis',(1.,0.,0.));
#1906=DIRECTION('center_axis',(0.,1.,0.));
#1907=DIRECTION('ref_axis',(0.,0.,1.));
#1908=DIRECTION('',(4.62592926927148E-16,0.,1.));
#1909=DIRECTION('',(0.,0.,1.));
#1910=DIRECTION('center_axis',(0.,-1.,0.));
#1911=DIRECTION('ref_axis',(0.,0.,1.));
#1912=DIRECTION('',(0.,-1.,0.));
#1913=DIRECTION('center_axis',(0.,1.,0.));
#1914=DIRECTION('ref_axis',(0.,0.,1.));
#1915=DIRECTION('',(0.,-1.,0.));
#1916=DIRECTION('center_axis',(0.,1.,0.));
#1917=DIRECTION('ref_axis',(-1.,0.,-1.92747052886312E-16));
#1918=DIRECTION('',(0.,-1.,0.));
#1919=DIRECTION('center_axis',(0.,-1.,0.));
#1920=DIRECTION('ref_axis',(0.111111111111111,0.,-0.993807989999906));
#1921=DIRECTION('',(0.,-1.,0.));
#1922=DIRECTION('center_axis',(1.,0.,0.));
#1923=DIRECTION('ref_axis',(0.,0.,-1.));
#1924=DIRECTION('',(0.,0.,-1.));
#1925=DIRECTION('',(0.,0.,-1.));
#1926=DIRECTION('',(0.,1.,0.));
#1927=DIRECTION('center_axis',(0.,1.,0.));
#1928=DIRECTION('ref_axis',(-1.,0.,0.));
#1929=DIRECTION('center_axis',(0.,1.,0.));
#1930=DIRECTION('ref_axis',(-1.,0.,0.));
#1931=DIRECTION('center_axis',(0.,1.,0.));
#1932=DIRECTION('ref_axis',(-1.,0.,0.));
#1933=DIRECTION('',(0.,1.,0.));
#1934=DIRECTION('center_axis',(1.,0.,0.));
#1935=DIRECTION('ref_axis',(0.,0.,-1.));
#1936=DIRECTION('',(0.,0.,1.));
#1937=DIRECTION('',(0.,0.,-1.));
#1938=DIRECTION('center_axis',(0.,1.,0.));
#1939=DIRECTION('ref_axis',(-1.,0.,0.));
#1940=DIRECTION('center_axis',(0.,1.,0.));
#1941=DIRECTION('ref_axis',(-1.,0.,0.));
#1942=DIRECTION('center_axis',(0.,0.,1.));
#1943=DIRECTION('ref_axis',(-1.,0.,0.));
#1944=DIRECTION('',(-1.,0.,0.));
#1945=DIRECTION('',(0.,-1.,0.));
#1946=DIRECTION('',(-1.,0.,0.));
#1947=DIRECTION('',(0.,-1.,0.));
#1948=DIRECTION('center_axis',(1.,0.,0.));
#1949=DIRECTION('ref_axis',(0.,0.,1.));
#1950=DIRECTION('',(0.,0.,1.));
#1951=DIRECTION('',(0.,0.,1.));
#1952=DIRECTION('',(0.,-1.,0.));
#1953=DIRECTION('center_axis',(0.,0.,-1.));
#1954=DIRECTION('ref_axis',(1.,0.,0.));
#1955=DIRECTION('',(1.,0.,0.));
#1956=DIRECTION('',(1.,0.,0.));
#1957=DIRECTION('',(0.,-1.,0.));
#1958=DIRECTION('center_axis',(0.,-1.,0.));
#1959=DIRECTION('ref_axis',(1.,0.,0.));
#1960=DIRECTION('',(0.,0.,-1.));
#1961=DIRECTION('',(0.,0.,-1.));
#1962=DIRECTION('center_axis',(0.,1.,0.));
#1963=DIRECTION('ref_axis',(-4.93432455388959E-15,0.,-1.));
#1964=DIRECTION('center_axis',(0.,-1.,0.));
#1965=DIRECTION('ref_axis',(1.,0.,0.));
#1966=DIRECTION('center_axis',(0.,1.,0.));
#1967=DIRECTION('ref_axis',(-4.44089209850063E-15,0.,-1.));
#1968=DIRECTION('',(0.,0.,-1.));
#1969=DIRECTION('',(0.,0.,-1.));
#1970=DIRECTION('center_axis',(0.,-1.,0.));
#1971=DIRECTION('ref_axis',(-4.44089209850063E-15,0.,-1.));
#1972=DIRECTION('',(0.,-1.,0.));
#1973=DIRECTION('center_axis',(0.,1.,0.));
#1974=DIRECTION('ref_axis',(-4.44089209850063E-15,0.,-1.));
#1975=DIRECTION('',(0.,-1.,0.));
#1976=DIRECTION('center_axis',(-1.,0.,0.));
#1977=DIRECTION('ref_axis',(0.,0.,1.));
#1978=DIRECTION('',(0.,0.,-1.));
#1979=DIRECTION('',(0.,1.,0.));
#1980=DIRECTION('',(0.,0.,1.));
#1981=DIRECTION('',(0.,1.,0.));
#1982=DIRECTION('center_axis',(0.,1.,0.));
#1983=DIRECTION('ref_axis',(1.,0.,2.69845874040837E-16));
#1984=DIRECTION('center_axis',(0.,-1.,0.));
#1985=DIRECTION('ref_axis',(-0.111111111111116,0.,0.993807989999906));
#1986=DIRECTION('',(0.,-1.,0.));
#1987=DIRECTION('center_axis',(-1.,0.,0.));
#1988=DIRECTION('ref_axis',(0.,0.,1.));
#1989=DIRECTION('',(0.,0.,1.));
#1990=DIRECTION('',(0.,0.,1.));
#1991=DIRECTION('',(0.,1.,0.));
#1992=DIRECTION('center_axis',(0.,1.,0.));
#1993=DIRECTION('ref_axis',(1.,0.,1.22464679914735E-16));
#1994=DIRECTION('center_axis',(0.,1.,0.));
#1995=DIRECTION('ref_axis',(-1.,0.,0.));
#1996=DIRECTION('center_axis',(0.,1.,0.));
#1997=DIRECTION('ref_axis',(-1.,0.,0.));
#1998=DIRECTION('center_axis',(0.,1.,0.));
#1999=DIRECTION('ref_axis',(-1.,0.,0.));
#2000=DIRECTION('center_axis',(0.,1.,0.));
#2001=DIRECTION('ref_axis',(-1.,0.,0.));
#2002=DIRECTION('center_axis',(0.,0.,-1.));
#2003=DIRECTION('ref_axis',(1.,0.,0.));
#2004=DIRECTION('',(-1.,0.,0.));
#2005=DIRECTION('',(0.,-1.,0.));
#2006=DIRECTION('',(1.,0.,0.));
#2007=DIRECTION('',(0.,-1.,0.));
#2008=DIRECTION('center_axis',(-1.,0.,0.));
#2009=DIRECTION('ref_axis',(0.,0.,-1.));
#2010=DIRECTION('',(0.,0.,1.));
#2011=DIRECTION('',(0.,0.,-1.));
#2012=DIRECTION('',(0.,-1.,0.));
#2013=DIRECTION('center_axis',(0.,0.,1.));
#2014=DIRECTION('ref_axis',(-1.,0.,0.));
#2015=DIRECTION('',(1.,0.,0.));
#2016=DIRECTION('',(-1.,0.,0.));
#2017=DIRECTION('',(0.,-1.,0.));
#2018=DIRECTION('center_axis',(1.,0.,-5.64333579866634E-9));
#2019=DIRECTION('ref_axis',(5.64333579866634E-9,0.,1.));
#2020=DIRECTION('',(0.,0.,-1.));
#2021=DIRECTION('',(0.,-1.,0.));
#2022=DIRECTION('',(5.64333579866634E-9,0.,1.));
#2023=DIRECTION('',(0.,-1.,0.));
#2024=DIRECTION('center_axis',(1.,0.,0.));
#2025=DIRECTION('ref_axis',(0.,0.,1.));
#2026=DIRECTION('',(0.,0.,1.));
#2027=DIRECTION('',(0.,0.,1.));
#2028=DIRECTION('center_axis',(0.,-1.,0.));
#2029=DIRECTION('ref_axis',(1.,0.,0.));
#2030=DIRECTION('center_axis',(0.,1.,0.));
#2031=DIRECTION('ref_axis',(7.94791171148605E-8,0.,0.999999999999997));
#2032=DIRECTION('',(-5.55111512312583E-15,0.,1.));
#2033=DIRECTION('center_axis',(0.,-1.,0.));
#2034=DIRECTION('ref_axis',(1.,0.,0.));
#2035=DIRECTION('center_axis',(0.,1.,0.));
#2036=DIRECTION('ref_axis',(7.15312054033746E-8,0.,0.999999999999997));
#2037=DIRECTION('',(-5.55111512312583E-15,0.,1.));
#2038=DIRECTION('center_axis',(0.,-1.,0.));
#2039=DIRECTION('ref_axis',(7.15312054033746E-8,0.,0.999999999999997));
#2040=DIRECTION('',(0.,-1.,0.));
#2041=DIRECTION('center_axis',(0.,1.,0.));
#2042=DIRECTION('ref_axis',(7.15312054033746E-8,0.,0.999999999999997));
#2043=DIRECTION('',(0.,-1.,0.));
#2044=DIRECTION('center_axis',(0.,1.,0.));
#2045=DIRECTION('ref_axis',(-1.,0.,-1.73472347597681E-16));
#2046=DIRECTION('',(0.,-1.,0.));
#2047=DIRECTION('center_axis',(0.,-1.,0.));
#2048=DIRECTION('ref_axis',(0.111111190590229,0.,-0.993807981113868));
#2049=DIRECTION('',(0.,-1.,0.));
#2050=DIRECTION('center_axis',(1.,0.,0.));
#2051=DIRECTION('ref_axis',(0.,0.,-1.));
#2052=DIRECTION('',(0.,0.,-1.));
#2053=DIRECTION('',(0.,1.,0.));
#2054=DIRECTION('',(0.,0.,1.));
#2055=DIRECTION('center_axis',(0.,1.,0.));
#2056=DIRECTION('ref_axis',(-1.,0.,0.));
#2057=DIRECTION('center_axis',(0.,1.,0.));
#2058=DIRECTION('ref_axis',(-1.,0.,0.));
#2059=DIRECTION('center_axis',(0.,1.,0.));
#2060=DIRECTION('ref_axis',(-1.,0.,0.));
#2061=DIRECTION('',(0.,1.,0.));
#2062=DIRECTION('center_axis',(1.,0.,0.));
#2063=DIRECTION('ref_axis',(0.,0.,-1.));
#2064=DIRECTION('',(0.,0.,-1.));
#2065=DIRECTION('',(0.,0.,-1.));
#2066=DIRECTION('center_axis',(0.,1.,0.));
#2067=DIRECTION('ref_axis',(-1.,0.,0.));
#2068=DIRECTION('center_axis',(0.,1.,0.));
#2069=DIRECTION('ref_axis',(-1.,0.,0.));
#2070=DIRECTION('axis',(0.,0.,1.));
#2071=DIRECTION('refdir',(1.,0.,0.));
#2072=DIRECTION('center_axis',(-1.,0.,0.));
#2073=DIRECTION('ref_axis',(0.,0.,1.));
#2074=DIRECTION('',(0.,0.,-1.));
#2075=DIRECTION('',(0.,1.,0.));
#2076=DIRECTION('',(0.,0.,1.));
#2077=DIRECTION('',(0.,1.,0.));
#2078=DIRECTION('center_axis',(0.,0.,-1.));
#2079=DIRECTION('ref_axis',(-1.,0.,0.));
#2080=DIRECTION('',(1.,0.,0.));
#2081=DIRECTION('',(-1.,0.,0.));
#2082=DIRECTION('',(0.,1.,0.));
#2083=DIRECTION('center_axis',(1.,0.,0.));
#2084=DIRECTION('ref_axis',(0.,0.,-1.));
#2085=DIRECTION('',(0.,0.,1.));
#2086=DIRECTION('',(0.,0.,-1.));
#2087=DIRECTION('',(0.,1.,0.));
#2088=DIRECTION('center_axis',(0.,0.,1.));
#2089=DIRECTION('ref_axis',(1.,0.,0.));
#2090=DIRECTION('',(-1.,0.,0.));
#2091=DIRECTION('',(1.,0.,0.));
#2092=DIRECTION('center_axis',(0.,1.,0.));
#2093=DIRECTION('ref_axis',(0.,0.,1.));
#2094=DIRECTION('center_axis',(0.,1.,0.));
#2095=DIRECTION('ref_axis',(-1.,0.,0.));
#2096=DIRECTION('center_axis',(1.,0.,0.));
#2097=DIRECTION('ref_axis',(0.,0.,-1.));
#2098=DIRECTION('',(0.,0.,1.));
#2099=DIRECTION('',(0.,1.,0.));
#2100=DIRECTION('',(0.,0.,-1.));
#2101=DIRECTION('',(0.,1.,0.));
#2102=DIRECTION('center_axis',(0.,0.,1.));
#2103=DIRECTION('ref_axis',(1.,0.,0.));
#2104=DIRECTION('',(-1.,0.,0.));
#2105=DIRECTION('',(1.,0.,0.));
#2106=DIRECTION('',(0.,1.,0.));
#2107=DIRECTION('center_axis',(-1.,0.,0.));
#2108=DIRECTION('ref_axis',(0.,0.,1.));
#2109=DIRECTION('',(0.,0.,-1.));
#2110=DIRECTION('',(0.,0.,1.));
#2111=DIRECTION('',(0.,1.,0.));
#2112=DIRECTION('center_axis',(0.,0.,-1.));
#2113=DIRECTION('ref_axis',(-1.,0.,0.));
#2114=DIRECTION('',(1.,0.,0.));
#2115=DIRECTION('',(-1.,0.,0.));
#2116=DIRECTION('center_axis',(0.,1.,0.));
#2117=DIRECTION('ref_axis',(0.,0.,1.));
#2118=DIRECTION('center_axis',(0.,1.,0.));
#2119=DIRECTION('ref_axis',(-1.,0.,0.));
#2120=DIRECTION('center_axis',(-1.,0.,0.));
#2121=DIRECTION('ref_axis',(0.,0.,1.));
#2122=DIRECTION('',(0.,0.,-1.));
#2123=DIRECTION('',(0.,1.,0.));
#2124=DIRECTION('',(0.,0.,1.));
#2125=DIRECTION('',(0.,1.,0.));
#2126=DIRECTION('center_axis',(0.,0.,-1.));
#2127=DIRECTION('ref_axis',(-1.,0.,0.));
#2128=DIRECTION('',(1.,0.,0.));
#2129=DIRECTION('',(-1.,0.,0.));
#2130=DIRECTION('',(0.,1.,0.));
#2131=DIRECTION('center_axis',(1.,0.,0.));
#2132=DIRECTION('ref_axis',(0.,0.,-1.));
#2133=DIRECTION('',(0.,0.,1.));
#2134=DIRECTION('',(0.,0.,-1.));
#2135=DIRECTION('',(0.,1.,0.));
#2136=DIRECTION('center_axis',(0.,0.,1.));
#2137=DIRECTION('ref_axis',(1.,0.,0.));
#2138=DIRECTION('',(-1.,0.,0.));
#2139=DIRECTION('',(1.,0.,0.));
#2140=DIRECTION('center_axis',(0.,1.,0.));
#2141=DIRECTION('ref_axis',(0.,0.,1.));
#2142=DIRECTION('center_axis',(0.,1.,0.));
#2143=DIRECTION('ref_axis',(-1.,0.,0.));
#2144=DIRECTION('axis',(0.,0.,1.));
#2145=DIRECTION('refdir',(1.,0.,0.));
#2146=DIRECTION('center_axis',(0.,-1.,0.));
#2147=DIRECTION('ref_axis',(1.,0.,0.));
#2148=DIRECTION('',(-1.,0.,0.));
#2149=DIRECTION('',(0.,0.,1.));
#2150=DIRECTION('',(-1.,0.,0.));
#2151=DIRECTION('',(0.,0.,1.));
#2152=DIRECTION('center_axis',(-0.988012033751101,0.15437688027361,0.));
#2153=DIRECTION('ref_axis',(-0.15437688027361,-0.988012033751101,0.));
#2154=DIRECTION('',(0.15437688027361,0.988012033751101,0.));
#2155=DIRECTION('',(0.,0.,1.));
#2156=DIRECTION('',(0.15437688027361,0.988012033751101,0.));
#2157=DIRECTION('center_axis',(0.,1.,0.));
#2158=DIRECTION('ref_axis',(-1.,0.,0.));
#2159=DIRECTION('',(1.,0.,0.));
#2160=DIRECTION('',(0.,0.,1.));
#2161=DIRECTION('',(1.,0.,0.));
#2162=DIRECTION('center_axis',(0.988012033751101,0.15437688027361,0.));
#2163=DIRECTION('ref_axis',(-0.15437688027361,0.988012033751101,0.));
#2164=DIRECTION('',(0.15437688027361,-0.988012033751101,0.));
#2165=DIRECTION('',(-0.15437688027361,0.988012033751101,0.));
#2166=DIRECTION('center_axis',(0.,0.,-1.));
#2167=DIRECTION('ref_axis',(-1.,0.,0.));
#2168=DIRECTION('center_axis',(0.,0.,1.));
#2169=DIRECTION('ref_axis',(1.,0.,0.));
#2170=DIRECTION('center_axis',(1.,0.,0.));
#2171=DIRECTION('ref_axis',(0.,0.,-1.));
#2172=DIRECTION('',(0.,0.,1.));
#2173=DIRECTION('',(0.,1.,0.));
#2174=DIRECTION('',(0.,0.,-1.));
#2175=DIRECTION('',(0.,1.,0.));
#2176=DIRECTION('center_axis',(0.,1.,0.));
#2177=DIRECTION('ref_axis',(-1.,0.,-1.22464679914735E-16));
#2178=DIRECTION('center_axis',(0.,1.,0.));
#2179=DIRECTION('ref_axis',(1.,0.,0.));
#2180=DIRECTION('center_axis',(0.,-1.,0.));
#2181=DIRECTION('ref_axis',(1.,0.,0.));
#2182=DIRECTION('',(0.,1.,0.));
#2183=DIRECTION('center_axis',(1.,0.,0.));
#2184=DIRECTION('ref_axis',(0.,0.,-1.));
#2185=DIRECTION('',(0.,0.,1.));
#2186=DIRECTION('',(0.,0.,-1.));
#2187=DIRECTION('',(0.,1.,0.));
#2188=DIRECTION('center_axis',(0.,1.,0.));
#2189=DIRECTION('ref_axis',(-1.,0.,-1.22464679914735E-16));
#2190=DIRECTION('center_axis',(0.,1.,0.));
#2191=DIRECTION('ref_axis',(1.,0.,0.));
#2192=DIRECTION('center_axis',(0.,-1.,0.));
#2193=DIRECTION('ref_axis',(1.,0.,0.));
#2194=DIRECTION('',(0.,1.,0.));
#2195=DIRECTION('center_axis',(1.,0.,0.));
#2196=DIRECTION('ref_axis',(0.,0.,-1.));
#2197=DIRECTION('',(0.,0.,1.));
#2198=DIRECTION('',(0.,0.,-1.));
#2199=DIRECTION('',(0.,1.,0.));
#2200=DIRECTION('center_axis',(0.,0.,1.));
#2201=DIRECTION('ref_axis',(1.,0.,0.));
#2202=DIRECTION('',(-1.,0.,0.));
#2203=DIRECTION('',(1.,0.,0.));
#2204=DIRECTION('',(0.,1.,0.));
#2205=DIRECTION('center_axis',(-1.,0.,0.));
#2206=DIRECTION('ref_axis',(0.,0.,1.));
#2207=DIRECTION('',(0.,0.,-1.));
#2208=DIRECTION('',(0.,0.,1.));
#2209=DIRECTION('',(0.,1.,0.));
#2210=DIRECTION('center_axis',(0.,1.,0.));
#2211=DIRECTION('ref_axis',(1.,0.,0.));
#2212=DIRECTION('center_axis',(0.,1.,0.));
#2213=DIRECTION('ref_axis',(1.,0.,0.));
#2214=DIRECTION('center_axis',(0.,-1.,0.));
#2215=DIRECTION('ref_axis',(1.,0.,0.));
#2216=DIRECTION('',(0.,1.,0.));
#2217=DIRECTION('center_axis',(-1.,0.,0.));
#2218=DIRECTION('ref_axis',(0.,0.,1.));
#2219=DIRECTION('',(0.,0.,-1.));
#2220=DIRECTION('',(0.,0.,1.));
#2221=DIRECTION('',(0.,1.,0.));
#2222=DIRECTION('center_axis',(0.,1.,0.));
#2223=DIRECTION('ref_axis',(1.,0.,0.));
#2224=DIRECTION('center_axis',(0.,1.,0.));
#2225=DIRECTION('ref_axis',(1.,0.,0.));
#2226=DIRECTION('center_axis',(0.,-1.,0.));
#2227=DIRECTION('ref_axis',(1.,0.,0.));
#2228=DIRECTION('',(0.,1.,0.));
#2229=DIRECTION('center_axis',(-1.,0.,0.));
#2230=DIRECTION('ref_axis',(0.,0.,1.));
#2231=DIRECTION('',(0.,0.,-1.));
#2232=DIRECTION('',(0.,0.,1.));
#2233=DIRECTION('',(0.,1.,0.));
#2234=DIRECTION('center_axis',(0.,0.,-1.));
#2235=DIRECTION('ref_axis',(-1.,0.,0.));
#2236=DIRECTION('',(1.,0.,0.));
#2237=DIRECTION('',(-1.,0.,0.));
#2238=DIRECTION('center_axis',(0.,1.,0.));
#2239=DIRECTION('ref_axis',(1.,0.,0.));
#2240=DIRECTION('center_axis',(0.,1.,0.));
#2241=DIRECTION('ref_axis',(1.,0.,0.));
#2242=DIRECTION('center_axis',(-1.,0.,0.));
#2243=DIRECTION('ref_axis',(0.,0.,1.));
#2244=DIRECTION('',(0.,0.,-1.));
#2245=DIRECTION('',(0.,1.,0.));
#2246=DIRECTION('',(0.,0.,1.));
#2247=DIRECTION('',(0.,1.,0.));
#2248=DIRECTION('center_axis',(0.,0.,-1.));
#2249=DIRECTION('ref_axis',(-1.,0.,0.));
#2250=DIRECTION('',(1.,0.,0.));
#2251=DIRECTION('',(-1.,0.,0.));
#2252=DIRECTION('',(0.,1.,0.));
#2253=DIRECTION('center_axis',(1.,0.,0.));
#2254=DIRECTION('ref_axis',(0.,0.,-1.));
#2255=DIRECTION('',(0.,0.,1.));
#2256=DIRECTION('',(0.,0.,-1.));
#2257=DIRECTION('',(0.,1.,0.));
#2258=DIRECTION('center_axis',(0.,0.,1.));
#2259=DIRECTION('ref_axis',(1.,0.,0.));
#2260=DIRECTION('',(-1.,0.,0.));
#2261=DIRECTION('',(1.,0.,0.));
#2262=DIRECTION('center_axis',(0.,1.,0.));
#2263=DIRECTION('ref_axis',(0.,0.,1.));
#2264=DIRECTION('center_axis',(0.,1.,0.));
#2265=DIRECTION('ref_axis',(-1.,0.,0.));
#2266=DIRECTION('',(0.,0.,1.));
#2267=DIRECTION('',(1.,0.,0.));
#2268=DIRECTION('',(0.,0.,1.));
#2269=DIRECTION('',(1.,0.,0.));
#2270=DIRECTION('',(0.,0.,1.));
#2271=DIRECTION('',(1.,0.,0.));
#2272=CARTESIAN_POINT('',(0.,0.,0.));
#2273=CARTESIAN_POINT('',(0.,0.,0.));
#2274=CARTESIAN_POINT('Origin',(-0.4,0.,0.7));
#2275=CARTESIAN_POINT('',(-0.800000000000001,0.,0.7));
#2276=CARTESIAN_POINT('',(-0.4,0.,0.7));
#2277=CARTESIAN_POINT('',(-1.2,0.,0.7));
#2278=CARTESIAN_POINT('',(-0.800000000000001,-0.015,0.7));
#2279=CARTESIAN_POINT('',(-0.800000000000001,0.,0.7));
#2280=CARTESIAN_POINT('',(-0.4,-0.015,0.7));
#2281=CARTESIAN_POINT('',(-1.2,-0.015,0.7));
#2282=CARTESIAN_POINT('',(-0.4,0.,0.7));
#2283=CARTESIAN_POINT('Origin',(-0.4,0.,0.1));
#2284=CARTESIAN_POINT('',(-0.4,0.,0.1));
#2285=CARTESIAN_POINT('',(-0.4,0.,0.7));
#2286=CARTESIAN_POINT('',(-0.4,-0.015,0.1));
#2287=CARTESIAN_POINT('',(-0.4,-0.015,0.7));
#2288=CARTESIAN_POINT('',(-0.4,0.,0.1));
#2289=CARTESIAN_POINT('Origin',(-0.800000000000001,0.,0.1));
#2290=CARTESIAN_POINT('',(-0.800000000000001,0.,0.1));
#2291=CARTESIAN_POINT('',(-0.4,0.,0.1));
#2292=CARTESIAN_POINT('',(-0.800000000000001,-0.015,0.1));
#2293=CARTESIAN_POINT('',(-0.4,-0.015,0.1));
#2294=CARTESIAN_POINT('',(-0.800000000000001,0.,0.1));
#2295=CARTESIAN_POINT('Origin',(-0.6,-0.015,0.4));
#2296=CARTESIAN_POINT('',(-0.799999999999998,-0.015,0.625));
#2297=CARTESIAN_POINT('',(-0.800000000000001,-0.015,0.75));
#2298=CARTESIAN_POINT('',(-0.800000000000001,-0.015,0.175));
#2299=CARTESIAN_POINT('Origin',(-0.8,-0.015,0.4));
#2300=CARTESIAN_POINT('',(-0.800000000000001,-0.015,0.175));
#2301=CARTESIAN_POINT('Origin',(-0.6,0.,0.4));
#2302=CARTESIAN_POINT('',(-0.799999999999998,0.,0.65));
#2303=CARTESIAN_POINT('',(-0.800000000000001,0.,0.15));
#2304=CARTESIAN_POINT('Origin',(-0.8,0.,0.4));
#2305=CARTESIAN_POINT('',(-0.800000000000001,0.,0.75));
#2306=CARTESIAN_POINT('',(-0.800000000000001,0.,0.175));
#2307=CARTESIAN_POINT('Origin',(-0.8,0.25,0.4));
#2308=CARTESIAN_POINT('',(-0.800000000000001,0.25,0.15));
#2309=CARTESIAN_POINT('',(-0.800000000000001,0.25,0.15));
#2310=CARTESIAN_POINT('',(-0.799999999999998,0.25,0.65));
#2311=CARTESIAN_POINT('Origin',(-0.8,0.25,0.4));
#2312=CARTESIAN_POINT('',(-0.799999999999998,0.25,0.65));
#2313=CARTESIAN_POINT('Origin',(-0.8,0.25,0.4));
#2314=CARTESIAN_POINT('',(-0.800000000000001,0.265,0.625));
#2315=CARTESIAN_POINT('',(-0.799999999999998,0.25,0.625));
#2316=CARTESIAN_POINT('',(-0.800000000000001,0.265,0.175));
#2317=CARTESIAN_POINT('Origin',(-0.8,0.265,0.4));
#2318=CARTESIAN_POINT('',(-0.800000000000001,0.,0.175));
#2319=CARTESIAN_POINT('Origin',(-0.800000000000001,0.25,0.125));
#2320=CARTESIAN_POINT('',(-0.800000000000001,0.265,0.125));
#2321=CARTESIAN_POINT('',(-0.800000000000001,0.265,0.65));
#2322=CARTESIAN_POINT('',(-0.800000000000001,0.25,0.125));
#2323=CARTESIAN_POINT('',(-0.800000000000001,0.25,0.125));
#2324=CARTESIAN_POINT('',(-0.800000000000001,0.25,0.65));
#2325=CARTESIAN_POINT('Origin',(-0.8,0.25,0.4));
#2326=CARTESIAN_POINT('',(-0.800000000000001,0.25,0.675));
#2327=CARTESIAN_POINT('Origin',(-0.8,0.25,0.4));
#2328=CARTESIAN_POINT('',(-0.800000000000001,0.265,0.675));
#2329=CARTESIAN_POINT('Origin',(-0.8,0.265,0.4));
#2330=CARTESIAN_POINT('',(-0.800000000000001,0.25,0.675));
#2331=CARTESIAN_POINT('Origin',(-0.800000000000001,0.25,0.625));
#2332=CARTESIAN_POINT('',(-0.800000000000001,0.25,0.65));
#2333=CARTESIAN_POINT('',(-0.800000000000001,0.265,0.65));
#2334=CARTESIAN_POINT('Origin',(-0.6625,0.265,0.4));
#2335=CARTESIAN_POINT('Origin',(-0.6625,0.25,0.4));
#2336=CARTESIAN_POINT('Origin',(0.400000000000001,0.,0.1));
#2337=CARTESIAN_POINT('',(0.800000000000001,0.,0.1));
#2338=CARTESIAN_POINT('',(0.400000000000001,0.,0.1));
#2339=CARTESIAN_POINT('',(1.2,0.,0.1));
#2340=CARTESIAN_POINT('',(0.800000000000001,-0.015,0.1));
#2341=CARTESIAN_POINT('',(0.800000000000001,0.,0.1));
#2342=CARTESIAN_POINT('',(0.400000000000001,-0.015,0.1));
#2343=CARTESIAN_POINT('',(1.2,-0.015,0.1));
#2344=CARTESIAN_POINT('',(0.400000000000001,0.,0.1));
#2345=CARTESIAN_POINT('Origin',(0.400000000000001,0.,0.7));
#2346=CARTESIAN_POINT('',(0.400000000000001,0.,0.7));
#2347=CARTESIAN_POINT('',(0.400000000000001,0.,0.1));
#2348=CARTESIAN_POINT('',(0.400000000000001,-0.015,0.7));
#2349=CARTESIAN_POINT('',(0.400000000000001,-0.015,0.1));
#2350=CARTESIAN_POINT('',(0.400000000000001,0.,0.7));
#2351=CARTESIAN_POINT('Origin',(0.800000000000001,0.,0.7));
#2352=CARTESIAN_POINT('',(0.800000000000001,0.,0.7));
#2353=CARTESIAN_POINT('',(0.400000000000001,0.,0.7));
#2354=CARTESIAN_POINT('',(0.800000000000001,-0.015,0.7));
#2355=CARTESIAN_POINT('',(0.400000000000001,-0.015,0.7));
#2356=CARTESIAN_POINT('',(0.800000000000001,0.,0.7));
#2357=CARTESIAN_POINT('Origin',(0.600000000000001,-0.015,0.4));
#2358=CARTESIAN_POINT('',(0.800000000000001,-0.015,0.175));
#2359=CARTESIAN_POINT('',(0.800000000000001,-0.015,-0.150000000000001));
#2360=CARTESIAN_POINT('',(0.800000000000001,-0.015,0.625));
#2361=CARTESIAN_POINT('Origin',(0.800000000000001,-0.015,0.4));
#2362=CARTESIAN_POINT('',(0.800000000000001,-0.015,0.625));
#2363=CARTESIAN_POINT('Origin',(0.600000000000001,0.,0.4));
#2364=CARTESIAN_POINT('',(0.800000000000001,0.,0.15));
#2365=CARTESIAN_POINT('',(0.800000000000001,0.,0.65));
#2366=CARTESIAN_POINT('Origin',(0.800000000000001,0.,0.4));
#2367=CARTESIAN_POINT('',(0.800000000000001,0.,-0.150000000000001));
#2368=CARTESIAN_POINT('',(0.800000000000001,0.,0.625));
#2369=CARTESIAN_POINT('Origin',(0.800000000000001,0.25,0.4));
#2370=CARTESIAN_POINT('',(0.800000000000001,0.25,0.65));
#2371=CARTESIAN_POINT('',(0.800000000000001,0.25,0.65));
#2372=CARTESIAN_POINT('',(0.800000000000001,0.25,0.15));
#2373=CARTESIAN_POINT('Origin',(0.800000000000001,0.25,0.4));
#2374=CARTESIAN_POINT('',(0.800000000000001,0.25,0.15));
#2375=CARTESIAN_POINT('Origin',(0.800000000000001,0.25,0.4));
#2376=CARTESIAN_POINT('',(0.800000000000001,0.265,0.175));
#2377=CARTESIAN_POINT('',(0.800000000000001,0.25,0.175));
#2378=CARTESIAN_POINT('',(0.800000000000001,0.265,0.625));
#2379=CARTESIAN_POINT('Origin',(0.800000000000001,0.265,0.4));
#2380=CARTESIAN_POINT('',(0.800000000000001,0.,0.625));
#2381=CARTESIAN_POINT('Origin',(0.800000000000001,0.25,0.675));
#2382=CARTESIAN_POINT('',(0.800000000000001,0.25,0.675));
#2383=CARTESIAN_POINT('',(0.800000000000001,0.25,0.75));
#2384=CARTESIAN_POINT('',(0.800000000000001,0.265,0.675));
#2385=CARTESIAN_POINT('',(0.800000000000001,0.265,0.75));
#2386=CARTESIAN_POINT('',(0.800000000000001,0.25,0.675));
#2387=CARTESIAN_POINT('Origin',(0.800000000000001,0.25,0.4));
#2388=CARTESIAN_POINT('',(0.800000000000001,0.25,0.125));
#2389=CARTESIAN_POINT('Origin',(0.800000000000001,0.25,0.4));
#2390=CARTESIAN_POINT('',(0.800000000000001,0.265,0.125));
#2391=CARTESIAN_POINT('Origin',(0.800000000000001,0.265,0.4));
#2392=CARTESIAN_POINT('',(0.800000000000001,0.25,0.125));
#2393=CARTESIAN_POINT('Origin',(0.800000000000001,0.25,0.175));
#2394=CARTESIAN_POINT('',(0.800000000000001,0.25,-0.649999999999999));
#2395=CARTESIAN_POINT('',(0.800000000000001,0.265,-0.649999999999999));
#2396=CARTESIAN_POINT('Origin',(0.662500000000001,0.265,0.4));
#2397=CARTESIAN_POINT('Origin',(0.662500000000001,0.25,0.4));
#2398=CARTESIAN_POINT('Origin',(-0.4,0.,-0.1));
#2399=CARTESIAN_POINT('',(-0.4,0.,-0.1));
#2400=CARTESIAN_POINT('',(-0.800000000000001,0.,-0.1));
#2401=CARTESIAN_POINT('',(-0.4,0.,-0.1));
#2402=CARTESIAN_POINT('',(-0.800000000000001,-0.015,-0.1));
#2403=CARTESIAN_POINT('',(-0.800000000000001,0.,-0.1));
#2404=CARTESIAN_POINT('',(-0.4,-0.015,-0.1));
#2405=CARTESIAN_POINT('',(-0.4,-0.015,-0.1));
#2406=CARTESIAN_POINT('',(-0.4,0.,-0.1));
#2407=CARTESIAN_POINT('Origin',(-0.4,0.,-0.7));
#2408=CARTESIAN_POINT('',(-0.4,0.,-0.7));
#2409=CARTESIAN_POINT('',(-0.4,0.,-0.7));
#2410=CARTESIAN_POINT('',(-0.4,-0.015,-0.7));
#2411=CARTESIAN_POINT('',(-0.4,-0.015,-0.7));
#2412=CARTESIAN_POINT('',(-0.4,0.,-0.7));
#2413=CARTESIAN_POINT('Origin',(-0.800000000000001,0.,-0.7));
#2414=CARTESIAN_POINT('',(-0.800000000000001,0.,-0.7));
#2415=CARTESIAN_POINT('',(-1.2,0.,-0.7));
#2416=CARTESIAN_POINT('',(-0.800000000000001,-0.015,-0.7));
#2417=CARTESIAN_POINT('',(-1.2,-0.015,-0.7));
#2418=CARTESIAN_POINT('',(-0.800000000000001,0.,-0.7));
#2419=CARTESIAN_POINT('Origin',(-0.6,-0.015,-0.4));
#2420=CARTESIAN_POINT('',(-0.800000000000001,-0.015,-0.625));
#2421=CARTESIAN_POINT('',(-0.800000000000001,-0.015,-0.625));
#2422=CARTESIAN_POINT('',(-0.799999999999998,-0.015,-0.175));
#2423=CARTESIAN_POINT('',(-0.800000000000001,-0.015,0.15));
#2424=CARTESIAN_POINT('Origin',(-0.8,-0.015,-0.4));
#2425=CARTESIAN_POINT('Origin',(-0.6,0.,-0.4));
#2426=CARTESIAN_POINT('',(-0.799999999999998,0.,-0.15));
#2427=CARTESIAN_POINT('',(-0.800000000000001,0.,-0.65));
#2428=CARTESIAN_POINT('Origin',(-0.8,0.,-0.4));
#2429=CARTESIAN_POINT('',(-0.800000000000001,0.,0.15));
#2430=CARTESIAN_POINT('',(-0.800000000000001,0.,-0.625));
#2431=CARTESIAN_POINT('Origin',(-0.8,0.25,-0.4));
#2432=CARTESIAN_POINT('',(-0.800000000000001,0.25,-0.65));
#2433=CARTESIAN_POINT('',(-0.800000000000001,0.25,-0.65));
#2434=CARTESIAN_POINT('',(-0.799999999999998,0.25,-0.15));
#2435=CARTESIAN_POINT('Origin',(-0.8,0.25,-0.4));
#2436=CARTESIAN_POINT('',(-0.799999999999998,0.25,-0.15));
#2437=CARTESIAN_POINT('Origin',(-0.800000000000001,0.25,-0.175));
#2438=CARTESIAN_POINT('',(-0.800000000000001,0.25,-0.125));
#2439=CARTESIAN_POINT('',(-0.800000000000001,0.25,0.65));
#2440=CARTESIAN_POINT('',(-0.800000000000001,0.265,-0.125));
#2441=CARTESIAN_POINT('',(-0.800000000000001,0.25,-0.125));
#2442=CARTESIAN_POINT('',(-0.800000000000001,0.265,-0.175));
#2443=CARTESIAN_POINT('',(-0.800000000000001,0.265,0.65));
#2444=CARTESIAN_POINT('',(-0.800000000000001,0.25,-0.175));
#2445=CARTESIAN_POINT('Origin',(-0.8,0.25,-0.4));
#2446=CARTESIAN_POINT('',(-0.800000000000001,0.265,-0.625));
#2447=CARTESIAN_POINT('Origin',(-0.8,0.265,-0.4));
#2448=CARTESIAN_POINT('',(-0.800000000000001,0.,-0.625));
#2449=CARTESIAN_POINT('Origin',(-0.800000000000001,0.25,-0.675));
#2450=CARTESIAN_POINT('',(-0.800000000000001,0.25,-0.675));
#2451=CARTESIAN_POINT('',(-0.800000000000001,0.25,-0.75));
#2452=CARTESIAN_POINT('',(-0.800000000000001,0.265,-0.675));
#2453=CARTESIAN_POINT('',(-0.800000000000001,0.265,-0.75));
#2454=CARTESIAN_POINT('',(-0.800000000000001,0.25,-0.675));
#2455=CARTESIAN_POINT('Origin',(-0.8,0.25,-0.4));
#2456=CARTESIAN_POINT('Origin',(-0.8,0.25,-0.4));
#2457=CARTESIAN_POINT('Origin',(-0.8,0.265,-0.4));
#2458=CARTESIAN_POINT('Origin',(-0.6625,0.265,-0.4));
#2459=CARTESIAN_POINT('Origin',(-0.6625,0.25,-0.4));
#2460=CARTESIAN_POINT('Origin',(0.399999982117199,0.,-0.7));
#2461=CARTESIAN_POINT('',(0.800000000000001,0.,-0.7));
#2462=CARTESIAN_POINT('',(0.399999982117199,0.,-0.7));
#2463=CARTESIAN_POINT('',(1.1999999821172,0.,-0.7));
#2464=CARTESIAN_POINT('',(0.800000000000001,-0.015,-0.7));
#2465=CARTESIAN_POINT('',(0.800000000000001,0.,-0.7));
#2466=CARTESIAN_POINT('',(0.399999982117199,-0.015,-0.7));
#2467=CARTESIAN_POINT('',(1.1999999821172,-0.015,-0.7));
#2468=CARTESIAN_POINT('',(0.399999982117199,0.,-0.7));
#2469=CARTESIAN_POINT('Origin',(0.399999982117199,0.,-0.1));
#2470=CARTESIAN_POINT('',(0.399999982117199,0.,-0.1));
#2471=CARTESIAN_POINT('',(0.399999982117199,0.,-0.7));
#2472=CARTESIAN_POINT('',(0.399999982117199,-0.015,-0.1));
#2473=CARTESIAN_POINT('',(0.399999982117199,-0.015,-0.7));
#2474=CARTESIAN_POINT('',(0.399999982117199,0.,-0.1));
#2475=CARTESIAN_POINT('Origin',(0.800000000000001,0.,-0.1));
#2476=CARTESIAN_POINT('',(0.800000000000001,0.,-0.1));
#2477=CARTESIAN_POINT('',(0.399999982117199,0.,-0.1));
#2478=CARTESIAN_POINT('',(0.800000000000001,-0.015,-0.1));
#2479=CARTESIAN_POINT('',(0.399999982117199,-0.015,-0.1));
#2480=CARTESIAN_POINT('',(0.800000000000001,0.,-0.1));
#2481=CARTESIAN_POINT('Origin',(0.799999999575605,0.,-0.649999999999999));
#2482=CARTESIAN_POINT('',(0.799999999716688,0.,-0.625));
#2483=CARTESIAN_POINT('',(0.799999999771402,0.,-0.649999999999999));
#2484=CARTESIAN_POINT('',(0.800000000000001,0.,-0.325));
#2485=CARTESIAN_POINT('',(0.799999999716688,-0.015,-0.625));
#2486=CARTESIAN_POINT('',(0.799999999716688,0.,-0.625));
#2487=CARTESIAN_POINT('',(0.799999999575605,-0.015,-0.649999999999999));
#2488=CARTESIAN_POINT('',(0.799999999575605,-0.015,-0.649999999999999));
#2489=CARTESIAN_POINT('',(0.799999999575605,0.,-0.649999999999999));
#2490=CARTESIAN_POINT('Origin',(0.800000000000001,0.,-0.7));
#2491=CARTESIAN_POINT('',(0.800000000000001,0.,-0.75));
#2492=CARTESIAN_POINT('',(0.800000000000001,-0.015,-0.75));
#2493=CARTESIAN_POINT('Origin',(0.5999999910586,-0.015,-0.4));
#2494=CARTESIAN_POINT('',(0.800000000000001,-0.015,-0.175000000000001));
#2495=CARTESIAN_POINT('Origin',(0.799999982117199,-0.015,-0.4));
#2496=CARTESIAN_POINT('',(0.800000000000001,-0.015,-0.175000000000001));
#2497=CARTESIAN_POINT('Origin',(0.5999999910586,0.,-0.4));
#2498=CARTESIAN_POINT('',(0.800000000000001,0.,-0.150000000000001));
#2499=CARTESIAN_POINT('Origin',(0.799999982117199,0.,-0.4));
#2500=CARTESIAN_POINT('',(0.800000000000001,0.,-0.175000000000001));
#2501=CARTESIAN_POINT('Origin',(0.799999982117199,0.25,-0.4));
#2502=CARTESIAN_POINT('',(0.800000000000001,0.25,-0.150000000000001));
#2503=CARTESIAN_POINT('',(0.800000000000001,0.25,-0.150000000000001));
#2504=CARTESIAN_POINT('',(0.799999999771402,0.25,-0.649999999999999));
#2505=CARTESIAN_POINT('Origin',(0.799999982117199,0.25,-0.4));
#2506=CARTESIAN_POINT('',(0.799999999771402,0.25,-0.649999999999999));
#2507=CARTESIAN_POINT('Origin',(0.799999982117199,0.25,-0.4));
#2508=CARTESIAN_POINT('',(0.800000000000001,0.265,-0.624999999999999));
#2509=CARTESIAN_POINT('',(0.799999999716688,0.25,-0.625));
#2510=CARTESIAN_POINT('',(0.800000000000001,0.265,-0.175000000000001));
#2511=CARTESIAN_POINT('Origin',(0.799999982117199,0.265,-0.4));
#2512=CARTESIAN_POINT('',(0.800000000000001,0.,-0.175000000000001));
#2513=CARTESIAN_POINT('Origin',(0.800000000000001,0.25,-0.125000000000001));
#2514=CARTESIAN_POINT('',(0.800000000000001,0.265,-0.125000000000001));
#2515=CARTESIAN_POINT('',(0.800000000000001,0.265,-0.649999999999999));
#2516=CARTESIAN_POINT('',(0.800000000000001,0.25,-0.125000000000001));
#2517=CARTESIAN_POINT('',(0.800000000000001,0.25,-0.125000000000001));
#2518=CARTESIAN_POINT('',(0.800000000000001,0.25,-0.649999999999999));
#2519=CARTESIAN_POINT('Origin',(0.799999982117199,0.25,-0.4));
#2520=CARTESIAN_POINT('',(0.800000000000001,0.25,-0.674999999999999));
#2521=CARTESIAN_POINT('Origin',(0.799999982117199,0.25,-0.4));
#2522=CARTESIAN_POINT('',(0.800000000000001,0.265,-0.674999999999999));
#2523=CARTESIAN_POINT('Origin',(0.799999982117199,0.265,-0.4));
#2524=CARTESIAN_POINT('',(0.800000000000001,0.25,-0.674999999999999));
#2525=CARTESIAN_POINT('Origin',(0.800000000000001,0.25,-0.624999999999999));
#2526=CARTESIAN_POINT('',(0.800000000000001,0.25,-0.649999999999999));
#2527=CARTESIAN_POINT('',(0.800000000000001,0.265,-0.649999999999999));
#2528=CARTESIAN_POINT('Origin',(0.6624999910586,0.265,-0.4));
#2529=CARTESIAN_POINT('Origin',(0.6624999910586,0.25,-0.4));
#2530=CARTESIAN_POINT('',(0.,0.,0.));
#2531=CARTESIAN_POINT('Origin',(-0.197514058885072,0.25,0.129214716164263));
#2532=CARTESIAN_POINT('',(-0.197514058885072,0.25,0.169214716164263));
#2533=CARTESIAN_POINT('',(-0.197514058885072,0.25,0.129214716164263));
#2534=CARTESIAN_POINT('',(-0.197514058885072,0.25,0.169214716164263));
#2535=CARTESIAN_POINT('',(-0.197514058885072,0.27,0.169214716164263));
#2536=CARTESIAN_POINT('',(-0.197514058885072,0.25,0.169214716164263));
#2537=CARTESIAN_POINT('',(-0.197514058885072,0.27,0.129214716164263));
#2538=CARTESIAN_POINT('',(-0.197514058885072,0.27,0.169214716164263));
#2539=CARTESIAN_POINT('',(-0.197514058885072,0.25,0.129214716164263));
#2540=CARTESIAN_POINT('Origin',(-0.157514058885072,0.25,0.129214716164263));
#2541=CARTESIAN_POINT('',(-0.157514058885072,0.25,0.129214716164263));
#2542=CARTESIAN_POINT('',(-0.197514058885072,0.25,0.129214716164263));
#2543=CARTESIAN_POINT('',(-0.157514058885072,0.27,0.129214716164263));
#2544=CARTESIAN_POINT('',(-0.197514058885072,0.27,0.129214716164263));
#2545=CARTESIAN_POINT('',(-0.157514058885072,0.25,0.129214716164263));
#2546=CARTESIAN_POINT('Origin',(-0.157514058885072,0.25,0.169214716164263));
#2547=CARTESIAN_POINT('',(-0.157514058885072,0.25,0.169214716164263));
#2548=CARTESIAN_POINT('',(-0.157514058885072,0.25,0.129214716164263));
#2549=CARTESIAN_POINT('',(-0.157514058885072,0.27,0.169214716164263));
#2550=CARTESIAN_POINT('',(-0.157514058885072,0.27,0.129214716164263));
#2551=CARTESIAN_POINT('',(-0.157514058885072,0.25,0.169214716164263));
#2552=CARTESIAN_POINT('Origin',(-0.197514058885072,0.25,0.169214716164263));
#2553=CARTESIAN_POINT('',(-0.157514058885072,0.25,0.169214716164263));
#2554=CARTESIAN_POINT('',(-0.157514058885072,0.27,0.169214716164263));
#2555=CARTESIAN_POINT('Origin',(-0.177514058885072,0.27,0.149214716164263));
#2556=CARTESIAN_POINT('Origin',(-0.177514058885072,0.25,0.149214716164263));
#2557=CARTESIAN_POINT('Origin',(-0.0378850192016542,0.25,0.0470130089607719));
#2558=CARTESIAN_POINT('',(-0.0378850192016542,0.25,0.00701300896077188));
#2559=CARTESIAN_POINT('',(-0.0378850192016542,0.25,0.0470130089607719));
#2560=CARTESIAN_POINT('',(-0.0378850192016542,0.25,0.00701300896077188));
#2561=CARTESIAN_POINT('',(-0.0378850192016542,0.27,0.00701300896077188));
#2562=CARTESIAN_POINT('',(-0.0378850192016542,0.25,0.00701300896077188));
#2563=CARTESIAN_POINT('',(-0.0378850192016542,0.27,0.0470130089607719));
#2564=CARTESIAN_POINT('',(-0.0378850192016542,0.27,0.00701300896077188));
#2565=CARTESIAN_POINT('',(-0.0378850192016542,0.25,0.0470130089607719));
#2566=CARTESIAN_POINT('Origin',(-0.0778850192016542,0.25,0.0470130089607719));
#2567=CARTESIAN_POINT('',(-0.0778850192016542,0.25,0.0470130089607719));
#2568=CARTESIAN_POINT('',(-0.0378850192016542,0.25,0.0470130089607719));
#2569=CARTESIAN_POINT('',(-0.0778850192016542,0.27,0.0470130089607719));
#2570=CARTESIAN_POINT('',(-0.0378850192016542,0.27,0.0470130089607719));
#2571=CARTESIAN_POINT('',(-0.0778850192016542,0.25,0.0470130089607719));
#2572=CARTESIAN_POINT('Origin',(-0.0778850192016542,0.25,0.00701300896077188));
#2573=CARTESIAN_POINT('',(-0.0778850192016542,0.25,0.00701300896077188));
#2574=CARTESIAN_POINT('',(-0.0778850192016542,0.25,0.0470130089607719));
#2575=CARTESIAN_POINT('',(-0.0778850192016542,0.27,0.00701300896077188));
#2576=CARTESIAN_POINT('',(-0.0778850192016542,0.27,0.0470130089607719));
#2577=CARTESIAN_POINT('',(-0.0778850192016542,0.25,0.00701300896077188));
#2578=CARTESIAN_POINT('Origin',(-0.0378850192016542,0.25,0.00701300896077188));
#2579=CARTESIAN_POINT('',(-0.0778850192016542,0.25,0.00701300896077188));
#2580=CARTESIAN_POINT('',(-0.0778850192016542,0.27,0.00701300896077188));
#2581=CARTESIAN_POINT('Origin',(-0.0578850192016542,0.27,0.0270130089607719));
#2582=CARTESIAN_POINT('Origin',(-0.0578850192016542,0.25,0.0270130089607719));
#2583=CARTESIAN_POINT('Origin',(-0.148633376003675,0.25,-0.198800392645108));
#2584=CARTESIAN_POINT('',(-0.148633376003675,0.25,-0.158800392645108));
#2585=CARTESIAN_POINT('',(-0.148633376003675,0.25,-0.198800392645108));
#2586=CARTESIAN_POINT('',(-0.148633376003675,0.25,-0.158800392645108));
#2587=CARTESIAN_POINT('',(-0.148633376003675,0.27,-0.158800392645108));
#2588=CARTESIAN_POINT('',(-0.148633376003675,0.25,-0.158800392645108));
#2589=CARTESIAN_POINT('',(-0.148633376003675,0.27,-0.198800392645108));
#2590=CARTESIAN_POINT('',(-0.148633376003675,0.27,-0.158800392645108));
#2591=CARTESIAN_POINT('',(-0.148633376003675,0.25,-0.198800392645108));
#2592=CARTESIAN_POINT('Origin',(-0.108633376003675,0.25,-0.198800392645108));
#2593=CARTESIAN_POINT('',(-0.108633376003675,0.25,-0.198800392645108));
#2594=CARTESIAN_POINT('',(-0.148633376003675,0.25,-0.198800392645108));
#2595=CARTESIAN_POINT('',(-0.108633376003675,0.27,-0.198800392645108));
#2596=CARTESIAN_POINT('',(-0.148633376003675,0.27,-0.198800392645108));
#2597=CARTESIAN_POINT('',(-0.108633376003675,0.25,-0.198800392645108));
#2598=CARTESIAN_POINT('Origin',(-0.108633376003675,0.25,-0.158800392645108));
#2599=CARTESIAN_POINT('',(-0.108633376003675,0.25,-0.158800392645108));
#2600=CARTESIAN_POINT('',(-0.108633376003675,0.25,-0.198800392645108));
#2601=CARTESIAN_POINT('',(-0.108633376003675,0.27,-0.158800392645108));
#2602=CARTESIAN_POINT('',(-0.108633376003675,0.27,-0.198800392645108));
#2603=CARTESIAN_POINT('',(-0.108633376003675,0.25,-0.158800392645108));
#2604=CARTESIAN_POINT('Origin',(-0.148633376003675,0.25,-0.158800392645108));
#2605=CARTESIAN_POINT('',(-0.108633376003675,0.25,-0.158800392645108));
#2606=CARTESIAN_POINT('',(-0.108633376003675,0.27,-0.158800392645108));
#2607=CARTESIAN_POINT('Origin',(-0.128633376003675,0.27,-0.178800392645108));
#2608=CARTESIAN_POINT('Origin',(-0.128633376003675,0.25,-0.178800392645108));
#2609=CARTESIAN_POINT('',(0.,0.,0.));
#2610=CARTESIAN_POINT('Origin',(-0.55,0.25,-0.75));
#2611=CARTESIAN_POINT('',(0.55,0.25,0.75));
#2612=CARTESIAN_POINT('',(-0.55,0.25,0.75));
#2613=CARTESIAN_POINT('',(-0.275,0.25,0.75));
#2614=CARTESIAN_POINT('',(-0.55,0.25,-0.75));
#2615=CARTESIAN_POINT('',(-0.55,0.25,-0.75));
#2616=CARTESIAN_POINT('',(0.55,0.25,-0.75));
#2617=CARTESIAN_POINT('',(0.55,0.25,-0.75));
#2618=CARTESIAN_POINT('',(0.55,0.25,-0.75));
#2619=CARTESIAN_POINT('Origin',(-0.5,0.57,-0.75));
#2620=CARTESIAN_POINT('',(-0.5,0.57,0.75));
#2621=CARTESIAN_POINT('',(-0.506244041944709,0.530038131553861,0.75));
#2622=CARTESIAN_POINT('',(-0.5,0.57,-0.75));
#2623=CARTESIAN_POINT('',(-0.5,0.57,-0.75));
#2624=CARTESIAN_POINT('',(-0.55,0.25,-0.75));
#2625=CARTESIAN_POINT('Origin',(0.5,0.57,-0.75));
#2626=CARTESIAN_POINT('',(0.5,0.57,0.75));
#2627=CARTESIAN_POINT('',(0.25,0.57,0.75));
#2628=CARTESIAN_POINT('',(0.5,0.57,-0.75));
#2629=CARTESIAN_POINT('',(0.5,0.57,-0.75));
#2630=CARTESIAN_POINT('',(-0.55,0.57,-0.75));
#2631=CARTESIAN_POINT('Origin',(0.55,0.25,-0.75));
#2632=CARTESIAN_POINT('',(0.531244041944709,0.370038131553861,0.75));
#2633=CARTESIAN_POINT('',(0.55,0.25,-0.75));
#2634=CARTESIAN_POINT('Origin',(0.,0.41,-0.75));
#2635=CARTESIAN_POINT('Origin',(0.,0.41,0.75));
#2636=CARTESIAN_POINT('Origin',(0.800000000000001,0.,-0.649999999999999));
#2637=CARTESIAN_POINT('',(0.800000000000001,0.,-0.75));
#2638=CARTESIAN_POINT('',(0.800000000000001,0.,-0.649999999999999));
#2639=CARTESIAN_POINT('',(0.800000000000001,0.,-0.75));
#2640=CARTESIAN_POINT('',(0.800000000000001,0.25,-0.75));
#2641=CARTESIAN_POINT('',(0.800000000000001,0.,-0.75));
#2642=CARTESIAN_POINT('',(0.800000000000001,0.25,-0.649999999999999));
#2643=CARTESIAN_POINT('',(0.800000000000001,0.25,-0.75));
#2644=CARTESIAN_POINT('',(0.800000000000001,0.,-0.649999999999999));
#2645=CARTESIAN_POINT('Origin',(0.799999982117199,0.,-0.4));
#2646=CARTESIAN_POINT('',(0.800000000000001,0.,-0.150000000000001));
#2647=CARTESIAN_POINT('Origin',(0.799999982117199,0.,-0.4));
#2648=CARTESIAN_POINT('',(0.800000000000001,0.25,-0.150000000000001));
#2649=CARTESIAN_POINT('Origin',(0.799999982117199,0.25,-0.4));
#2650=CARTESIAN_POINT('',(0.800000000000001,0.,-0.150000000000001));
#2651=CARTESIAN_POINT('Origin',(0.800000000000001,0.,0.15));
#2652=CARTESIAN_POINT('',(0.800000000000001,0.,0.15));
#2653=CARTESIAN_POINT('',(0.800000000000001,0.,-0.75));
#2654=CARTESIAN_POINT('',(0.800000000000001,0.25,0.15));
#2655=CARTESIAN_POINT('',(0.800000000000001,0.25,-0.75));
#2656=CARTESIAN_POINT('',(0.800000000000001,0.,0.15));
#2657=CARTESIAN_POINT('Origin',(0.800000000000001,0.,0.4));
#2658=CARTESIAN_POINT('',(0.800000000000001,0.,0.65));
#2659=CARTESIAN_POINT('Origin',(0.800000000000001,0.,0.4));
#2660=CARTESIAN_POINT('',(0.800000000000001,0.25,0.65));
#2661=CARTESIAN_POINT('Origin',(0.800000000000001,0.25,0.4));
#2662=CARTESIAN_POINT('',(0.800000000000001,0.,0.65));
#2663=CARTESIAN_POINT('Origin',(0.800000000000001,0.,0.75));
#2664=CARTESIAN_POINT('',(0.800000000000001,0.,0.75));
#2665=CARTESIAN_POINT('',(0.800000000000001,0.,-0.75));
#2666=CARTESIAN_POINT('',(0.800000000000001,0.25,0.75));
#2667=CARTESIAN_POINT('',(0.800000000000001,0.25,-0.75));
#2668=CARTESIAN_POINT('',(0.800000000000001,0.,0.75));
#2669=CARTESIAN_POINT('Origin',(-0.800000000000001,0.,0.75));
#2670=CARTESIAN_POINT('',(-0.800000000000001,0.,0.75));
#2671=CARTESIAN_POINT('',(0.800000000000001,0.,0.75));
#2672=CARTESIAN_POINT('',(-0.800000000000001,0.25,0.75));
#2673=CARTESIAN_POINT('',(0.800000000000001,0.25,0.75));
#2674=CARTESIAN_POINT('',(-0.800000000000001,0.,0.75));
#2675=CARTESIAN_POINT('Origin',(-0.800000000000001,0.,0.65));
#2676=CARTESIAN_POINT('',(-0.800000000000001,0.,0.65));
#2677=CARTESIAN_POINT('',(-0.800000000000001,0.,0.75));
#2678=CARTESIAN_POINT('',(-0.800000000000001,0.25,0.65));
#2679=CARTESIAN_POINT('',(-0.800000000000001,0.25,0.75));
#2680=CARTESIAN_POINT('',(-0.800000000000001,0.,0.65));
#2681=CARTESIAN_POINT('Origin',(-0.8,0.,0.4));
#2682=CARTESIAN_POINT('',(-0.800000000000001,0.,0.15));
#2683=CARTESIAN_POINT('Origin',(-0.8,0.,0.4));
#2684=CARTESIAN_POINT('',(-0.800000000000001,0.25,0.15));
#2685=CARTESIAN_POINT('Origin',(-0.8,0.25,0.4));
#2686=CARTESIAN_POINT('',(-0.800000000000001,0.,0.15));
#2687=CARTESIAN_POINT('Origin',(-0.800000000000001,0.,-0.15));
#2688=CARTESIAN_POINT('',(-0.800000000000001,0.,-0.15));
#2689=CARTESIAN_POINT('',(-0.800000000000001,0.,0.75));
#2690=CARTESIAN_POINT('',(-0.800000000000001,0.25,-0.15));
#2691=CARTESIAN_POINT('',(-0.800000000000001,0.25,0.75));
#2692=CARTESIAN_POINT('',(-0.800000000000001,0.,-0.15));
#2693=CARTESIAN_POINT('Origin',(-0.8,0.,-0.4));
#2694=CARTESIAN_POINT('',(-0.800000000000001,0.,-0.65));
#2695=CARTESIAN_POINT('Origin',(-0.8,0.,-0.4));
#2696=CARTESIAN_POINT('',(-0.800000000000001,0.25,-0.65));
#2697=CARTESIAN_POINT('Origin',(-0.8,0.25,-0.4));
#2698=CARTESIAN_POINT('',(-0.800000000000001,0.,-0.65));
#2699=CARTESIAN_POINT('Origin',(-0.800000000000001,0.,-0.75));
#2700=CARTESIAN_POINT('',(-0.800000000000001,0.,-0.75));
#2701=CARTESIAN_POINT('',(-0.800000000000001,0.,0.75));
#2702=CARTESIAN_POINT('',(-0.800000000000001,0.25,-0.75));
#2703=CARTESIAN_POINT('',(-0.800000000000001,0.25,0.75));
#2704=CARTESIAN_POINT('',(-0.800000000000001,0.,-0.75));
#2705=CARTESIAN_POINT('Origin',(0.800000000000001,0.,-0.75));
#2706=CARTESIAN_POINT('',(-0.800000000000001,0.,-0.75));
#2707=CARTESIAN_POINT('',(-0.800000000000001,0.25,-0.75));
#2708=CARTESIAN_POINT('Origin',(0.,0.25,0.));
#2709=CARTESIAN_POINT('Origin',(0.,0.,0.));
#2710=CARTESIAN_POINT('Origin',(0.109999995529652,0.25,-0.13));
#2711=CARTESIAN_POINT('',(0.109999995529652,0.25,0.13));
#2712=CARTESIAN_POINT('',(0.109999995529652,0.25,-0.13));
#2713=CARTESIAN_POINT('',(0.109999995529652,0.25,0.13));
#2714=CARTESIAN_POINT('',(0.109999995529652,0.28,0.13));
#2715=CARTESIAN_POINT('',(0.109999995529652,0.25,0.13));
#2716=CARTESIAN_POINT('',(0.109999995529652,0.28,-0.13));
#2717=CARTESIAN_POINT('',(0.109999995529652,0.28,0.13));
#2718=CARTESIAN_POINT('',(0.109999995529652,0.25,-0.13));
#2719=CARTESIAN_POINT('Origin',(0.289999995529652,0.25,-0.13));
#2720=CARTESIAN_POINT('',(0.289999995529652,0.25,-0.13));
#2721=CARTESIAN_POINT('',(0.109999995529652,0.25,-0.13));
#2722=CARTESIAN_POINT('',(0.289999995529652,0.28,-0.13));
#2723=CARTESIAN_POINT('',(0.109999995529652,0.28,-0.13));
#2724=CARTESIAN_POINT('',(0.289999995529652,0.25,-0.13));
#2725=CARTESIAN_POINT('Origin',(0.289999995529652,0.25,0.13));
#2726=CARTESIAN_POINT('',(0.289999995529652,0.25,0.13));
#2727=CARTESIAN_POINT('',(0.289999995529652,0.25,-0.13));
#2728=CARTESIAN_POINT('',(0.289999995529652,0.28,0.13));
#2729=CARTESIAN_POINT('',(0.289999995529652,0.28,-0.13));
#2730=CARTESIAN_POINT('',(0.289999995529652,0.25,0.13));
#2731=CARTESIAN_POINT('Origin',(0.109999995529652,0.25,0.13));
#2732=CARTESIAN_POINT('',(0.289999995529652,0.25,0.13));
#2733=CARTESIAN_POINT('',(0.289999995529652,0.28,0.13));
#2734=CARTESIAN_POINT('Origin',(0.199999995529652,0.28,0.));
#2735=CARTESIAN_POINT('Origin',(0.199999995529652,0.25,0.));
#2736=CARTESIAN_POINT('',(0.,0.,0.));
#2737=CARTESIAN_POINT('',(0.,0.,0.));
#2738=CARTESIAN_POINT('',(0.,0.,0.));
#2739=UNCERTAINTY_MEASURE_WITH_UNIT(LENGTH_MEASURE(0.01),#2749,
'DISTANCE_ACCURACY_VALUE',
'Maximum model space distance between geometric entities at asserted c
onnectivities');
#2740=UNCERTAINTY_MEASURE_WITH_UNIT(LENGTH_MEASURE(0.01),#2749,
'DISTANCE_ACCURACY_VALUE',
'Maximum model space distance between geometric entities at asserted c
onnectivities');
#2741=UNCERTAINTY_MEASURE_WITH_UNIT(LENGTH_MEASURE(0.01),#2749,
'DISTANCE_ACCURACY_VALUE',
'Maximum model space distance between geometric entities at asserted c
onnectivities');
#2742=UNCERTAINTY_MEASURE_WITH_UNIT(LENGTH_MEASURE(0.01),#2749,
'DISTANCE_ACCURACY_VALUE',
'Maximum model space distance between geometric entities at asserted c
onnectivities');
#2743=UNCERTAINTY_MEASURE_WITH_UNIT(LENGTH_MEASURE(0.01),#2749,
'DISTANCE_ACCURACY_VALUE',
'Maximum model space distance between geometric entities at asserted c
onnectivities');
#2744=(
GEOMETRIC_REPRESENTATION_CONTEXT(3)
GLOBAL_UNCERTAINTY_ASSIGNED_CONTEXT((#2739))
GLOBAL_UNIT_ASSIGNED_CONTEXT((#2749,#2751,#2752))
REPRESENTATION_CONTEXT('','3D')
);
#2745=(
GEOMETRIC_REPRESENTATION_CONTEXT(3)
GLOBAL_UNCERTAINTY_ASSIGNED_CONTEXT((#2740))
GLOBAL_UNIT_ASSIGNED_CONTEXT((#2749,#2751,#2752))
REPRESENTATION_CONTEXT('','3D')
);
#2746=(
GEOMETRIC_REPRESENTATION_CONTEXT(3)
GLOBAL_UNCERTAINTY_ASSIGNED_CONTEXT((#2741))
GLOBAL_UNIT_ASSIGNED_CONTEXT((#2749,#2751,#2752))
REPRESENTATION_CONTEXT('','3D')
);
#2747=(
GEOMETRIC_REPRESENTATION_CONTEXT(3)
GLOBAL_UNCERTAINTY_ASSIGNED_CONTEXT((#2742))
GLOBAL_UNIT_ASSIGNED_CONTEXT((#2749,#2751,#2752))
REPRESENTATION_CONTEXT('','3D')
);
#2748=(
GEOMETRIC_REPRESENTATION_CONTEXT(3)
GLOBAL_UNCERTAINTY_ASSIGNED_CONTEXT((#2743))
GLOBAL_UNIT_ASSIGNED_CONTEXT((#2749,#2751,#2752))
REPRESENTATION_CONTEXT('','3D')
);
#2749=(
LENGTH_UNIT()
NAMED_UNIT(*)
SI_UNIT(.MILLI.,.METRE.)
);
#2750=(
LENGTH_UNIT()
NAMED_UNIT(*)
SI_UNIT($,.METRE.)
);
#2751=(
NAMED_UNIT(*)
PLANE_ANGLE_UNIT()
SI_UNIT($,.RADIAN.)
);
#2752=(
NAMED_UNIT(*)
SI_UNIT($,.STERADIAN.)
SOLID_ANGLE_UNIT()
);
#2753=SHAPE_DEFINITION_REPRESENTATION(#2757,#2764);
#2754=SHAPE_DEFINITION_REPRESENTATION(#2758,#2765);
#2755=SHAPE_DEFINITION_REPRESENTATION(#2759,#2766);
#2756=SHAPE_DEFINITION_REPRESENTATION(#2760,#2767);
#2757=PRODUCT_DEFINITION_SHAPE('',$,#2769);
#2758=PRODUCT_DEFINITION_SHAPE('',$,#2770);
#2759=PRODUCT_DEFINITION_SHAPE('',$,#2771);
#2760=PRODUCT_DEFINITION_SHAPE('',$,#2772);
#2761=PRODUCT_DEFINITION_SHAPE($,$,#20);
#2762=PRODUCT_DEFINITION_SHAPE($,$,#21);
#2763=PRODUCT_DEFINITION_SHAPE($,$,#22);
#2764=SHAPE_REPRESENTATION('',(#1685,#1815,#1816,#1817),#2744);
#2765=SHAPE_REPRESENTATION('',(#1686),#2745);
#2766=SHAPE_REPRESENTATION('',(#1761),#2746);
#2767=SHAPE_REPRESENTATION('',(#1780),#2747);
#2768=PRODUCT_DEFINITION_CONTEXT('part definition',#2782,'design');
#2769=PRODUCT_DEFINITION('XL-1615RGB','XL-1615RGB v2',#2773,#2768);
#2770=PRODUCT_DEFINITION('Component1','Component1',#2774,#2768);
#2771=PRODUCT_DEFINITION('Component2','Component2',#2775,#2768);
#2772=PRODUCT_DEFINITION('Component3','Component3',#2776,#2768);
#2773=PRODUCT_DEFINITION_FORMATION('',$,#2784);
#2774=PRODUCT_DEFINITION_FORMATION('',$,#2785);
#2775=PRODUCT_DEFINITION_FORMATION('',$,#2786);
#2776=PRODUCT_DEFINITION_FORMATION('',$,#2787);
#2777=PRODUCT_RELATED_PRODUCT_CATEGORY('XL-1615RGB v2','XL-1615RGB v2',
(#2784));
#2778=PRODUCT_RELATED_PRODUCT_CATEGORY('Component1','Component1',(#2785));
#2779=PRODUCT_RELATED_PRODUCT_CATEGORY('Component2','Component2',(#2786));
#2780=PRODUCT_RELATED_PRODUCT_CATEGORY('Component3','Component3',(#2787));
#2781=APPLICATION_PROTOCOL_DEFINITION('international standard',
'automotive_design',2009,#2782);
#2782=APPLICATION_CONTEXT(
'Core Data for Automotive Mechanical Design Process');
#2783=PRODUCT_CONTEXT('part definition',#2782,'mechanical');
#2784=PRODUCT('XL-1615RGB','XL-1615RGB v2',$,(#2783));
#2785=PRODUCT('Component1','Component1',$,(#2783));
#2786=PRODUCT('Component2','Component2',$,(#2783));
#2787=PRODUCT('Component3','Component3',$,(#2783));
#2788=PRESENTATION_STYLE_ASSIGNMENT((#2796));
#2789=PRESENTATION_STYLE_ASSIGNMENT((#2797));
#2790=PRESENTATION_STYLE_ASSIGNMENT((#2798));
#2791=PRESENTATION_STYLE_ASSIGNMENT((#2799));
#2792=PRESENTATION_STYLE_ASSIGNMENT((#2800));
#2793=PRESENTATION_STYLE_ASSIGNMENT((#2801));
#2794=PRESENTATION_STYLE_ASSIGNMENT((#2802));
#2795=PRESENTATION_STYLE_ASSIGNMENT((#2803));
#2796=SURFACE_STYLE_USAGE(.BOTH.,#2804);
#2797=SURFACE_STYLE_USAGE(.BOTH.,#2805);
#2798=SURFACE_STYLE_USAGE(.BOTH.,#2806);
#2799=SURFACE_STYLE_USAGE(.BOTH.,#2807);
#2800=SURFACE_STYLE_USAGE(.BOTH.,#2808);
#2801=SURFACE_STYLE_USAGE(.BOTH.,#2809);
#2802=SURFACE_STYLE_USAGE(.BOTH.,#2810);
#2803=SURFACE_STYLE_USAGE(.BOTH.,#2811);
#2804=SURFACE_SIDE_STYLE('',(#2812));
#2805=SURFACE_SIDE_STYLE('',(#2813));
#2806=SURFACE_SIDE_STYLE('',(#2814));
#2807=SURFACE_SIDE_STYLE('',(#2815));
#2808=SURFACE_SIDE_STYLE('',(#2816));
#2809=SURFACE_SIDE_STYLE('',(#2817));
#2810=SURFACE_SIDE_STYLE('',(#2818));
#2811=SURFACE_SIDE_STYLE('',(#2819));
#2812=SURFACE_STYLE_FILL_AREA(#2820);
#2813=SURFACE_STYLE_FILL_AREA(#2821);
#2814=SURFACE_STYLE_FILL_AREA(#2822);
#2815=SURFACE_STYLE_FILL_AREA(#2823);
#2816=SURFACE_STYLE_FILL_AREA(#2824);
#2817=SURFACE_STYLE_FILL_AREA(#2825);
#2818=SURFACE_STYLE_FILL_AREA(#2826);
#2819=SURFACE_STYLE_FILL_AREA(#2827);
#2820=FILL_AREA_STYLE('Steel - Satin',(#2828));
#2821=FILL_AREA_STYLE('Acetal Resin (White)',(#2829));
#2822=FILL_AREA_STYLE('Powder Coat (Black)',(#2830));
#2823=FILL_AREA_STYLE('Copper - Patina',(#2831));
#2824=FILL_AREA_STYLE('LED (Red)',(#2832));
#2825=FILL_AREA_STYLE('LED (Green)',(#2833));
#2826=FILL_AREA_STYLE('LED (Blue)',(#2834));
#2827=FILL_AREA_STYLE('Acrylic (Clear)',(#2835));
#2828=FILL_AREA_STYLE_COLOUR('Steel - Satin',#2836);
#2829=FILL_AREA_STYLE_COLOUR('Acetal Resin (White)',#2837);
#2830=FILL_AREA_STYLE_COLOUR('Powder Coat (Black)',#2838);
#2831=FILL_AREA_STYLE_COLOUR('Copper - Patina',#2839);
#2832=FILL_AREA_STYLE_COLOUR('LED (Red)',#2840);
#2833=FILL_AREA_STYLE_COLOUR('LED (Green)',#2841);
#2834=FILL_AREA_STYLE_COLOUR('LED (Blue)',#2842);
#2835=FILL_AREA_STYLE_COLOUR('Acrylic (Clear)',#2843);
#2836=COLOUR_RGB('Steel - Satin',0.627450980392157,0.627450980392157,0.627450980392157);
#2837=COLOUR_RGB('Acetal Resin (White)',0.972549019607843,0.968627450980392,
0.929411764705882);
#2838=COLOUR_RGB('Powder Coat (Black)',0.0980392156862745,0.0980392156862745,
0.0980392156862745);
#2839=COLOUR_RGB('Copper - Patina',0.929411764705882,0.807843137254902,
0.764705882352941);
#2840=COLOUR_RGB('LED (Red)',0.768627450980392,0.207843137254902,0.152941176470588);
#2841=COLOUR_RGB('LED (Green)',0.266666666666667,0.588235294117647,0.282352941176471);
#2842=COLOUR_RGB('LED (Blue)',0.188235294117647,0.231372549019608,0.588235294117647);
#2843=COLOUR_RGB('Acrylic (Clear)',0.964705882352941,0.964705882352941,
0.952941176470588);
ENDSEC;
END-ISO-10303-21;
